company_name,stock_code,corp_code,market,industry,bsns_year,report_name,reprt_code,fs_div,fs_div_name,api_status,api_message,account_row_count,raw_file
삼성전자,005930,00126380,KOSPI,전기전자,2017,사업보고서,11011,CFS,연결재무제표,000,정상,197,data\raw\opendart_financial\bsns_year=2017\reprt_code=11011\fs_div=CFS\005930_00126380.json
삼성전자,005930,00126380,KOSPI,전기전자,2017,사업보고서,11011,OFS,별도재무제표,000,정상,133,data\raw\opendart_financial\bsns_year=2017\reprt_code=11011\fs_div=OFS\005930_00126380.json
삼성전자,005930,00126380,KOSPI,전기전자,2017,반기보고서,11012,CFS,연결재무제표,000,정상,180,data\raw\opendart_financial\bsns_year=2017\reprt_code=11012\fs_div=CFS\005930_00126380.json
삼성전자,005930,00126380,KOSPI,전기전자,2017,반기보고서,11012,OFS,별도재무제표,000,정상,123,data\raw\opendart_financial\bsns_year=2017\reprt_code=11012\fs_div=OFS\005930_00126380.json
삼성전자,005930,00126380,KOSPI,전기전자,2017,분기보고서_1분기,11013,CFS,연결재무제표,000,정상,192,data\raw\opendart_financial\bsns_year=2017\reprt_code=11013\fs_div=CFS\005930_00126380.json
삼성전자,005930,00126380,KOSPI,전기전자,2017,분기보고서_1분기,11013,OFS,별도재무제표,000,정상,133,data\raw\opendart_financial\bsns_year=2017\reprt_code=11013\fs_div=OFS\005930_00126380.json
삼성전자,005930,00126380,KOSPI,전기전자,2017,분기보고서_3분기,11014,CFS,연결재무제표,000,정상,182,data\raw\opendart_financial\bsns_year=2017\reprt_code=11014\fs_div=CFS\005930_00126380.json
삼성전자,005930,00126380,KOSPI,전기전자,2017,분기보고서_3분기,11014,OFS,별도재무제표,000,정상,123,data\raw\opendart_financial\bsns_year=2017\reprt_code=11014\fs_div=OFS\005930_00126380.json
삼성전자,005930,00126380,KOSPI,전기전자,2018,사업보고서,11011,CFS,연결재무제표,000,정상,218,data\raw\opendart_financial\bsns_year=2018\reprt_code=11011\fs_div=CFS\005930_00126380.json
삼성전자,005930,00126380,KOSPI,전기전자,2018,사업보고서,11011,OFS,별도재무제표,000,정상,141,data\raw\opendart_financial\bsns_year=2018\reprt_code=11011\fs_div=OFS\005930_00126380.json
삼성전자,005930,00126380,KOSPI,전기전자,2018,반기보고서,11012,CFS,연결재무제표,000,정상,205,data\raw\opendart_financial\bsns_year=2018\reprt_code=11012\fs_div=CFS\005930_00126380.json
삼성전자,005930,00126380,KOSPI,전기전자,2018,반기보고서,11012,OFS,별도재무제표,000,정상,133,data\raw\opendart_financial\bsns_year=2018\reprt_code=11012\fs_div=OFS\005930_00126380.json
삼성전자,005930,00126380,KOSPI,전기전자,2018,분기보고서_1분기,11013,CFS,연결재무제표,000,정상,205,data\raw\opendart_financial\bsns_year=2018\reprt_code=11013\fs_div=CFS\005930_00126380.json
삼성전자,005930,00126380,KOSPI,전기전자,2018,분기보고서_1분기,11013,OFS,별도재무제표,000,정상,131,data\raw\opendart_financial\bsns_year=2018\reprt_code=11013\fs_div=OFS\005930_00126380.json
삼성전자,005930,00126380,KOSPI,전기전자,2018,분기보고서_3분기,11014,CFS,연결재무제표,000,정상,205,data\raw\opendart_financial\bsns_year=2018\reprt_code=11014\fs_div=CFS\005930_00126380.json
삼성전자,005930,00126380,KOSPI,전기전자,2018,분기보고서_3분기,11014,OFS,별도재무제표,000,정상,134,data\raw\opendart_financial\bsns_year=2018\reprt_code=11014\fs_div=OFS\005930_00126380.json
삼성전자,005930,00126380,KOSPI,전기전자,2019,사업보고서,11011,CFS,연결재무제표,000,정상,210,data\raw\opendart_financial\bsns_year=2019\reprt_code=11011\fs_div=CFS\005930_00126380.json
삼성전자,005930,00126380,KOSPI,전기전자,2019,사업보고서,11011,OFS,별도재무제표,000,정상,137,data\raw\opendart_financial\bsns_year=2019\reprt_code=11011\fs_div=OFS\005930_00126380.json
삼성전자,005930,00126380,KOSPI,전기전자,2019,반기보고서,11012,CFS,연결재무제표,000,정상,192,data\raw\opendart_financial\bsns_year=2019\reprt_code=11012\fs_div=CFS\005930_00126380.json
삼성전자,005930,00126380,KOSPI,전기전자,2019,반기보고서,11012,OFS,별도재무제표,000,정상,129,data\raw\opendart_financial\bsns_year=2019\reprt_code=11012\fs_div=OFS\005930_00126380.json
삼성전자,005930,00126380,KOSPI,전기전자,2019,분기보고서_1분기,11013,CFS,연결재무제표,000,정상,189,data\raw\opendart_financial\bsns_year=2019\reprt_code=11013\fs_div=CFS\005930_00126380.json
삼성전자,005930,00126380,KOSPI,전기전자,2019,분기보고서_1분기,11013,OFS,별도재무제표,000,정상,127,data\raw\opendart_financial\bsns_year=2019\reprt_code=11013\fs_div=OFS\005930_00126380.json
삼성전자,005930,00126380,KOSPI,전기전자,2019,분기보고서_3분기,11014,CFS,연결재무제표,000,정상,192,data\raw\opendart_financial\bsns_year=2019\reprt_code=11014\fs_div=CFS\005930_00126380.json
삼성전자,005930,00126380,KOSPI,전기전자,2019,분기보고서_3분기,11014,OFS,별도재무제표,000,정상,131,data\raw\opendart_financial\bsns_year=2019\reprt_code=11014\fs_div=OFS\005930_00126380.json
삼성전자,005930,00126380,KOSPI,전기전자,2020,사업보고서,11011,CFS,연결재무제표,000,정상,209,data\raw\opendart_financial\bsns_year=2020\reprt_code=11011\fs_div=CFS\005930_00126380.json
삼성전자,005930,00126380,KOSPI,전기전자,2020,사업보고서,11011,OFS,별도재무제표,000,정상,134,data\raw\opendart_financial\bsns_year=2020\reprt_code=11011\fs_div=OFS\005930_00126380.json
삼성전자,005930,00126380,KOSPI,전기전자,2020,반기보고서,11012,CFS,연결재무제표,000,정상,172,data\raw\opendart_financial\bsns_year=2020\reprt_code=11012\fs_div=CFS\005930_00126380.json
삼성전자,005930,00126380,KOSPI,전기전자,2020,반기보고서,11012,OFS,별도재무제표,000,정상,115,data\raw\opendart_financial\bsns_year=2020\reprt_code=11012\fs_div=OFS\005930_00126380.json
삼성전자,005930,00126380,KOSPI,전기전자,2020,분기보고서_1분기,11013,CFS,연결재무제표,000,정상,170,data\raw\opendart_financial\bsns_year=2020\reprt_code=11013\fs_div=CFS\005930_00126380.json
삼성전자,005930,00126380,KOSPI,전기전자,2020,분기보고서_1분기,11013,OFS,별도재무제표,000,정상,113,data\raw\opendart_financial\bsns_year=2020\reprt_code=11013\fs_div=OFS\005930_00126380.json
삼성전자,005930,00126380,KOSPI,전기전자,2020,분기보고서_3분기,11014,CFS,연결재무제표,000,정상,183,data\raw\opendart_financial\bsns_year=2020\reprt_code=11014\fs_div=CFS\005930_00126380.json
삼성전자,005930,00126380,KOSPI,전기전자,2020,분기보고서_3분기,11014,OFS,별도재무제표,000,정상,117,data\raw\opendart_financial\bsns_year=2020\reprt_code=11014\fs_div=OFS\005930_00126380.json
삼성전자,005930,00126380,KOSPI,전기전자,2021,사업보고서,11011,CFS,연결재무제표,000,정상,186,data\raw\opendart_financial\bsns_year=2021\reprt_code=11011\fs_div=CFS\005930_00126380.json
삼성전자,005930,00126380,KOSPI,전기전자,2021,사업보고서,11011,OFS,별도재무제표,000,정상,116,data\raw\opendart_financial\bsns_year=2021\reprt_code=11011\fs_div=OFS\005930_00126380.json
삼성전자,005930,00126380,KOSPI,전기전자,2021,반기보고서,11012,CFS,연결재무제표,000,정상,184,data\raw\opendart_financial\bsns_year=2021\reprt_code=11012\fs_div=CFS\005930_00126380.json
삼성전자,005930,00126380,KOSPI,전기전자,2021,반기보고서,11012,OFS,별도재무제표,000,정상,113,data\raw\opendart_financial\bsns_year=2021\reprt_code=11012\fs_div=OFS\005930_00126380.json
삼성전자,005930,00126380,KOSPI,전기전자,2021,분기보고서_1분기,11013,CFS,연결재무제표,000,정상,176,data\raw\opendart_financial\bsns_year=2021\reprt_code=11013\fs_div=CFS\005930_00126380.json
삼성전자,005930,00126380,KOSPI,전기전자,2021,분기보고서_1분기,11013,OFS,별도재무제표,000,정상,112,data\raw\opendart_financial\bsns_year=2021\reprt_code=11013\fs_div=OFS\005930_00126380.json
삼성전자,005930,00126380,KOSPI,전기전자,2021,분기보고서_3분기,11014,CFS,연결재무제표,000,정상,180,data\raw\opendart_financial\bsns_year=2021\reprt_code=11014\fs_div=CFS\005930_00126380.json
삼성전자,005930,00126380,KOSPI,전기전자,2021,분기보고서_3분기,11014,OFS,별도재무제표,000,정상,112,data\raw\opendart_financial\bsns_year=2021\reprt_code=11014\fs_div=OFS\005930_00126380.json
삼성전자,005930,00126380,KOSPI,전기전자,2022,사업보고서,11011,CFS,연결재무제표,000,정상,185,data\raw\opendart_financial\bsns_year=2022\reprt_code=11011\fs_div=CFS\005930_00126380.json
삼성전자,005930,00126380,KOSPI,전기전자,2022,사업보고서,11011,OFS,별도재무제표,000,정상,114,data\raw\opendart_financial\bsns_year=2022\reprt_code=11011\fs_div=OFS\005930_00126380.json
삼성전자,005930,00126380,KOSPI,전기전자,2022,반기보고서,11012,CFS,연결재무제표,000,정상,178,data\raw\opendart_financial\bsns_year=2022\reprt_code=11012\fs_div=CFS\005930_00126380.json
삼성전자,005930,00126380,KOSPI,전기전자,2022,반기보고서,11012,OFS,별도재무제표,000,정상,112,data\raw\opendart_financial\bsns_year=2022\reprt_code=11012\fs_div=OFS\005930_00126380.json
삼성전자,005930,00126380,KOSPI,전기전자,2022,분기보고서_1분기,11013,CFS,연결재무제표,000,정상,174,data\raw\opendart_financial\bsns_year=2022\reprt_code=11013\fs_div=CFS\005930_00126380.json
삼성전자,005930,00126380,KOSPI,전기전자,2022,분기보고서_1분기,11013,OFS,별도재무제표,000,정상,112,data\raw\opendart_financial\bsns_year=2022\reprt_code=11013\fs_div=OFS\005930_00126380.json
삼성전자,005930,00126380,KOSPI,전기전자,2022,분기보고서_3분기,11014,CFS,연결재무제표,000,정상,180,data\raw\opendart_financial\bsns_year=2022\reprt_code=11014\fs_div=CFS\005930_00126380.json
삼성전자,005930,00126380,KOSPI,전기전자,2022,분기보고서_3분기,11014,OFS,별도재무제표,000,정상,113,data\raw\opendart_financial\bsns_year=2022\reprt_code=11014\fs_div=OFS\005930_00126380.json
삼성전자,005930,00126380,KOSPI,전기전자,2023,사업보고서,11011,CFS,연결재무제표,000,정상,176,data\raw\opendart_financial\bsns_year=2023\reprt_code=11011\fs_div=CFS\005930_00126380.json
삼성전자,005930,00126380,KOSPI,전기전자,2023,사업보고서,11011,OFS,별도재무제표,000,정상,115,data\raw\opendart_financial\bsns_year=2023\reprt_code=11011\fs_div=OFS\005930_00126380.json
삼성전자,005930,00126380,KOSPI,전기전자,2023,반기보고서,11012,CFS,연결재무제표,000,정상,166,data\raw\opendart_financial\bsns_year=2023\reprt_code=11012\fs_div=CFS\005930_00126380.json
삼성전자,005930,00126380,KOSPI,전기전자,2023,반기보고서,11012,OFS,별도재무제표,000,정상,112,data\raw\opendart_financial\bsns_year=2023\reprt_code=11012\fs_div=OFS\005930_00126380.json
삼성전자,005930,00126380,KOSPI,전기전자,2023,분기보고서_1분기,11013,CFS,연결재무제표,000,정상,168,data\raw\opendart_financial\bsns_year=2023\reprt_code=11013\fs_div=CFS\005930_00126380.json
삼성전자,005930,00126380,KOSPI,전기전자,2023,분기보고서_1분기,11013,OFS,별도재무제표,000,정상,113,data\raw\opendart_financial\bsns_year=2023\reprt_code=11013\fs_div=OFS\005930_00126380.json
삼성전자,005930,00126380,KOSPI,전기전자,2023,분기보고서_3분기,11014,CFS,연결재무제표,000,정상,166,data\raw\opendart_financial\bsns_year=2023\reprt_code=11014\fs_div=CFS\005930_00126380.json
삼성전자,005930,00126380,KOSPI,전기전자,2023,분기보고서_3분기,11014,OFS,별도재무제표,000,정상,113,data\raw\opendart_financial\bsns_year=2023\reprt_code=11014\fs_div=OFS\005930_00126380.json
삼성전자,005930,00126380,KOSPI,전기전자,2024,사업보고서,11011,CFS,연결재무제표,000,정상,213,data\raw\opendart_financial\bsns_year=2024\reprt_code=11011\fs_div=CFS\005930_00126380.json
삼성전자,005930,00126380,KOSPI,전기전자,2024,사업보고서,11011,OFS,별도재무제표,000,정상,131,data\raw\opendart_financial\bsns_year=2024\reprt_code=11011\fs_div=OFS\005930_00126380.json
삼성전자,005930,00126380,KOSPI,전기전자,2024,반기보고서,11012,CFS,연결재무제표,000,정상,204,data\raw\opendart_financial\bsns_year=2024\reprt_code=11012\fs_div=CFS\005930_00126380.json
삼성전자,005930,00126380,KOSPI,전기전자,2024,반기보고서,11012,OFS,별도재무제표,000,정상,125,data\raw\opendart_financial\bsns_year=2024\reprt_code=11012\fs_div=OFS\005930_00126380.json
삼성전자,005930,00126380,KOSPI,전기전자,2024,분기보고서_1분기,11013,CFS,연결재무제표,000,정상,204,data\raw\opendart_financial\bsns_year=2024\reprt_code=11013\fs_div=CFS\005930_00126380.json
삼성전자,005930,00126380,KOSPI,전기전자,2024,분기보고서_1분기,11013,OFS,별도재무제표,000,정상,125,data\raw\opendart_financial\bsns_year=2024\reprt_code=11013\fs_div=OFS\005930_00126380.json
삼성전자,005930,00126380,KOSPI,전기전자,2024,분기보고서_3분기,11014,CFS,연결재무제표,000,정상,204,data\raw\opendart_financial\bsns_year=2024\reprt_code=11014\fs_div=CFS\005930_00126380.json
삼성전자,005930,00126380,KOSPI,전기전자,2024,분기보고서_3분기,11014,OFS,별도재무제표,000,정상,124,data\raw\opendart_financial\bsns_year=2024\reprt_code=11014\fs_div=OFS\005930_00126380.json
삼성전자,005930,00126380,KOSPI,전기전자,2025,사업보고서,11011,CFS,연결재무제표,000,정상,229,data\raw\opendart_financial\bsns_year=2025\reprt_code=11011\fs_div=CFS\005930_00126380.json
삼성전자,005930,00126380,KOSPI,전기전자,2025,사업보고서,11011,OFS,별도재무제표,000,정상,141,data\raw\opendart_financial\bsns_year=2025\reprt_code=11011\fs_div=OFS\005930_00126380.json
삼성전자,005930,00126380,KOSPI,전기전자,2025,반기보고서,11012,CFS,연결재무제표,000,정상,223,data\raw\opendart_financial\bsns_year=2025\reprt_code=11012\fs_div=CFS\005930_00126380.json
삼성전자,005930,00126380,KOSPI,전기전자,2025,반기보고서,11012,OFS,별도재무제표,000,정상,144,data\raw\opendart_financial\bsns_year=2025\reprt_code=11012\fs_div=OFS\005930_00126380.json
삼성전자,005930,00126380,KOSPI,전기전자,2025,분기보고서_1분기,11013,CFS,연결재무제표,000,정상,223,data\raw\opendart_financial\bsns_year=2025\reprt_code=11013\fs_div=CFS\005930_00126380.json
삼성전자,005930,00126380,KOSPI,전기전자,2025,분기보고서_1분기,11013,OFS,별도재무제표,000,정상,136,data\raw\opendart_financial\bsns_year=2025\reprt_code=11013\fs_div=OFS\005930_00126380.json
삼성전자,005930,00126380,KOSPI,전기전자,2025,분기보고서_3분기,11014,CFS,연결재무제표,000,정상,225,data\raw\opendart_financial\bsns_year=2025\reprt_code=11014\fs_div=CFS\005930_00126380.json
삼성전자,005930,00126380,KOSPI,전기전자,2025,분기보고서_3분기,11014,OFS,별도재무제표,000,정상,144,data\raw\opendart_financial\bsns_year=2025\reprt_code=11014\fs_div=OFS\005930_00126380.json
SK하이닉스,000660,00164779,KOSPI,전기전자,2017,사업보고서,11011,CFS,연결재무제표,000,정상,147,data\raw\opendart_financial\bsns_year=2017\reprt_code=11011\fs_div=CFS\000660_00164779.json
SK하이닉스,000660,00164779,KOSPI,전기전자,2017,사업보고서,11011,OFS,별도재무제표,000,정상,116,data\raw\opendart_financial\bsns_year=2017\reprt_code=11011\fs_div=OFS\000660_00164779.json
SK하이닉스,000660,00164779,KOSPI,전기전자,2017,반기보고서,11012,CFS,연결재무제표,000,정상,149,data\raw\opendart_financial\bsns_year=2017\reprt_code=11012\fs_div=CFS\000660_00164779.json
SK하이닉스,000660,00164779,KOSPI,전기전자,2017,반기보고서,11012,OFS,별도재무제표,000,정상,108,data\raw\opendart_financial\bsns_year=2017\reprt_code=11012\fs_div=OFS\000660_00164779.json
SK하이닉스,000660,00164779,KOSPI,전기전자,2017,분기보고서_1분기,11013,CFS,연결재무제표,000,정상,157,data\raw\opendart_financial\bsns_year=2017\reprt_code=11013\fs_div=CFS\000660_00164779.json
SK하이닉스,000660,00164779,KOSPI,전기전자,2017,분기보고서_1분기,11013,OFS,별도재무제표,000,정상,116,data\raw\opendart_financial\bsns_year=2017\reprt_code=11013\fs_div=OFS\000660_00164779.json
SK하이닉스,000660,00164779,KOSPI,전기전자,2017,분기보고서_3분기,11014,CFS,연결재무제표,000,정상,143,data\raw\opendart_financial\bsns_year=2017\reprt_code=11014\fs_div=CFS\000660_00164779.json
SK하이닉스,000660,00164779,KOSPI,전기전자,2017,분기보고서_3분기,11014,OFS,별도재무제표,000,정상,107,data\raw\opendart_financial\bsns_year=2017\reprt_code=11014\fs_div=OFS\000660_00164779.json
SK하이닉스,000660,00164779,KOSPI,전기전자,2018,사업보고서,11011,CFS,연결재무제표,000,정상,152,data\raw\opendart_financial\bsns_year=2018\reprt_code=11011\fs_div=CFS\000660_00164779.json
SK하이닉스,000660,00164779,KOSPI,전기전자,2018,사업보고서,11011,OFS,별도재무제표,000,정상,121,data\raw\opendart_financial\bsns_year=2018\reprt_code=11011\fs_div=OFS\000660_00164779.json
SK하이닉스,000660,00164779,KOSPI,전기전자,2018,반기보고서,11012,CFS,연결재무제표,000,정상,136,data\raw\opendart_financial\bsns_year=2018\reprt_code=11012\fs_div=CFS\000660_00164779.json
SK하이닉스,000660,00164779,KOSPI,전기전자,2018,반기보고서,11012,OFS,별도재무제표,000,정상,106,data\raw\opendart_financial\bsns_year=2018\reprt_code=11012\fs_div=OFS\000660_00164779.json
SK하이닉스,000660,00164779,KOSPI,전기전자,2018,분기보고서_1분기,11013,CFS,연결재무제표,000,정상,130,data\raw\opendart_financial\bsns_year=2018\reprt_code=11013\fs_div=CFS\000660_00164779.json
SK하이닉스,000660,00164779,KOSPI,전기전자,2018,분기보고서_1분기,11013,OFS,별도재무제표,000,정상,102,data\raw\opendart_financial\bsns_year=2018\reprt_code=11013\fs_div=OFS\000660_00164779.json
SK하이닉스,000660,00164779,KOSPI,전기전자,2018,분기보고서_3분기,11014,CFS,연결재무제표,000,정상,140,data\raw\opendart_financial\bsns_year=2018\reprt_code=11014\fs_div=CFS\000660_00164779.json
SK하이닉스,000660,00164779,KOSPI,전기전자,2018,분기보고서_3분기,11014,OFS,별도재무제표,000,정상,110,data\raw\opendart_financial\bsns_year=2018\reprt_code=11014\fs_div=OFS\000660_00164779.json
SK하이닉스,000660,00164779,KOSPI,전기전자,2019,사업보고서,11011,CFS,연결재무제표,000,정상,162,data\raw\opendart_financial\bsns_year=2019\reprt_code=11011\fs_div=CFS\000660_00164779.json
SK하이닉스,000660,00164779,KOSPI,전기전자,2019,사업보고서,11011,OFS,별도재무제표,000,정상,126,data\raw\opendart_financial\bsns_year=2019\reprt_code=11011\fs_div=OFS\000660_00164779.json
SK하이닉스,000660,00164779,KOSPI,전기전자,2019,반기보고서,11012,CFS,연결재무제표,000,정상,141,data\raw\opendart_financial\bsns_year=2019\reprt_code=11012\fs_div=CFS\000660_00164779.json
SK하이닉스,000660,00164779,KOSPI,전기전자,2019,반기보고서,11012,OFS,별도재무제표,000,정상,107,data\raw\opendart_financial\bsns_year=2019\reprt_code=11012\fs_div=OFS\000660_00164779.json
SK하이닉스,000660,00164779,KOSPI,전기전자,2019,분기보고서_1분기,11013,CFS,연결재무제표,000,정상,135,data\raw\opendart_financial\bsns_year=2019\reprt_code=11013\fs_div=CFS\000660_00164779.json
SK하이닉스,000660,00164779,KOSPI,전기전자,2019,분기보고서_1분기,11013,OFS,별도재무제표,000,정상,106,data\raw\opendart_financial\bsns_year=2019\reprt_code=11013\fs_div=OFS\000660_00164779.json
SK하이닉스,000660,00164779,KOSPI,전기전자,2019,분기보고서_3분기,11014,CFS,연결재무제표,000,정상,145,data\raw\opendart_financial\bsns_year=2019\reprt_code=11014\fs_div=CFS\000660_00164779.json
SK하이닉스,000660,00164779,KOSPI,전기전자,2019,분기보고서_3분기,11014,OFS,별도재무제표,000,정상,110,data\raw\opendart_financial\bsns_year=2019\reprt_code=11014\fs_div=OFS\000660_00164779.json
SK하이닉스,000660,00164779,KOSPI,전기전자,2020,사업보고서,11011,CFS,연결재무제표,000,정상,158,data\raw\opendart_financial\bsns_year=2020\reprt_code=11011\fs_div=CFS\000660_00164779.json
SK하이닉스,000660,00164779,KOSPI,전기전자,2020,사업보고서,11011,OFS,별도재무제표,000,정상,121,data\raw\opendart_financial\bsns_year=2020\reprt_code=11011\fs_div=OFS\000660_00164779.json
SK하이닉스,000660,00164779,KOSPI,전기전자,2020,반기보고서,11012,CFS,연결재무제표,000,정상,149,data\raw\opendart_financial\bsns_year=2020\reprt_code=11012\fs_div=CFS\000660_00164779.json
SK하이닉스,000660,00164779,KOSPI,전기전자,2020,반기보고서,11012,OFS,별도재무제표,000,정상,116,data\raw\opendart_financial\bsns_year=2020\reprt_code=11012\fs_div=OFS\000660_00164779.json
SK하이닉스,000660,00164779,KOSPI,전기전자,2020,분기보고서_1분기,11013,CFS,연결재무제표,000,정상,144,data\raw\opendart_financial\bsns_year=2020\reprt_code=11013\fs_div=CFS\000660_00164779.json
SK하이닉스,000660,00164779,KOSPI,전기전자,2020,분기보고서_1분기,11013,OFS,별도재무제표,000,정상,113,data\raw\opendart_financial\bsns_year=2020\reprt_code=11013\fs_div=OFS\000660_00164779.json
SK하이닉스,000660,00164779,KOSPI,전기전자,2020,분기보고서_3분기,11014,CFS,연결재무제표,000,정상,152,data\raw\opendart_financial\bsns_year=2020\reprt_code=11014\fs_div=CFS\000660_00164779.json
SK하이닉스,000660,00164779,KOSPI,전기전자,2020,분기보고서_3분기,11014,OFS,별도재무제표,000,정상,116,data\raw\opendart_financial\bsns_year=2020\reprt_code=11014\fs_div=OFS\000660_00164779.json
SK하이닉스,000660,00164779,KOSPI,전기전자,2021,사업보고서,11011,CFS,연결재무제표,000,정상,161,data\raw\opendart_financial\bsns_year=2021\reprt_code=11011\fs_div=CFS\000660_00164779.json
SK하이닉스,000660,00164779,KOSPI,전기전자,2021,사업보고서,11011,OFS,별도재무제표,000,정상,125,data\raw\opendart_financial\bsns_year=2021\reprt_code=11011\fs_div=OFS\000660_00164779.json
SK하이닉스,000660,00164779,KOSPI,전기전자,2021,반기보고서,11012,CFS,연결재무제표,000,정상,156,data\raw\opendart_financial\bsns_year=2021\reprt_code=11012\fs_div=CFS\000660_00164779.json
SK하이닉스,000660,00164779,KOSPI,전기전자,2021,반기보고서,11012,OFS,별도재무제표,000,정상,121,data\raw\opendart_financial\bsns_year=2021\reprt_code=11012\fs_div=OFS\000660_00164779.json
SK하이닉스,000660,00164779,KOSPI,전기전자,2021,분기보고서_1분기,11013,CFS,연결재무제표,000,정상,146,data\raw\opendart_financial\bsns_year=2021\reprt_code=11013\fs_div=CFS\000660_00164779.json
SK하이닉스,000660,00164779,KOSPI,전기전자,2021,분기보고서_1분기,11013,OFS,별도재무제표,000,정상,115,data\raw\opendart_financial\bsns_year=2021\reprt_code=11013\fs_div=OFS\000660_00164779.json
SK하이닉스,000660,00164779,KOSPI,전기전자,2021,분기보고서_3분기,11014,CFS,연결재무제표,000,정상,157,data\raw\opendart_financial\bsns_year=2021\reprt_code=11014\fs_div=CFS\000660_00164779.json
SK하이닉스,000660,00164779,KOSPI,전기전자,2021,분기보고서_3분기,11014,OFS,별도재무제표,000,정상,121,data\raw\opendart_financial\bsns_year=2021\reprt_code=11014\fs_div=OFS\000660_00164779.json
SK하이닉스,000660,00164779,KOSPI,전기전자,2022,사업보고서,11011,CFS,연결재무제표,000,정상,165,data\raw\opendart_financial\bsns_year=2022\reprt_code=11011\fs_div=CFS\000660_00164779.json
SK하이닉스,000660,00164779,KOSPI,전기전자,2022,사업보고서,11011,OFS,별도재무제표,000,정상,126,data\raw\opendart_financial\bsns_year=2022\reprt_code=11011\fs_div=OFS\000660_00164779.json
SK하이닉스,000660,00164779,KOSPI,전기전자,2022,반기보고서,11012,CFS,연결재무제표,000,정상,162,data\raw\opendart_financial\bsns_year=2022\reprt_code=11012\fs_div=CFS\000660_00164779.json
SK하이닉스,000660,00164779,KOSPI,전기전자,2022,반기보고서,11012,OFS,별도재무제표,000,정상,123,data\raw\opendart_financial\bsns_year=2022\reprt_code=11012\fs_div=OFS\000660_00164779.json
SK하이닉스,000660,00164779,KOSPI,전기전자,2022,분기보고서_1분기,11013,CFS,연결재무제표,000,정상,156,data\raw\opendart_financial\bsns_year=2022\reprt_code=11013\fs_div=CFS\000660_00164779.json
SK하이닉스,000660,00164779,KOSPI,전기전자,2022,분기보고서_1분기,11013,OFS,별도재무제표,000,정상,120,data\raw\opendart_financial\bsns_year=2022\reprt_code=11013\fs_div=OFS\000660_00164779.json
SK하이닉스,000660,00164779,KOSPI,전기전자,2022,분기보고서_3분기,11014,CFS,연결재무제표,000,정상,162,data\raw\opendart_financial\bsns_year=2022\reprt_code=11014\fs_div=CFS\000660_00164779.json
SK하이닉스,000660,00164779,KOSPI,전기전자,2022,분기보고서_3분기,11014,OFS,별도재무제표,000,정상,124,data\raw\opendart_financial\bsns_year=2022\reprt_code=11014\fs_div=OFS\000660_00164779.json
SK하이닉스,000660,00164779,KOSPI,전기전자,2023,사업보고서,11011,CFS,연결재무제표,000,정상,171,data\raw\opendart_financial\bsns_year=2023\reprt_code=11011\fs_div=CFS\000660_00164779.json
SK하이닉스,000660,00164779,KOSPI,전기전자,2023,사업보고서,11011,OFS,별도재무제표,000,정상,130,data\raw\opendart_financial\bsns_year=2023\reprt_code=11011\fs_div=OFS\000660_00164779.json
SK하이닉스,000660,00164779,KOSPI,전기전자,2023,반기보고서,11012,CFS,연결재무제표,000,정상,165,data\raw\opendart_financial\bsns_year=2023\reprt_code=11012\fs_div=CFS\000660_00164779.json
SK하이닉스,000660,00164779,KOSPI,전기전자,2023,반기보고서,11012,OFS,별도재무제표,000,정상,125,data\raw\opendart_financial\bsns_year=2023\reprt_code=11012\fs_div=OFS\000660_00164779.json
SK하이닉스,000660,00164779,KOSPI,전기전자,2023,분기보고서_1분기,11013,CFS,연결재무제표,000,정상,156,data\raw\opendart_financial\bsns_year=2023\reprt_code=11013\fs_div=CFS\000660_00164779.json
SK하이닉스,000660,00164779,KOSPI,전기전자,2023,분기보고서_1분기,11013,OFS,별도재무제표,000,정상,119,data\raw\opendart_financial\bsns_year=2023\reprt_code=11013\fs_div=OFS\000660_00164779.json
SK하이닉스,000660,00164779,KOSPI,전기전자,2023,분기보고서_3분기,11014,CFS,연결재무제표,000,정상,165,data\raw\opendart_financial\bsns_year=2023\reprt_code=11014\fs_div=CFS\000660_00164779.json
SK하이닉스,000660,00164779,KOSPI,전기전자,2023,분기보고서_3분기,11014,OFS,별도재무제표,000,정상,129,data\raw\opendart_financial\bsns_year=2023\reprt_code=11014\fs_div=OFS\000660_00164779.json
SK하이닉스,000660,00164779,KOSPI,전기전자,2024,사업보고서,11011,CFS,연결재무제표,000,정상,236,data\raw\opendart_financial\bsns_year=2024\reprt_code=11011\fs_div=CFS\000660_00164779.json
SK하이닉스,000660,00164779,KOSPI,전기전자,2024,사업보고서,11011,OFS,별도재무제표,000,정상,169,data\raw\opendart_financial\bsns_year=2024\reprt_code=11011\fs_div=OFS\000660_00164779.json
SK하이닉스,000660,00164779,KOSPI,전기전자,2024,반기보고서,11012,CFS,연결재무제표,000,정상,232,data\raw\opendart_financial\bsns_year=2024\reprt_code=11012\fs_div=CFS\000660_00164779.json
SK하이닉스,000660,00164779,KOSPI,전기전자,2024,반기보고서,11012,OFS,별도재무제표,000,정상,155,data\raw\opendart_financial\bsns_year=2024\reprt_code=11012\fs_div=OFS\000660_00164779.json
SK하이닉스,000660,00164779,KOSPI,전기전자,2024,분기보고서_1분기,11013,CFS,연결재무제표,000,정상,171,data\raw\opendart_financial\bsns_year=2024\reprt_code=11013\fs_div=CFS\000660_00164779.json
SK하이닉스,000660,00164779,KOSPI,전기전자,2024,분기보고서_1분기,11013,OFS,별도재무제표,000,정상,126,data\raw\opendart_financial\bsns_year=2024\reprt_code=11013\fs_div=OFS\000660_00164779.json
SK하이닉스,000660,00164779,KOSPI,전기전자,2024,분기보고서_3분기,11014,CFS,연결재무제표,000,정상,226,data\raw\opendart_financial\bsns_year=2024\reprt_code=11014\fs_div=CFS\000660_00164779.json
SK하이닉스,000660,00164779,KOSPI,전기전자,2024,분기보고서_3분기,11014,OFS,별도재무제표,000,정상,157,data\raw\opendart_financial\bsns_year=2024\reprt_code=11014\fs_div=OFS\000660_00164779.json
SK하이닉스,000660,00164779,KOSPI,전기전자,2025,사업보고서,11011,CFS,연결재무제표,000,정상,230,data\raw\opendart_financial\bsns_year=2025\reprt_code=11011\fs_div=CFS\000660_00164779.json
SK하이닉스,000660,00164779,KOSPI,전기전자,2025,사업보고서,11011,OFS,별도재무제표,000,정상,164,data\raw\opendart_financial\bsns_year=2025\reprt_code=11011\fs_div=OFS\000660_00164779.json
SK하이닉스,000660,00164779,KOSPI,전기전자,2025,반기보고서,11012,CFS,연결재무제표,000,정상,238,data\raw\opendart_financial\bsns_year=2025\reprt_code=11012\fs_div=CFS\000660_00164779.json
SK하이닉스,000660,00164779,KOSPI,전기전자,2025,반기보고서,11012,OFS,별도재무제표,000,정상,161,data\raw\opendart_financial\bsns_year=2025\reprt_code=11012\fs_div=OFS\000660_00164779.json
SK하이닉스,000660,00164779,KOSPI,전기전자,2025,분기보고서_1분기,11013,CFS,연결재무제표,000,정상,215,data\raw\opendart_financial\bsns_year=2025\reprt_code=11013\fs_div=CFS\000660_00164779.json
SK하이닉스,000660,00164779,KOSPI,전기전자,2025,분기보고서_1분기,11013,OFS,별도재무제표,000,정상,160,data\raw\opendart_financial\bsns_year=2025\reprt_code=11013\fs_div=OFS\000660_00164779.json
SK하이닉스,000660,00164779,KOSPI,전기전자,2025,분기보고서_3분기,11014,CFS,연결재무제표,000,정상,236,data\raw\opendart_financial\bsns_year=2025\reprt_code=11014\fs_div=CFS\000660_00164779.json
SK하이닉스,000660,00164779,KOSPI,전기전자,2025,분기보고서_3분기,11014,OFS,별도재무제표,000,정상,160,data\raw\opendart_financial\bsns_year=2025\reprt_code=11014\fs_div=OFS\000660_00164779.json
삼성SDI,006400,00126362,KOSPI,전기전자,2017,사업보고서,11011,CFS,연결재무제표,000,정상,185,data\raw\opendart_financial\bsns_year=2017\reprt_code=11011\fs_div=CFS\006400_00126362.json
삼성SDI,006400,00126362,KOSPI,전기전자,2017,사업보고서,11011,OFS,별도재무제표,000,정상,129,data\raw\opendart_financial\bsns_year=2017\reprt_code=11011\fs_div=OFS\006400_00126362.json
삼성SDI,006400,00126362,KOSPI,전기전자,2017,반기보고서,11012,CFS,연결재무제표,000,정상,165,data\raw\opendart_financial\bsns_year=2017\reprt_code=11012\fs_div=CFS\006400_00126362.json
삼성SDI,006400,00126362,KOSPI,전기전자,2017,반기보고서,11012,OFS,별도재무제표,000,정상,124,data\raw\opendart_financial\bsns_year=2017\reprt_code=11012\fs_div=OFS\006400_00126362.json
삼성SDI,006400,00126362,KOSPI,전기전자,2017,분기보고서_1분기,11013,CFS,연결재무제표,000,정상,183,data\raw\opendart_financial\bsns_year=2017\reprt_code=11013\fs_div=CFS\006400_00126362.json
삼성SDI,006400,00126362,KOSPI,전기전자,2017,분기보고서_1분기,11013,OFS,별도재무제표,000,정상,125,data\raw\opendart_financial\bsns_year=2017\reprt_code=11013\fs_div=OFS\006400_00126362.json
삼성SDI,006400,00126362,KOSPI,전기전자,2017,분기보고서_3분기,11014,CFS,연결재무제표,000,정상,161,data\raw\opendart_financial\bsns_year=2017\reprt_code=11014\fs_div=CFS\006400_00126362.json
삼성SDI,006400,00126362,KOSPI,전기전자,2017,분기보고서_3분기,11014,OFS,별도재무제표,000,정상,120,data\raw\opendart_financial\bsns_year=2017\reprt_code=11014\fs_div=OFS\006400_00126362.json
삼성SDI,006400,00126362,KOSPI,전기전자,2018,사업보고서,11011,CFS,연결재무제표,000,정상,184,data\raw\opendart_financial\bsns_year=2018\reprt_code=11011\fs_div=CFS\006400_00126362.json
삼성SDI,006400,00126362,KOSPI,전기전자,2018,사업보고서,11011,OFS,별도재무제표,000,정상,132,data\raw\opendart_financial\bsns_year=2018\reprt_code=11011\fs_div=OFS\006400_00126362.json
삼성SDI,006400,00126362,KOSPI,전기전자,2018,반기보고서,11012,CFS,연결재무제표,000,정상,163,data\raw\opendart_financial\bsns_year=2018\reprt_code=11012\fs_div=CFS\006400_00126362.json
삼성SDI,006400,00126362,KOSPI,전기전자,2018,반기보고서,11012,OFS,별도재무제표,000,정상,117,data\raw\opendart_financial\bsns_year=2018\reprt_code=11012\fs_div=OFS\006400_00126362.json
삼성SDI,006400,00126362,KOSPI,전기전자,2018,분기보고서_1분기,11013,CFS,연결재무제표,000,정상,158,data\raw\opendart_financial\bsns_year=2018\reprt_code=11013\fs_div=CFS\006400_00126362.json
삼성SDI,006400,00126362,KOSPI,전기전자,2018,분기보고서_1분기,11013,OFS,별도재무제표,000,정상,112,data\raw\opendart_financial\bsns_year=2018\reprt_code=11013\fs_div=OFS\006400_00126362.json
삼성SDI,006400,00126362,KOSPI,전기전자,2018,분기보고서_3분기,11014,CFS,연결재무제표,000,정상,167,data\raw\opendart_financial\bsns_year=2018\reprt_code=11014\fs_div=CFS\006400_00126362.json
삼성SDI,006400,00126362,KOSPI,전기전자,2018,분기보고서_3분기,11014,OFS,별도재무제표,000,정상,119,data\raw\opendart_financial\bsns_year=2018\reprt_code=11014\fs_div=OFS\006400_00126362.json
삼성SDI,006400,00126362,KOSPI,전기전자,2019,사업보고서,11011,CFS,연결재무제표,000,정상,190,data\raw\opendart_financial\bsns_year=2019\reprt_code=11011\fs_div=CFS\006400_00126362.json
삼성SDI,006400,00126362,KOSPI,전기전자,2019,사업보고서,11011,OFS,별도재무제표,000,정상,134,data\raw\opendart_financial\bsns_year=2019\reprt_code=11011\fs_div=OFS\006400_00126362.json
삼성SDI,006400,00126362,KOSPI,전기전자,2019,반기보고서,11012,CFS,연결재무제표,000,정상,153,data\raw\opendart_financial\bsns_year=2019\reprt_code=11012\fs_div=CFS\006400_00126362.json
삼성SDI,006400,00126362,KOSPI,전기전자,2019,반기보고서,11012,OFS,별도재무제표,000,정상,108,data\raw\opendart_financial\bsns_year=2019\reprt_code=11012\fs_div=OFS\006400_00126362.json
삼성SDI,006400,00126362,KOSPI,전기전자,2019,분기보고서_1분기,11013,CFS,연결재무제표,000,정상,151,data\raw\opendart_financial\bsns_year=2019\reprt_code=11013\fs_div=CFS\006400_00126362.json
삼성SDI,006400,00126362,KOSPI,전기전자,2019,분기보고서_1분기,11013,OFS,별도재무제표,000,정상,106,data\raw\opendart_financial\bsns_year=2019\reprt_code=11013\fs_div=OFS\006400_00126362.json
삼성SDI,006400,00126362,KOSPI,전기전자,2019,분기보고서_3분기,11014,CFS,연결재무제표,000,정상,156,data\raw\opendart_financial\bsns_year=2019\reprt_code=11014\fs_div=CFS\006400_00126362.json
삼성SDI,006400,00126362,KOSPI,전기전자,2019,분기보고서_3분기,11014,OFS,별도재무제표,000,정상,111,data\raw\opendart_financial\bsns_year=2019\reprt_code=11014\fs_div=OFS\006400_00126362.json
삼성SDI,006400,00126362,KOSPI,전기전자,2020,사업보고서,11011,CFS,연결재무제표,000,정상,184,data\raw\opendart_financial\bsns_year=2020\reprt_code=11011\fs_div=CFS\006400_00126362.json
삼성SDI,006400,00126362,KOSPI,전기전자,2020,사업보고서,11011,OFS,별도재무제표,000,정상,129,data\raw\opendart_financial\bsns_year=2020\reprt_code=11011\fs_div=OFS\006400_00126362.json
삼성SDI,006400,00126362,KOSPI,전기전자,2020,반기보고서,11012,CFS,연결재무제표,000,정상,151,data\raw\opendart_financial\bsns_year=2020\reprt_code=11012\fs_div=CFS\006400_00126362.json
삼성SDI,006400,00126362,KOSPI,전기전자,2020,반기보고서,11012,OFS,별도재무제표,000,정상,109,data\raw\opendart_financial\bsns_year=2020\reprt_code=11012\fs_div=OFS\006400_00126362.json
삼성SDI,006400,00126362,KOSPI,전기전자,2020,분기보고서_1분기,11013,CFS,연결재무제표,000,정상,143,data\raw\opendart_financial\bsns_year=2020\reprt_code=11013\fs_div=CFS\006400_00126362.json
삼성SDI,006400,00126362,KOSPI,전기전자,2020,분기보고서_1분기,11013,OFS,별도재무제표,000,정상,105,data\raw\opendart_financial\bsns_year=2020\reprt_code=11013\fs_div=OFS\006400_00126362.json
삼성SDI,006400,00126362,KOSPI,전기전자,2020,분기보고서_3분기,11014,CFS,연결재무제표,000,정상,157,data\raw\opendart_financial\bsns_year=2020\reprt_code=11014\fs_div=CFS\006400_00126362.json
삼성SDI,006400,00126362,KOSPI,전기전자,2020,분기보고서_3분기,11014,OFS,별도재무제표,000,정상,109,data\raw\opendart_financial\bsns_year=2020\reprt_code=11014\fs_div=OFS\006400_00126362.json
삼성SDI,006400,00126362,KOSPI,전기전자,2021,사업보고서,11011,CFS,연결재무제표,000,정상,164,data\raw\opendart_financial\bsns_year=2021\reprt_code=11011\fs_div=CFS\006400_00126362.json
삼성SDI,006400,00126362,KOSPI,전기전자,2021,사업보고서,11011,OFS,별도재무제표,000,정상,116,data\raw\opendart_financial\bsns_year=2021\reprt_code=11011\fs_div=OFS\006400_00126362.json
삼성SDI,006400,00126362,KOSPI,전기전자,2021,반기보고서,11012,CFS,연결재무제표,000,정상,151,data\raw\opendart_financial\bsns_year=2021\reprt_code=11012\fs_div=CFS\006400_00126362.json
삼성SDI,006400,00126362,KOSPI,전기전자,2021,반기보고서,11012,OFS,별도재무제표,000,정상,108,data\raw\opendart_financial\bsns_year=2021\reprt_code=11012\fs_div=OFS\006400_00126362.json
삼성SDI,006400,00126362,KOSPI,전기전자,2021,분기보고서_1분기,11013,CFS,연결재무제표,000,정상,147,data\raw\opendart_financial\bsns_year=2021\reprt_code=11013\fs_div=CFS\006400_00126362.json
삼성SDI,006400,00126362,KOSPI,전기전자,2021,분기보고서_1분기,11013,OFS,별도재무제표,000,정상,105,data\raw\opendart_financial\bsns_year=2021\reprt_code=11013\fs_div=OFS\006400_00126362.json
삼성SDI,006400,00126362,KOSPI,전기전자,2021,분기보고서_3분기,11014,CFS,연결재무제표,000,정상,154,data\raw\opendart_financial\bsns_year=2021\reprt_code=11014\fs_div=CFS\006400_00126362.json
삼성SDI,006400,00126362,KOSPI,전기전자,2021,분기보고서_3분기,11014,OFS,별도재무제표,000,정상,110,data\raw\opendart_financial\bsns_year=2021\reprt_code=11014\fs_div=OFS\006400_00126362.json
삼성SDI,006400,00126362,KOSPI,전기전자,2022,사업보고서,11011,CFS,연결재무제표,000,정상,158,data\raw\opendart_financial\bsns_year=2022\reprt_code=11011\fs_div=CFS\006400_00126362.json
삼성SDI,006400,00126362,KOSPI,전기전자,2022,사업보고서,11011,OFS,별도재무제표,000,정상,115,data\raw\opendart_financial\bsns_year=2022\reprt_code=11011\fs_div=OFS\006400_00126362.json
삼성SDI,006400,00126362,KOSPI,전기전자,2022,반기보고서,11012,CFS,연결재무제표,000,정상,151,data\raw\opendart_financial\bsns_year=2022\reprt_code=11012\fs_div=CFS\006400_00126362.json
삼성SDI,006400,00126362,KOSPI,전기전자,2022,반기보고서,11012,OFS,별도재무제표,000,정상,108,data\raw\opendart_financial\bsns_year=2022\reprt_code=11012\fs_div=OFS\006400_00126362.json
삼성SDI,006400,00126362,KOSPI,전기전자,2022,분기보고서_1분기,11013,CFS,연결재무제표,000,정상,147,data\raw\opendart_financial\bsns_year=2022\reprt_code=11013\fs_div=CFS\006400_00126362.json
삼성SDI,006400,00126362,KOSPI,전기전자,2022,분기보고서_1분기,11013,OFS,별도재무제표,000,정상,105,data\raw\opendart_financial\bsns_year=2022\reprt_code=11013\fs_div=OFS\006400_00126362.json
삼성SDI,006400,00126362,KOSPI,전기전자,2022,분기보고서_3분기,11014,CFS,연결재무제표,000,정상,152,data\raw\opendart_financial\bsns_year=2022\reprt_code=11014\fs_div=CFS\006400_00126362.json
삼성SDI,006400,00126362,KOSPI,전기전자,2022,분기보고서_3분기,11014,OFS,별도재무제표,000,정상,112,data\raw\opendart_financial\bsns_year=2022\reprt_code=11014\fs_div=OFS\006400_00126362.json
삼성SDI,006400,00126362,KOSPI,전기전자,2023,사업보고서,11011,CFS,연결재무제표,000,정상,204,data\raw\opendart_financial\bsns_year=2023\reprt_code=11011\fs_div=CFS\006400_00126362.json
삼성SDI,006400,00126362,KOSPI,전기전자,2023,사업보고서,11011,OFS,별도재무제표,000,정상,142,data\raw\opendart_financial\bsns_year=2023\reprt_code=11011\fs_div=OFS\006400_00126362.json
삼성SDI,006400,00126362,KOSPI,전기전자,2023,반기보고서,11012,CFS,연결재무제표,000,정상,148,data\raw\opendart_financial\bsns_year=2023\reprt_code=11012\fs_div=CFS\006400_00126362.json
삼성SDI,006400,00126362,KOSPI,전기전자,2023,반기보고서,11012,OFS,별도재무제표,000,정상,109,data\raw\opendart_financial\bsns_year=2023\reprt_code=11012\fs_div=OFS\006400_00126362.json
삼성SDI,006400,00126362,KOSPI,전기전자,2023,분기보고서_1분기,11013,CFS,연결재무제표,000,정상,142,data\raw\opendart_financial\bsns_year=2023\reprt_code=11013\fs_div=CFS\006400_00126362.json
삼성SDI,006400,00126362,KOSPI,전기전자,2023,분기보고서_1분기,11013,OFS,별도재무제표,000,정상,106,data\raw\opendart_financial\bsns_year=2023\reprt_code=11013\fs_div=OFS\006400_00126362.json
삼성SDI,006400,00126362,KOSPI,전기전자,2023,분기보고서_3분기,11014,CFS,연결재무제표,000,정상,150,data\raw\opendart_financial\bsns_year=2023\reprt_code=11014\fs_div=CFS\006400_00126362.json
삼성SDI,006400,00126362,KOSPI,전기전자,2023,분기보고서_3분기,11014,OFS,별도재무제표,000,정상,111,data\raw\opendart_financial\bsns_year=2023\reprt_code=11014\fs_div=OFS\006400_00126362.json
삼성SDI,006400,00126362,KOSPI,전기전자,2024,사업보고서,11011,CFS,연결재무제표,000,정상,211,data\raw\opendart_financial\bsns_year=2024\reprt_code=11011\fs_div=CFS\006400_00126362.json
삼성SDI,006400,00126362,KOSPI,전기전자,2024,사업보고서,11011,OFS,별도재무제표,000,정상,144,data\raw\opendart_financial\bsns_year=2024\reprt_code=11011\fs_div=OFS\006400_00126362.json
삼성SDI,006400,00126362,KOSPI,전기전자,2024,반기보고서,11012,CFS,연결재무제표,000,정상,184,data\raw\opendart_financial\bsns_year=2024\reprt_code=11012\fs_div=CFS\006400_00126362.json
삼성SDI,006400,00126362,KOSPI,전기전자,2024,반기보고서,11012,OFS,별도재무제표,000,정상,133,data\raw\opendart_financial\bsns_year=2024\reprt_code=11012\fs_div=OFS\006400_00126362.json
삼성SDI,006400,00126362,KOSPI,전기전자,2024,분기보고서_1분기,11013,CFS,연결재무제표,000,정상,190,data\raw\opendart_financial\bsns_year=2024\reprt_code=11013\fs_div=CFS\006400_00126362.json
삼성SDI,006400,00126362,KOSPI,전기전자,2024,분기보고서_1분기,11013,OFS,별도재무제표,000,정상,132,data\raw\opendart_financial\bsns_year=2024\reprt_code=11013\fs_div=OFS\006400_00126362.json
삼성SDI,006400,00126362,KOSPI,전기전자,2024,분기보고서_3분기,11014,CFS,연결재무제표,000,정상,197,data\raw\opendart_financial\bsns_year=2024\reprt_code=11014\fs_div=CFS\006400_00126362.json
삼성SDI,006400,00126362,KOSPI,전기전자,2024,분기보고서_3분기,11014,OFS,별도재무제표,000,정상,144,data\raw\opendart_financial\bsns_year=2024\reprt_code=11014\fs_div=OFS\006400_00126362.json
삼성SDI,006400,00126362,KOSPI,전기전자,2025,사업보고서,11011,CFS,연결재무제표,000,정상,217,data\raw\opendart_financial\bsns_year=2025\reprt_code=11011\fs_div=CFS\006400_00126362.json
삼성SDI,006400,00126362,KOSPI,전기전자,2025,사업보고서,11011,OFS,별도재무제표,000,정상,161,data\raw\opendart_financial\bsns_year=2025\reprt_code=11011\fs_div=OFS\006400_00126362.json
삼성SDI,006400,00126362,KOSPI,전기전자,2025,반기보고서,11012,CFS,연결재무제표,000,정상,213,data\raw\opendart_financial\bsns_year=2025\reprt_code=11012\fs_div=CFS\006400_00126362.json
삼성SDI,006400,00126362,KOSPI,전기전자,2025,반기보고서,11012,OFS,별도재무제표,000,정상,154,data\raw\opendart_financial\bsns_year=2025\reprt_code=11012\fs_div=OFS\006400_00126362.json
삼성SDI,006400,00126362,KOSPI,전기전자,2025,분기보고서_1분기,11013,CFS,연결재무제표,000,정상,200,data\raw\opendart_financial\bsns_year=2025\reprt_code=11013\fs_div=CFS\006400_00126362.json
삼성SDI,006400,00126362,KOSPI,전기전자,2025,분기보고서_1분기,11013,OFS,별도재무제표,000,정상,143,data\raw\opendart_financial\bsns_year=2025\reprt_code=11013\fs_div=OFS\006400_00126362.json
삼성SDI,006400,00126362,KOSPI,전기전자,2025,분기보고서_3분기,11014,CFS,연결재무제표,000,정상,214,data\raw\opendart_financial\bsns_year=2025\reprt_code=11014\fs_div=CFS\006400_00126362.json
삼성SDI,006400,00126362,KOSPI,전기전자,2025,분기보고서_3분기,11014,OFS,별도재무제표,000,정상,156,data\raw\opendart_financial\bsns_year=2025\reprt_code=11014\fs_div=OFS\006400_00126362.json
LG전자,066570,00401731,KOSPI,전기전자,2017,사업보고서,11011,CFS,연결재무제표,000,정상,211,data\raw\opendart_financial\bsns_year=2017\reprt_code=11011\fs_div=CFS\066570_00401731.json
LG전자,066570,00401731,KOSPI,전기전자,2017,사업보고서,11011,OFS,별도재무제표,000,정상,146,data\raw\opendart_financial\bsns_year=2017\reprt_code=11011\fs_div=OFS\066570_00401731.json
LG전자,066570,00401731,KOSPI,전기전자,2017,반기보고서,11012,CFS,연결재무제표,000,정상,196,data\raw\opendart_financial\bsns_year=2017\reprt_code=11012\fs_div=CFS\066570_00401731.json
LG전자,066570,00401731,KOSPI,전기전자,2017,반기보고서,11012,OFS,별도재무제표,000,정상,135,data\raw\opendart_financial\bsns_year=2017\reprt_code=11012\fs_div=OFS\066570_00401731.json
LG전자,066570,00401731,KOSPI,전기전자,2017,분기보고서_1분기,11013,CFS,연결재무제표,000,정상,207,data\raw\opendart_financial\bsns_year=2017\reprt_code=11013\fs_div=CFS\066570_00401731.json
LG전자,066570,00401731,KOSPI,전기전자,2017,분기보고서_1분기,11013,OFS,별도재무제표,000,정상,143,data\raw\opendart_financial\bsns_year=2017\reprt_code=11013\fs_div=OFS\066570_00401731.json
LG전자,066570,00401731,KOSPI,전기전자,2017,분기보고서_3분기,11014,CFS,연결재무제표,000,정상,201,data\raw\opendart_financial\bsns_year=2017\reprt_code=11014\fs_div=CFS\066570_00401731.json
LG전자,066570,00401731,KOSPI,전기전자,2017,분기보고서_3분기,11014,OFS,별도재무제표,000,정상,137,data\raw\opendart_financial\bsns_year=2017\reprt_code=11014\fs_div=OFS\066570_00401731.json
LG전자,066570,00401731,KOSPI,전기전자,2018,사업보고서,11011,CFS,연결재무제표,000,정상,240,data\raw\opendart_financial\bsns_year=2018\reprt_code=11011\fs_div=CFS\066570_00401731.json
LG전자,066570,00401731,KOSPI,전기전자,2018,사업보고서,11011,OFS,별도재무제표,000,정상,162,data\raw\opendart_financial\bsns_year=2018\reprt_code=11011\fs_div=OFS\066570_00401731.json
LG전자,066570,00401731,KOSPI,전기전자,2018,반기보고서,11012,CFS,연결재무제표,000,정상,228,data\raw\opendart_financial\bsns_year=2018\reprt_code=11012\fs_div=CFS\066570_00401731.json
LG전자,066570,00401731,KOSPI,전기전자,2018,반기보고서,11012,OFS,별도재무제표,000,정상,161,data\raw\opendart_financial\bsns_year=2018\reprt_code=11012\fs_div=OFS\066570_00401731.json
LG전자,066570,00401731,KOSPI,전기전자,2018,분기보고서_1분기,11013,CFS,연결재무제표,000,정상,226,data\raw\opendart_financial\bsns_year=2018\reprt_code=11013\fs_div=CFS\066570_00401731.json
LG전자,066570,00401731,KOSPI,전기전자,2018,분기보고서_1분기,11013,OFS,별도재무제표,000,정상,157,data\raw\opendart_financial\bsns_year=2018\reprt_code=11013\fs_div=OFS\066570_00401731.json
LG전자,066570,00401731,KOSPI,전기전자,2018,분기보고서_3분기,11014,CFS,연결재무제표,000,정상,237,data\raw\opendart_financial\bsns_year=2018\reprt_code=11014\fs_div=CFS\066570_00401731.json
LG전자,066570,00401731,KOSPI,전기전자,2018,분기보고서_3분기,11014,OFS,별도재무제표,000,정상,161,data\raw\opendart_financial\bsns_year=2018\reprt_code=11014\fs_div=OFS\066570_00401731.json
LG전자,066570,00401731,KOSPI,전기전자,2019,사업보고서,11011,CFS,연결재무제표,000,정상,248,data\raw\opendart_financial\bsns_year=2019\reprt_code=11011\fs_div=CFS\066570_00401731.json
LG전자,066570,00401731,KOSPI,전기전자,2019,사업보고서,11011,OFS,별도재무제표,000,정상,166,data\raw\opendart_financial\bsns_year=2019\reprt_code=11011\fs_div=OFS\066570_00401731.json
LG전자,066570,00401731,KOSPI,전기전자,2019,반기보고서,11012,CFS,연결재무제표,000,정상,220,data\raw\opendart_financial\bsns_year=2019\reprt_code=11012\fs_div=CFS\066570_00401731.json
LG전자,066570,00401731,KOSPI,전기전자,2019,반기보고서,11012,OFS,별도재무제표,000,정상,155,data\raw\opendart_financial\bsns_year=2019\reprt_code=11012\fs_div=OFS\066570_00401731.json
LG전자,066570,00401731,KOSPI,전기전자,2019,분기보고서_1분기,11013,CFS,연결재무제표,000,정상,220,data\raw\opendart_financial\bsns_year=2019\reprt_code=11013\fs_div=CFS\066570_00401731.json
LG전자,066570,00401731,KOSPI,전기전자,2019,분기보고서_1분기,11013,OFS,별도재무제표,000,정상,154,data\raw\opendart_financial\bsns_year=2019\reprt_code=11013\fs_div=OFS\066570_00401731.json
LG전자,066570,00401731,KOSPI,전기전자,2019,분기보고서_3분기,11014,CFS,연결재무제표,000,정상,238,data\raw\opendart_financial\bsns_year=2019\reprt_code=11014\fs_div=CFS\066570_00401731.json
LG전자,066570,00401731,KOSPI,전기전자,2019,분기보고서_3분기,11014,OFS,별도재무제표,000,정상,158,data\raw\opendart_financial\bsns_year=2019\reprt_code=11014\fs_div=OFS\066570_00401731.json
LG전자,066570,00401731,KOSPI,전기전자,2020,사업보고서,11011,CFS,연결재무제표,000,정상,239,data\raw\opendart_financial\bsns_year=2020\reprt_code=11011\fs_div=CFS\066570_00401731.json
LG전자,066570,00401731,KOSPI,전기전자,2020,사업보고서,11011,OFS,별도재무제표,000,정상,159,data\raw\opendart_financial\bsns_year=2020\reprt_code=11011\fs_div=OFS\066570_00401731.json
LG전자,066570,00401731,KOSPI,전기전자,2020,반기보고서,11012,CFS,연결재무제표,000,정상,221,data\raw\opendart_financial\bsns_year=2020\reprt_code=11012\fs_div=CFS\066570_00401731.json
LG전자,066570,00401731,KOSPI,전기전자,2020,반기보고서,11012,OFS,별도재무제표,000,정상,153,data\raw\opendart_financial\bsns_year=2020\reprt_code=11012\fs_div=OFS\066570_00401731.json
LG전자,066570,00401731,KOSPI,전기전자,2020,분기보고서_1분기,11013,CFS,연결재무제표,000,정상,219,data\raw\opendart_financial\bsns_year=2020\reprt_code=11013\fs_div=CFS\066570_00401731.json
LG전자,066570,00401731,KOSPI,전기전자,2020,분기보고서_1분기,11013,OFS,별도재무제표,000,정상,153,data\raw\opendart_financial\bsns_year=2020\reprt_code=11013\fs_div=OFS\066570_00401731.json
LG전자,066570,00401731,KOSPI,전기전자,2020,분기보고서_3분기,11014,CFS,연결재무제표,000,정상,222,data\raw\opendart_financial\bsns_year=2020\reprt_code=11014\fs_div=CFS\066570_00401731.json
LG전자,066570,00401731,KOSPI,전기전자,2020,분기보고서_3분기,11014,OFS,별도재무제표,000,정상,158,data\raw\opendart_financial\bsns_year=2020\reprt_code=11014\fs_div=OFS\066570_00401731.json
LG전자,066570,00401731,KOSPI,전기전자,2021,사업보고서,11011,CFS,연결재무제표,000,정상,247,data\raw\opendart_financial\bsns_year=2021\reprt_code=11011\fs_div=CFS\066570_00401731.json
LG전자,066570,00401731,KOSPI,전기전자,2021,사업보고서,11011,OFS,별도재무제표,000,정상,154,data\raw\opendart_financial\bsns_year=2021\reprt_code=11011\fs_div=OFS\066570_00401731.json
LG전자,066570,00401731,KOSPI,전기전자,2021,반기보고서,11012,CFS,연결재무제표,000,정상,223,data\raw\opendart_financial\bsns_year=2021\reprt_code=11012\fs_div=CFS\066570_00401731.json
LG전자,066570,00401731,KOSPI,전기전자,2021,반기보고서,11012,OFS,별도재무제표,000,정상,149,data\raw\opendart_financial\bsns_year=2021\reprt_code=11012\fs_div=OFS\066570_00401731.json
LG전자,066570,00401731,KOSPI,전기전자,2021,분기보고서_1분기,11013,CFS,연결재무제표,000,정상,203,data\raw\opendart_financial\bsns_year=2021\reprt_code=11013\fs_div=CFS\066570_00401731.json
LG전자,066570,00401731,KOSPI,전기전자,2021,분기보고서_1분기,11013,OFS,별도재무제표,000,정상,142,data\raw\opendart_financial\bsns_year=2021\reprt_code=11013\fs_div=OFS\066570_00401731.json
LG전자,066570,00401731,KOSPI,전기전자,2021,분기보고서_3분기,11014,CFS,연결재무제표,000,정상,225,data\raw\opendart_financial\bsns_year=2021\reprt_code=11014\fs_div=CFS\066570_00401731.json
LG전자,066570,00401731,KOSPI,전기전자,2021,분기보고서_3분기,11014,OFS,별도재무제표,000,정상,151,data\raw\opendart_financial\bsns_year=2021\reprt_code=11014\fs_div=OFS\066570_00401731.json
LG전자,066570,00401731,KOSPI,전기전자,2022,사업보고서,11011,CFS,연결재무제표,000,정상,247,data\raw\opendart_financial\bsns_year=2022\reprt_code=11011\fs_div=CFS\066570_00401731.json
LG전자,066570,00401731,KOSPI,전기전자,2022,사업보고서,11011,OFS,별도재무제표,000,정상,156,data\raw\opendart_financial\bsns_year=2022\reprt_code=11011\fs_div=OFS\066570_00401731.json
LG전자,066570,00401731,KOSPI,전기전자,2022,반기보고서,11012,CFS,연결재무제표,000,정상,225,data\raw\opendart_financial\bsns_year=2022\reprt_code=11012\fs_div=CFS\066570_00401731.json
LG전자,066570,00401731,KOSPI,전기전자,2022,반기보고서,11012,OFS,별도재무제표,000,정상,153,data\raw\opendart_financial\bsns_year=2022\reprt_code=11012\fs_div=OFS\066570_00401731.json
LG전자,066570,00401731,KOSPI,전기전자,2022,분기보고서_1분기,11013,CFS,연결재무제표,000,정상,224,data\raw\opendart_financial\bsns_year=2022\reprt_code=11013\fs_div=CFS\066570_00401731.json
LG전자,066570,00401731,KOSPI,전기전자,2022,분기보고서_1분기,11013,OFS,별도재무제표,000,정상,151,data\raw\opendart_financial\bsns_year=2022\reprt_code=11013\fs_div=OFS\066570_00401731.json
LG전자,066570,00401731,KOSPI,전기전자,2022,분기보고서_3분기,11014,CFS,연결재무제표,000,정상,228,data\raw\opendart_financial\bsns_year=2022\reprt_code=11014\fs_div=CFS\066570_00401731.json
LG전자,066570,00401731,KOSPI,전기전자,2022,분기보고서_3분기,11014,OFS,별도재무제표,000,정상,155,data\raw\opendart_financial\bsns_year=2022\reprt_code=11014\fs_div=OFS\066570_00401731.json
LG전자,066570,00401731,KOSPI,전기전자,2023,사업보고서,11011,CFS,연결재무제표,000,정상,202,data\raw\opendart_financial\bsns_year=2023\reprt_code=11011\fs_div=CFS\066570_00401731.json
LG전자,066570,00401731,KOSPI,전기전자,2023,사업보고서,11011,OFS,별도재무제표,000,정상,138,data\raw\opendart_financial\bsns_year=2023\reprt_code=11011\fs_div=OFS\066570_00401731.json
LG전자,066570,00401731,KOSPI,전기전자,2023,반기보고서,11012,CFS,연결재무제표,000,정상,225,data\raw\opendart_financial\bsns_year=2023\reprt_code=11012\fs_div=CFS\066570_00401731.json
LG전자,066570,00401731,KOSPI,전기전자,2023,반기보고서,11012,OFS,별도재무제표,000,정상,154,data\raw\opendart_financial\bsns_year=2023\reprt_code=11012\fs_div=OFS\066570_00401731.json
LG전자,066570,00401731,KOSPI,전기전자,2023,분기보고서_1분기,11013,CFS,연결재무제표,000,정상,244,data\raw\opendart_financial\bsns_year=2023\reprt_code=11013\fs_div=CFS\066570_00401731.json
LG전자,066570,00401731,KOSPI,전기전자,2023,분기보고서_1분기,11013,OFS,별도재무제표,000,정상,155,data\raw\opendart_financial\bsns_year=2023\reprt_code=11013\fs_div=OFS\066570_00401731.json
LG전자,066570,00401731,KOSPI,전기전자,2023,분기보고서_3분기,11014,CFS,연결재무제표,000,정상,181,data\raw\opendart_financial\bsns_year=2023\reprt_code=11014\fs_div=CFS\066570_00401731.json
LG전자,066570,00401731,KOSPI,전기전자,2023,분기보고서_3분기,11014,OFS,별도재무제표,000,정상,142,data\raw\opendart_financial\bsns_year=2023\reprt_code=11014\fs_div=OFS\066570_00401731.json
LG전자,066570,00401731,KOSPI,전기전자,2024,사업보고서,11011,CFS,연결재무제표,000,정상,203,data\raw\opendart_financial\bsns_year=2024\reprt_code=11011\fs_div=CFS\066570_00401731.json
LG전자,066570,00401731,KOSPI,전기전자,2024,사업보고서,11011,OFS,별도재무제표,000,정상,137,data\raw\opendart_financial\bsns_year=2024\reprt_code=11011\fs_div=OFS\066570_00401731.json
LG전자,066570,00401731,KOSPI,전기전자,2024,반기보고서,11012,CFS,연결재무제표,000,정상,193,data\raw\opendart_financial\bsns_year=2024\reprt_code=11012\fs_div=CFS\066570_00401731.json
LG전자,066570,00401731,KOSPI,전기전자,2024,반기보고서,11012,OFS,별도재무제표,000,정상,157,data\raw\opendart_financial\bsns_year=2024\reprt_code=11012\fs_div=OFS\066570_00401731.json
LG전자,066570,00401731,KOSPI,전기전자,2024,분기보고서_1분기,11013,CFS,연결재무제표,000,정상,191,data\raw\opendart_financial\bsns_year=2024\reprt_code=11013\fs_div=CFS\066570_00401731.json
LG전자,066570,00401731,KOSPI,전기전자,2024,분기보고서_1분기,11013,OFS,별도재무제표,000,정상,134,data\raw\opendart_financial\bsns_year=2024\reprt_code=11013\fs_div=OFS\066570_00401731.json
LG전자,066570,00401731,KOSPI,전기전자,2024,분기보고서_3분기,11014,CFS,연결재무제표,000,정상,195,data\raw\opendart_financial\bsns_year=2024\reprt_code=11014\fs_div=CFS\066570_00401731.json
LG전자,066570,00401731,KOSPI,전기전자,2024,분기보고서_3분기,11014,OFS,별도재무제표,000,정상,136,data\raw\opendart_financial\bsns_year=2024\reprt_code=11014\fs_div=OFS\066570_00401731.json
LG전자,066570,00401731,KOSPI,전기전자,2025,사업보고서,11011,CFS,연결재무제표,000,정상,271,data\raw\opendart_financial\bsns_year=2025\reprt_code=11011\fs_div=CFS\066570_00401731.json
LG전자,066570,00401731,KOSPI,전기전자,2025,사업보고서,11011,OFS,별도재무제표,000,정상,161,data\raw\opendart_financial\bsns_year=2025\reprt_code=11011\fs_div=OFS\066570_00401731.json
LG전자,066570,00401731,KOSPI,전기전자,2025,반기보고서,11012,CFS,연결재무제표,000,정상,248,data\raw\opendart_financial\bsns_year=2025\reprt_code=11012\fs_div=CFS\066570_00401731.json
LG전자,066570,00401731,KOSPI,전기전자,2025,반기보고서,11012,OFS,별도재무제표,000,정상,159,data\raw\opendart_financial\bsns_year=2025\reprt_code=11012\fs_div=OFS\066570_00401731.json
LG전자,066570,00401731,KOSPI,전기전자,2025,분기보고서_1분기,11013,CFS,연결재무제표,000,정상,237,data\raw\opendart_financial\bsns_year=2025\reprt_code=11013\fs_div=CFS\066570_00401731.json
LG전자,066570,00401731,KOSPI,전기전자,2025,분기보고서_1분기,11013,OFS,별도재무제표,000,정상,156,data\raw\opendart_financial\bsns_year=2025\reprt_code=11013\fs_div=OFS\066570_00401731.json
LG전자,066570,00401731,KOSPI,전기전자,2025,분기보고서_3분기,11014,CFS,연결재무제표,000,정상,258,data\raw\opendart_financial\bsns_year=2025\reprt_code=11014\fs_div=CFS\066570_00401731.json
LG전자,066570,00401731,KOSPI,전기전자,2025,분기보고서_3분기,11014,OFS,별도재무제표,000,정상,165,data\raw\opendart_financial\bsns_year=2025\reprt_code=11014\fs_div=OFS\066570_00401731.json
HD현대일렉트릭,267260,01205851,KOSPI,전기전자,2017,사업보고서,11011,CFS,연결재무제표,000,정상,139,data\raw\opendart_financial\bsns_year=2017\reprt_code=11011\fs_div=CFS\267260_01205851.json
HD현대일렉트릭,267260,01205851,KOSPI,전기전자,2017,사업보고서,11011,OFS,별도재무제표,000,정상,114,data\raw\opendart_financial\bsns_year=2017\reprt_code=11011\fs_div=OFS\267260_01205851.json
HD현대일렉트릭,267260,01205851,KOSPI,전기전자,2017,반기보고서,11012,CFS,연결재무제표,000,정상,124,data\raw\opendart_financial\bsns_year=2017\reprt_code=11012\fs_div=CFS\267260_01205851.json
HD현대일렉트릭,267260,01205851,KOSPI,전기전자,2017,반기보고서,11012,OFS,별도재무제표,000,정상,109,data\raw\opendart_financial\bsns_year=2017\reprt_code=11012\fs_div=OFS\267260_01205851.json
HD현대일렉트릭,267260,01205851,KOSPI,전기전자,2017,분기보고서_1분기,11013,CFS,연결재무제표,013,조회된 데이타가 없습니다.,0,data\raw\opendart_financial\bsns_year=2017\reprt_code=11013\fs_div=CFS\267260_01205851.json
HD현대일렉트릭,267260,01205851,KOSPI,전기전자,2017,분기보고서_1분기,11013,OFS,별도재무제표,013,조회된 데이타가 없습니다.,0,data\raw\opendart_financial\bsns_year=2017\reprt_code=11013\fs_div=OFS\267260_01205851.json
HD현대일렉트릭,267260,01205851,KOSPI,전기전자,2017,분기보고서_3분기,11014,CFS,연결재무제표,000,정상,124,data\raw\opendart_financial\bsns_year=2017\reprt_code=11014\fs_div=CFS\267260_01205851.json
HD현대일렉트릭,267260,01205851,KOSPI,전기전자,2017,분기보고서_3분기,11014,OFS,별도재무제표,000,정상,112,data\raw\opendart_financial\bsns_year=2017\reprt_code=11014\fs_div=OFS\267260_01205851.json
HD현대일렉트릭,267260,01205851,KOSPI,전기전자,2018,사업보고서,11011,CFS,연결재무제표,000,정상,174,data\raw\opendart_financial\bsns_year=2018\reprt_code=11011\fs_div=CFS\267260_01205851.json
HD현대일렉트릭,267260,01205851,KOSPI,전기전자,2018,사업보고서,11011,OFS,별도재무제표,000,정상,137,data\raw\opendart_financial\bsns_year=2018\reprt_code=11011\fs_div=OFS\267260_01205851.json
HD현대일렉트릭,267260,01205851,KOSPI,전기전자,2018,반기보고서,11012,CFS,연결재무제표,000,정상,135,data\raw\opendart_financial\bsns_year=2018\reprt_code=11012\fs_div=CFS\267260_01205851.json
HD현대일렉트릭,267260,01205851,KOSPI,전기전자,2018,반기보고서,11012,OFS,별도재무제표,000,정상,111,data\raw\opendart_financial\bsns_year=2018\reprt_code=11012\fs_div=OFS\267260_01205851.json
HD현대일렉트릭,267260,01205851,KOSPI,전기전자,2018,분기보고서_1분기,11013,CFS,연결재무제표,000,정상,123,data\raw\opendart_financial\bsns_year=2018\reprt_code=11013\fs_div=CFS\267260_01205851.json
HD현대일렉트릭,267260,01205851,KOSPI,전기전자,2018,분기보고서_1분기,11013,OFS,별도재무제표,000,정상,99,data\raw\opendart_financial\bsns_year=2018\reprt_code=11013\fs_div=OFS\267260_01205851.json
HD현대일렉트릭,267260,01205851,KOSPI,전기전자,2018,분기보고서_3분기,11014,CFS,연결재무제표,000,정상,139,data\raw\opendart_financial\bsns_year=2018\reprt_code=11014\fs_div=CFS\267260_01205851.json
HD현대일렉트릭,267260,01205851,KOSPI,전기전자,2018,분기보고서_3분기,11014,OFS,별도재무제표,000,정상,113,data\raw\opendart_financial\bsns_year=2018\reprt_code=11014\fs_div=OFS\267260_01205851.json
HD현대일렉트릭,267260,01205851,KOSPI,전기전자,2019,사업보고서,11011,CFS,연결재무제표,000,정상,175,data\raw\opendart_financial\bsns_year=2019\reprt_code=11011\fs_div=CFS\267260_01205851.json
HD현대일렉트릭,267260,01205851,KOSPI,전기전자,2019,사업보고서,11011,OFS,별도재무제표,000,정상,143,data\raw\opendart_financial\bsns_year=2019\reprt_code=11011\fs_div=OFS\267260_01205851.json
HD현대일렉트릭,267260,01205851,KOSPI,전기전자,2019,반기보고서,11012,CFS,연결재무제표,000,정상,147,data\raw\opendart_financial\bsns_year=2019\reprt_code=11012\fs_div=CFS\267260_01205851.json
HD현대일렉트릭,267260,01205851,KOSPI,전기전자,2019,반기보고서,11012,OFS,별도재무제표,000,정상,119,data\raw\opendart_financial\bsns_year=2019\reprt_code=11012\fs_div=OFS\267260_01205851.json
HD현대일렉트릭,267260,01205851,KOSPI,전기전자,2019,분기보고서_1분기,11013,CFS,연결재무제표,000,정상,137,data\raw\opendart_financial\bsns_year=2019\reprt_code=11013\fs_div=CFS\267260_01205851.json
HD현대일렉트릭,267260,01205851,KOSPI,전기전자,2019,분기보고서_1분기,11013,OFS,별도재무제표,000,정상,112,data\raw\opendart_financial\bsns_year=2019\reprt_code=11013\fs_div=OFS\267260_01205851.json
HD현대일렉트릭,267260,01205851,KOSPI,전기전자,2019,분기보고서_3분기,11014,CFS,연결재무제표,000,정상,146,data\raw\opendart_financial\bsns_year=2019\reprt_code=11014\fs_div=CFS\267260_01205851.json
HD현대일렉트릭,267260,01205851,KOSPI,전기전자,2019,분기보고서_3분기,11014,OFS,별도재무제표,000,정상,119,data\raw\opendart_financial\bsns_year=2019\reprt_code=11014\fs_div=OFS\267260_01205851.json
HD현대일렉트릭,267260,01205851,KOSPI,전기전자,2020,사업보고서,11011,CFS,연결재무제표,000,정상,170,data\raw\opendart_financial\bsns_year=2020\reprt_code=11011\fs_div=CFS\267260_01205851.json
HD현대일렉트릭,267260,01205851,KOSPI,전기전자,2020,사업보고서,11011,OFS,별도재무제표,000,정상,137,data\raw\opendart_financial\bsns_year=2020\reprt_code=11011\fs_div=OFS\267260_01205851.json
HD현대일렉트릭,267260,01205851,KOSPI,전기전자,2020,반기보고서,11012,CFS,연결재무제표,000,정상,145,data\raw\opendart_financial\bsns_year=2020\reprt_code=11012\fs_div=CFS\267260_01205851.json
HD현대일렉트릭,267260,01205851,KOSPI,전기전자,2020,반기보고서,11012,OFS,별도재무제표,000,정상,118,data\raw\opendart_financial\bsns_year=2020\reprt_code=11012\fs_div=OFS\267260_01205851.json
HD현대일렉트릭,267260,01205851,KOSPI,전기전자,2020,분기보고서_1분기,11013,CFS,연결재무제표,000,정상,137,data\raw\opendart_financial\bsns_year=2020\reprt_code=11013\fs_div=CFS\267260_01205851.json
HD현대일렉트릭,267260,01205851,KOSPI,전기전자,2020,분기보고서_1분기,11013,OFS,별도재무제표,000,정상,112,data\raw\opendart_financial\bsns_year=2020\reprt_code=11013\fs_div=OFS\267260_01205851.json
HD현대일렉트릭,267260,01205851,KOSPI,전기전자,2020,분기보고서_3분기,11014,CFS,연결재무제표,000,정상,146,data\raw\opendart_financial\bsns_year=2020\reprt_code=11014\fs_div=CFS\267260_01205851.json
HD현대일렉트릭,267260,01205851,KOSPI,전기전자,2020,분기보고서_3분기,11014,OFS,별도재무제표,000,정상,118,data\raw\opendart_financial\bsns_year=2020\reprt_code=11014\fs_div=OFS\267260_01205851.json
HD현대일렉트릭,267260,01205851,KOSPI,전기전자,2021,사업보고서,11011,CFS,연결재무제표,000,정상,166,data\raw\opendart_financial\bsns_year=2021\reprt_code=11011\fs_div=CFS\267260_01205851.json
HD현대일렉트릭,267260,01205851,KOSPI,전기전자,2021,사업보고서,11011,OFS,별도재무제표,000,정상,136,data\raw\opendart_financial\bsns_year=2021\reprt_code=11011\fs_div=OFS\267260_01205851.json
HD현대일렉트릭,267260,01205851,KOSPI,전기전자,2021,반기보고서,11012,CFS,연결재무제표,000,정상,136,data\raw\opendart_financial\bsns_year=2021\reprt_code=11012\fs_div=CFS\267260_01205851.json
HD현대일렉트릭,267260,01205851,KOSPI,전기전자,2021,반기보고서,11012,OFS,별도재무제표,000,정상,112,data\raw\opendart_financial\bsns_year=2021\reprt_code=11012\fs_div=OFS\267260_01205851.json
HD현대일렉트릭,267260,01205851,KOSPI,전기전자,2021,분기보고서_1분기,11013,CFS,연결재무제표,000,정상,135,data\raw\opendart_financial\bsns_year=2021\reprt_code=11013\fs_div=CFS\267260_01205851.json
HD현대일렉트릭,267260,01205851,KOSPI,전기전자,2021,분기보고서_1분기,11013,OFS,별도재무제표,000,정상,109,data\raw\opendart_financial\bsns_year=2021\reprt_code=11013\fs_div=OFS\267260_01205851.json
HD현대일렉트릭,267260,01205851,KOSPI,전기전자,2021,분기보고서_3분기,11014,CFS,연결재무제표,000,정상,138,data\raw\opendart_financial\bsns_year=2021\reprt_code=11014\fs_div=CFS\267260_01205851.json
HD현대일렉트릭,267260,01205851,KOSPI,전기전자,2021,분기보고서_3분기,11014,OFS,별도재무제표,000,정상,116,data\raw\opendart_financial\bsns_year=2021\reprt_code=11014\fs_div=OFS\267260_01205851.json
HD현대일렉트릭,267260,01205851,KOSPI,전기전자,2022,사업보고서,11011,CFS,연결재무제표,000,정상,161,data\raw\opendart_financial\bsns_year=2022\reprt_code=11011\fs_div=CFS\267260_01205851.json
HD현대일렉트릭,267260,01205851,KOSPI,전기전자,2022,사업보고서,11011,OFS,별도재무제표,000,정상,129,data\raw\opendart_financial\bsns_year=2022\reprt_code=11011\fs_div=OFS\267260_01205851.json
HD현대일렉트릭,267260,01205851,KOSPI,전기전자,2022,반기보고서,11012,CFS,연결재무제표,000,정상,139,data\raw\opendart_financial\bsns_year=2022\reprt_code=11012\fs_div=CFS\267260_01205851.json
HD현대일렉트릭,267260,01205851,KOSPI,전기전자,2022,반기보고서,11012,OFS,별도재무제표,000,정상,109,data\raw\opendart_financial\bsns_year=2022\reprt_code=11012\fs_div=OFS\267260_01205851.json
HD현대일렉트릭,267260,01205851,KOSPI,전기전자,2022,분기보고서_1분기,11013,CFS,연결재무제표,000,정상,123,data\raw\opendart_financial\bsns_year=2022\reprt_code=11013\fs_div=CFS\267260_01205851.json
HD현대일렉트릭,267260,01205851,KOSPI,전기전자,2022,분기보고서_1분기,11013,OFS,별도재무제표,000,정상,106,data\raw\opendart_financial\bsns_year=2022\reprt_code=11013\fs_div=OFS\267260_01205851.json
HD현대일렉트릭,267260,01205851,KOSPI,전기전자,2022,분기보고서_3분기,11014,CFS,연결재무제표,000,정상,140,data\raw\opendart_financial\bsns_year=2022\reprt_code=11014\fs_div=CFS\267260_01205851.json
HD현대일렉트릭,267260,01205851,KOSPI,전기전자,2022,분기보고서_3분기,11014,OFS,별도재무제표,000,정상,110,data\raw\opendart_financial\bsns_year=2022\reprt_code=11014\fs_div=OFS\267260_01205851.json
HD현대일렉트릭,267260,01205851,KOSPI,전기전자,2023,사업보고서,11011,CFS,연결재무제표,000,정상,168,data\raw\opendart_financial\bsns_year=2023\reprt_code=11011\fs_div=CFS\267260_01205851.json
HD현대일렉트릭,267260,01205851,KOSPI,전기전자,2023,사업보고서,11011,OFS,별도재무제표,000,정상,129,data\raw\opendart_financial\bsns_year=2023\reprt_code=11011\fs_div=OFS\267260_01205851.json
HD현대일렉트릭,267260,01205851,KOSPI,전기전자,2023,반기보고서,11012,CFS,연결재무제표,000,정상,147,data\raw\opendart_financial\bsns_year=2023\reprt_code=11012\fs_div=CFS\267260_01205851.json
HD현대일렉트릭,267260,01205851,KOSPI,전기전자,2023,반기보고서,11012,OFS,별도재무제표,000,정상,114,data\raw\opendart_financial\bsns_year=2023\reprt_code=11012\fs_div=OFS\267260_01205851.json
HD현대일렉트릭,267260,01205851,KOSPI,전기전자,2023,분기보고서_1분기,11013,CFS,연결재무제표,000,정상,135,data\raw\opendart_financial\bsns_year=2023\reprt_code=11013\fs_div=CFS\267260_01205851.json
HD현대일렉트릭,267260,01205851,KOSPI,전기전자,2023,분기보고서_1분기,11013,OFS,별도재무제표,000,정상,106,data\raw\opendart_financial\bsns_year=2023\reprt_code=11013\fs_div=OFS\267260_01205851.json
HD현대일렉트릭,267260,01205851,KOSPI,전기전자,2023,분기보고서_3분기,11014,CFS,연결재무제표,000,정상,151,data\raw\opendart_financial\bsns_year=2023\reprt_code=11014\fs_div=CFS\267260_01205851.json
HD현대일렉트릭,267260,01205851,KOSPI,전기전자,2023,분기보고서_3분기,11014,OFS,별도재무제표,000,정상,117,data\raw\opendart_financial\bsns_year=2023\reprt_code=11014\fs_div=OFS\267260_01205851.json
HD현대일렉트릭,267260,01205851,KOSPI,전기전자,2024,사업보고서,11011,CFS,연결재무제표,000,정상,232,data\raw\opendart_financial\bsns_year=2024\reprt_code=11011\fs_div=CFS\267260_01205851.json
HD현대일렉트릭,267260,01205851,KOSPI,전기전자,2024,사업보고서,11011,OFS,별도재무제표,000,정상,161,data\raw\opendart_financial\bsns_year=2024\reprt_code=11011\fs_div=OFS\267260_01205851.json
HD현대일렉트릭,267260,01205851,KOSPI,전기전자,2024,반기보고서,11012,CFS,연결재무제표,000,정상,175,data\raw\opendart_financial\bsns_year=2024\reprt_code=11012\fs_div=CFS\267260_01205851.json
HD현대일렉트릭,267260,01205851,KOSPI,전기전자,2024,반기보고서,11012,OFS,별도재무제표,000,정상,128,data\raw\opendart_financial\bsns_year=2024\reprt_code=11012\fs_div=OFS\267260_01205851.json
HD현대일렉트릭,267260,01205851,KOSPI,전기전자,2024,분기보고서_1분기,11013,CFS,연결재무제표,000,정상,171,data\raw\opendart_financial\bsns_year=2024\reprt_code=11013\fs_div=CFS\267260_01205851.json
HD현대일렉트릭,267260,01205851,KOSPI,전기전자,2024,분기보고서_1분기,11013,OFS,별도재무제표,000,정상,125,data\raw\opendart_financial\bsns_year=2024\reprt_code=11013\fs_div=OFS\267260_01205851.json
HD현대일렉트릭,267260,01205851,KOSPI,전기전자,2024,분기보고서_3분기,11014,CFS,연결재무제표,000,정상,185,data\raw\opendart_financial\bsns_year=2024\reprt_code=11014\fs_div=CFS\267260_01205851.json
HD현대일렉트릭,267260,01205851,KOSPI,전기전자,2024,분기보고서_3분기,11014,OFS,별도재무제표,000,정상,128,data\raw\opendart_financial\bsns_year=2024\reprt_code=11014\fs_div=OFS\267260_01205851.json
HD현대일렉트릭,267260,01205851,KOSPI,전기전자,2025,사업보고서,11011,CFS,연결재무제표,000,정상,249,data\raw\opendart_financial\bsns_year=2025\reprt_code=11011\fs_div=CFS\267260_01205851.json
HD현대일렉트릭,267260,01205851,KOSPI,전기전자,2025,사업보고서,11011,OFS,별도재무제표,000,정상,162,data\raw\opendart_financial\bsns_year=2025\reprt_code=11011\fs_div=OFS\267260_01205851.json
HD현대일렉트릭,267260,01205851,KOSPI,전기전자,2025,반기보고서,11012,CFS,연결재무제표,000,정상,148,data\raw\opendart_financial\bsns_year=2025\reprt_code=11012\fs_div=CFS\267260_01205851.json
HD현대일렉트릭,267260,01205851,KOSPI,전기전자,2025,반기보고서,11012,OFS,별도재무제표,000,정상,135,data\raw\opendart_financial\bsns_year=2025\reprt_code=11012\fs_div=OFS\267260_01205851.json
HD현대일렉트릭,267260,01205851,KOSPI,전기전자,2025,분기보고서_1분기,11013,CFS,연결재무제표,000,정상,138,data\raw\opendart_financial\bsns_year=2025\reprt_code=11013\fs_div=CFS\267260_01205851.json
HD현대일렉트릭,267260,01205851,KOSPI,전기전자,2025,분기보고서_1분기,11013,OFS,별도재무제표,000,정상,126,data\raw\opendart_financial\bsns_year=2025\reprt_code=11013\fs_div=OFS\267260_01205851.json
HD현대일렉트릭,267260,01205851,KOSPI,전기전자,2025,분기보고서_3분기,11014,CFS,연결재무제표,000,정상,151,data\raw\opendart_financial\bsns_year=2025\reprt_code=11014\fs_div=CFS\267260_01205851.json
HD현대일렉트릭,267260,01205851,KOSPI,전기전자,2025,분기보고서_3분기,11014,OFS,별도재무제표,000,정상,135,data\raw\opendart_financial\bsns_year=2025\reprt_code=11014\fs_div=OFS\267260_01205851.json
KB금융,105560,00688996,KOSPI,금융,2017,사업보고서,11011,CFS,연결재무제표,013,조회된 데이타가 없습니다.,0,data\raw\opendart_financial\bsns_year=2017\reprt_code=11011\fs_div=CFS\105560_00688996.json
KB금융,105560,00688996,KOSPI,금융,2017,사업보고서,11011,OFS,별도재무제표,013,조회된 데이타가 없습니다.,0,data\raw\opendart_financial\bsns_year=2017\reprt_code=11011\fs_div=OFS\105560_00688996.json
KB금융,105560,00688996,KOSPI,금융,2017,반기보고서,11012,CFS,연결재무제표,013,조회된 데이타가 없습니다.,0,data\raw\opendart_financial\bsns_year=2017\reprt_code=11012\fs_div=CFS\105560_00688996.json
KB금융,105560,00688996,KOSPI,금융,2017,반기보고서,11012,OFS,별도재무제표,013,조회된 데이타가 없습니다.,0,data\raw\opendart_financial\bsns_year=2017\reprt_code=11012\fs_div=OFS\105560_00688996.json
KB금융,105560,00688996,KOSPI,금융,2017,분기보고서_1분기,11013,CFS,연결재무제표,013,조회된 데이타가 없습니다.,0,data\raw\opendart_financial\bsns_year=2017\reprt_code=11013\fs_div=CFS\105560_00688996.json
KB금융,105560,00688996,KOSPI,금융,2017,분기보고서_1분기,11013,OFS,별도재무제표,013,조회된 데이타가 없습니다.,0,data\raw\opendart_financial\bsns_year=2017\reprt_code=11013\fs_div=OFS\105560_00688996.json
KB금융,105560,00688996,KOSPI,금융,2017,분기보고서_3분기,11014,CFS,연결재무제표,013,조회된 데이타가 없습니다.,0,data\raw\opendart_financial\bsns_year=2017\reprt_code=11014\fs_div=CFS\105560_00688996.json
KB금융,105560,00688996,KOSPI,금융,2017,분기보고서_3분기,11014,OFS,별도재무제표,013,조회된 데이타가 없습니다.,0,data\raw\opendart_financial\bsns_year=2017\reprt_code=11014\fs_div=OFS\105560_00688996.json
KB금융,105560,00688996,KOSPI,금융,2018,사업보고서,11011,CFS,연결재무제표,013,조회된 데이타가 없습니다.,0,data\raw\opendart_financial\bsns_year=2018\reprt_code=11011\fs_div=CFS\105560_00688996.json
KB금융,105560,00688996,KOSPI,금융,2018,사업보고서,11011,OFS,별도재무제표,013,조회된 데이타가 없습니다.,0,data\raw\opendart_financial\bsns_year=2018\reprt_code=11011\fs_div=OFS\105560_00688996.json
KB금융,105560,00688996,KOSPI,금융,2018,반기보고서,11012,CFS,연결재무제표,013,조회된 데이타가 없습니다.,0,data\raw\opendart_financial\bsns_year=2018\reprt_code=11012\fs_div=CFS\105560_00688996.json
KB금융,105560,00688996,KOSPI,금융,2018,반기보고서,11012,OFS,별도재무제표,013,조회된 데이타가 없습니다.,0,data\raw\opendart_financial\bsns_year=2018\reprt_code=11012\fs_div=OFS\105560_00688996.json
KB금융,105560,00688996,KOSPI,금융,2018,분기보고서_1분기,11013,CFS,연결재무제표,013,조회된 데이타가 없습니다.,0,data\raw\opendart_financial\bsns_year=2018\reprt_code=11013\fs_div=CFS\105560_00688996.json
KB금융,105560,00688996,KOSPI,금융,2018,분기보고서_1분기,11013,OFS,별도재무제표,013,조회된 데이타가 없습니다.,0,data\raw\opendart_financial\bsns_year=2018\reprt_code=11013\fs_div=OFS\105560_00688996.json
KB금융,105560,00688996,KOSPI,금융,2018,분기보고서_3분기,11014,CFS,연결재무제표,013,조회된 데이타가 없습니다.,0,data\raw\opendart_financial\bsns_year=2018\reprt_code=11014\fs_div=CFS\105560_00688996.json
KB금융,105560,00688996,KOSPI,금융,2018,분기보고서_3분기,11014,OFS,별도재무제표,013,조회된 데이타가 없습니다.,0,data\raw\opendart_financial\bsns_year=2018\reprt_code=11014\fs_div=OFS\105560_00688996.json
KB금융,105560,00688996,KOSPI,금융,2019,사업보고서,11011,CFS,연결재무제표,013,조회된 데이타가 없습니다.,0,data\raw\opendart_financial\bsns_year=2019\reprt_code=11011\fs_div=CFS\105560_00688996.json
KB금융,105560,00688996,KOSPI,금융,2019,사업보고서,11011,OFS,별도재무제표,013,조회된 데이타가 없습니다.,0,data\raw\opendart_financial\bsns_year=2019\reprt_code=11011\fs_div=OFS\105560_00688996.json
KB금융,105560,00688996,KOSPI,금융,2019,반기보고서,11012,CFS,연결재무제표,013,조회된 데이타가 없습니다.,0,data\raw\opendart_financial\bsns_year=2019\reprt_code=11012\fs_div=CFS\105560_00688996.json
KB금융,105560,00688996,KOSPI,금융,2019,반기보고서,11012,OFS,별도재무제표,013,조회된 데이타가 없습니다.,0,data\raw\opendart_financial\bsns_year=2019\reprt_code=11012\fs_div=OFS\105560_00688996.json
KB금융,105560,00688996,KOSPI,금융,2019,분기보고서_1분기,11013,CFS,연결재무제표,013,조회된 데이타가 없습니다.,0,data\raw\opendart_financial\bsns_year=2019\reprt_code=11013\fs_div=CFS\105560_00688996.json
KB금융,105560,00688996,KOSPI,금융,2019,분기보고서_1분기,11013,OFS,별도재무제표,013,조회된 데이타가 없습니다.,0,data\raw\opendart_financial\bsns_year=2019\reprt_code=11013\fs_div=OFS\105560_00688996.json
KB금융,105560,00688996,KOSPI,금융,2019,분기보고서_3분기,11014,CFS,연결재무제표,013,조회된 데이타가 없습니다.,0,data\raw\opendart_financial\bsns_year=2019\reprt_code=11014\fs_div=CFS\105560_00688996.json
KB금융,105560,00688996,KOSPI,금융,2019,분기보고서_3분기,11014,OFS,별도재무제표,013,조회된 데이타가 없습니다.,0,data\raw\opendart_financial\bsns_year=2019\reprt_code=11014\fs_div=OFS\105560_00688996.json
KB금융,105560,00688996,KOSPI,금융,2020,사업보고서,11011,CFS,연결재무제표,013,조회된 데이타가 없습니다.,0,data\raw\opendart_financial\bsns_year=2020\reprt_code=11011\fs_div=CFS\105560_00688996.json
KB금융,105560,00688996,KOSPI,금융,2020,사업보고서,11011,OFS,별도재무제표,013,조회된 데이타가 없습니다.,0,data\raw\opendart_financial\bsns_year=2020\reprt_code=11011\fs_div=OFS\105560_00688996.json
KB금융,105560,00688996,KOSPI,금융,2020,반기보고서,11012,CFS,연결재무제표,013,조회된 데이타가 없습니다.,0,data\raw\opendart_financial\bsns_year=2020\reprt_code=11012\fs_div=CFS\105560_00688996.json
KB금융,105560,00688996,KOSPI,금융,2020,반기보고서,11012,OFS,별도재무제표,013,조회된 데이타가 없습니다.,0,data\raw\opendart_financial\bsns_year=2020\reprt_code=11012\fs_div=OFS\105560_00688996.json
KB금융,105560,00688996,KOSPI,금융,2020,분기보고서_1분기,11013,CFS,연결재무제표,013,조회된 데이타가 없습니다.,0,data\raw\opendart_financial\bsns_year=2020\reprt_code=11013\fs_div=CFS\105560_00688996.json
KB금융,105560,00688996,KOSPI,금융,2020,분기보고서_1분기,11013,OFS,별도재무제표,013,조회된 데이타가 없습니다.,0,data\raw\opendart_financial\bsns_year=2020\reprt_code=11013\fs_div=OFS\105560_00688996.json
KB금융,105560,00688996,KOSPI,금융,2020,분기보고서_3분기,11014,CFS,연결재무제표,013,조회된 데이타가 없습니다.,0,data\raw\opendart_financial\bsns_year=2020\reprt_code=11014\fs_div=CFS\105560_00688996.json
KB금융,105560,00688996,KOSPI,금융,2020,분기보고서_3분기,11014,OFS,별도재무제표,013,조회된 데이타가 없습니다.,0,data\raw\opendart_financial\bsns_year=2020\reprt_code=11014\fs_div=OFS\105560_00688996.json
KB금융,105560,00688996,KOSPI,금융,2021,사업보고서,11011,CFS,연결재무제표,013,조회된 데이타가 없습니다.,0,data\raw\opendart_financial\bsns_year=2021\reprt_code=11011\fs_div=CFS\105560_00688996.json
KB금융,105560,00688996,KOSPI,금융,2021,사업보고서,11011,OFS,별도재무제표,013,조회된 데이타가 없습니다.,0,data\raw\opendart_financial\bsns_year=2021\reprt_code=11011\fs_div=OFS\105560_00688996.json
KB금융,105560,00688996,KOSPI,금융,2021,반기보고서,11012,CFS,연결재무제표,013,조회된 데이타가 없습니다.,0,data\raw\opendart_financial\bsns_year=2021\reprt_code=11012\fs_div=CFS\105560_00688996.json
KB금융,105560,00688996,KOSPI,금융,2021,반기보고서,11012,OFS,별도재무제표,013,조회된 데이타가 없습니다.,0,data\raw\opendart_financial\bsns_year=2021\reprt_code=11012\fs_div=OFS\105560_00688996.json
KB금융,105560,00688996,KOSPI,금융,2021,분기보고서_1분기,11013,CFS,연결재무제표,013,조회된 데이타가 없습니다.,0,data\raw\opendart_financial\bsns_year=2021\reprt_code=11013\fs_div=CFS\105560_00688996.json
KB금융,105560,00688996,KOSPI,금융,2021,분기보고서_1분기,11013,OFS,별도재무제표,013,조회된 데이타가 없습니다.,0,data\raw\opendart_financial\bsns_year=2021\reprt_code=11013\fs_div=OFS\105560_00688996.json
KB금융,105560,00688996,KOSPI,금융,2021,분기보고서_3분기,11014,CFS,연결재무제표,013,조회된 데이타가 없습니다.,0,data\raw\opendart_financial\bsns_year=2021\reprt_code=11014\fs_div=CFS\105560_00688996.json
KB금융,105560,00688996,KOSPI,금융,2021,분기보고서_3분기,11014,OFS,별도재무제표,013,조회된 데이타가 없습니다.,0,data\raw\opendart_financial\bsns_year=2021\reprt_code=11014\fs_div=OFS\105560_00688996.json
KB금융,105560,00688996,KOSPI,금융,2022,사업보고서,11011,CFS,연결재무제표,013,조회된 데이타가 없습니다.,0,data\raw\opendart_financial\bsns_year=2022\reprt_code=11011\fs_div=CFS\105560_00688996.json
KB금융,105560,00688996,KOSPI,금융,2022,사업보고서,11011,OFS,별도재무제표,013,조회된 데이타가 없습니다.,0,data\raw\opendart_financial\bsns_year=2022\reprt_code=11011\fs_div=OFS\105560_00688996.json
KB금융,105560,00688996,KOSPI,금융,2022,반기보고서,11012,CFS,연결재무제표,013,조회된 데이타가 없습니다.,0,data\raw\opendart_financial\bsns_year=2022\reprt_code=11012\fs_div=CFS\105560_00688996.json
KB금융,105560,00688996,KOSPI,금융,2022,반기보고서,11012,OFS,별도재무제표,013,조회된 데이타가 없습니다.,0,data\raw\opendart_financial\bsns_year=2022\reprt_code=11012\fs_div=OFS\105560_00688996.json
KB금융,105560,00688996,KOSPI,금융,2022,분기보고서_1분기,11013,CFS,연결재무제표,013,조회된 데이타가 없습니다.,0,data\raw\opendart_financial\bsns_year=2022\reprt_code=11013\fs_div=CFS\105560_00688996.json
KB금융,105560,00688996,KOSPI,금융,2022,분기보고서_1분기,11013,OFS,별도재무제표,013,조회된 데이타가 없습니다.,0,data\raw\opendart_financial\bsns_year=2022\reprt_code=11013\fs_div=OFS\105560_00688996.json
KB금융,105560,00688996,KOSPI,금융,2022,분기보고서_3분기,11014,CFS,연결재무제표,013,조회된 데이타가 없습니다.,0,data\raw\opendart_financial\bsns_year=2022\reprt_code=11014\fs_div=CFS\105560_00688996.json
KB금융,105560,00688996,KOSPI,금융,2022,분기보고서_3분기,11014,OFS,별도재무제표,013,조회된 데이타가 없습니다.,0,data\raw\opendart_financial\bsns_year=2022\reprt_code=11014\fs_div=OFS\105560_00688996.json
KB금융,105560,00688996,KOSPI,금융,2023,사업보고서,11011,CFS,연결재무제표,000,정상,425,data\raw\opendart_financial\bsns_year=2023\reprt_code=11011\fs_div=CFS\105560_00688996.json
KB금융,105560,00688996,KOSPI,금융,2023,사업보고서,11011,OFS,별도재무제표,000,정상,157,data\raw\opendart_financial\bsns_year=2023\reprt_code=11011\fs_div=OFS\105560_00688996.json
KB금융,105560,00688996,KOSPI,금융,2023,반기보고서,11012,CFS,연결재무제표,013,조회된 데이타가 없습니다.,0,data\raw\opendart_financial\bsns_year=2023\reprt_code=11012\fs_div=CFS\105560_00688996.json
KB금융,105560,00688996,KOSPI,금융,2023,반기보고서,11012,OFS,별도재무제표,013,조회된 데이타가 없습니다.,0,data\raw\opendart_financial\bsns_year=2023\reprt_code=11012\fs_div=OFS\105560_00688996.json
KB금융,105560,00688996,KOSPI,금융,2023,분기보고서_1분기,11013,CFS,연결재무제표,013,조회된 데이타가 없습니다.,0,data\raw\opendart_financial\bsns_year=2023\reprt_code=11013\fs_div=CFS\105560_00688996.json
KB금융,105560,00688996,KOSPI,금융,2023,분기보고서_1분기,11013,OFS,별도재무제표,013,조회된 데이타가 없습니다.,0,data\raw\opendart_financial\bsns_year=2023\reprt_code=11013\fs_div=OFS\105560_00688996.json
KB금융,105560,00688996,KOSPI,금융,2023,분기보고서_3분기,11014,CFS,연결재무제표,000,정상,369,data\raw\opendart_financial\bsns_year=2023\reprt_code=11014\fs_div=CFS\105560_00688996.json
KB금융,105560,00688996,KOSPI,금융,2023,분기보고서_3분기,11014,OFS,별도재무제표,000,정상,160,data\raw\opendart_financial\bsns_year=2023\reprt_code=11014\fs_div=OFS\105560_00688996.json
KB금융,105560,00688996,KOSPI,금융,2024,사업보고서,11011,CFS,연결재무제표,000,정상,390,data\raw\opendart_financial\bsns_year=2024\reprt_code=11011\fs_div=CFS\105560_00688996.json
KB금융,105560,00688996,KOSPI,금융,2024,사업보고서,11011,OFS,별도재무제표,000,정상,186,data\raw\opendart_financial\bsns_year=2024\reprt_code=11011\fs_div=OFS\105560_00688996.json
KB금융,105560,00688996,KOSPI,금융,2024,반기보고서,11012,CFS,연결재무제표,000,정상,364,data\raw\opendart_financial\bsns_year=2024\reprt_code=11012\fs_div=CFS\105560_00688996.json
KB금융,105560,00688996,KOSPI,금융,2024,반기보고서,11012,OFS,별도재무제표,000,정상,183,data\raw\opendart_financial\bsns_year=2024\reprt_code=11012\fs_div=OFS\105560_00688996.json
KB금융,105560,00688996,KOSPI,금융,2024,분기보고서_1분기,11013,CFS,연결재무제표,000,정상,337,data\raw\opendart_financial\bsns_year=2024\reprt_code=11013\fs_div=CFS\105560_00688996.json
KB금융,105560,00688996,KOSPI,금융,2024,분기보고서_1분기,11013,OFS,별도재무제표,000,정상,154,data\raw\opendart_financial\bsns_year=2024\reprt_code=11013\fs_div=OFS\105560_00688996.json
KB금융,105560,00688996,KOSPI,금융,2024,분기보고서_3분기,11014,CFS,연결재무제표,000,정상,364,data\raw\opendart_financial\bsns_year=2024\reprt_code=11014\fs_div=CFS\105560_00688996.json
KB금융,105560,00688996,KOSPI,금융,2024,분기보고서_3분기,11014,OFS,별도재무제표,000,정상,186,data\raw\opendart_financial\bsns_year=2024\reprt_code=11014\fs_div=OFS\105560_00688996.json
KB금융,105560,00688996,KOSPI,금융,2025,사업보고서,11011,CFS,연결재무제표,000,정상,349,data\raw\opendart_financial\bsns_year=2025\reprt_code=11011\fs_div=CFS\105560_00688996.json
KB금융,105560,00688996,KOSPI,금융,2025,사업보고서,11011,OFS,별도재무제표,000,정상,186,data\raw\opendart_financial\bsns_year=2025\reprt_code=11011\fs_div=OFS\105560_00688996.json
KB금융,105560,00688996,KOSPI,금융,2025,반기보고서,11012,CFS,연결재무제표,000,정상,346,data\raw\opendart_financial\bsns_year=2025\reprt_code=11012\fs_div=CFS\105560_00688996.json
KB금융,105560,00688996,KOSPI,금융,2025,반기보고서,11012,OFS,별도재무제표,000,정상,181,data\raw\opendart_financial\bsns_year=2025\reprt_code=11012\fs_div=OFS\105560_00688996.json
KB금융,105560,00688996,KOSPI,금융,2025,분기보고서_1분기,11013,CFS,연결재무제표,000,정상,325,data\raw\opendart_financial\bsns_year=2025\reprt_code=11013\fs_div=CFS\105560_00688996.json
KB금융,105560,00688996,KOSPI,금융,2025,분기보고서_1분기,11013,OFS,별도재무제표,000,정상,156,data\raw\opendart_financial\bsns_year=2025\reprt_code=11013\fs_div=OFS\105560_00688996.json
KB금융,105560,00688996,KOSPI,금융,2025,분기보고서_3분기,11014,CFS,연결재무제표,000,정상,346,data\raw\opendart_financial\bsns_year=2025\reprt_code=11014\fs_div=CFS\105560_00688996.json
KB금융,105560,00688996,KOSPI,금융,2025,분기보고서_3분기,11014,OFS,별도재무제표,000,정상,183,data\raw\opendart_financial\bsns_year=2025\reprt_code=11014\fs_div=OFS\105560_00688996.json
삼성생명,032830,00126256,KOSPI,금융,2017,사업보고서,11011,CFS,연결재무제표,013,조회된 데이타가 없습니다.,0,data\raw\opendart_financial\bsns_year=2017\reprt_code=11011\fs_div=CFS\032830_00126256.json
삼성생명,032830,00126256,KOSPI,금융,2017,사업보고서,11011,OFS,별도재무제표,013,조회된 데이타가 없습니다.,0,data\raw\opendart_financial\bsns_year=2017\reprt_code=11011\fs_div=OFS\032830_00126256.json
삼성생명,032830,00126256,KOSPI,금융,2017,반기보고서,11012,CFS,연결재무제표,013,조회된 데이타가 없습니다.,0,data\raw\opendart_financial\bsns_year=2017\reprt_code=11012\fs_div=CFS\032830_00126256.json
삼성생명,032830,00126256,KOSPI,금융,2017,반기보고서,11012,OFS,별도재무제표,013,조회된 데이타가 없습니다.,0,data\raw\opendart_financial\bsns_year=2017\reprt_code=11012\fs_div=OFS\032830_00126256.json
삼성생명,032830,00126256,KOSPI,금융,2017,분기보고서_1분기,11013,CFS,연결재무제표,013,조회된 데이타가 없습니다.,0,data\raw\opendart_financial\bsns_year=2017\reprt_code=11013\fs_div=CFS\032830_00126256.json
삼성생명,032830,00126256,KOSPI,금융,2017,분기보고서_1분기,11013,OFS,별도재무제표,013,조회된 데이타가 없습니다.,0,data\raw\opendart_financial\bsns_year=2017\reprt_code=11013\fs_div=OFS\032830_00126256.json
삼성생명,032830,00126256,KOSPI,금융,2017,분기보고서_3분기,11014,CFS,연결재무제표,013,조회된 데이타가 없습니다.,0,data\raw\opendart_financial\bsns_year=2017\reprt_code=11014\fs_div=CFS\032830_00126256.json
삼성생명,032830,00126256,KOSPI,금융,2017,분기보고서_3분기,11014,OFS,별도재무제표,013,조회된 데이타가 없습니다.,0,data\raw\opendart_financial\bsns_year=2017\reprt_code=11014\fs_div=OFS\032830_00126256.json
삼성생명,032830,00126256,KOSPI,금융,2018,사업보고서,11011,CFS,연결재무제표,013,조회된 데이타가 없습니다.,0,data\raw\opendart_financial\bsns_year=2018\reprt_code=11011\fs_div=CFS\032830_00126256.json
삼성생명,032830,00126256,KOSPI,금융,2018,사업보고서,11011,OFS,별도재무제표,013,조회된 데이타가 없습니다.,0,data\raw\opendart_financial\bsns_year=2018\reprt_code=11011\fs_div=OFS\032830_00126256.json
삼성생명,032830,00126256,KOSPI,금융,2018,반기보고서,11012,CFS,연결재무제표,013,조회된 데이타가 없습니다.,0,data\raw\opendart_financial\bsns_year=2018\reprt_code=11012\fs_div=CFS\032830_00126256.json
삼성생명,032830,00126256,KOSPI,금융,2018,반기보고서,11012,OFS,별도재무제표,013,조회된 데이타가 없습니다.,0,data\raw\opendart_financial\bsns_year=2018\reprt_code=11012\fs_div=OFS\032830_00126256.json
삼성생명,032830,00126256,KOSPI,금융,2018,분기보고서_1분기,11013,CFS,연결재무제표,013,조회된 데이타가 없습니다.,0,data\raw\opendart_financial\bsns_year=2018\reprt_code=11013\fs_div=CFS\032830_00126256.json
삼성생명,032830,00126256,KOSPI,금융,2018,분기보고서_1분기,11013,OFS,별도재무제표,013,조회된 데이타가 없습니다.,0,data\raw\opendart_financial\bsns_year=2018\reprt_code=11013\fs_div=OFS\032830_00126256.json
삼성생명,032830,00126256,KOSPI,금융,2018,분기보고서_3분기,11014,CFS,연결재무제표,013,조회된 데이타가 없습니다.,0,data\raw\opendart_financial\bsns_year=2018\reprt_code=11014\fs_div=CFS\032830_00126256.json
삼성생명,032830,00126256,KOSPI,금융,2018,분기보고서_3분기,11014,OFS,별도재무제표,013,조회된 데이타가 없습니다.,0,data\raw\opendart_financial\bsns_year=2018\reprt_code=11014\fs_div=OFS\032830_00126256.json
삼성생명,032830,00126256,KOSPI,금융,2019,사업보고서,11011,CFS,연결재무제표,013,조회된 데이타가 없습니다.,0,data\raw\opendart_financial\bsns_year=2019\reprt_code=11011\fs_div=CFS\032830_00126256.json
삼성생명,032830,00126256,KOSPI,금융,2019,사업보고서,11011,OFS,별도재무제표,013,조회된 데이타가 없습니다.,0,data\raw\opendart_financial\bsns_year=2019\reprt_code=11011\fs_div=OFS\032830_00126256.json
삼성생명,032830,00126256,KOSPI,금융,2019,반기보고서,11012,CFS,연결재무제표,013,조회된 데이타가 없습니다.,0,data\raw\opendart_financial\bsns_year=2019\reprt_code=11012\fs_div=CFS\032830_00126256.json
삼성생명,032830,00126256,KOSPI,금융,2019,반기보고서,11012,OFS,별도재무제표,013,조회된 데이타가 없습니다.,0,data\raw\opendart_financial\bsns_year=2019\reprt_code=11012\fs_div=OFS\032830_00126256.json
삼성생명,032830,00126256,KOSPI,금융,2019,분기보고서_1분기,11013,CFS,연결재무제표,013,조회된 데이타가 없습니다.,0,data\raw\opendart_financial\bsns_year=2019\reprt_code=11013\fs_div=CFS\032830_00126256.json
삼성생명,032830,00126256,KOSPI,금융,2019,분기보고서_1분기,11013,OFS,별도재무제표,013,조회된 데이타가 없습니다.,0,data\raw\opendart_financial\bsns_year=2019\reprt_code=11013\fs_div=OFS\032830_00126256.json
삼성생명,032830,00126256,KOSPI,금융,2019,분기보고서_3분기,11014,CFS,연결재무제표,013,조회된 데이타가 없습니다.,0,data\raw\opendart_financial\bsns_year=2019\reprt_code=11014\fs_div=CFS\032830_00126256.json
삼성생명,032830,00126256,KOSPI,금융,2019,분기보고서_3분기,11014,OFS,별도재무제표,013,조회된 데이타가 없습니다.,0,data\raw\opendart_financial\bsns_year=2019\reprt_code=11014\fs_div=OFS\032830_00126256.json
삼성생명,032830,00126256,KOSPI,금융,2020,사업보고서,11011,CFS,연결재무제표,013,조회된 데이타가 없습니다.,0,data\raw\opendart_financial\bsns_year=2020\reprt_code=11011\fs_div=CFS\032830_00126256.json
삼성생명,032830,00126256,KOSPI,금융,2020,사업보고서,11011,OFS,별도재무제표,013,조회된 데이타가 없습니다.,0,data\raw\opendart_financial\bsns_year=2020\reprt_code=11011\fs_div=OFS\032830_00126256.json
삼성생명,032830,00126256,KOSPI,금융,2020,반기보고서,11012,CFS,연결재무제표,013,조회된 데이타가 없습니다.,0,data\raw\opendart_financial\bsns_year=2020\reprt_code=11012\fs_div=CFS\032830_00126256.json
삼성생명,032830,00126256,KOSPI,금융,2020,반기보고서,11012,OFS,별도재무제표,013,조회된 데이타가 없습니다.,0,data\raw\opendart_financial\bsns_year=2020\reprt_code=11012\fs_div=OFS\032830_00126256.json
삼성생명,032830,00126256,KOSPI,금융,2020,분기보고서_1분기,11013,CFS,연결재무제표,013,조회된 데이타가 없습니다.,0,data\raw\opendart_financial\bsns_year=2020\reprt_code=11013\fs_div=CFS\032830_00126256.json
삼성생명,032830,00126256,KOSPI,금융,2020,분기보고서_1분기,11013,OFS,별도재무제표,013,조회된 데이타가 없습니다.,0,data\raw\opendart_financial\bsns_year=2020\reprt_code=11013\fs_div=OFS\032830_00126256.json
삼성생명,032830,00126256,KOSPI,금융,2020,분기보고서_3분기,11014,CFS,연결재무제표,013,조회된 데이타가 없습니다.,0,data\raw\opendart_financial\bsns_year=2020\reprt_code=11014\fs_div=CFS\032830_00126256.json
삼성생명,032830,00126256,KOSPI,금융,2020,분기보고서_3분기,11014,OFS,별도재무제표,013,조회된 데이타가 없습니다.,0,data\raw\opendart_financial\bsns_year=2020\reprt_code=11014\fs_div=OFS\032830_00126256.json
삼성생명,032830,00126256,KOSPI,금융,2021,사업보고서,11011,CFS,연결재무제표,013,조회된 데이타가 없습니다.,0,data\raw\opendart_financial\bsns_year=2021\reprt_code=11011\fs_div=CFS\032830_00126256.json
삼성생명,032830,00126256,KOSPI,금융,2021,사업보고서,11011,OFS,별도재무제표,013,조회된 데이타가 없습니다.,0,data\raw\opendart_financial\bsns_year=2021\reprt_code=11011\fs_div=OFS\032830_00126256.json
삼성생명,032830,00126256,KOSPI,금융,2021,반기보고서,11012,CFS,연결재무제표,013,조회된 데이타가 없습니다.,0,data\raw\opendart_financial\bsns_year=2021\reprt_code=11012\fs_div=CFS\032830_00126256.json
삼성생명,032830,00126256,KOSPI,금융,2021,반기보고서,11012,OFS,별도재무제표,013,조회된 데이타가 없습니다.,0,data\raw\opendart_financial\bsns_year=2021\reprt_code=11012\fs_div=OFS\032830_00126256.json
삼성생명,032830,00126256,KOSPI,금융,2021,분기보고서_1분기,11013,CFS,연결재무제표,013,조회된 데이타가 없습니다.,0,data\raw\opendart_financial\bsns_year=2021\reprt_code=11013\fs_div=CFS\032830_00126256.json
삼성생명,032830,00126256,KOSPI,금융,2021,분기보고서_1분기,11013,OFS,별도재무제표,013,조회된 데이타가 없습니다.,0,data\raw\opendart_financial\bsns_year=2021\reprt_code=11013\fs_div=OFS\032830_00126256.json
삼성생명,032830,00126256,KOSPI,금융,2021,분기보고서_3분기,11014,CFS,연결재무제표,013,조회된 데이타가 없습니다.,0,data\raw\opendart_financial\bsns_year=2021\reprt_code=11014\fs_div=CFS\032830_00126256.json
삼성생명,032830,00126256,KOSPI,금융,2021,분기보고서_3분기,11014,OFS,별도재무제표,013,조회된 데이타가 없습니다.,0,data\raw\opendart_financial\bsns_year=2021\reprt_code=11014\fs_div=OFS\032830_00126256.json
삼성생명,032830,00126256,KOSPI,금융,2022,사업보고서,11011,CFS,연결재무제표,013,조회된 데이타가 없습니다.,0,data\raw\opendart_financial\bsns_year=2022\reprt_code=11011\fs_div=CFS\032830_00126256.json
삼성생명,032830,00126256,KOSPI,금융,2022,사업보고서,11011,OFS,별도재무제표,013,조회된 데이타가 없습니다.,0,data\raw\opendart_financial\bsns_year=2022\reprt_code=11011\fs_div=OFS\032830_00126256.json
삼성생명,032830,00126256,KOSPI,금융,2022,반기보고서,11012,CFS,연결재무제표,013,조회된 데이타가 없습니다.,0,data\raw\opendart_financial\bsns_year=2022\reprt_code=11012\fs_div=CFS\032830_00126256.json
삼성생명,032830,00126256,KOSPI,금융,2022,반기보고서,11012,OFS,별도재무제표,013,조회된 데이타가 없습니다.,0,data\raw\opendart_financial\bsns_year=2022\reprt_code=11012\fs_div=OFS\032830_00126256.json
삼성생명,032830,00126256,KOSPI,금융,2022,분기보고서_1분기,11013,CFS,연결재무제표,013,조회된 데이타가 없습니다.,0,data\raw\opendart_financial\bsns_year=2022\reprt_code=11013\fs_div=CFS\032830_00126256.json
삼성생명,032830,00126256,KOSPI,금융,2022,분기보고서_1분기,11013,OFS,별도재무제표,013,조회된 데이타가 없습니다.,0,data\raw\opendart_financial\bsns_year=2022\reprt_code=11013\fs_div=OFS\032830_00126256.json
삼성생명,032830,00126256,KOSPI,금융,2022,분기보고서_3분기,11014,CFS,연결재무제표,013,조회된 데이타가 없습니다.,0,data\raw\opendart_financial\bsns_year=2022\reprt_code=11014\fs_div=CFS\032830_00126256.json
삼성생명,032830,00126256,KOSPI,금융,2022,분기보고서_3분기,11014,OFS,별도재무제표,013,조회된 데이타가 없습니다.,0,data\raw\opendart_financial\bsns_year=2022\reprt_code=11014\fs_div=OFS\032830_00126256.json
삼성생명,032830,00126256,KOSPI,금융,2023,사업보고서,11011,CFS,연결재무제표,000,정상,542,data\raw\opendart_financial\bsns_year=2023\reprt_code=11011\fs_div=CFS\032830_00126256.json
삼성생명,032830,00126256,KOSPI,금융,2023,사업보고서,11011,OFS,별도재무제표,000,정상,406,data\raw\opendart_financial\bsns_year=2023\reprt_code=11011\fs_div=OFS\032830_00126256.json
삼성생명,032830,00126256,KOSPI,금융,2023,반기보고서,11012,CFS,연결재무제표,013,조회된 데이타가 없습니다.,0,data\raw\opendart_financial\bsns_year=2023\reprt_code=11012\fs_div=CFS\032830_00126256.json
삼성생명,032830,00126256,KOSPI,금융,2023,반기보고서,11012,OFS,별도재무제표,013,조회된 데이타가 없습니다.,0,data\raw\opendart_financial\bsns_year=2023\reprt_code=11012\fs_div=OFS\032830_00126256.json
삼성생명,032830,00126256,KOSPI,금융,2023,분기보고서_1분기,11013,CFS,연결재무제표,013,조회된 데이타가 없습니다.,0,data\raw\opendart_financial\bsns_year=2023\reprt_code=11013\fs_div=CFS\032830_00126256.json
삼성생명,032830,00126256,KOSPI,금융,2023,분기보고서_1분기,11013,OFS,별도재무제표,013,조회된 데이타가 없습니다.,0,data\raw\opendart_financial\bsns_year=2023\reprt_code=11013\fs_div=OFS\032830_00126256.json
삼성생명,032830,00126256,KOSPI,금융,2023,분기보고서_3분기,11014,CFS,연결재무제표,000,정상,513,data\raw\opendart_financial\bsns_year=2023\reprt_code=11014\fs_div=CFS\032830_00126256.json
삼성생명,032830,00126256,KOSPI,금융,2023,분기보고서_3분기,11014,OFS,별도재무제표,000,정상,381,data\raw\opendart_financial\bsns_year=2023\reprt_code=11014\fs_div=OFS\032830_00126256.json
삼성생명,032830,00126256,KOSPI,금융,2024,사업보고서,11011,CFS,연결재무제표,000,정상,299,data\raw\opendart_financial\bsns_year=2024\reprt_code=11011\fs_div=CFS\032830_00126256.json
삼성생명,032830,00126256,KOSPI,금융,2024,사업보고서,11011,OFS,별도재무제표,000,정상,228,data\raw\opendart_financial\bsns_year=2024\reprt_code=11011\fs_div=OFS\032830_00126256.json
삼성생명,032830,00126256,KOSPI,금융,2024,반기보고서,11012,CFS,연결재무제표,000,정상,290,data\raw\opendart_financial\bsns_year=2024\reprt_code=11012\fs_div=CFS\032830_00126256.json
삼성생명,032830,00126256,KOSPI,금융,2024,반기보고서,11012,OFS,별도재무제표,000,정상,210,data\raw\opendart_financial\bsns_year=2024\reprt_code=11012\fs_div=OFS\032830_00126256.json
삼성생명,032830,00126256,KOSPI,금융,2024,분기보고서_1분기,11013,CFS,연결재무제표,000,정상,298,data\raw\opendart_financial\bsns_year=2024\reprt_code=11013\fs_div=CFS\032830_00126256.json
삼성생명,032830,00126256,KOSPI,금융,2024,분기보고서_1분기,11013,OFS,별도재무제표,000,정상,216,data\raw\opendart_financial\bsns_year=2024\reprt_code=11013\fs_div=OFS\032830_00126256.json
삼성생명,032830,00126256,KOSPI,금융,2024,분기보고서_3분기,11014,CFS,연결재무제표,000,정상,291,data\raw\opendart_financial\bsns_year=2024\reprt_code=11014\fs_div=CFS\032830_00126256.json
삼성생명,032830,00126256,KOSPI,금융,2024,분기보고서_3분기,11014,OFS,별도재무제표,000,정상,210,data\raw\opendart_financial\bsns_year=2024\reprt_code=11014\fs_div=OFS\032830_00126256.json
삼성생명,032830,00126256,KOSPI,금융,2025,사업보고서,11011,CFS,연결재무제표,000,정상,217,data\raw\opendart_financial\bsns_year=2025\reprt_code=11011\fs_div=CFS\032830_00126256.json
삼성생명,032830,00126256,KOSPI,금융,2025,사업보고서,11011,OFS,별도재무제표,000,정상,162,data\raw\opendart_financial\bsns_year=2025\reprt_code=11011\fs_div=OFS\032830_00126256.json
삼성생명,032830,00126256,KOSPI,금융,2025,반기보고서,11012,CFS,연결재무제표,000,정상,239,data\raw\opendart_financial\bsns_year=2025\reprt_code=11012\fs_div=CFS\032830_00126256.json
삼성생명,032830,00126256,KOSPI,금융,2025,반기보고서,11012,OFS,별도재무제표,000,정상,173,data\raw\opendart_financial\bsns_year=2025\reprt_code=11012\fs_div=OFS\032830_00126256.json
삼성생명,032830,00126256,KOSPI,금융,2025,분기보고서_1분기,11013,CFS,연결재무제표,000,정상,204,data\raw\opendart_financial\bsns_year=2025\reprt_code=11013\fs_div=CFS\032830_00126256.json
삼성생명,032830,00126256,KOSPI,금융,2025,분기보고서_1분기,11013,OFS,별도재무제표,000,정상,164,data\raw\opendart_financial\bsns_year=2025\reprt_code=11013\fs_div=OFS\032830_00126256.json
삼성생명,032830,00126256,KOSPI,금융,2025,분기보고서_3분기,11014,CFS,연결재무제표,000,정상,199,data\raw\opendart_financial\bsns_year=2025\reprt_code=11014\fs_div=CFS\032830_00126256.json
삼성생명,032830,00126256,KOSPI,금융,2025,분기보고서_3분기,11014,OFS,별도재무제표,000,정상,146,data\raw\opendart_financial\bsns_year=2025\reprt_code=11014\fs_div=OFS\032830_00126256.json
메리츠금융지주,138040,00860332,KOSPI,금융,2017,사업보고서,11011,CFS,연결재무제표,013,조회된 데이타가 없습니다.,0,data\raw\opendart_financial\bsns_year=2017\reprt_code=11011\fs_div=CFS\138040_00860332.json
메리츠금융지주,138040,00860332,KOSPI,금융,2017,사업보고서,11011,OFS,별도재무제표,013,조회된 데이타가 없습니다.,0,data\raw\opendart_financial\bsns_year=2017\reprt_code=11011\fs_div=OFS\138040_00860332.json
메리츠금융지주,138040,00860332,KOSPI,금융,2017,반기보고서,11012,CFS,연결재무제표,013,조회된 데이타가 없습니다.,0,data\raw\opendart_financial\bsns_year=2017\reprt_code=11012\fs_div=CFS\138040_00860332.json
메리츠금융지주,138040,00860332,KOSPI,금융,2017,반기보고서,11012,OFS,별도재무제표,013,조회된 데이타가 없습니다.,0,data\raw\opendart_financial\bsns_year=2017\reprt_code=11012\fs_div=OFS\138040_00860332.json
메리츠금융지주,138040,00860332,KOSPI,금융,2017,분기보고서_1분기,11013,CFS,연결재무제표,013,조회된 데이타가 없습니다.,0,data\raw\opendart_financial\bsns_year=2017\reprt_code=11013\fs_div=CFS\138040_00860332.json
메리츠금융지주,138040,00860332,KOSPI,금융,2017,분기보고서_1분기,11013,OFS,별도재무제표,013,조회된 데이타가 없습니다.,0,data\raw\opendart_financial\bsns_year=2017\reprt_code=11013\fs_div=OFS\138040_00860332.json
메리츠금융지주,138040,00860332,KOSPI,금융,2017,분기보고서_3분기,11014,CFS,연결재무제표,013,조회된 데이타가 없습니다.,0,data\raw\opendart_financial\bsns_year=2017\reprt_code=11014\fs_div=CFS\138040_00860332.json
메리츠금융지주,138040,00860332,KOSPI,금융,2017,분기보고서_3분기,11014,OFS,별도재무제표,013,조회된 데이타가 없습니다.,0,data\raw\opendart_financial\bsns_year=2017\reprt_code=11014\fs_div=OFS\138040_00860332.json
메리츠금융지주,138040,00860332,KOSPI,금융,2018,사업보고서,11011,CFS,연결재무제표,013,조회된 데이타가 없습니다.,0,data\raw\opendart_financial\bsns_year=2018\reprt_code=11011\fs_div=CFS\138040_00860332.json
메리츠금융지주,138040,00860332,KOSPI,금융,2018,사업보고서,11011,OFS,별도재무제표,013,조회된 데이타가 없습니다.,0,data\raw\opendart_financial\bsns_year=2018\reprt_code=11011\fs_div=OFS\138040_00860332.json
메리츠금융지주,138040,00860332,KOSPI,금융,2018,반기보고서,11012,CFS,연결재무제표,013,조회된 데이타가 없습니다.,0,data\raw\opendart_financial\bsns_year=2018\reprt_code=11012\fs_div=CFS\138040_00860332.json
메리츠금융지주,138040,00860332,KOSPI,금융,2018,반기보고서,11012,OFS,별도재무제표,013,조회된 데이타가 없습니다.,0,data\raw\opendart_financial\bsns_year=2018\reprt_code=11012\fs_div=OFS\138040_00860332.json
메리츠금융지주,138040,00860332,KOSPI,금융,2018,분기보고서_1분기,11013,CFS,연결재무제표,013,조회된 데이타가 없습니다.,0,data\raw\opendart_financial\bsns_year=2018\reprt_code=11013\fs_div=CFS\138040_00860332.json
메리츠금융지주,138040,00860332,KOSPI,금융,2018,분기보고서_1분기,11013,OFS,별도재무제표,013,조회된 데이타가 없습니다.,0,data\raw\opendart_financial\bsns_year=2018\reprt_code=11013\fs_div=OFS\138040_00860332.json
메리츠금융지주,138040,00860332,KOSPI,금융,2018,분기보고서_3분기,11014,CFS,연결재무제표,013,조회된 데이타가 없습니다.,0,data\raw\opendart_financial\bsns_year=2018\reprt_code=11014\fs_div=CFS\138040_00860332.json
메리츠금융지주,138040,00860332,KOSPI,금융,2018,분기보고서_3분기,11014,OFS,별도재무제표,013,조회된 데이타가 없습니다.,0,data\raw\opendart_financial\bsns_year=2018\reprt_code=11014\fs_div=OFS\138040_00860332.json
메리츠금융지주,138040,00860332,KOSPI,금융,2019,사업보고서,11011,CFS,연결재무제표,013,조회된 데이타가 없습니다.,0,data\raw\opendart_financial\bsns_year=2019\reprt_code=11011\fs_div=CFS\138040_00860332.json
메리츠금융지주,138040,00860332,KOSPI,금융,2019,사업보고서,11011,OFS,별도재무제표,013,조회된 데이타가 없습니다.,0,data\raw\opendart_financial\bsns_year=2019\reprt_code=11011\fs_div=OFS\138040_00860332.json
메리츠금융지주,138040,00860332,KOSPI,금융,2019,반기보고서,11012,CFS,연결재무제표,013,조회된 데이타가 없습니다.,0,data\raw\opendart_financial\bsns_year=2019\reprt_code=11012\fs_div=CFS\138040_00860332.json
메리츠금융지주,138040,00860332,KOSPI,금융,2019,반기보고서,11012,OFS,별도재무제표,013,조회된 데이타가 없습니다.,0,data\raw\opendart_financial\bsns_year=2019\reprt_code=11012\fs_div=OFS\138040_00860332.json
메리츠금융지주,138040,00860332,KOSPI,금융,2019,분기보고서_1분기,11013,CFS,연결재무제표,013,조회된 데이타가 없습니다.,0,data\raw\opendart_financial\bsns_year=2019\reprt_code=11013\fs_div=CFS\138040_00860332.json
메리츠금융지주,138040,00860332,KOSPI,금융,2019,분기보고서_1분기,11013,OFS,별도재무제표,013,조회된 데이타가 없습니다.,0,data\raw\opendart_financial\bsns_year=2019\reprt_code=11013\fs_div=OFS\138040_00860332.json
메리츠금융지주,138040,00860332,KOSPI,금융,2019,분기보고서_3분기,11014,CFS,연결재무제표,013,조회된 데이타가 없습니다.,0,data\raw\opendart_financial\bsns_year=2019\reprt_code=11014\fs_div=CFS\138040_00860332.json
메리츠금융지주,138040,00860332,KOSPI,금융,2019,분기보고서_3분기,11014,OFS,별도재무제표,013,조회된 데이타가 없습니다.,0,data\raw\opendart_financial\bsns_year=2019\reprt_code=11014\fs_div=OFS\138040_00860332.json
메리츠금융지주,138040,00860332,KOSPI,금융,2020,사업보고서,11011,CFS,연결재무제표,013,조회된 데이타가 없습니다.,0,data\raw\opendart_financial\bsns_year=2020\reprt_code=11011\fs_div=CFS\138040_00860332.json
메리츠금융지주,138040,00860332,KOSPI,금융,2020,사업보고서,11011,OFS,별도재무제표,013,조회된 데이타가 없습니다.,0,data\raw\opendart_financial\bsns_year=2020\reprt_code=11011\fs_div=OFS\138040_00860332.json
메리츠금융지주,138040,00860332,KOSPI,금융,2020,반기보고서,11012,CFS,연결재무제표,013,조회된 데이타가 없습니다.,0,data\raw\opendart_financial\bsns_year=2020\reprt_code=11012\fs_div=CFS\138040_00860332.json
메리츠금융지주,138040,00860332,KOSPI,금융,2020,반기보고서,11012,OFS,별도재무제표,013,조회된 데이타가 없습니다.,0,data\raw\opendart_financial\bsns_year=2020\reprt_code=11012\fs_div=OFS\138040_00860332.json
메리츠금융지주,138040,00860332,KOSPI,금융,2020,분기보고서_1분기,11013,CFS,연결재무제표,013,조회된 데이타가 없습니다.,0,data\raw\opendart_financial\bsns_year=2020\reprt_code=11013\fs_div=CFS\138040_00860332.json
메리츠금융지주,138040,00860332,KOSPI,금융,2020,분기보고서_1분기,11013,OFS,별도재무제표,013,조회된 데이타가 없습니다.,0,data\raw\opendart_financial\bsns_year=2020\reprt_code=11013\fs_div=OFS\138040_00860332.json
메리츠금융지주,138040,00860332,KOSPI,금융,2020,분기보고서_3분기,11014,CFS,연결재무제표,013,조회된 데이타가 없습니다.,0,data\raw\opendart_financial\bsns_year=2020\reprt_code=11014\fs_div=CFS\138040_00860332.json
메리츠금융지주,138040,00860332,KOSPI,금융,2020,분기보고서_3분기,11014,OFS,별도재무제표,013,조회된 데이타가 없습니다.,0,data\raw\opendart_financial\bsns_year=2020\reprt_code=11014\fs_div=OFS\138040_00860332.json
메리츠금융지주,138040,00860332,KOSPI,금융,2021,사업보고서,11011,CFS,연결재무제표,013,조회된 데이타가 없습니다.,0,data\raw\opendart_financial\bsns_year=2021\reprt_code=11011\fs_div=CFS\138040_00860332.json
메리츠금융지주,138040,00860332,KOSPI,금융,2021,사업보고서,11011,OFS,별도재무제표,013,조회된 데이타가 없습니다.,0,data\raw\opendart_financial\bsns_year=2021\reprt_code=11011\fs_div=OFS\138040_00860332.json
메리츠금융지주,138040,00860332,KOSPI,금융,2021,반기보고서,11012,CFS,연결재무제표,013,조회된 데이타가 없습니다.,0,data\raw\opendart_financial\bsns_year=2021\reprt_code=11012\fs_div=CFS\138040_00860332.json
메리츠금융지주,138040,00860332,KOSPI,금융,2021,반기보고서,11012,OFS,별도재무제표,013,조회된 데이타가 없습니다.,0,data\raw\opendart_financial\bsns_year=2021\reprt_code=11012\fs_div=OFS\138040_00860332.json
메리츠금융지주,138040,00860332,KOSPI,금융,2021,분기보고서_1분기,11013,CFS,연결재무제표,013,조회된 데이타가 없습니다.,0,data\raw\opendart_financial\bsns_year=2021\reprt_code=11013\fs_div=CFS\138040_00860332.json
메리츠금융지주,138040,00860332,KOSPI,금융,2021,분기보고서_1분기,11013,OFS,별도재무제표,013,조회된 데이타가 없습니다.,0,data\raw\opendart_financial\bsns_year=2021\reprt_code=11013\fs_div=OFS\138040_00860332.json
메리츠금융지주,138040,00860332,KOSPI,금융,2021,분기보고서_3분기,11014,CFS,연결재무제표,013,조회된 데이타가 없습니다.,0,data\raw\opendart_financial\bsns_year=2021\reprt_code=11014\fs_div=CFS\138040_00860332.json
메리츠금융지주,138040,00860332,KOSPI,금융,2021,분기보고서_3분기,11014,OFS,별도재무제표,013,조회된 데이타가 없습니다.,0,data\raw\opendart_financial\bsns_year=2021\reprt_code=11014\fs_div=OFS\138040_00860332.json
메리츠금융지주,138040,00860332,KOSPI,금융,2022,사업보고서,11011,CFS,연결재무제표,013,조회된 데이타가 없습니다.,0,data\raw\opendart_financial\bsns_year=2022\reprt_code=11011\fs_div=CFS\138040_00860332.json
메리츠금융지주,138040,00860332,KOSPI,금융,2022,사업보고서,11011,OFS,별도재무제표,013,조회된 데이타가 없습니다.,0,data\raw\opendart_financial\bsns_year=2022\reprt_code=11011\fs_div=OFS\138040_00860332.json
메리츠금융지주,138040,00860332,KOSPI,금융,2022,반기보고서,11012,CFS,연결재무제표,013,조회된 데이타가 없습니다.,0,data\raw\opendart_financial\bsns_year=2022\reprt_code=11012\fs_div=CFS\138040_00860332.json
메리츠금융지주,138040,00860332,KOSPI,금융,2022,반기보고서,11012,OFS,별도재무제표,013,조회된 데이타가 없습니다.,0,data\raw\opendart_financial\bsns_year=2022\reprt_code=11012\fs_div=OFS\138040_00860332.json
메리츠금융지주,138040,00860332,KOSPI,금융,2022,분기보고서_1분기,11013,CFS,연결재무제표,013,조회된 데이타가 없습니다.,0,data\raw\opendart_financial\bsns_year=2022\reprt_code=11013\fs_div=CFS\138040_00860332.json
메리츠금융지주,138040,00860332,KOSPI,금융,2022,분기보고서_1분기,11013,OFS,별도재무제표,013,조회된 데이타가 없습니다.,0,data\raw\opendart_financial\bsns_year=2022\reprt_code=11013\fs_div=OFS\138040_00860332.json
메리츠금융지주,138040,00860332,KOSPI,금융,2022,분기보고서_3분기,11014,CFS,연결재무제표,013,조회된 데이타가 없습니다.,0,data\raw\opendart_financial\bsns_year=2022\reprt_code=11014\fs_div=CFS\138040_00860332.json
메리츠금융지주,138040,00860332,KOSPI,금융,2022,분기보고서_3분기,11014,OFS,별도재무제표,013,조회된 데이타가 없습니다.,0,data\raw\opendart_financial\bsns_year=2022\reprt_code=11014\fs_div=OFS\138040_00860332.json
메리츠금융지주,138040,00860332,KOSPI,금융,2023,사업보고서,11011,CFS,연결재무제표,000,정상,525,data\raw\opendart_financial\bsns_year=2023\reprt_code=11011\fs_div=CFS\138040_00860332.json
메리츠금융지주,138040,00860332,KOSPI,금융,2023,사업보고서,11011,OFS,별도재무제표,000,정상,261,data\raw\opendart_financial\bsns_year=2023\reprt_code=11011\fs_div=OFS\138040_00860332.json
메리츠금융지주,138040,00860332,KOSPI,금융,2023,반기보고서,11012,CFS,연결재무제표,013,조회된 데이타가 없습니다.,0,data\raw\opendart_financial\bsns_year=2023\reprt_code=11012\fs_div=CFS\138040_00860332.json
메리츠금융지주,138040,00860332,KOSPI,금융,2023,반기보고서,11012,OFS,별도재무제표,013,조회된 데이타가 없습니다.,0,data\raw\opendart_financial\bsns_year=2023\reprt_code=11012\fs_div=OFS\138040_00860332.json
메리츠금융지주,138040,00860332,KOSPI,금융,2023,분기보고서_1분기,11013,CFS,연결재무제표,013,조회된 데이타가 없습니다.,0,data\raw\opendart_financial\bsns_year=2023\reprt_code=11013\fs_div=CFS\138040_00860332.json
메리츠금융지주,138040,00860332,KOSPI,금융,2023,분기보고서_1분기,11013,OFS,별도재무제표,013,조회된 데이타가 없습니다.,0,data\raw\opendart_financial\bsns_year=2023\reprt_code=11013\fs_div=OFS\138040_00860332.json
메리츠금융지주,138040,00860332,KOSPI,금융,2023,분기보고서_3분기,11014,CFS,연결재무제표,000,정상,471,data\raw\opendart_financial\bsns_year=2023\reprt_code=11014\fs_div=CFS\138040_00860332.json
메리츠금융지주,138040,00860332,KOSPI,금융,2023,분기보고서_3분기,11014,OFS,별도재무제표,000,정상,233,data\raw\opendart_financial\bsns_year=2023\reprt_code=11014\fs_div=OFS\138040_00860332.json
메리츠금융지주,138040,00860332,KOSPI,금융,2024,사업보고서,11011,CFS,연결재무제표,000,정상,472,data\raw\opendart_financial\bsns_year=2024\reprt_code=11011\fs_div=CFS\138040_00860332.json
메리츠금융지주,138040,00860332,KOSPI,금융,2024,사업보고서,11011,OFS,별도재무제표,000,정상,231,data\raw\opendart_financial\bsns_year=2024\reprt_code=11011\fs_div=OFS\138040_00860332.json
메리츠금융지주,138040,00860332,KOSPI,금융,2024,반기보고서,11012,CFS,연결재무제표,000,정상,450,data\raw\opendart_financial\bsns_year=2024\reprt_code=11012\fs_div=CFS\138040_00860332.json
메리츠금융지주,138040,00860332,KOSPI,금융,2024,반기보고서,11012,OFS,별도재무제표,000,정상,207,data\raw\opendart_financial\bsns_year=2024\reprt_code=11012\fs_div=OFS\138040_00860332.json
메리츠금융지주,138040,00860332,KOSPI,금융,2024,분기보고서_1분기,11013,CFS,연결재무제표,000,정상,434,data\raw\opendart_financial\bsns_year=2024\reprt_code=11013\fs_div=CFS\138040_00860332.json
메리츠금융지주,138040,00860332,KOSPI,금융,2024,분기보고서_1분기,11013,OFS,별도재무제표,000,정상,212,data\raw\opendart_financial\bsns_year=2024\reprt_code=11013\fs_div=OFS\138040_00860332.json
메리츠금융지주,138040,00860332,KOSPI,금융,2024,분기보고서_3분기,11014,CFS,연결재무제표,000,정상,452,data\raw\opendart_financial\bsns_year=2024\reprt_code=11014\fs_div=CFS\138040_00860332.json
메리츠금융지주,138040,00860332,KOSPI,금융,2024,분기보고서_3분기,11014,OFS,별도재무제표,000,정상,209,data\raw\opendart_financial\bsns_year=2024\reprt_code=11014\fs_div=OFS\138040_00860332.json
메리츠금융지주,138040,00860332,KOSPI,금융,2025,사업보고서,11011,CFS,연결재무제표,000,정상,493,data\raw\opendart_financial\bsns_year=2025\reprt_code=11011\fs_div=CFS\138040_00860332.json
메리츠금융지주,138040,00860332,KOSPI,금융,2025,사업보고서,11011,OFS,별도재무제표,000,정상,241,data\raw\opendart_financial\bsns_year=2025\reprt_code=11011\fs_div=OFS\138040_00860332.json
메리츠금융지주,138040,00860332,KOSPI,금융,2025,반기보고서,11012,CFS,연결재무제표,000,정상,469,data\raw\opendart_financial\bsns_year=2025\reprt_code=11012\fs_div=CFS\138040_00860332.json
메리츠금융지주,138040,00860332,KOSPI,금융,2025,반기보고서,11012,OFS,별도재무제표,000,정상,230,data\raw\opendart_financial\bsns_year=2025\reprt_code=11012\fs_div=OFS\138040_00860332.json
메리츠금융지주,138040,00860332,KOSPI,금융,2025,분기보고서_1분기,11013,CFS,연결재무제표,000,정상,448,data\raw\opendart_financial\bsns_year=2025\reprt_code=11013\fs_div=CFS\138040_00860332.json
메리츠금융지주,138040,00860332,KOSPI,금융,2025,분기보고서_1분기,11013,OFS,별도재무제표,000,정상,217,data\raw\opendart_financial\bsns_year=2025\reprt_code=11013\fs_div=OFS\138040_00860332.json
메리츠금융지주,138040,00860332,KOSPI,금융,2025,분기보고서_3분기,11014,CFS,연결재무제표,000,정상,480,data\raw\opendart_financial\bsns_year=2025\reprt_code=11014\fs_div=CFS\138040_00860332.json
메리츠금융지주,138040,00860332,KOSPI,금융,2025,분기보고서_3분기,11014,OFS,별도재무제표,000,정상,230,data\raw\opendart_financial\bsns_year=2025\reprt_code=11014\fs_div=OFS\138040_00860332.json
한국금융지주,071050,00432102,KOSPI,금융,2017,사업보고서,11011,CFS,연결재무제표,013,조회된 데이타가 없습니다.,0,data\raw\opendart_financial\bsns_year=2017\reprt_code=11011\fs_div=CFS\071050_00432102.json
한국금융지주,071050,00432102,KOSPI,금융,2017,사업보고서,11011,OFS,별도재무제표,013,조회된 데이타가 없습니다.,0,data\raw\opendart_financial\bsns_year=2017\reprt_code=11011\fs_div=OFS\071050_00432102.json
한국금융지주,071050,00432102,KOSPI,금융,2017,반기보고서,11012,CFS,연결재무제표,013,조회된 데이타가 없습니다.,0,data\raw\opendart_financial\bsns_year=2017\reprt_code=11012\fs_div=CFS\071050_00432102.json
한국금융지주,071050,00432102,KOSPI,금융,2017,반기보고서,11012,OFS,별도재무제표,013,조회된 데이타가 없습니다.,0,data\raw\opendart_financial\bsns_year=2017\reprt_code=11012\fs_div=OFS\071050_00432102.json
한국금융지주,071050,00432102,KOSPI,금융,2017,분기보고서_1분기,11013,CFS,연결재무제표,013,조회된 데이타가 없습니다.,0,data\raw\opendart_financial\bsns_year=2017\reprt_code=11013\fs_div=CFS\071050_00432102.json
한국금융지주,071050,00432102,KOSPI,금융,2017,분기보고서_1분기,11013,OFS,별도재무제표,013,조회된 데이타가 없습니다.,0,data\raw\opendart_financial\bsns_year=2017\reprt_code=11013\fs_div=OFS\071050_00432102.json
한국금융지주,071050,00432102,KOSPI,금융,2017,분기보고서_3분기,11014,CFS,연결재무제표,013,조회된 데이타가 없습니다.,0,data\raw\opendart_financial\bsns_year=2017\reprt_code=11014\fs_div=CFS\071050_00432102.json
한국금융지주,071050,00432102,KOSPI,금융,2017,분기보고서_3분기,11014,OFS,별도재무제표,013,조회된 데이타가 없습니다.,0,data\raw\opendart_financial\bsns_year=2017\reprt_code=11014\fs_div=OFS\071050_00432102.json
한국금융지주,071050,00432102,KOSPI,금융,2018,사업보고서,11011,CFS,연결재무제표,013,조회된 데이타가 없습니다.,0,data\raw\opendart_financial\bsns_year=2018\reprt_code=11011\fs_div=CFS\071050_00432102.json
한국금융지주,071050,00432102,KOSPI,금융,2018,사업보고서,11011,OFS,별도재무제표,013,조회된 데이타가 없습니다.,0,data\raw\opendart_financial\bsns_year=2018\reprt_code=11011\fs_div=OFS\071050_00432102.json
한국금융지주,071050,00432102,KOSPI,금융,2018,반기보고서,11012,CFS,연결재무제표,013,조회된 데이타가 없습니다.,0,data\raw\opendart_financial\bsns_year=2018\reprt_code=11012\fs_div=CFS\071050_00432102.json
한국금융지주,071050,00432102,KOSPI,금융,2018,반기보고서,11012,OFS,별도재무제표,013,조회된 데이타가 없습니다.,0,data\raw\opendart_financial\bsns_year=2018\reprt_code=11012\fs_div=OFS\071050_00432102.json
한국금융지주,071050,00432102,KOSPI,금융,2018,분기보고서_1분기,11013,CFS,연결재무제표,013,조회된 데이타가 없습니다.,0,data\raw\opendart_financial\bsns_year=2018\reprt_code=11013\fs_div=CFS\071050_00432102.json
한국금융지주,071050,00432102,KOSPI,금융,2018,분기보고서_1분기,11013,OFS,별도재무제표,013,조회된 데이타가 없습니다.,0,data\raw\opendart_financial\bsns_year=2018\reprt_code=11013\fs_div=OFS\071050_00432102.json
한국금융지주,071050,00432102,KOSPI,금융,2018,분기보고서_3분기,11014,CFS,연결재무제표,013,조회된 데이타가 없습니다.,0,data\raw\opendart_financial\bsns_year=2018\reprt_code=11014\fs_div=CFS\071050_00432102.json
한국금융지주,071050,00432102,KOSPI,금융,2018,분기보고서_3분기,11014,OFS,별도재무제표,013,조회된 데이타가 없습니다.,0,data\raw\opendart_financial\bsns_year=2018\reprt_code=11014\fs_div=OFS\071050_00432102.json
한국금융지주,071050,00432102,KOSPI,금융,2019,사업보고서,11011,CFS,연결재무제표,013,조회된 데이타가 없습니다.,0,data\raw\opendart_financial\bsns_year=2019\reprt_code=11011\fs_div=CFS\071050_00432102.json
한국금융지주,071050,00432102,KOSPI,금융,2019,사업보고서,11011,OFS,별도재무제표,013,조회된 데이타가 없습니다.,0,data\raw\opendart_financial\bsns_year=2019\reprt_code=11011\fs_div=OFS\071050_00432102.json
한국금융지주,071050,00432102,KOSPI,금융,2019,반기보고서,11012,CFS,연결재무제표,013,조회된 데이타가 없습니다.,0,data\raw\opendart_financial\bsns_year=2019\reprt_code=11012\fs_div=CFS\071050_00432102.json
한국금융지주,071050,00432102,KOSPI,금융,2019,반기보고서,11012,OFS,별도재무제표,013,조회된 데이타가 없습니다.,0,data\raw\opendart_financial\bsns_year=2019\reprt_code=11012\fs_div=OFS\071050_00432102.json
한국금융지주,071050,00432102,KOSPI,금융,2019,분기보고서_1분기,11013,CFS,연결재무제표,013,조회된 데이타가 없습니다.,0,data\raw\opendart_financial\bsns_year=2019\reprt_code=11013\fs_div=CFS\071050_00432102.json
한국금융지주,071050,00432102,KOSPI,금융,2019,분기보고서_1분기,11013,OFS,별도재무제표,013,조회된 데이타가 없습니다.,0,data\raw\opendart_financial\bsns_year=2019\reprt_code=11013\fs_div=OFS\071050_00432102.json
한국금융지주,071050,00432102,KOSPI,금융,2019,분기보고서_3분기,11014,CFS,연결재무제표,013,조회된 데이타가 없습니다.,0,data\raw\opendart_financial\bsns_year=2019\reprt_code=11014\fs_div=CFS\071050_00432102.json
한국금융지주,071050,00432102,KOSPI,금융,2019,분기보고서_3분기,11014,OFS,별도재무제표,013,조회된 데이타가 없습니다.,0,data\raw\opendart_financial\bsns_year=2019\reprt_code=11014\fs_div=OFS\071050_00432102.json
한국금융지주,071050,00432102,KOSPI,금융,2020,사업보고서,11011,CFS,연결재무제표,013,조회된 데이타가 없습니다.,0,data\raw\opendart_financial\bsns_year=2020\reprt_code=11011\fs_div=CFS\071050_00432102.json
한국금융지주,071050,00432102,KOSPI,금융,2020,사업보고서,11011,OFS,별도재무제표,013,조회된 데이타가 없습니다.,0,data\raw\opendart_financial\bsns_year=2020\reprt_code=11011\fs_div=OFS\071050_00432102.json
한국금융지주,071050,00432102,KOSPI,금융,2020,반기보고서,11012,CFS,연결재무제표,013,조회된 데이타가 없습니다.,0,data\raw\opendart_financial\bsns_year=2020\reprt_code=11012\fs_div=CFS\071050_00432102.json
한국금융지주,071050,00432102,KOSPI,금융,2020,반기보고서,11012,OFS,별도재무제표,013,조회된 데이타가 없습니다.,0,data\raw\opendart_financial\bsns_year=2020\reprt_code=11012\fs_div=OFS\071050_00432102.json
한국금융지주,071050,00432102,KOSPI,금융,2020,분기보고서_1분기,11013,CFS,연결재무제표,013,조회된 데이타가 없습니다.,0,data\raw\opendart_financial\bsns_year=2020\reprt_code=11013\fs_div=CFS\071050_00432102.json
한국금융지주,071050,00432102,KOSPI,금융,2020,분기보고서_1분기,11013,OFS,별도재무제표,013,조회된 데이타가 없습니다.,0,data\raw\opendart_financial\bsns_year=2020\reprt_code=11013\fs_div=OFS\071050_00432102.json
한국금융지주,071050,00432102,KOSPI,금융,2020,분기보고서_3분기,11014,CFS,연결재무제표,013,조회된 데이타가 없습니다.,0,data\raw\opendart_financial\bsns_year=2020\reprt_code=11014\fs_div=CFS\071050_00432102.json
한국금융지주,071050,00432102,KOSPI,금융,2020,분기보고서_3분기,11014,OFS,별도재무제표,013,조회된 데이타가 없습니다.,0,data\raw\opendart_financial\bsns_year=2020\reprt_code=11014\fs_div=OFS\071050_00432102.json
한국금융지주,071050,00432102,KOSPI,금융,2021,사업보고서,11011,CFS,연결재무제표,013,조회된 데이타가 없습니다.,0,data\raw\opendart_financial\bsns_year=2021\reprt_code=11011\fs_div=CFS\071050_00432102.json
한국금융지주,071050,00432102,KOSPI,금융,2021,사업보고서,11011,OFS,별도재무제표,013,조회된 데이타가 없습니다.,0,data\raw\opendart_financial\bsns_year=2021\reprt_code=11011\fs_div=OFS\071050_00432102.json
한국금융지주,071050,00432102,KOSPI,금융,2021,반기보고서,11012,CFS,연결재무제표,013,조회된 데이타가 없습니다.,0,data\raw\opendart_financial\bsns_year=2021\reprt_code=11012\fs_div=CFS\071050_00432102.json
한국금융지주,071050,00432102,KOSPI,금융,2021,반기보고서,11012,OFS,별도재무제표,013,조회된 데이타가 없습니다.,0,data\raw\opendart_financial\bsns_year=2021\reprt_code=11012\fs_div=OFS\071050_00432102.json
한국금융지주,071050,00432102,KOSPI,금융,2021,분기보고서_1분기,11013,CFS,연결재무제표,013,조회된 데이타가 없습니다.,0,data\raw\opendart_financial\bsns_year=2021\reprt_code=11013\fs_div=CFS\071050_00432102.json
한국금융지주,071050,00432102,KOSPI,금융,2021,분기보고서_1분기,11013,OFS,별도재무제표,013,조회된 데이타가 없습니다.,0,data\raw\opendart_financial\bsns_year=2021\reprt_code=11013\fs_div=OFS\071050_00432102.json
한국금융지주,071050,00432102,KOSPI,금융,2021,분기보고서_3분기,11014,CFS,연결재무제표,013,조회된 데이타가 없습니다.,0,data\raw\opendart_financial\bsns_year=2021\reprt_code=11014\fs_div=CFS\071050_00432102.json
한국금융지주,071050,00432102,KOSPI,금융,2021,분기보고서_3분기,11014,OFS,별도재무제표,013,조회된 데이타가 없습니다.,0,data\raw\opendart_financial\bsns_year=2021\reprt_code=11014\fs_div=OFS\071050_00432102.json
한국금융지주,071050,00432102,KOSPI,금융,2022,사업보고서,11011,CFS,연결재무제표,013,조회된 데이타가 없습니다.,0,data\raw\opendart_financial\bsns_year=2022\reprt_code=11011\fs_div=CFS\071050_00432102.json
한국금융지주,071050,00432102,KOSPI,금융,2022,사업보고서,11011,OFS,별도재무제표,013,조회된 데이타가 없습니다.,0,data\raw\opendart_financial\bsns_year=2022\reprt_code=11011\fs_div=OFS\071050_00432102.json
한국금융지주,071050,00432102,KOSPI,금융,2022,반기보고서,11012,CFS,연결재무제표,013,조회된 데이타가 없습니다.,0,data\raw\opendart_financial\bsns_year=2022\reprt_code=11012\fs_div=CFS\071050_00432102.json
한국금융지주,071050,00432102,KOSPI,금융,2022,반기보고서,11012,OFS,별도재무제표,013,조회된 데이타가 없습니다.,0,data\raw\opendart_financial\bsns_year=2022\reprt_code=11012\fs_div=OFS\071050_00432102.json
한국금융지주,071050,00432102,KOSPI,금융,2022,분기보고서_1분기,11013,CFS,연결재무제표,013,조회된 데이타가 없습니다.,0,data\raw\opendart_financial\bsns_year=2022\reprt_code=11013\fs_div=CFS\071050_00432102.json
한국금융지주,071050,00432102,KOSPI,금융,2022,분기보고서_1분기,11013,OFS,별도재무제표,013,조회된 데이타가 없습니다.,0,data\raw\opendart_financial\bsns_year=2022\reprt_code=11013\fs_div=OFS\071050_00432102.json
한국금융지주,071050,00432102,KOSPI,금융,2022,분기보고서_3분기,11014,CFS,연결재무제표,013,조회된 데이타가 없습니다.,0,data\raw\opendart_financial\bsns_year=2022\reprt_code=11014\fs_div=CFS\071050_00432102.json
한국금융지주,071050,00432102,KOSPI,금융,2022,분기보고서_3분기,11014,OFS,별도재무제표,013,조회된 데이타가 없습니다.,0,data\raw\opendart_financial\bsns_year=2022\reprt_code=11014\fs_div=OFS\071050_00432102.json
한국금융지주,071050,00432102,KOSPI,금융,2023,사업보고서,11011,CFS,연결재무제표,000,정상,159,data\raw\opendart_financial\bsns_year=2023\reprt_code=11011\fs_div=CFS\071050_00432102.json
한국금융지주,071050,00432102,KOSPI,금융,2023,사업보고서,11011,OFS,별도재무제표,000,정상,111,data\raw\opendart_financial\bsns_year=2023\reprt_code=11011\fs_div=OFS\071050_00432102.json
한국금융지주,071050,00432102,KOSPI,금융,2023,반기보고서,11012,CFS,연결재무제표,013,조회된 데이타가 없습니다.,0,data\raw\opendart_financial\bsns_year=2023\reprt_code=11012\fs_div=CFS\071050_00432102.json
한국금융지주,071050,00432102,KOSPI,금융,2023,반기보고서,11012,OFS,별도재무제표,013,조회된 데이타가 없습니다.,0,data\raw\opendart_financial\bsns_year=2023\reprt_code=11012\fs_div=OFS\071050_00432102.json
한국금융지주,071050,00432102,KOSPI,금융,2023,분기보고서_1분기,11013,CFS,연결재무제표,013,조회된 데이타가 없습니다.,0,data\raw\opendart_financial\bsns_year=2023\reprt_code=11013\fs_div=CFS\071050_00432102.json
한국금융지주,071050,00432102,KOSPI,금융,2023,분기보고서_1분기,11013,OFS,별도재무제표,013,조회된 데이타가 없습니다.,0,data\raw\opendart_financial\bsns_year=2023\reprt_code=11013\fs_div=OFS\071050_00432102.json
한국금융지주,071050,00432102,KOSPI,금융,2023,분기보고서_3분기,11014,CFS,연결재무제표,000,정상,152,data\raw\opendart_financial\bsns_year=2023\reprt_code=11014\fs_div=CFS\071050_00432102.json
한국금융지주,071050,00432102,KOSPI,금융,2023,분기보고서_3분기,11014,OFS,별도재무제표,000,정상,107,data\raw\opendart_financial\bsns_year=2023\reprt_code=11014\fs_div=OFS\071050_00432102.json
한국금융지주,071050,00432102,KOSPI,금융,2024,사업보고서,11011,CFS,연결재무제표,000,정상,159,data\raw\opendart_financial\bsns_year=2024\reprt_code=11011\fs_div=CFS\071050_00432102.json
한국금융지주,071050,00432102,KOSPI,금융,2024,사업보고서,11011,OFS,별도재무제표,000,정상,109,data\raw\opendart_financial\bsns_year=2024\reprt_code=11011\fs_div=OFS\071050_00432102.json
한국금융지주,071050,00432102,KOSPI,금융,2024,반기보고서,11012,CFS,연결재무제표,000,정상,155,data\raw\opendart_financial\bsns_year=2024\reprt_code=11012\fs_div=CFS\071050_00432102.json
한국금융지주,071050,00432102,KOSPI,금융,2024,반기보고서,11012,OFS,별도재무제표,000,정상,105,data\raw\opendart_financial\bsns_year=2024\reprt_code=11012\fs_div=OFS\071050_00432102.json
한국금융지주,071050,00432102,KOSPI,금융,2024,분기보고서_1분기,11013,CFS,연결재무제표,000,정상,154,data\raw\opendart_financial\bsns_year=2024\reprt_code=11013\fs_div=CFS\071050_00432102.json
한국금융지주,071050,00432102,KOSPI,금융,2024,분기보고서_1분기,11013,OFS,별도재무제표,000,정상,102,data\raw\opendart_financial\bsns_year=2024\reprt_code=11013\fs_div=OFS\071050_00432102.json
한국금융지주,071050,00432102,KOSPI,금융,2024,분기보고서_3분기,11014,CFS,연결재무제표,000,정상,155,data\raw\opendart_financial\bsns_year=2024\reprt_code=11014\fs_div=CFS\071050_00432102.json
한국금융지주,071050,00432102,KOSPI,금융,2024,분기보고서_3분기,11014,OFS,별도재무제표,000,정상,105,data\raw\opendart_financial\bsns_year=2024\reprt_code=11014\fs_div=OFS\071050_00432102.json
한국금융지주,071050,00432102,KOSPI,금융,2025,사업보고서,11011,CFS,연결재무제표,000,정상,185,data\raw\opendart_financial\bsns_year=2025\reprt_code=11011\fs_div=CFS\071050_00432102.json
한국금융지주,071050,00432102,KOSPI,금융,2025,사업보고서,11011,OFS,별도재무제표,000,정상,134,data\raw\opendart_financial\bsns_year=2025\reprt_code=11011\fs_div=OFS\071050_00432102.json
한국금융지주,071050,00432102,KOSPI,금융,2025,반기보고서,11012,CFS,연결재무제표,000,정상,172,data\raw\opendart_financial\bsns_year=2025\reprt_code=11012\fs_div=CFS\071050_00432102.json
한국금융지주,071050,00432102,KOSPI,금융,2025,반기보고서,11012,OFS,별도재무제표,000,정상,112,data\raw\opendart_financial\bsns_year=2025\reprt_code=11012\fs_div=OFS\071050_00432102.json
한국금융지주,071050,00432102,KOSPI,금융,2025,분기보고서_1분기,11013,CFS,연결재무제표,000,정상,162,data\raw\opendart_financial\bsns_year=2025\reprt_code=11013\fs_div=CFS\071050_00432102.json
한국금융지주,071050,00432102,KOSPI,금융,2025,분기보고서_1분기,11013,OFS,별도재무제표,000,정상,107,data\raw\opendart_financial\bsns_year=2025\reprt_code=11013\fs_div=OFS\071050_00432102.json
한국금융지주,071050,00432102,KOSPI,금융,2025,분기보고서_3분기,11014,CFS,연결재무제표,000,정상,191,data\raw\opendart_financial\bsns_year=2025\reprt_code=11014\fs_div=CFS\071050_00432102.json
한국금융지주,071050,00432102,KOSPI,금융,2025,분기보고서_3분기,11014,OFS,별도재무제표,000,정상,125,data\raw\opendart_financial\bsns_year=2025\reprt_code=11014\fs_div=OFS\071050_00432102.json
삼성증권,016360,00104856,KOSPI,금융,2017,사업보고서,11011,CFS,연결재무제표,013,조회된 데이타가 없습니다.,0,data\raw\opendart_financial\bsns_year=2017\reprt_code=11011\fs_div=CFS\016360_00104856.json
삼성증권,016360,00104856,KOSPI,금융,2017,사업보고서,11011,OFS,별도재무제표,013,조회된 데이타가 없습니다.,0,data\raw\opendart_financial\bsns_year=2017\reprt_code=11011\fs_div=OFS\016360_00104856.json
삼성증권,016360,00104856,KOSPI,금융,2017,반기보고서,11012,CFS,연결재무제표,013,조회된 데이타가 없습니다.,0,data\raw\opendart_financial\bsns_year=2017\reprt_code=11012\fs_div=CFS\016360_00104856.json
삼성증권,016360,00104856,KOSPI,금융,2017,반기보고서,11012,OFS,별도재무제표,013,조회된 데이타가 없습니다.,0,data\raw\opendart_financial\bsns_year=2017\reprt_code=11012\fs_div=OFS\016360_00104856.json
삼성증권,016360,00104856,KOSPI,금융,2017,분기보고서_1분기,11013,CFS,연결재무제표,013,조회된 데이타가 없습니다.,0,data\raw\opendart_financial\bsns_year=2017\reprt_code=11013\fs_div=CFS\016360_00104856.json
삼성증권,016360,00104856,KOSPI,금융,2017,분기보고서_1분기,11013,OFS,별도재무제표,013,조회된 데이타가 없습니다.,0,data\raw\opendart_financial\bsns_year=2017\reprt_code=11013\fs_div=OFS\016360_00104856.json
삼성증권,016360,00104856,KOSPI,금융,2017,분기보고서_3분기,11014,CFS,연결재무제표,013,조회된 데이타가 없습니다.,0,data\raw\opendart_financial\bsns_year=2017\reprt_code=11014\fs_div=CFS\016360_00104856.json
삼성증권,016360,00104856,KOSPI,금융,2017,분기보고서_3분기,11014,OFS,별도재무제표,013,조회된 데이타가 없습니다.,0,data\raw\opendart_financial\bsns_year=2017\reprt_code=11014\fs_div=OFS\016360_00104856.json
삼성증권,016360,00104856,KOSPI,금융,2018,사업보고서,11011,CFS,연결재무제표,013,조회된 데이타가 없습니다.,0,data\raw\opendart_financial\bsns_year=2018\reprt_code=11011\fs_div=CFS\016360_00104856.json
삼성증권,016360,00104856,KOSPI,금융,2018,사업보고서,11011,OFS,별도재무제표,013,조회된 데이타가 없습니다.,0,data\raw\opendart_financial\bsns_year=2018\reprt_code=11011\fs_div=OFS\016360_00104856.json
삼성증권,016360,00104856,KOSPI,금융,2018,반기보고서,11012,CFS,연결재무제표,013,조회된 데이타가 없습니다.,0,data\raw\opendart_financial\bsns_year=2018\reprt_code=11012\fs_div=CFS\016360_00104856.json
삼성증권,016360,00104856,KOSPI,금융,2018,반기보고서,11012,OFS,별도재무제표,013,조회된 데이타가 없습니다.,0,data\raw\opendart_financial\bsns_year=2018\reprt_code=11012\fs_div=OFS\016360_00104856.json
삼성증권,016360,00104856,KOSPI,금융,2018,분기보고서_1분기,11013,CFS,연결재무제표,013,조회된 데이타가 없습니다.,0,data\raw\opendart_financial\bsns_year=2018\reprt_code=11013\fs_div=CFS\016360_00104856.json
삼성증권,016360,00104856,KOSPI,금융,2018,분기보고서_1분기,11013,OFS,별도재무제표,013,조회된 데이타가 없습니다.,0,data\raw\opendart_financial\bsns_year=2018\reprt_code=11013\fs_div=OFS\016360_00104856.json
삼성증권,016360,00104856,KOSPI,금융,2018,분기보고서_3분기,11014,CFS,연결재무제표,013,조회된 데이타가 없습니다.,0,data\raw\opendart_financial\bsns_year=2018\reprt_code=11014\fs_div=CFS\016360_00104856.json
삼성증권,016360,00104856,KOSPI,금융,2018,분기보고서_3분기,11014,OFS,별도재무제표,013,조회된 데이타가 없습니다.,0,data\raw\opendart_financial\bsns_year=2018\reprt_code=11014\fs_div=OFS\016360_00104856.json
삼성증권,016360,00104856,KOSPI,금융,2019,사업보고서,11011,CFS,연결재무제표,013,조회된 데이타가 없습니다.,0,data\raw\opendart_financial\bsns_year=2019\reprt_code=11011\fs_div=CFS\016360_00104856.json
삼성증권,016360,00104856,KOSPI,금융,2019,사업보고서,11011,OFS,별도재무제표,013,조회된 데이타가 없습니다.,0,data\raw\opendart_financial\bsns_year=2019\reprt_code=11011\fs_div=OFS\016360_00104856.json
삼성증권,016360,00104856,KOSPI,금융,2019,반기보고서,11012,CFS,연결재무제표,013,조회된 데이타가 없습니다.,0,data\raw\opendart_financial\bsns_year=2019\reprt_code=11012\fs_div=CFS\016360_00104856.json
삼성증권,016360,00104856,KOSPI,금융,2019,반기보고서,11012,OFS,별도재무제표,013,조회된 데이타가 없습니다.,0,data\raw\opendart_financial\bsns_year=2019\reprt_code=11012\fs_div=OFS\016360_00104856.json
삼성증권,016360,00104856,KOSPI,금융,2019,분기보고서_1분기,11013,CFS,연결재무제표,013,조회된 데이타가 없습니다.,0,data\raw\opendart_financial\bsns_year=2019\reprt_code=11013\fs_div=CFS\016360_00104856.json
삼성증권,016360,00104856,KOSPI,금융,2019,분기보고서_1분기,11013,OFS,별도재무제표,013,조회된 데이타가 없습니다.,0,data\raw\opendart_financial\bsns_year=2019\reprt_code=11013\fs_div=OFS\016360_00104856.json
삼성증권,016360,00104856,KOSPI,금융,2019,분기보고서_3분기,11014,CFS,연결재무제표,013,조회된 데이타가 없습니다.,0,data\raw\opendart_financial\bsns_year=2019\reprt_code=11014\fs_div=CFS\016360_00104856.json
삼성증권,016360,00104856,KOSPI,금융,2019,분기보고서_3분기,11014,OFS,별도재무제표,013,조회된 데이타가 없습니다.,0,data\raw\opendart_financial\bsns_year=2019\reprt_code=11014\fs_div=OFS\016360_00104856.json
삼성증권,016360,00104856,KOSPI,금융,2020,사업보고서,11011,CFS,연결재무제표,013,조회된 데이타가 없습니다.,0,data\raw\opendart_financial\bsns_year=2020\reprt_code=11011\fs_div=CFS\016360_00104856.json
삼성증권,016360,00104856,KOSPI,금융,2020,사업보고서,11011,OFS,별도재무제표,013,조회된 데이타가 없습니다.,0,data\raw\opendart_financial\bsns_year=2020\reprt_code=11011\fs_div=OFS\016360_00104856.json
삼성증권,016360,00104856,KOSPI,금융,2020,반기보고서,11012,CFS,연결재무제표,013,조회된 데이타가 없습니다.,0,data\raw\opendart_financial\bsns_year=2020\reprt_code=11012\fs_div=CFS\016360_00104856.json
삼성증권,016360,00104856,KOSPI,금융,2020,반기보고서,11012,OFS,별도재무제표,013,조회된 데이타가 없습니다.,0,data\raw\opendart_financial\bsns_year=2020\reprt_code=11012\fs_div=OFS\016360_00104856.json
삼성증권,016360,00104856,KOSPI,금융,2020,분기보고서_1분기,11013,CFS,연결재무제표,013,조회된 데이타가 없습니다.,0,data\raw\opendart_financial\bsns_year=2020\reprt_code=11013\fs_div=CFS\016360_00104856.json
삼성증권,016360,00104856,KOSPI,금융,2020,분기보고서_1분기,11013,OFS,별도재무제표,013,조회된 데이타가 없습니다.,0,data\raw\opendart_financial\bsns_year=2020\reprt_code=11013\fs_div=OFS\016360_00104856.json
삼성증권,016360,00104856,KOSPI,금융,2020,분기보고서_3분기,11014,CFS,연결재무제표,013,조회된 데이타가 없습니다.,0,data\raw\opendart_financial\bsns_year=2020\reprt_code=11014\fs_div=CFS\016360_00104856.json
삼성증권,016360,00104856,KOSPI,금융,2020,분기보고서_3분기,11014,OFS,별도재무제표,013,조회된 데이타가 없습니다.,0,data\raw\opendart_financial\bsns_year=2020\reprt_code=11014\fs_div=OFS\016360_00104856.json
삼성증권,016360,00104856,KOSPI,금융,2021,사업보고서,11011,CFS,연결재무제표,013,조회된 데이타가 없습니다.,0,data\raw\opendart_financial\bsns_year=2021\reprt_code=11011\fs_div=CFS\016360_00104856.json
삼성증권,016360,00104856,KOSPI,금융,2021,사업보고서,11011,OFS,별도재무제표,013,조회된 데이타가 없습니다.,0,data\raw\opendart_financial\bsns_year=2021\reprt_code=11011\fs_div=OFS\016360_00104856.json
삼성증권,016360,00104856,KOSPI,금융,2021,반기보고서,11012,CFS,연결재무제표,013,조회된 데이타가 없습니다.,0,data\raw\opendart_financial\bsns_year=2021\reprt_code=11012\fs_div=CFS\016360_00104856.json
삼성증권,016360,00104856,KOSPI,금융,2021,반기보고서,11012,OFS,별도재무제표,013,조회된 데이타가 없습니다.,0,data\raw\opendart_financial\bsns_year=2021\reprt_code=11012\fs_div=OFS\016360_00104856.json
삼성증권,016360,00104856,KOSPI,금융,2021,분기보고서_1분기,11013,CFS,연결재무제표,013,조회된 데이타가 없습니다.,0,data\raw\opendart_financial\bsns_year=2021\reprt_code=11013\fs_div=CFS\016360_00104856.json
삼성증권,016360,00104856,KOSPI,금융,2021,분기보고서_1분기,11013,OFS,별도재무제표,013,조회된 데이타가 없습니다.,0,data\raw\opendart_financial\bsns_year=2021\reprt_code=11013\fs_div=OFS\016360_00104856.json
삼성증권,016360,00104856,KOSPI,금융,2021,분기보고서_3분기,11014,CFS,연결재무제표,013,조회된 데이타가 없습니다.,0,data\raw\opendart_financial\bsns_year=2021\reprt_code=11014\fs_div=CFS\016360_00104856.json
삼성증권,016360,00104856,KOSPI,금융,2021,분기보고서_3분기,11014,OFS,별도재무제표,013,조회된 데이타가 없습니다.,0,data\raw\opendart_financial\bsns_year=2021\reprt_code=11014\fs_div=OFS\016360_00104856.json
삼성증권,016360,00104856,KOSPI,금융,2022,사업보고서,11011,CFS,연결재무제표,013,조회된 데이타가 없습니다.,0,data\raw\opendart_financial\bsns_year=2022\reprt_code=11011\fs_div=CFS\016360_00104856.json
삼성증권,016360,00104856,KOSPI,금융,2022,사업보고서,11011,OFS,별도재무제표,013,조회된 데이타가 없습니다.,0,data\raw\opendart_financial\bsns_year=2022\reprt_code=11011\fs_div=OFS\016360_00104856.json
삼성증권,016360,00104856,KOSPI,금융,2022,반기보고서,11012,CFS,연결재무제표,013,조회된 데이타가 없습니다.,0,data\raw\opendart_financial\bsns_year=2022\reprt_code=11012\fs_div=CFS\016360_00104856.json
삼성증권,016360,00104856,KOSPI,금융,2022,반기보고서,11012,OFS,별도재무제표,013,조회된 데이타가 없습니다.,0,data\raw\opendart_financial\bsns_year=2022\reprt_code=11012\fs_div=OFS\016360_00104856.json
삼성증권,016360,00104856,KOSPI,금융,2022,분기보고서_1분기,11013,CFS,연결재무제표,013,조회된 데이타가 없습니다.,0,data\raw\opendart_financial\bsns_year=2022\reprt_code=11013\fs_div=CFS\016360_00104856.json
삼성증권,016360,00104856,KOSPI,금융,2022,분기보고서_1분기,11013,OFS,별도재무제표,013,조회된 데이타가 없습니다.,0,data\raw\opendart_financial\bsns_year=2022\reprt_code=11013\fs_div=OFS\016360_00104856.json
삼성증권,016360,00104856,KOSPI,금융,2022,분기보고서_3분기,11014,CFS,연결재무제표,013,조회된 데이타가 없습니다.,0,data\raw\opendart_financial\bsns_year=2022\reprt_code=11014\fs_div=CFS\016360_00104856.json
삼성증권,016360,00104856,KOSPI,금융,2022,분기보고서_3분기,11014,OFS,별도재무제표,013,조회된 데이타가 없습니다.,0,data\raw\opendart_financial\bsns_year=2022\reprt_code=11014\fs_div=OFS\016360_00104856.json
삼성증권,016360,00104856,KOSPI,금융,2023,사업보고서,11011,CFS,연결재무제표,000,정상,191,data\raw\opendart_financial\bsns_year=2023\reprt_code=11011\fs_div=CFS\016360_00104856.json
삼성증권,016360,00104856,KOSPI,금융,2023,사업보고서,11011,OFS,별도재무제표,000,정상,150,data\raw\opendart_financial\bsns_year=2023\reprt_code=11011\fs_div=OFS\016360_00104856.json
삼성증권,016360,00104856,KOSPI,금융,2023,반기보고서,11012,CFS,연결재무제표,013,조회된 데이타가 없습니다.,0,data\raw\opendart_financial\bsns_year=2023\reprt_code=11012\fs_div=CFS\016360_00104856.json
삼성증권,016360,00104856,KOSPI,금융,2023,반기보고서,11012,OFS,별도재무제표,013,조회된 데이타가 없습니다.,0,data\raw\opendart_financial\bsns_year=2023\reprt_code=11012\fs_div=OFS\016360_00104856.json
삼성증권,016360,00104856,KOSPI,금융,2023,분기보고서_1분기,11013,CFS,연결재무제표,013,조회된 데이타가 없습니다.,0,data\raw\opendart_financial\bsns_year=2023\reprt_code=11013\fs_div=CFS\016360_00104856.json
삼성증권,016360,00104856,KOSPI,금융,2023,분기보고서_1분기,11013,OFS,별도재무제표,013,조회된 데이타가 없습니다.,0,data\raw\opendart_financial\bsns_year=2023\reprt_code=11013\fs_div=OFS\016360_00104856.json
삼성증권,016360,00104856,KOSPI,금융,2023,분기보고서_3분기,11014,CFS,연결재무제표,000,정상,146,data\raw\opendart_financial\bsns_year=2023\reprt_code=11014\fs_div=CFS\016360_00104856.json
삼성증권,016360,00104856,KOSPI,금융,2023,분기보고서_3분기,11014,OFS,별도재무제표,000,정상,126,data\raw\opendart_financial\bsns_year=2023\reprt_code=11014\fs_div=OFS\016360_00104856.json
삼성증권,016360,00104856,KOSPI,금융,2024,사업보고서,11011,CFS,연결재무제표,000,정상,192,data\raw\opendart_financial\bsns_year=2024\reprt_code=11011\fs_div=CFS\016360_00104856.json
삼성증권,016360,00104856,KOSPI,금융,2024,사업보고서,11011,OFS,별도재무제표,000,정상,151,data\raw\opendart_financial\bsns_year=2024\reprt_code=11011\fs_div=OFS\016360_00104856.json
삼성증권,016360,00104856,KOSPI,금융,2024,반기보고서,11012,CFS,연결재무제표,000,정상,192,data\raw\opendart_financial\bsns_year=2024\reprt_code=11012\fs_div=CFS\016360_00104856.json
삼성증권,016360,00104856,KOSPI,금융,2024,반기보고서,11012,OFS,별도재무제표,000,정상,149,data\raw\opendart_financial\bsns_year=2024\reprt_code=11012\fs_div=OFS\016360_00104856.json
삼성증권,016360,00104856,KOSPI,금융,2024,분기보고서_1분기,11013,CFS,연결재무제표,000,정상,190,data\raw\opendart_financial\bsns_year=2024\reprt_code=11013\fs_div=CFS\016360_00104856.json
삼성증권,016360,00104856,KOSPI,금융,2024,분기보고서_1분기,11013,OFS,별도재무제표,000,정상,147,data\raw\opendart_financial\bsns_year=2024\reprt_code=11013\fs_div=OFS\016360_00104856.json
삼성증권,016360,00104856,KOSPI,금융,2024,분기보고서_3분기,11014,CFS,연결재무제표,000,정상,192,data\raw\opendart_financial\bsns_year=2024\reprt_code=11014\fs_div=CFS\016360_00104856.json
삼성증권,016360,00104856,KOSPI,금융,2024,분기보고서_3분기,11014,OFS,별도재무제표,000,정상,149,data\raw\opendart_financial\bsns_year=2024\reprt_code=11014\fs_div=OFS\016360_00104856.json
삼성증권,016360,00104856,KOSPI,금융,2025,사업보고서,11011,CFS,연결재무제표,000,정상,193,data\raw\opendart_financial\bsns_year=2025\reprt_code=11011\fs_div=CFS\016360_00104856.json
삼성증권,016360,00104856,KOSPI,금융,2025,사업보고서,11011,OFS,별도재무제표,000,정상,151,data\raw\opendart_financial\bsns_year=2025\reprt_code=11011\fs_div=OFS\016360_00104856.json
삼성증권,016360,00104856,KOSPI,금융,2025,반기보고서,11012,CFS,연결재무제표,000,정상,193,data\raw\opendart_financial\bsns_year=2025\reprt_code=11012\fs_div=CFS\016360_00104856.json
삼성증권,016360,00104856,KOSPI,금융,2025,반기보고서,11012,OFS,별도재무제표,000,정상,151,data\raw\opendart_financial\bsns_year=2025\reprt_code=11012\fs_div=OFS\016360_00104856.json
삼성증권,016360,00104856,KOSPI,금융,2025,분기보고서_1분기,11013,CFS,연결재무제표,000,정상,190,data\raw\opendart_financial\bsns_year=2025\reprt_code=11013\fs_div=CFS\016360_00104856.json
삼성증권,016360,00104856,KOSPI,금융,2025,분기보고서_1분기,11013,OFS,별도재무제표,000,정상,148,data\raw\opendart_financial\bsns_year=2025\reprt_code=11013\fs_div=OFS\016360_00104856.json
삼성증권,016360,00104856,KOSPI,금융,2025,분기보고서_3분기,11014,CFS,연결재무제표,000,정상,191,data\raw\opendart_financial\bsns_year=2025\reprt_code=11014\fs_div=CFS\016360_00104856.json
삼성증권,016360,00104856,KOSPI,금융,2025,분기보고서_3분기,11014,OFS,별도재무제표,000,정상,151,data\raw\opendart_financial\bsns_year=2025\reprt_code=11014\fs_div=OFS\016360_00104856.json
현대차,005380,00164742,KOSPI,운송장비부품,2017,사업보고서,11011,CFS,연결재무제표,000,정상,212,data\raw\opendart_financial\bsns_year=2017\reprt_code=11011\fs_div=CFS\005380_00164742.json
현대차,005380,00164742,KOSPI,운송장비부품,2017,사업보고서,11011,OFS,별도재무제표,000,정상,128,data\raw\opendart_financial\bsns_year=2017\reprt_code=11011\fs_div=OFS\005380_00164742.json
현대차,005380,00164742,KOSPI,운송장비부품,2017,반기보고서,11012,CFS,연결재무제표,000,정상,197,data\raw\opendart_financial\bsns_year=2017\reprt_code=11012\fs_div=CFS\005380_00164742.json
현대차,005380,00164742,KOSPI,운송장비부품,2017,반기보고서,11012,OFS,별도재무제표,000,정상,122,data\raw\opendart_financial\bsns_year=2017\reprt_code=11012\fs_div=OFS\005380_00164742.json
현대차,005380,00164742,KOSPI,운송장비부품,2017,분기보고서_1분기,11013,CFS,연결재무제표,000,정상,212,data\raw\opendart_financial\bsns_year=2017\reprt_code=11013\fs_div=CFS\005380_00164742.json
현대차,005380,00164742,KOSPI,운송장비부품,2017,분기보고서_1분기,11013,OFS,별도재무제표,000,정상,129,data\raw\opendart_financial\bsns_year=2017\reprt_code=11013\fs_div=OFS\005380_00164742.json
현대차,005380,00164742,KOSPI,운송장비부품,2017,분기보고서_3분기,11014,CFS,연결재무제표,000,정상,203,data\raw\opendart_financial\bsns_year=2017\reprt_code=11014\fs_div=CFS\005380_00164742.json
현대차,005380,00164742,KOSPI,운송장비부품,2017,분기보고서_3분기,11014,OFS,별도재무제표,000,정상,124,data\raw\opendart_financial\bsns_year=2017\reprt_code=11014\fs_div=OFS\005380_00164742.json
현대차,005380,00164742,KOSPI,운송장비부품,2018,사업보고서,11011,CFS,연결재무제표,000,정상,240,data\raw\opendart_financial\bsns_year=2018\reprt_code=11011\fs_div=CFS\005380_00164742.json
현대차,005380,00164742,KOSPI,운송장비부품,2018,사업보고서,11011,OFS,별도재무제표,000,정상,145,data\raw\opendart_financial\bsns_year=2018\reprt_code=11011\fs_div=OFS\005380_00164742.json
현대차,005380,00164742,KOSPI,운송장비부품,2018,반기보고서,11012,CFS,연결재무제표,000,정상,213,data\raw\opendart_financial\bsns_year=2018\reprt_code=11012\fs_div=CFS\005380_00164742.json
현대차,005380,00164742,KOSPI,운송장비부품,2018,반기보고서,11012,OFS,별도재무제표,000,정상,131,data\raw\opendart_financial\bsns_year=2018\reprt_code=11012\fs_div=OFS\005380_00164742.json
현대차,005380,00164742,KOSPI,운송장비부품,2018,분기보고서_1분기,11013,CFS,연결재무제표,000,정상,206,data\raw\opendart_financial\bsns_year=2018\reprt_code=11013\fs_div=CFS\005380_00164742.json
현대차,005380,00164742,KOSPI,운송장비부품,2018,분기보고서_1분기,11013,OFS,별도재무제표,000,정상,126,data\raw\opendart_financial\bsns_year=2018\reprt_code=11013\fs_div=OFS\005380_00164742.json
현대차,005380,00164742,KOSPI,운송장비부품,2018,분기보고서_3분기,11014,CFS,연결재무제표,000,정상,227,data\raw\opendart_financial\bsns_year=2018\reprt_code=11014\fs_div=CFS\005380_00164742.json
현대차,005380,00164742,KOSPI,운송장비부품,2018,분기보고서_3분기,11014,OFS,별도재무제표,000,정상,134,data\raw\opendart_financial\bsns_year=2018\reprt_code=11014\fs_div=OFS\005380_00164742.json
현대차,005380,00164742,KOSPI,운송장비부품,2019,사업보고서,11011,CFS,연결재무제표,000,정상,233,data\raw\opendart_financial\bsns_year=2019\reprt_code=11011\fs_div=CFS\005380_00164742.json
현대차,005380,00164742,KOSPI,운송장비부품,2019,사업보고서,11011,OFS,별도재무제표,000,정상,150,data\raw\opendart_financial\bsns_year=2019\reprt_code=11011\fs_div=OFS\005380_00164742.json
현대차,005380,00164742,KOSPI,운송장비부품,2019,반기보고서,11012,CFS,연결재무제표,000,정상,214,data\raw\opendart_financial\bsns_year=2019\reprt_code=11012\fs_div=CFS\005380_00164742.json
현대차,005380,00164742,KOSPI,운송장비부품,2019,반기보고서,11012,OFS,별도재무제표,000,정상,136,data\raw\opendart_financial\bsns_year=2019\reprt_code=11012\fs_div=OFS\005380_00164742.json
현대차,005380,00164742,KOSPI,운송장비부품,2019,분기보고서_1분기,11013,CFS,연결재무제표,000,정상,214,data\raw\opendart_financial\bsns_year=2019\reprt_code=11013\fs_div=CFS\005380_00164742.json
현대차,005380,00164742,KOSPI,운송장비부품,2019,분기보고서_1분기,11013,OFS,별도재무제표,000,정상,135,data\raw\opendart_financial\bsns_year=2019\reprt_code=11013\fs_div=OFS\005380_00164742.json
현대차,005380,00164742,KOSPI,운송장비부품,2019,분기보고서_3분기,11014,CFS,연결재무제표,000,정상,221,data\raw\opendart_financial\bsns_year=2019\reprt_code=11014\fs_div=CFS\005380_00164742.json
현대차,005380,00164742,KOSPI,운송장비부품,2019,분기보고서_3분기,11014,OFS,별도재무제표,000,정상,138,data\raw\opendart_financial\bsns_year=2019\reprt_code=11014\fs_div=OFS\005380_00164742.json
현대차,005380,00164742,KOSPI,운송장비부품,2020,사업보고서,11011,CFS,연결재무제표,000,정상,228,data\raw\opendart_financial\bsns_year=2020\reprt_code=11011\fs_div=CFS\005380_00164742.json
현대차,005380,00164742,KOSPI,운송장비부품,2020,사업보고서,11011,OFS,별도재무제표,000,정상,157,data\raw\opendart_financial\bsns_year=2020\reprt_code=11011\fs_div=OFS\005380_00164742.json
현대차,005380,00164742,KOSPI,운송장비부품,2020,반기보고서,11012,CFS,연결재무제표,000,정상,200,data\raw\opendart_financial\bsns_year=2020\reprt_code=11012\fs_div=CFS\005380_00164742.json
현대차,005380,00164742,KOSPI,운송장비부품,2020,반기보고서,11012,OFS,별도재무제표,000,정상,135,data\raw\opendart_financial\bsns_year=2020\reprt_code=11012\fs_div=OFS\005380_00164742.json
현대차,005380,00164742,KOSPI,운송장비부품,2020,분기보고서_1분기,11013,CFS,연결재무제표,000,정상,197,data\raw\opendart_financial\bsns_year=2020\reprt_code=11013\fs_div=CFS\005380_00164742.json
현대차,005380,00164742,KOSPI,운송장비부품,2020,분기보고서_1분기,11013,OFS,별도재무제표,000,정상,127,data\raw\opendart_financial\bsns_year=2020\reprt_code=11013\fs_div=OFS\005380_00164742.json
현대차,005380,00164742,KOSPI,운송장비부품,2020,분기보고서_3분기,11014,CFS,연결재무제표,000,정상,202,data\raw\opendart_financial\bsns_year=2020\reprt_code=11014\fs_div=CFS\005380_00164742.json
현대차,005380,00164742,KOSPI,운송장비부품,2020,분기보고서_3분기,11014,OFS,별도재무제표,000,정상,136,data\raw\opendart_financial\bsns_year=2020\reprt_code=11014\fs_div=OFS\005380_00164742.json
현대차,005380,00164742,KOSPI,운송장비부품,2021,사업보고서,11011,CFS,연결재무제표,000,정상,218,data\raw\opendart_financial\bsns_year=2021\reprt_code=11011\fs_div=CFS\005380_00164742.json
현대차,005380,00164742,KOSPI,운송장비부품,2021,사업보고서,11011,OFS,별도재무제표,000,정상,149,data\raw\opendart_financial\bsns_year=2021\reprt_code=11011\fs_div=OFS\005380_00164742.json
현대차,005380,00164742,KOSPI,운송장비부품,2021,반기보고서,11012,CFS,연결재무제표,000,정상,207,data\raw\opendart_financial\bsns_year=2021\reprt_code=11012\fs_div=CFS\005380_00164742.json
현대차,005380,00164742,KOSPI,운송장비부품,2021,반기보고서,11012,OFS,별도재무제표,000,정상,137,data\raw\opendart_financial\bsns_year=2021\reprt_code=11012\fs_div=OFS\005380_00164742.json
현대차,005380,00164742,KOSPI,운송장비부품,2021,분기보고서_1분기,11013,CFS,연결재무제표,000,정상,201,data\raw\opendart_financial\bsns_year=2021\reprt_code=11013\fs_div=CFS\005380_00164742.json
현대차,005380,00164742,KOSPI,운송장비부품,2021,분기보고서_1분기,11013,OFS,별도재무제표,000,정상,133,data\raw\opendart_financial\bsns_year=2021\reprt_code=11013\fs_div=OFS\005380_00164742.json
현대차,005380,00164742,KOSPI,운송장비부품,2021,분기보고서_3분기,11014,CFS,연결재무제표,000,정상,210,data\raw\opendart_financial\bsns_year=2021\reprt_code=11014\fs_div=CFS\005380_00164742.json
현대차,005380,00164742,KOSPI,운송장비부품,2021,분기보고서_3분기,11014,OFS,별도재무제표,000,정상,143,data\raw\opendart_financial\bsns_year=2021\reprt_code=11014\fs_div=OFS\005380_00164742.json
현대차,005380,00164742,KOSPI,운송장비부품,2022,사업보고서,11011,CFS,연결재무제표,000,정상,218,data\raw\opendart_financial\bsns_year=2022\reprt_code=11011\fs_div=CFS\005380_00164742.json
현대차,005380,00164742,KOSPI,운송장비부품,2022,사업보고서,11011,OFS,별도재무제표,000,정상,148,data\raw\opendart_financial\bsns_year=2022\reprt_code=11011\fs_div=OFS\005380_00164742.json
현대차,005380,00164742,KOSPI,운송장비부품,2022,반기보고서,11012,CFS,연결재무제표,000,정상,207,data\raw\opendart_financial\bsns_year=2022\reprt_code=11012\fs_div=CFS\005380_00164742.json
현대차,005380,00164742,KOSPI,운송장비부품,2022,반기보고서,11012,OFS,별도재무제표,000,정상,139,data\raw\opendart_financial\bsns_year=2022\reprt_code=11012\fs_div=OFS\005380_00164742.json
현대차,005380,00164742,KOSPI,운송장비부품,2022,분기보고서_1분기,11013,CFS,연결재무제표,000,정상,203,data\raw\opendart_financial\bsns_year=2022\reprt_code=11013\fs_div=CFS\005380_00164742.json
현대차,005380,00164742,KOSPI,운송장비부품,2022,분기보고서_1분기,11013,OFS,별도재무제표,000,정상,135,data\raw\opendart_financial\bsns_year=2022\reprt_code=11013\fs_div=OFS\005380_00164742.json
현대차,005380,00164742,KOSPI,운송장비부품,2022,분기보고서_3분기,11014,CFS,연결재무제표,000,정상,210,data\raw\opendart_financial\bsns_year=2022\reprt_code=11014\fs_div=CFS\005380_00164742.json
현대차,005380,00164742,KOSPI,운송장비부품,2022,분기보고서_3분기,11014,OFS,별도재무제표,000,정상,141,data\raw\opendart_financial\bsns_year=2022\reprt_code=11014\fs_div=OFS\005380_00164742.json
현대차,005380,00164742,KOSPI,운송장비부품,2023,사업보고서,11011,CFS,연결재무제표,000,정상,228,data\raw\opendart_financial\bsns_year=2023\reprt_code=11011\fs_div=CFS\005380_00164742.json
현대차,005380,00164742,KOSPI,운송장비부품,2023,사업보고서,11011,OFS,별도재무제표,000,정상,148,data\raw\opendart_financial\bsns_year=2023\reprt_code=11011\fs_div=OFS\005380_00164742.json
현대차,005380,00164742,KOSPI,운송장비부품,2023,반기보고서,11012,CFS,연결재무제표,000,정상,209,data\raw\opendart_financial\bsns_year=2023\reprt_code=11012\fs_div=CFS\005380_00164742.json
현대차,005380,00164742,KOSPI,운송장비부품,2023,반기보고서,11012,OFS,별도재무제표,000,정상,142,data\raw\opendart_financial\bsns_year=2023\reprt_code=11012\fs_div=OFS\005380_00164742.json
현대차,005380,00164742,KOSPI,운송장비부품,2023,분기보고서_1분기,11013,CFS,연결재무제표,000,정상,206,data\raw\opendart_financial\bsns_year=2023\reprt_code=11013\fs_div=CFS\005380_00164742.json
현대차,005380,00164742,KOSPI,운송장비부품,2023,분기보고서_1분기,11013,OFS,별도재무제표,000,정상,139,data\raw\opendart_financial\bsns_year=2023\reprt_code=11013\fs_div=OFS\005380_00164742.json
현대차,005380,00164742,KOSPI,운송장비부품,2023,분기보고서_3분기,11014,CFS,연결재무제표,000,정상,221,data\raw\opendart_financial\bsns_year=2023\reprt_code=11014\fs_div=CFS\005380_00164742.json
현대차,005380,00164742,KOSPI,운송장비부품,2023,분기보고서_3분기,11014,OFS,별도재무제표,000,정상,141,data\raw\opendart_financial\bsns_year=2023\reprt_code=11014\fs_div=OFS\005380_00164742.json
현대차,005380,00164742,KOSPI,운송장비부품,2024,사업보고서,11011,CFS,연결재무제표,000,정상,320,data\raw\opendart_financial\bsns_year=2024\reprt_code=11011\fs_div=CFS\005380_00164742.json
현대차,005380,00164742,KOSPI,운송장비부품,2024,사업보고서,11011,OFS,별도재무제표,000,정상,184,data\raw\opendart_financial\bsns_year=2024\reprt_code=11011\fs_div=OFS\005380_00164742.json
현대차,005380,00164742,KOSPI,운송장비부품,2024,반기보고서,11012,CFS,연결재무제표,000,정상,282,data\raw\opendart_financial\bsns_year=2024\reprt_code=11012\fs_div=CFS\005380_00164742.json
현대차,005380,00164742,KOSPI,운송장비부품,2024,반기보고서,11012,OFS,별도재무제표,000,정상,138,data\raw\opendart_financial\bsns_year=2024\reprt_code=11012\fs_div=OFS\005380_00164742.json
현대차,005380,00164742,KOSPI,운송장비부품,2024,분기보고서_1분기,11013,CFS,연결재무제표,000,정상,273,data\raw\opendart_financial\bsns_year=2024\reprt_code=11013\fs_div=CFS\005380_00164742.json
현대차,005380,00164742,KOSPI,운송장비부품,2024,분기보고서_1분기,11013,OFS,별도재무제표,000,정상,161,data\raw\opendart_financial\bsns_year=2024\reprt_code=11013\fs_div=OFS\005380_00164742.json
현대차,005380,00164742,KOSPI,운송장비부품,2024,분기보고서_3분기,11014,CFS,연결재무제표,000,정상,292,data\raw\opendart_financial\bsns_year=2024\reprt_code=11014\fs_div=CFS\005380_00164742.json
현대차,005380,00164742,KOSPI,운송장비부품,2024,분기보고서_3분기,11014,OFS,별도재무제표,000,정상,165,data\raw\opendart_financial\bsns_year=2024\reprt_code=11014\fs_div=OFS\005380_00164742.json
현대차,005380,00164742,KOSPI,운송장비부품,2025,사업보고서,11011,CFS,연결재무제표,000,정상,312,data\raw\opendart_financial\bsns_year=2025\reprt_code=11011\fs_div=CFS\005380_00164742.json
현대차,005380,00164742,KOSPI,운송장비부품,2025,사업보고서,11011,OFS,별도재무제표,000,정상,185,data\raw\opendart_financial\bsns_year=2025\reprt_code=11011\fs_div=OFS\005380_00164742.json
현대차,005380,00164742,KOSPI,운송장비부품,2025,반기보고서,11012,CFS,연결재무제표,000,정상,291,data\raw\opendart_financial\bsns_year=2025\reprt_code=11012\fs_div=CFS\005380_00164742.json
현대차,005380,00164742,KOSPI,운송장비부품,2025,반기보고서,11012,OFS,별도재무제표,000,정상,171,data\raw\opendart_financial\bsns_year=2025\reprt_code=11012\fs_div=OFS\005380_00164742.json
현대차,005380,00164742,KOSPI,운송장비부품,2025,분기보고서_1분기,11013,CFS,연결재무제표,000,정상,282,data\raw\opendart_financial\bsns_year=2025\reprt_code=11013\fs_div=CFS\005380_00164742.json
현대차,005380,00164742,KOSPI,운송장비부품,2025,분기보고서_1분기,11013,OFS,별도재무제표,000,정상,164,data\raw\opendart_financial\bsns_year=2025\reprt_code=11013\fs_div=OFS\005380_00164742.json
현대차,005380,00164742,KOSPI,운송장비부품,2025,분기보고서_3분기,11014,CFS,연결재무제표,000,정상,291,data\raw\opendart_financial\bsns_year=2025\reprt_code=11014\fs_div=CFS\005380_00164742.json
현대차,005380,00164742,KOSPI,운송장비부품,2025,분기보고서_3분기,11014,OFS,별도재무제표,000,정상,173,data\raw\opendart_financial\bsns_year=2025\reprt_code=11014\fs_div=OFS\005380_00164742.json
한화에어로스페이스,012450,00126566,KOSPI,운송장비부품,2017,사업보고서,11011,CFS,연결재무제표,000,정상,183,data\raw\opendart_financial\bsns_year=2017\reprt_code=11011\fs_div=CFS\012450_00126566.json
한화에어로스페이스,012450,00126566,KOSPI,운송장비부품,2017,사업보고서,11011,OFS,별도재무제표,000,정상,136,data\raw\opendart_financial\bsns_year=2017\reprt_code=11011\fs_div=OFS\012450_00126566.json
한화에어로스페이스,012450,00126566,KOSPI,운송장비부품,2017,반기보고서,11012,CFS,연결재무제표,000,정상,155,data\raw\opendart_financial\bsns_year=2017\reprt_code=11012\fs_div=CFS\012450_00126566.json
한화에어로스페이스,012450,00126566,KOSPI,운송장비부품,2017,반기보고서,11012,OFS,별도재무제표,000,정상,119,data\raw\opendart_financial\bsns_year=2017\reprt_code=11012\fs_div=OFS\012450_00126566.json
한화에어로스페이스,012450,00126566,KOSPI,운송장비부품,2017,분기보고서_1분기,11013,CFS,연결재무제표,000,정상,181,data\raw\opendart_financial\bsns_year=2017\reprt_code=11013\fs_div=CFS\012450_00126566.json
한화에어로스페이스,012450,00126566,KOSPI,운송장비부품,2017,분기보고서_1분기,11013,OFS,별도재무제표,000,정상,140,data\raw\opendart_financial\bsns_year=2017\reprt_code=11013\fs_div=OFS\012450_00126566.json
한화에어로스페이스,012450,00126566,KOSPI,운송장비부품,2017,분기보고서_3분기,11014,CFS,연결재무제표,000,정상,167,data\raw\opendart_financial\bsns_year=2017\reprt_code=11014\fs_div=CFS\012450_00126566.json
한화에어로스페이스,012450,00126566,KOSPI,운송장비부품,2017,분기보고서_3분기,11014,OFS,별도재무제표,000,정상,124,data\raw\opendart_financial\bsns_year=2017\reprt_code=11014\fs_div=OFS\012450_00126566.json
한화에어로스페이스,012450,00126566,KOSPI,운송장비부품,2018,사업보고서,11011,CFS,연결재무제표,000,정상,199,data\raw\opendart_financial\bsns_year=2018\reprt_code=11011\fs_div=CFS\012450_00126566.json
한화에어로스페이스,012450,00126566,KOSPI,운송장비부품,2018,사업보고서,11011,OFS,별도재무제표,000,정상,148,data\raw\opendart_financial\bsns_year=2018\reprt_code=11011\fs_div=OFS\012450_00126566.json
한화에어로스페이스,012450,00126566,KOSPI,운송장비부품,2018,반기보고서,11012,CFS,연결재무제표,000,정상,175,data\raw\opendart_financial\bsns_year=2018\reprt_code=11012\fs_div=CFS\012450_00126566.json
한화에어로스페이스,012450,00126566,KOSPI,운송장비부품,2018,반기보고서,11012,OFS,별도재무제표,000,정상,138,data\raw\opendart_financial\bsns_year=2018\reprt_code=11012\fs_div=OFS\012450_00126566.json
한화에어로스페이스,012450,00126566,KOSPI,운송장비부품,2018,분기보고서_1분기,11013,CFS,연결재무제표,000,정상,163,data\raw\opendart_financial\bsns_year=2018\reprt_code=11013\fs_div=CFS\012450_00126566.json
한화에어로스페이스,012450,00126566,KOSPI,운송장비부품,2018,분기보고서_1분기,11013,OFS,별도재무제표,000,정상,119,data\raw\opendart_financial\bsns_year=2018\reprt_code=11013\fs_div=OFS\012450_00126566.json
한화에어로스페이스,012450,00126566,KOSPI,운송장비부품,2018,분기보고서_3분기,11014,CFS,연결재무제표,000,정상,183,data\raw\opendart_financial\bsns_year=2018\reprt_code=11014\fs_div=CFS\012450_00126566.json
한화에어로스페이스,012450,00126566,KOSPI,운송장비부품,2018,분기보고서_3분기,11014,OFS,별도재무제표,000,정상,137,data\raw\opendart_financial\bsns_year=2018\reprt_code=11014\fs_div=OFS\012450_00126566.json
한화에어로스페이스,012450,00126566,KOSPI,운송장비부품,2019,사업보고서,11011,CFS,연결재무제표,000,정상,202,data\raw\opendart_financial\bsns_year=2019\reprt_code=11011\fs_div=CFS\012450_00126566.json
한화에어로스페이스,012450,00126566,KOSPI,운송장비부품,2019,사업보고서,11011,OFS,별도재무제표,000,정상,147,data\raw\opendart_financial\bsns_year=2019\reprt_code=11011\fs_div=OFS\012450_00126566.json
한화에어로스페이스,012450,00126566,KOSPI,운송장비부품,2019,반기보고서,11012,CFS,연결재무제표,000,정상,177,data\raw\opendart_financial\bsns_year=2019\reprt_code=11012\fs_div=CFS\012450_00126566.json
한화에어로스페이스,012450,00126566,KOSPI,운송장비부품,2019,반기보고서,11012,OFS,별도재무제표,000,정상,134,data\raw\opendart_financial\bsns_year=2019\reprt_code=11012\fs_div=OFS\012450_00126566.json
한화에어로스페이스,012450,00126566,KOSPI,운송장비부품,2019,분기보고서_1분기,11013,CFS,연결재무제표,000,정상,161,data\raw\opendart_financial\bsns_year=2019\reprt_code=11013\fs_div=CFS\012450_00126566.json
한화에어로스페이스,012450,00126566,KOSPI,운송장비부품,2019,분기보고서_1분기,11013,OFS,별도재무제표,000,정상,121,data\raw\opendart_financial\bsns_year=2019\reprt_code=11013\fs_div=OFS\012450_00126566.json
한화에어로스페이스,012450,00126566,KOSPI,운송장비부품,2019,분기보고서_3분기,11014,CFS,연결재무제표,000,정상,185,data\raw\opendart_financial\bsns_year=2019\reprt_code=11014\fs_div=CFS\012450_00126566.json
한화에어로스페이스,012450,00126566,KOSPI,운송장비부품,2019,분기보고서_3분기,11014,OFS,별도재무제표,000,정상,138,data\raw\opendart_financial\bsns_year=2019\reprt_code=11014\fs_div=OFS\012450_00126566.json
한화에어로스페이스,012450,00126566,KOSPI,운송장비부품,2020,사업보고서,11011,CFS,연결재무제표,000,정상,208,data\raw\opendart_financial\bsns_year=2020\reprt_code=11011\fs_div=CFS\012450_00126566.json
한화에어로스페이스,012450,00126566,KOSPI,운송장비부품,2020,사업보고서,11011,OFS,별도재무제표,000,정상,148,data\raw\opendart_financial\bsns_year=2020\reprt_code=11011\fs_div=OFS\012450_00126566.json
한화에어로스페이스,012450,00126566,KOSPI,운송장비부품,2020,반기보고서,11012,CFS,연결재무제표,000,정상,157,data\raw\opendart_financial\bsns_year=2020\reprt_code=11012\fs_div=CFS\012450_00126566.json
한화에어로스페이스,012450,00126566,KOSPI,운송장비부품,2020,반기보고서,11012,OFS,별도재무제표,000,정상,116,data\raw\opendart_financial\bsns_year=2020\reprt_code=11012\fs_div=OFS\012450_00126566.json
한화에어로스페이스,012450,00126566,KOSPI,운송장비부품,2020,분기보고서_1분기,11013,CFS,연결재무제표,000,정상,149,data\raw\opendart_financial\bsns_year=2020\reprt_code=11013\fs_div=CFS\012450_00126566.json
한화에어로스페이스,012450,00126566,KOSPI,운송장비부품,2020,분기보고서_1분기,11013,OFS,별도재무제표,000,정상,110,data\raw\opendart_financial\bsns_year=2020\reprt_code=11013\fs_div=OFS\012450_00126566.json
한화에어로스페이스,012450,00126566,KOSPI,운송장비부품,2020,분기보고서_3분기,11014,CFS,연결재무제표,000,정상,164,data\raw\opendart_financial\bsns_year=2020\reprt_code=11014\fs_div=CFS\012450_00126566.json
한화에어로스페이스,012450,00126566,KOSPI,운송장비부품,2020,분기보고서_3분기,11014,OFS,별도재무제표,000,정상,119,data\raw\opendart_financial\bsns_year=2020\reprt_code=11014\fs_div=OFS\012450_00126566.json
한화에어로스페이스,012450,00126566,KOSPI,운송장비부품,2021,사업보고서,11011,CFS,연결재무제표,000,정상,271,data\raw\opendart_financial\bsns_year=2021\reprt_code=11011\fs_div=CFS\012450_00126566.json
한화에어로스페이스,012450,00126566,KOSPI,운송장비부품,2021,사업보고서,11011,OFS,별도재무제표,000,정상,167,data\raw\opendart_financial\bsns_year=2021\reprt_code=11011\fs_div=OFS\012450_00126566.json
한화에어로스페이스,012450,00126566,KOSPI,운송장비부품,2021,반기보고서,11012,CFS,연결재무제표,000,정상,212,data\raw\opendart_financial\bsns_year=2021\reprt_code=11012\fs_div=CFS\012450_00126566.json
한화에어로스페이스,012450,00126566,KOSPI,운송장비부품,2021,반기보고서,11012,OFS,별도재무제표,000,정상,147,data\raw\opendart_financial\bsns_year=2021\reprt_code=11012\fs_div=OFS\012450_00126566.json
한화에어로스페이스,012450,00126566,KOSPI,운송장비부품,2021,분기보고서_1분기,11013,CFS,연결재무제표,000,정상,200,data\raw\opendart_financial\bsns_year=2021\reprt_code=11013\fs_div=CFS\012450_00126566.json
한화에어로스페이스,012450,00126566,KOSPI,운송장비부품,2021,분기보고서_1분기,11013,OFS,별도재무제표,000,정상,139,data\raw\opendart_financial\bsns_year=2021\reprt_code=11013\fs_div=OFS\012450_00126566.json
한화에어로스페이스,012450,00126566,KOSPI,운송장비부품,2021,분기보고서_3분기,11014,CFS,연결재무제표,000,정상,215,data\raw\opendart_financial\bsns_year=2021\reprt_code=11014\fs_div=CFS\012450_00126566.json
한화에어로스페이스,012450,00126566,KOSPI,운송장비부품,2021,분기보고서_3분기,11014,OFS,별도재무제표,000,정상,147,data\raw\opendart_financial\bsns_year=2021\reprt_code=11014\fs_div=OFS\012450_00126566.json
한화에어로스페이스,012450,00126566,KOSPI,운송장비부품,2022,사업보고서,11011,CFS,연결재무제표,000,정상,287,data\raw\opendart_financial\bsns_year=2022\reprt_code=11011\fs_div=CFS\012450_00126566.json
한화에어로스페이스,012450,00126566,KOSPI,운송장비부품,2022,사업보고서,11011,OFS,별도재무제표,000,정상,178,data\raw\opendart_financial\bsns_year=2022\reprt_code=11011\fs_div=OFS\012450_00126566.json
한화에어로스페이스,012450,00126566,KOSPI,운송장비부품,2022,반기보고서,11012,CFS,연결재무제표,000,정상,208,data\raw\opendart_financial\bsns_year=2022\reprt_code=11012\fs_div=CFS\012450_00126566.json
한화에어로스페이스,012450,00126566,KOSPI,운송장비부품,2022,반기보고서,11012,OFS,별도재무제표,000,정상,138,data\raw\opendart_financial\bsns_year=2022\reprt_code=11012\fs_div=OFS\012450_00126566.json
한화에어로스페이스,012450,00126566,KOSPI,운송장비부품,2022,분기보고서_1분기,11013,CFS,연결재무제표,000,정상,195,data\raw\opendart_financial\bsns_year=2022\reprt_code=11013\fs_div=CFS\012450_00126566.json
한화에어로스페이스,012450,00126566,KOSPI,운송장비부품,2022,분기보고서_1분기,11013,OFS,별도재무제표,000,정상,124,data\raw\opendart_financial\bsns_year=2022\reprt_code=11013\fs_div=OFS\012450_00126566.json
한화에어로스페이스,012450,00126566,KOSPI,운송장비부품,2022,분기보고서_3분기,11014,CFS,연결재무제표,000,정상,231,data\raw\opendart_financial\bsns_year=2022\reprt_code=11014\fs_div=CFS\012450_00126566.json
한화에어로스페이스,012450,00126566,KOSPI,운송장비부품,2022,분기보고서_3분기,11014,OFS,별도재무제표,000,정상,139,data\raw\opendart_financial\bsns_year=2022\reprt_code=11014\fs_div=OFS\012450_00126566.json
한화에어로스페이스,012450,00126566,KOSPI,운송장비부품,2023,사업보고서,11011,CFS,연결재무제표,000,정상,283,data\raw\opendart_financial\bsns_year=2023\reprt_code=11011\fs_div=CFS\012450_00126566.json
한화에어로스페이스,012450,00126566,KOSPI,운송장비부품,2023,사업보고서,11011,OFS,별도재무제표,000,정상,174,data\raw\opendart_financial\bsns_year=2023\reprt_code=11011\fs_div=OFS\012450_00126566.json
한화에어로스페이스,012450,00126566,KOSPI,운송장비부품,2023,반기보고서,11012,CFS,연결재무제표,000,정상,231,data\raw\opendart_financial\bsns_year=2023\reprt_code=11012\fs_div=CFS\012450_00126566.json
한화에어로스페이스,012450,00126566,KOSPI,운송장비부품,2023,반기보고서,11012,OFS,별도재무제표,000,정상,145,data\raw\opendart_financial\bsns_year=2023\reprt_code=11012\fs_div=OFS\012450_00126566.json
한화에어로스페이스,012450,00126566,KOSPI,운송장비부품,2023,분기보고서_1분기,11013,CFS,연결재무제표,000,정상,226,data\raw\opendart_financial\bsns_year=2023\reprt_code=11013\fs_div=CFS\012450_00126566.json
한화에어로스페이스,012450,00126566,KOSPI,운송장비부품,2023,분기보고서_1분기,11013,OFS,별도재무제표,000,정상,132,data\raw\opendart_financial\bsns_year=2023\reprt_code=11013\fs_div=OFS\012450_00126566.json
한화에어로스페이스,012450,00126566,KOSPI,운송장비부품,2023,분기보고서_3분기,11014,CFS,연결재무제표,000,정상,235,data\raw\opendart_financial\bsns_year=2023\reprt_code=11014\fs_div=CFS\012450_00126566.json
한화에어로스페이스,012450,00126566,KOSPI,운송장비부품,2023,분기보고서_3분기,11014,OFS,별도재무제표,000,정상,157,data\raw\opendart_financial\bsns_year=2023\reprt_code=11014\fs_div=OFS\012450_00126566.json
한화에어로스페이스,012450,00126566,KOSPI,운송장비부품,2024,사업보고서,11011,CFS,연결재무제표,000,정상,282,data\raw\opendart_financial\bsns_year=2024\reprt_code=11011\fs_div=CFS\012450_00126566.json
한화에어로스페이스,012450,00126566,KOSPI,운송장비부품,2024,사업보고서,11011,OFS,별도재무제표,000,정상,190,data\raw\opendart_financial\bsns_year=2024\reprt_code=11011\fs_div=OFS\012450_00126566.json
한화에어로스페이스,012450,00126566,KOSPI,운송장비부품,2024,반기보고서,11012,CFS,연결재무제표,000,정상,215,data\raw\opendart_financial\bsns_year=2024\reprt_code=11012\fs_div=CFS\012450_00126566.json
한화에어로스페이스,012450,00126566,KOSPI,운송장비부품,2024,반기보고서,11012,OFS,별도재무제표,000,정상,163,data\raw\opendart_financial\bsns_year=2024\reprt_code=11012\fs_div=OFS\012450_00126566.json
한화에어로스페이스,012450,00126566,KOSPI,운송장비부품,2024,분기보고서_1분기,11013,CFS,연결재무제표,000,정상,213,data\raw\opendart_financial\bsns_year=2024\reprt_code=11013\fs_div=CFS\012450_00126566.json
한화에어로스페이스,012450,00126566,KOSPI,운송장비부품,2024,분기보고서_1분기,11013,OFS,별도재무제표,000,정상,153,data\raw\opendart_financial\bsns_year=2024\reprt_code=11013\fs_div=OFS\012450_00126566.json
한화에어로스페이스,012450,00126566,KOSPI,운송장비부품,2024,분기보고서_3분기,11014,CFS,연결재무제표,000,정상,190,data\raw\opendart_financial\bsns_year=2024\reprt_code=11014\fs_div=CFS\012450_00126566.json
한화에어로스페이스,012450,00126566,KOSPI,운송장비부품,2024,분기보고서_3분기,11014,OFS,별도재무제표,000,정상,164,data\raw\opendart_financial\bsns_year=2024\reprt_code=11014\fs_div=OFS\012450_00126566.json
한화에어로스페이스,012450,00126566,KOSPI,운송장비부품,2025,사업보고서,11011,CFS,연결재무제표,000,정상,296,data\raw\opendart_financial\bsns_year=2025\reprt_code=11011\fs_div=CFS\012450_00126566.json
한화에어로스페이스,012450,00126566,KOSPI,운송장비부품,2025,사업보고서,11011,OFS,별도재무제표,000,정상,178,data\raw\opendart_financial\bsns_year=2025\reprt_code=11011\fs_div=OFS\012450_00126566.json
한화에어로스페이스,012450,00126566,KOSPI,운송장비부품,2025,반기보고서,11012,CFS,연결재무제표,000,정상,249,data\raw\opendart_financial\bsns_year=2025\reprt_code=11012\fs_div=CFS\012450_00126566.json
한화에어로스페이스,012450,00126566,KOSPI,운송장비부품,2025,반기보고서,11012,OFS,별도재무제표,000,정상,169,data\raw\opendart_financial\bsns_year=2025\reprt_code=11012\fs_div=OFS\012450_00126566.json
한화에어로스페이스,012450,00126566,KOSPI,운송장비부품,2025,분기보고서_1분기,11013,CFS,연결재무제표,000,정상,221,data\raw\opendart_financial\bsns_year=2025\reprt_code=11013\fs_div=CFS\012450_00126566.json
한화에어로스페이스,012450,00126566,KOSPI,운송장비부품,2025,분기보고서_1분기,11013,OFS,별도재무제표,000,정상,157,data\raw\opendart_financial\bsns_year=2025\reprt_code=11013\fs_div=OFS\012450_00126566.json
한화에어로스페이스,012450,00126566,KOSPI,운송장비부품,2025,분기보고서_3분기,11014,CFS,연결재무제표,000,정상,197,data\raw\opendart_financial\bsns_year=2025\reprt_code=11014\fs_div=CFS\012450_00126566.json
한화에어로스페이스,012450,00126566,KOSPI,운송장비부품,2025,분기보고서_3분기,11014,OFS,별도재무제표,000,정상,174,data\raw\opendart_financial\bsns_year=2025\reprt_code=11014\fs_div=OFS\012450_00126566.json
현대모비스,012330,00164788,KOSPI,운송장비부품,2017,사업보고서,11011,CFS,연결재무제표,000,정상,195,data\raw\opendart_financial\bsns_year=2017\reprt_code=11011\fs_div=CFS\012330_00164788.json
현대모비스,012330,00164788,KOSPI,운송장비부품,2017,사업보고서,11011,OFS,별도재무제표,000,정상,122,data\raw\opendart_financial\bsns_year=2017\reprt_code=11011\fs_div=OFS\012330_00164788.json
현대모비스,012330,00164788,KOSPI,운송장비부품,2017,반기보고서,11012,CFS,연결재무제표,000,정상,151,data\raw\opendart_financial\bsns_year=2017\reprt_code=11012\fs_div=CFS\012330_00164788.json
현대모비스,012330,00164788,KOSPI,운송장비부품,2017,반기보고서,11012,OFS,별도재무제표,000,정상,112,data\raw\opendart_financial\bsns_year=2017\reprt_code=11012\fs_div=OFS\012330_00164788.json
현대모비스,012330,00164788,KOSPI,운송장비부품,2017,분기보고서_1분기,11013,CFS,연결재무제표,000,정상,169,data\raw\opendart_financial\bsns_year=2017\reprt_code=11013\fs_div=CFS\012330_00164788.json
현대모비스,012330,00164788,KOSPI,운송장비부품,2017,분기보고서_1분기,11013,OFS,별도재무제표,000,정상,117,data\raw\opendart_financial\bsns_year=2017\reprt_code=11013\fs_div=OFS\012330_00164788.json
현대모비스,012330,00164788,KOSPI,운송장비부품,2017,분기보고서_3분기,11014,CFS,연결재무제표,000,정상,164,data\raw\opendart_financial\bsns_year=2017\reprt_code=11014\fs_div=CFS\012330_00164788.json
현대모비스,012330,00164788,KOSPI,운송장비부품,2017,분기보고서_3분기,11014,OFS,별도재무제표,000,정상,112,data\raw\opendart_financial\bsns_year=2017\reprt_code=11014\fs_div=OFS\012330_00164788.json
현대모비스,012330,00164788,KOSPI,운송장비부품,2018,사업보고서,11011,CFS,연결재무제표,000,정상,181,data\raw\opendart_financial\bsns_year=2018\reprt_code=11011\fs_div=CFS\012330_00164788.json
현대모비스,012330,00164788,KOSPI,운송장비부품,2018,사업보고서,11011,OFS,별도재무제표,000,정상,130,data\raw\opendart_financial\bsns_year=2018\reprt_code=11011\fs_div=OFS\012330_00164788.json
현대모비스,012330,00164788,KOSPI,운송장비부품,2018,반기보고서,11012,CFS,연결재무제표,000,정상,157,data\raw\opendart_financial\bsns_year=2018\reprt_code=11012\fs_div=CFS\012330_00164788.json
현대모비스,012330,00164788,KOSPI,운송장비부품,2018,반기보고서,11012,OFS,별도재무제표,000,정상,122,data\raw\opendart_financial\bsns_year=2018\reprt_code=11012\fs_div=OFS\012330_00164788.json
현대모비스,012330,00164788,KOSPI,운송장비부품,2018,분기보고서_1분기,11013,CFS,연결재무제표,000,정상,164,data\raw\opendart_financial\bsns_year=2018\reprt_code=11013\fs_div=CFS\012330_00164788.json
현대모비스,012330,00164788,KOSPI,운송장비부품,2018,분기보고서_1분기,11013,OFS,별도재무제표,000,정상,111,data\raw\opendart_financial\bsns_year=2018\reprt_code=11013\fs_div=OFS\012330_00164788.json
현대모비스,012330,00164788,KOSPI,운송장비부품,2018,분기보고서_3분기,11014,CFS,연결재무제표,000,정상,175,data\raw\opendart_financial\bsns_year=2018\reprt_code=11014\fs_div=CFS\012330_00164788.json
현대모비스,012330,00164788,KOSPI,운송장비부품,2018,분기보고서_3분기,11014,OFS,별도재무제표,000,정상,120,data\raw\opendart_financial\bsns_year=2018\reprt_code=11014\fs_div=OFS\012330_00164788.json
현대모비스,012330,00164788,KOSPI,운송장비부품,2019,사업보고서,11011,CFS,연결재무제표,000,정상,187,data\raw\opendart_financial\bsns_year=2019\reprt_code=11011\fs_div=CFS\012330_00164788.json
현대모비스,012330,00164788,KOSPI,운송장비부품,2019,사업보고서,11011,OFS,별도재무제표,000,정상,134,data\raw\opendart_financial\bsns_year=2019\reprt_code=11011\fs_div=OFS\012330_00164788.json
현대모비스,012330,00164788,KOSPI,운송장비부품,2019,반기보고서,11012,CFS,연결재무제표,000,정상,158,data\raw\opendart_financial\bsns_year=2019\reprt_code=11012\fs_div=CFS\012330_00164788.json
현대모비스,012330,00164788,KOSPI,운송장비부품,2019,반기보고서,11012,OFS,별도재무제표,000,정상,117,data\raw\opendart_financial\bsns_year=2019\reprt_code=11012\fs_div=OFS\012330_00164788.json
현대모비스,012330,00164788,KOSPI,운송장비부품,2019,분기보고서_1분기,11013,CFS,연결재무제표,000,정상,155,data\raw\opendart_financial\bsns_year=2019\reprt_code=11013\fs_div=CFS\012330_00164788.json
현대모비스,012330,00164788,KOSPI,운송장비부품,2019,분기보고서_1분기,11013,OFS,별도재무제표,000,정상,112,data\raw\opendart_financial\bsns_year=2019\reprt_code=11013\fs_div=OFS\012330_00164788.json
현대모비스,012330,00164788,KOSPI,운송장비부품,2019,분기보고서_3분기,11014,CFS,연결재무제표,000,정상,164,data\raw\opendart_financial\bsns_year=2019\reprt_code=11014\fs_div=CFS\012330_00164788.json
현대모비스,012330,00164788,KOSPI,운송장비부품,2019,분기보고서_3분기,11014,OFS,별도재무제표,000,정상,121,data\raw\opendart_financial\bsns_year=2019\reprt_code=11014\fs_div=OFS\012330_00164788.json
현대모비스,012330,00164788,KOSPI,운송장비부품,2020,사업보고서,11011,CFS,연결재무제표,000,정상,166,data\raw\opendart_financial\bsns_year=2020\reprt_code=11011\fs_div=CFS\012330_00164788.json
현대모비스,012330,00164788,KOSPI,운송장비부품,2020,사업보고서,11011,OFS,별도재무제표,000,정상,120,data\raw\opendart_financial\bsns_year=2020\reprt_code=11011\fs_div=OFS\012330_00164788.json
현대모비스,012330,00164788,KOSPI,운송장비부품,2020,반기보고서,11012,CFS,연결재무제표,000,정상,152,data\raw\opendart_financial\bsns_year=2020\reprt_code=11012\fs_div=CFS\012330_00164788.json
현대모비스,012330,00164788,KOSPI,운송장비부품,2020,반기보고서,11012,OFS,별도재무제표,000,정상,116,data\raw\opendart_financial\bsns_year=2020\reprt_code=11012\fs_div=OFS\012330_00164788.json
현대모비스,012330,00164788,KOSPI,운송장비부품,2020,분기보고서_1분기,11013,CFS,연결재무제표,000,정상,147,data\raw\opendart_financial\bsns_year=2020\reprt_code=11013\fs_div=CFS\012330_00164788.json
현대모비스,012330,00164788,KOSPI,운송장비부품,2020,분기보고서_1분기,11013,OFS,별도재무제표,000,정상,113,data\raw\opendart_financial\bsns_year=2020\reprt_code=11013\fs_div=OFS\012330_00164788.json
현대모비스,012330,00164788,KOSPI,운송장비부품,2020,분기보고서_3분기,11014,CFS,연결재무제표,000,정상,153,data\raw\opendart_financial\bsns_year=2020\reprt_code=11014\fs_div=CFS\012330_00164788.json
현대모비스,012330,00164788,KOSPI,운송장비부품,2020,분기보고서_3분기,11014,OFS,별도재무제표,000,정상,115,data\raw\opendart_financial\bsns_year=2020\reprt_code=11014\fs_div=OFS\012330_00164788.json
현대모비스,012330,00164788,KOSPI,운송장비부품,2021,사업보고서,11011,CFS,연결재무제표,000,정상,156,data\raw\opendart_financial\bsns_year=2021\reprt_code=11011\fs_div=CFS\012330_00164788.json
현대모비스,012330,00164788,KOSPI,운송장비부품,2021,사업보고서,11011,OFS,별도재무제표,000,정상,117,data\raw\opendart_financial\bsns_year=2021\reprt_code=11011\fs_div=OFS\012330_00164788.json
현대모비스,012330,00164788,KOSPI,운송장비부품,2021,반기보고서,11012,CFS,연결재무제표,000,정상,154,data\raw\opendart_financial\bsns_year=2021\reprt_code=11012\fs_div=CFS\012330_00164788.json
현대모비스,012330,00164788,KOSPI,운송장비부품,2021,반기보고서,11012,OFS,별도재무제표,000,정상,116,data\raw\opendart_financial\bsns_year=2021\reprt_code=11012\fs_div=OFS\012330_00164788.json
현대모비스,012330,00164788,KOSPI,운송장비부품,2021,분기보고서_1분기,11013,CFS,연결재무제표,000,정상,154,data\raw\opendart_financial\bsns_year=2021\reprt_code=11013\fs_div=CFS\012330_00164788.json
현대모비스,012330,00164788,KOSPI,운송장비부품,2021,분기보고서_1분기,11013,OFS,별도재무제표,000,정상,116,data\raw\opendart_financial\bsns_year=2021\reprt_code=11013\fs_div=OFS\012330_00164788.json
현대모비스,012330,00164788,KOSPI,운송장비부품,2021,분기보고서_3분기,11014,CFS,연결재무제표,000,정상,153,data\raw\opendart_financial\bsns_year=2021\reprt_code=11014\fs_div=CFS\012330_00164788.json
현대모비스,012330,00164788,KOSPI,운송장비부품,2021,분기보고서_3분기,11014,OFS,별도재무제표,000,정상,117,data\raw\opendart_financial\bsns_year=2021\reprt_code=11014\fs_div=OFS\012330_00164788.json
현대모비스,012330,00164788,KOSPI,운송장비부품,2022,사업보고서,11011,CFS,연결재무제표,000,정상,157,data\raw\opendart_financial\bsns_year=2022\reprt_code=11011\fs_div=CFS\012330_00164788.json
현대모비스,012330,00164788,KOSPI,운송장비부품,2022,사업보고서,11011,OFS,별도재무제표,000,정상,116,data\raw\opendart_financial\bsns_year=2022\reprt_code=11011\fs_div=OFS\012330_00164788.json
현대모비스,012330,00164788,KOSPI,운송장비부품,2022,반기보고서,11012,CFS,연결재무제표,000,정상,152,data\raw\opendart_financial\bsns_year=2022\reprt_code=11012\fs_div=CFS\012330_00164788.json
현대모비스,012330,00164788,KOSPI,운송장비부품,2022,반기보고서,11012,OFS,별도재무제표,000,정상,114,data\raw\opendart_financial\bsns_year=2022\reprt_code=11012\fs_div=OFS\012330_00164788.json
현대모비스,012330,00164788,KOSPI,운송장비부품,2022,분기보고서_1분기,11013,CFS,연결재무제표,000,정상,147,data\raw\opendart_financial\bsns_year=2022\reprt_code=11013\fs_div=CFS\012330_00164788.json
현대모비스,012330,00164788,KOSPI,운송장비부품,2022,분기보고서_1분기,11013,OFS,별도재무제표,000,정상,107,data\raw\opendart_financial\bsns_year=2022\reprt_code=11013\fs_div=OFS\012330_00164788.json
현대모비스,012330,00164788,KOSPI,운송장비부품,2022,분기보고서_3분기,11014,CFS,연결재무제표,000,정상,157,data\raw\opendart_financial\bsns_year=2022\reprt_code=11014\fs_div=CFS\012330_00164788.json
현대모비스,012330,00164788,KOSPI,운송장비부품,2022,분기보고서_3분기,11014,OFS,별도재무제표,000,정상,114,data\raw\opendart_financial\bsns_year=2022\reprt_code=11014\fs_div=OFS\012330_00164788.json
현대모비스,012330,00164788,KOSPI,운송장비부품,2023,사업보고서,11011,CFS,연결재무제표,000,정상,161,data\raw\opendart_financial\bsns_year=2023\reprt_code=11011\fs_div=CFS\012330_00164788.json
현대모비스,012330,00164788,KOSPI,운송장비부품,2023,사업보고서,11011,OFS,별도재무제표,000,정상,117,data\raw\opendart_financial\bsns_year=2023\reprt_code=11011\fs_div=OFS\012330_00164788.json
현대모비스,012330,00164788,KOSPI,운송장비부품,2023,반기보고서,11012,CFS,연결재무제표,000,정상,151,data\raw\opendart_financial\bsns_year=2023\reprt_code=11012\fs_div=CFS\012330_00164788.json
현대모비스,012330,00164788,KOSPI,운송장비부품,2023,반기보고서,11012,OFS,별도재무제표,000,정상,112,data\raw\opendart_financial\bsns_year=2023\reprt_code=11012\fs_div=OFS\012330_00164788.json
현대모비스,012330,00164788,KOSPI,운송장비부품,2023,분기보고서_1분기,11013,CFS,연결재무제표,000,정상,143,data\raw\opendart_financial\bsns_year=2023\reprt_code=11013\fs_div=CFS\012330_00164788.json
현대모비스,012330,00164788,KOSPI,운송장비부품,2023,분기보고서_1분기,11013,OFS,별도재무제표,000,정상,106,data\raw\opendart_financial\bsns_year=2023\reprt_code=11013\fs_div=OFS\012330_00164788.json
현대모비스,012330,00164788,KOSPI,운송장비부품,2023,분기보고서_3분기,11014,CFS,연결재무제표,000,정상,155,data\raw\opendart_financial\bsns_year=2023\reprt_code=11014\fs_div=CFS\012330_00164788.json
현대모비스,012330,00164788,KOSPI,운송장비부품,2023,분기보고서_3분기,11014,OFS,별도재무제표,000,정상,116,data\raw\opendart_financial\bsns_year=2023\reprt_code=11014\fs_div=OFS\012330_00164788.json
현대모비스,012330,00164788,KOSPI,운송장비부품,2024,사업보고서,11011,CFS,연결재무제표,000,정상,162,data\raw\opendart_financial\bsns_year=2024\reprt_code=11011\fs_div=CFS\012330_00164788.json
현대모비스,012330,00164788,KOSPI,운송장비부품,2024,사업보고서,11011,OFS,별도재무제표,000,정상,140,data\raw\opendart_financial\bsns_year=2024\reprt_code=11011\fs_div=OFS\012330_00164788.json
현대모비스,012330,00164788,KOSPI,운송장비부품,2024,반기보고서,11012,CFS,연결재무제표,000,정상,184,data\raw\opendart_financial\bsns_year=2024\reprt_code=11012\fs_div=CFS\012330_00164788.json
현대모비스,012330,00164788,KOSPI,운송장비부품,2024,반기보고서,11012,OFS,별도재무제표,000,정상,133,data\raw\opendart_financial\bsns_year=2024\reprt_code=11012\fs_div=OFS\012330_00164788.json
현대모비스,012330,00164788,KOSPI,운송장비부품,2024,분기보고서_1분기,11013,CFS,연결재무제표,000,정상,142,data\raw\opendart_financial\bsns_year=2024\reprt_code=11013\fs_div=CFS\012330_00164788.json
현대모비스,012330,00164788,KOSPI,운송장비부품,2024,분기보고서_1분기,11013,OFS,별도재무제표,000,정상,126,data\raw\opendart_financial\bsns_year=2024\reprt_code=11013\fs_div=OFS\012330_00164788.json
현대모비스,012330,00164788,KOSPI,운송장비부품,2024,분기보고서_3분기,11014,CFS,연결재무제표,000,정상,154,data\raw\opendart_financial\bsns_year=2024\reprt_code=11014\fs_div=CFS\012330_00164788.json
현대모비스,012330,00164788,KOSPI,운송장비부품,2024,분기보고서_3분기,11014,OFS,별도재무제표,000,정상,131,data\raw\opendart_financial\bsns_year=2024\reprt_code=11014\fs_div=OFS\012330_00164788.json
현대모비스,012330,00164788,KOSPI,운송장비부품,2025,사업보고서,11011,CFS,연결재무제표,000,정상,165,data\raw\opendart_financial\bsns_year=2025\reprt_code=11011\fs_div=CFS\012330_00164788.json
현대모비스,012330,00164788,KOSPI,운송장비부품,2025,사업보고서,11011,OFS,별도재무제표,000,정상,132,data\raw\opendart_financial\bsns_year=2025\reprt_code=11011\fs_div=OFS\012330_00164788.json
현대모비스,012330,00164788,KOSPI,운송장비부품,2025,반기보고서,11012,CFS,연결재무제표,000,정상,186,data\raw\opendart_financial\bsns_year=2025\reprt_code=11012\fs_div=CFS\012330_00164788.json
현대모비스,012330,00164788,KOSPI,운송장비부품,2025,반기보고서,11012,OFS,별도재무제표,000,정상,130,data\raw\opendart_financial\bsns_year=2025\reprt_code=11012\fs_div=OFS\012330_00164788.json
현대모비스,012330,00164788,KOSPI,운송장비부품,2025,분기보고서_1분기,11013,CFS,연결재무제표,000,정상,173,data\raw\opendart_financial\bsns_year=2025\reprt_code=11013\fs_div=CFS\012330_00164788.json
현대모비스,012330,00164788,KOSPI,운송장비부품,2025,분기보고서_1분기,11013,OFS,별도재무제표,000,정상,125,data\raw\opendart_financial\bsns_year=2025\reprt_code=11013\fs_div=OFS\012330_00164788.json
현대모비스,012330,00164788,KOSPI,운송장비부품,2025,분기보고서_3분기,11014,CFS,연결재무제표,000,정상,194,data\raw\opendart_financial\bsns_year=2025\reprt_code=11014\fs_div=CFS\012330_00164788.json
현대모비스,012330,00164788,KOSPI,운송장비부품,2025,분기보고서_3분기,11014,OFS,별도재무제표,000,정상,132,data\raw\opendart_financial\bsns_year=2025\reprt_code=11014\fs_div=OFS\012330_00164788.json
현대글로비스,086280,00360595,KOSPI,운송장비부품,2017,사업보고서,11011,CFS,연결재무제표,000,정상,153,data\raw\opendart_financial\bsns_year=2017\reprt_code=11011\fs_div=CFS\086280_00360595.json
현대글로비스,086280,00360595,KOSPI,운송장비부품,2017,사업보고서,11011,OFS,별도재무제표,000,정상,109,data\raw\opendart_financial\bsns_year=2017\reprt_code=11011\fs_div=OFS\086280_00360595.json
현대글로비스,086280,00360595,KOSPI,운송장비부품,2017,반기보고서,11012,CFS,연결재무제표,000,정상,140,data\raw\opendart_financial\bsns_year=2017\reprt_code=11012\fs_div=CFS\086280_00360595.json
현대글로비스,086280,00360595,KOSPI,운송장비부품,2017,반기보고서,11012,OFS,별도재무제표,000,정상,102,data\raw\opendart_financial\bsns_year=2017\reprt_code=11012\fs_div=OFS\086280_00360595.json
현대글로비스,086280,00360595,KOSPI,운송장비부품,2017,분기보고서_1분기,11013,CFS,연결재무제표,000,정상,148,data\raw\opendart_financial\bsns_year=2017\reprt_code=11013\fs_div=CFS\086280_00360595.json
현대글로비스,086280,00360595,KOSPI,운송장비부품,2017,분기보고서_1분기,11013,OFS,별도재무제표,000,정상,104,data\raw\opendart_financial\bsns_year=2017\reprt_code=11013\fs_div=OFS\086280_00360595.json
현대글로비스,086280,00360595,KOSPI,운송장비부품,2017,분기보고서_3분기,11014,CFS,연결재무제표,000,정상,145,data\raw\opendart_financial\bsns_year=2017\reprt_code=11014\fs_div=CFS\086280_00360595.json
현대글로비스,086280,00360595,KOSPI,운송장비부품,2017,분기보고서_3분기,11014,OFS,별도재무제표,000,정상,106,data\raw\opendart_financial\bsns_year=2017\reprt_code=11014\fs_div=OFS\086280_00360595.json
현대글로비스,086280,00360595,KOSPI,운송장비부품,2018,사업보고서,11011,CFS,연결재무제표,000,정상,169,data\raw\opendart_financial\bsns_year=2018\reprt_code=11011\fs_div=CFS\086280_00360595.json
현대글로비스,086280,00360595,KOSPI,운송장비부품,2018,사업보고서,11011,OFS,별도재무제표,000,정상,120,data\raw\opendart_financial\bsns_year=2018\reprt_code=11011\fs_div=OFS\086280_00360595.json
현대글로비스,086280,00360595,KOSPI,운송장비부품,2018,반기보고서,11012,CFS,연결재무제표,000,정상,163,data\raw\opendart_financial\bsns_year=2018\reprt_code=11012\fs_div=CFS\086280_00360595.json
현대글로비스,086280,00360595,KOSPI,운송장비부품,2018,반기보고서,11012,OFS,별도재무제표,000,정상,116,data\raw\opendart_financial\bsns_year=2018\reprt_code=11012\fs_div=OFS\086280_00360595.json
현대글로비스,086280,00360595,KOSPI,운송장비부품,2018,분기보고서_1분기,11013,CFS,연결재무제표,000,정상,164,data\raw\opendart_financial\bsns_year=2018\reprt_code=11013\fs_div=CFS\086280_00360595.json
현대글로비스,086280,00360595,KOSPI,운송장비부품,2018,분기보고서_1분기,11013,OFS,별도재무제표,000,정상,116,data\raw\opendart_financial\bsns_year=2018\reprt_code=11013\fs_div=OFS\086280_00360595.json
현대글로비스,086280,00360595,KOSPI,운송장비부품,2018,분기보고서_3분기,11014,CFS,연결재무제표,000,정상,162,data\raw\opendart_financial\bsns_year=2018\reprt_code=11014\fs_div=CFS\086280_00360595.json
현대글로비스,086280,00360595,KOSPI,운송장비부품,2018,분기보고서_3분기,11014,OFS,별도재무제표,000,정상,116,data\raw\opendart_financial\bsns_year=2018\reprt_code=11014\fs_div=OFS\086280_00360595.json
현대글로비스,086280,00360595,KOSPI,운송장비부품,2019,사업보고서,11011,CFS,연결재무제표,000,정상,167,data\raw\opendart_financial\bsns_year=2019\reprt_code=11011\fs_div=CFS\086280_00360595.json
현대글로비스,086280,00360595,KOSPI,운송장비부품,2019,사업보고서,11011,OFS,별도재무제표,000,정상,123,data\raw\opendart_financial\bsns_year=2019\reprt_code=11011\fs_div=OFS\086280_00360595.json
현대글로비스,086280,00360595,KOSPI,운송장비부품,2019,반기보고서,11012,CFS,연결재무제표,000,정상,159,data\raw\opendart_financial\bsns_year=2019\reprt_code=11012\fs_div=CFS\086280_00360595.json
현대글로비스,086280,00360595,KOSPI,운송장비부품,2019,반기보고서,11012,OFS,별도재무제표,000,정상,116,data\raw\opendart_financial\bsns_year=2019\reprt_code=11012\fs_div=OFS\086280_00360595.json
현대글로비스,086280,00360595,KOSPI,운송장비부품,2019,분기보고서_1분기,11013,CFS,연결재무제표,000,정상,156,data\raw\opendart_financial\bsns_year=2019\reprt_code=11013\fs_div=CFS\086280_00360595.json
현대글로비스,086280,00360595,KOSPI,운송장비부품,2019,분기보고서_1분기,11013,OFS,별도재무제표,000,정상,103,data\raw\opendart_financial\bsns_year=2019\reprt_code=11013\fs_div=OFS\086280_00360595.json
현대글로비스,086280,00360595,KOSPI,운송장비부품,2019,분기보고서_3분기,11014,CFS,연결재무제표,000,정상,156,data\raw\opendart_financial\bsns_year=2019\reprt_code=11014\fs_div=CFS\086280_00360595.json
현대글로비스,086280,00360595,KOSPI,운송장비부품,2019,분기보고서_3분기,11014,OFS,별도재무제표,000,정상,116,data\raw\opendart_financial\bsns_year=2019\reprt_code=11014\fs_div=OFS\086280_00360595.json
현대글로비스,086280,00360595,KOSPI,운송장비부품,2020,사업보고서,11011,CFS,연결재무제표,000,정상,163,data\raw\opendart_financial\bsns_year=2020\reprt_code=11011\fs_div=CFS\086280_00360595.json
현대글로비스,086280,00360595,KOSPI,운송장비부품,2020,사업보고서,11011,OFS,별도재무제표,000,정상,125,data\raw\opendart_financial\bsns_year=2020\reprt_code=11011\fs_div=OFS\086280_00360595.json
현대글로비스,086280,00360595,KOSPI,운송장비부품,2020,반기보고서,11012,CFS,연결재무제표,000,정상,150,data\raw\opendart_financial\bsns_year=2020\reprt_code=11012\fs_div=CFS\086280_00360595.json
현대글로비스,086280,00360595,KOSPI,운송장비부품,2020,반기보고서,11012,OFS,별도재무제표,000,정상,112,data\raw\opendart_financial\bsns_year=2020\reprt_code=11012\fs_div=OFS\086280_00360595.json
현대글로비스,086280,00360595,KOSPI,운송장비부품,2020,분기보고서_1분기,11013,CFS,연결재무제표,000,정상,146,data\raw\opendart_financial\bsns_year=2020\reprt_code=11013\fs_div=CFS\086280_00360595.json
현대글로비스,086280,00360595,KOSPI,운송장비부품,2020,분기보고서_1분기,11013,OFS,별도재무제표,000,정상,111,data\raw\opendart_financial\bsns_year=2020\reprt_code=11013\fs_div=OFS\086280_00360595.json
현대글로비스,086280,00360595,KOSPI,운송장비부품,2020,분기보고서_3분기,11014,CFS,연결재무제표,000,정상,147,data\raw\opendart_financial\bsns_year=2020\reprt_code=11014\fs_div=CFS\086280_00360595.json
현대글로비스,086280,00360595,KOSPI,운송장비부품,2020,분기보고서_3분기,11014,OFS,별도재무제표,000,정상,112,data\raw\opendart_financial\bsns_year=2020\reprt_code=11014\fs_div=OFS\086280_00360595.json
현대글로비스,086280,00360595,KOSPI,운송장비부품,2021,사업보고서,11011,CFS,연결재무제표,000,정상,160,data\raw\opendart_financial\bsns_year=2021\reprt_code=11011\fs_div=CFS\086280_00360595.json
현대글로비스,086280,00360595,KOSPI,운송장비부품,2021,사업보고서,11011,OFS,별도재무제표,000,정상,123,data\raw\opendart_financial\bsns_year=2021\reprt_code=11011\fs_div=OFS\086280_00360595.json
현대글로비스,086280,00360595,KOSPI,운송장비부품,2021,반기보고서,11012,CFS,연결재무제표,000,정상,157,data\raw\opendart_financial\bsns_year=2021\reprt_code=11012\fs_div=CFS\086280_00360595.json
현대글로비스,086280,00360595,KOSPI,운송장비부품,2021,반기보고서,11012,OFS,별도재무제표,000,정상,113,data\raw\opendart_financial\bsns_year=2021\reprt_code=11012\fs_div=OFS\086280_00360595.json
현대글로비스,086280,00360595,KOSPI,운송장비부품,2021,분기보고서_1분기,11013,CFS,연결재무제표,000,정상,149,data\raw\opendart_financial\bsns_year=2021\reprt_code=11013\fs_div=CFS\086280_00360595.json
현대글로비스,086280,00360595,KOSPI,운송장비부품,2021,분기보고서_1분기,11013,OFS,별도재무제표,000,정상,111,data\raw\opendart_financial\bsns_year=2021\reprt_code=11013\fs_div=OFS\086280_00360595.json
현대글로비스,086280,00360595,KOSPI,운송장비부품,2021,분기보고서_3분기,11014,CFS,연결재무제표,000,정상,155,data\raw\opendart_financial\bsns_year=2021\reprt_code=11014\fs_div=CFS\086280_00360595.json
현대글로비스,086280,00360595,KOSPI,운송장비부품,2021,분기보고서_3분기,11014,OFS,별도재무제표,000,정상,113,data\raw\opendart_financial\bsns_year=2021\reprt_code=11014\fs_div=OFS\086280_00360595.json
현대글로비스,086280,00360595,KOSPI,운송장비부품,2022,사업보고서,11011,CFS,연결재무제표,000,정상,164,data\raw\opendart_financial\bsns_year=2022\reprt_code=11011\fs_div=CFS\086280_00360595.json
현대글로비스,086280,00360595,KOSPI,운송장비부품,2022,사업보고서,11011,OFS,별도재무제표,000,정상,121,data\raw\opendart_financial\bsns_year=2022\reprt_code=11011\fs_div=OFS\086280_00360595.json
현대글로비스,086280,00360595,KOSPI,운송장비부품,2022,반기보고서,11012,CFS,연결재무제표,000,정상,162,data\raw\opendart_financial\bsns_year=2022\reprt_code=11012\fs_div=CFS\086280_00360595.json
현대글로비스,086280,00360595,KOSPI,운송장비부품,2022,반기보고서,11012,OFS,별도재무제표,000,정상,117,data\raw\opendart_financial\bsns_year=2022\reprt_code=11012\fs_div=OFS\086280_00360595.json
현대글로비스,086280,00360595,KOSPI,운송장비부품,2022,분기보고서_1분기,11013,CFS,연결재무제표,000,정상,150,data\raw\opendart_financial\bsns_year=2022\reprt_code=11013\fs_div=CFS\086280_00360595.json
현대글로비스,086280,00360595,KOSPI,운송장비부품,2022,분기보고서_1분기,11013,OFS,별도재무제표,000,정상,112,data\raw\opendart_financial\bsns_year=2022\reprt_code=11013\fs_div=OFS\086280_00360595.json
현대글로비스,086280,00360595,KOSPI,운송장비부품,2022,분기보고서_3분기,11014,CFS,연결재무제표,000,정상,162,data\raw\opendart_financial\bsns_year=2022\reprt_code=11014\fs_div=CFS\086280_00360595.json
현대글로비스,086280,00360595,KOSPI,운송장비부품,2022,분기보고서_3분기,11014,OFS,별도재무제표,000,정상,117,data\raw\opendart_financial\bsns_year=2022\reprt_code=11014\fs_div=OFS\086280_00360595.json
현대글로비스,086280,00360595,KOSPI,운송장비부품,2023,사업보고서,11011,CFS,연결재무제표,000,정상,173,data\raw\opendart_financial\bsns_year=2023\reprt_code=11011\fs_div=CFS\086280_00360595.json
현대글로비스,086280,00360595,KOSPI,운송장비부품,2023,사업보고서,11011,OFS,별도재무제표,000,정상,121,data\raw\opendart_financial\bsns_year=2023\reprt_code=11011\fs_div=OFS\086280_00360595.json
현대글로비스,086280,00360595,KOSPI,운송장비부품,2023,반기보고서,11012,CFS,연결재무제표,000,정상,158,data\raw\opendart_financial\bsns_year=2023\reprt_code=11012\fs_div=CFS\086280_00360595.json
현대글로비스,086280,00360595,KOSPI,운송장비부품,2023,반기보고서,11012,OFS,별도재무제표,000,정상,119,data\raw\opendart_financial\bsns_year=2023\reprt_code=11012\fs_div=OFS\086280_00360595.json
현대글로비스,086280,00360595,KOSPI,운송장비부품,2023,분기보고서_1분기,11013,CFS,연결재무제표,000,정상,153,data\raw\opendart_financial\bsns_year=2023\reprt_code=11013\fs_div=CFS\086280_00360595.json
현대글로비스,086280,00360595,KOSPI,운송장비부품,2023,분기보고서_1분기,11013,OFS,별도재무제표,000,정상,115,data\raw\opendart_financial\bsns_year=2023\reprt_code=11013\fs_div=OFS\086280_00360595.json
현대글로비스,086280,00360595,KOSPI,운송장비부품,2023,분기보고서_3분기,11014,CFS,연결재무제표,000,정상,164,data\raw\opendart_financial\bsns_year=2023\reprt_code=11014\fs_div=CFS\086280_00360595.json
현대글로비스,086280,00360595,KOSPI,운송장비부품,2023,분기보고서_3분기,11014,OFS,별도재무제표,000,정상,119,data\raw\opendart_financial\bsns_year=2023\reprt_code=11014\fs_div=OFS\086280_00360595.json
현대글로비스,086280,00360595,KOSPI,운송장비부품,2024,사업보고서,11011,CFS,연결재무제표,000,정상,183,data\raw\opendart_financial\bsns_year=2024\reprt_code=11011\fs_div=CFS\086280_00360595.json
현대글로비스,086280,00360595,KOSPI,운송장비부품,2024,사업보고서,11011,OFS,별도재무제표,000,정상,126,data\raw\opendart_financial\bsns_year=2024\reprt_code=11011\fs_div=OFS\086280_00360595.json
현대글로비스,086280,00360595,KOSPI,운송장비부품,2024,반기보고서,11012,CFS,연결재무제표,000,정상,161,data\raw\opendart_financial\bsns_year=2024\reprt_code=11012\fs_div=CFS\086280_00360595.json
현대글로비스,086280,00360595,KOSPI,운송장비부품,2024,반기보고서,11012,OFS,별도재무제표,000,정상,133,data\raw\opendart_financial\bsns_year=2024\reprt_code=11012\fs_div=OFS\086280_00360595.json
현대글로비스,086280,00360595,KOSPI,운송장비부품,2024,분기보고서_1분기,11013,CFS,연결재무제표,000,정상,157,data\raw\opendart_financial\bsns_year=2024\reprt_code=11013\fs_div=CFS\086280_00360595.json
현대글로비스,086280,00360595,KOSPI,운송장비부품,2024,분기보고서_1분기,11013,OFS,별도재무제표,000,정상,117,data\raw\opendart_financial\bsns_year=2024\reprt_code=11013\fs_div=OFS\086280_00360595.json
현대글로비스,086280,00360595,KOSPI,운송장비부품,2024,분기보고서_3분기,11014,CFS,연결재무제표,000,정상,207,data\raw\opendart_financial\bsns_year=2024\reprt_code=11014\fs_div=CFS\086280_00360595.json
현대글로비스,086280,00360595,KOSPI,운송장비부품,2024,분기보고서_3분기,11014,OFS,별도재무제표,000,정상,141,data\raw\opendart_financial\bsns_year=2024\reprt_code=11014\fs_div=OFS\086280_00360595.json
현대글로비스,086280,00360595,KOSPI,운송장비부품,2025,사업보고서,11011,CFS,연결재무제표,000,정상,191,data\raw\opendart_financial\bsns_year=2025\reprt_code=11011\fs_div=CFS\086280_00360595.json
현대글로비스,086280,00360595,KOSPI,운송장비부품,2025,사업보고서,11011,OFS,별도재무제표,000,정상,128,data\raw\opendart_financial\bsns_year=2025\reprt_code=11011\fs_div=OFS\086280_00360595.json
현대글로비스,086280,00360595,KOSPI,운송장비부품,2025,반기보고서,11012,CFS,연결재무제표,000,정상,170,data\raw\opendart_financial\bsns_year=2025\reprt_code=11012\fs_div=CFS\086280_00360595.json
현대글로비스,086280,00360595,KOSPI,운송장비부품,2025,반기보고서,11012,OFS,별도재무제표,000,정상,135,data\raw\opendart_financial\bsns_year=2025\reprt_code=11012\fs_div=OFS\086280_00360595.json
현대글로비스,086280,00360595,KOSPI,운송장비부품,2025,분기보고서_1분기,11013,CFS,연결재무제표,000,정상,163,data\raw\opendart_financial\bsns_year=2025\reprt_code=11013\fs_div=CFS\086280_00360595.json
현대글로비스,086280,00360595,KOSPI,운송장비부품,2025,분기보고서_1분기,11013,OFS,별도재무제표,000,정상,133,data\raw\opendart_financial\bsns_year=2025\reprt_code=11013\fs_div=OFS\086280_00360595.json
현대글로비스,086280,00360595,KOSPI,운송장비부품,2025,분기보고서_3분기,11014,CFS,연결재무제표,000,정상,177,data\raw\opendart_financial\bsns_year=2025\reprt_code=11014\fs_div=CFS\086280_00360595.json
현대글로비스,086280,00360595,KOSPI,운송장비부품,2025,분기보고서_3분기,11014,OFS,별도재무제표,000,정상,148,data\raw\opendart_financial\bsns_year=2025\reprt_code=11014\fs_div=OFS\086280_00360595.json
HL만도,204320,01042775,KOSPI,운송장비부품,2017,사업보고서,11011,CFS,연결재무제표,000,정상,213,data\raw\opendart_financial\bsns_year=2017\reprt_code=11011\fs_div=CFS\204320_01042775.json
HL만도,204320,01042775,KOSPI,운송장비부품,2017,사업보고서,11011,OFS,별도재무제표,000,정상,156,data\raw\opendart_financial\bsns_year=2017\reprt_code=11011\fs_div=OFS\204320_01042775.json
HL만도,204320,01042775,KOSPI,운송장비부품,2017,반기보고서,11012,CFS,연결재무제표,000,정상,148,data\raw\opendart_financial\bsns_year=2017\reprt_code=11012\fs_div=CFS\204320_01042775.json
HL만도,204320,01042775,KOSPI,운송장비부품,2017,반기보고서,11012,OFS,별도재무제표,000,정상,121,data\raw\opendart_financial\bsns_year=2017\reprt_code=11012\fs_div=OFS\204320_01042775.json
HL만도,204320,01042775,KOSPI,운송장비부품,2017,분기보고서_1분기,11013,CFS,연결재무제표,000,정상,213,data\raw\opendart_financial\bsns_year=2017\reprt_code=11013\fs_div=CFS\204320_01042775.json
HL만도,204320,01042775,KOSPI,운송장비부품,2017,분기보고서_1분기,11013,OFS,별도재무제표,000,정상,156,data\raw\opendart_financial\bsns_year=2017\reprt_code=11013\fs_div=OFS\204320_01042775.json
HL만도,204320,01042775,KOSPI,운송장비부품,2017,분기보고서_3분기,11014,CFS,연결재무제표,000,정상,193,data\raw\opendart_financial\bsns_year=2017\reprt_code=11014\fs_div=CFS\204320_01042775.json
HL만도,204320,01042775,KOSPI,운송장비부품,2017,분기보고서_3분기,11014,OFS,별도재무제표,000,정상,149,data\raw\opendart_financial\bsns_year=2017\reprt_code=11014\fs_div=OFS\204320_01042775.json
HL만도,204320,01042775,KOSPI,운송장비부품,2018,사업보고서,11011,CFS,연결재무제표,000,정상,239,data\raw\opendart_financial\bsns_year=2018\reprt_code=11011\fs_div=CFS\204320_01042775.json
HL만도,204320,01042775,KOSPI,운송장비부품,2018,사업보고서,11011,OFS,별도재무제표,000,정상,177,data\raw\opendart_financial\bsns_year=2018\reprt_code=11011\fs_div=OFS\204320_01042775.json
HL만도,204320,01042775,KOSPI,운송장비부품,2018,반기보고서,11012,CFS,연결재무제표,000,정상,206,data\raw\opendart_financial\bsns_year=2018\reprt_code=11012\fs_div=CFS\204320_01042775.json
HL만도,204320,01042775,KOSPI,운송장비부품,2018,반기보고서,11012,OFS,별도재무제표,000,정상,155,data\raw\opendart_financial\bsns_year=2018\reprt_code=11012\fs_div=OFS\204320_01042775.json
HL만도,204320,01042775,KOSPI,운송장비부품,2018,분기보고서_1분기,11013,CFS,연결재무제표,000,정상,211,data\raw\opendart_financial\bsns_year=2018\reprt_code=11013\fs_div=CFS\204320_01042775.json
HL만도,204320,01042775,KOSPI,운송장비부품,2018,분기보고서_1분기,11013,OFS,별도재무제표,000,정상,158,data\raw\opendart_financial\bsns_year=2018\reprt_code=11013\fs_div=OFS\204320_01042775.json
HL만도,204320,01042775,KOSPI,운송장비부품,2018,분기보고서_3분기,11014,CFS,연결재무제표,000,정상,209,data\raw\opendart_financial\bsns_year=2018\reprt_code=11014\fs_div=CFS\204320_01042775.json
HL만도,204320,01042775,KOSPI,운송장비부품,2018,분기보고서_3분기,11014,OFS,별도재무제표,000,정상,161,data\raw\opendart_financial\bsns_year=2018\reprt_code=11014\fs_div=OFS\204320_01042775.json
HL만도,204320,01042775,KOSPI,운송장비부품,2019,사업보고서,11011,CFS,연결재무제표,000,정상,228,data\raw\opendart_financial\bsns_year=2019\reprt_code=11011\fs_div=CFS\204320_01042775.json
HL만도,204320,01042775,KOSPI,운송장비부품,2019,사업보고서,11011,OFS,별도재무제표,000,정상,172,data\raw\opendart_financial\bsns_year=2019\reprt_code=11011\fs_div=OFS\204320_01042775.json
HL만도,204320,01042775,KOSPI,운송장비부품,2019,반기보고서,11012,CFS,연결재무제표,000,정상,199,data\raw\opendart_financial\bsns_year=2019\reprt_code=11012\fs_div=CFS\204320_01042775.json
HL만도,204320,01042775,KOSPI,운송장비부품,2019,반기보고서,11012,OFS,별도재무제표,000,정상,152,data\raw\opendart_financial\bsns_year=2019\reprt_code=11012\fs_div=OFS\204320_01042775.json
HL만도,204320,01042775,KOSPI,운송장비부품,2019,분기보고서_1분기,11013,CFS,연결재무제표,000,정상,195,data\raw\opendart_financial\bsns_year=2019\reprt_code=11013\fs_div=CFS\204320_01042775.json
HL만도,204320,01042775,KOSPI,운송장비부품,2019,분기보고서_1분기,11013,OFS,별도재무제표,000,정상,150,data\raw\opendart_financial\bsns_year=2019\reprt_code=11013\fs_div=OFS\204320_01042775.json
HL만도,204320,01042775,KOSPI,운송장비부품,2019,분기보고서_3분기,11014,CFS,연결재무제표,000,정상,202,data\raw\opendart_financial\bsns_year=2019\reprt_code=11014\fs_div=CFS\204320_01042775.json
HL만도,204320,01042775,KOSPI,운송장비부품,2019,분기보고서_3분기,11014,OFS,별도재무제표,000,정상,152,data\raw\opendart_financial\bsns_year=2019\reprt_code=11014\fs_div=OFS\204320_01042775.json
HL만도,204320,01042775,KOSPI,운송장비부품,2020,사업보고서,11011,CFS,연결재무제표,000,정상,242,data\raw\opendart_financial\bsns_year=2020\reprt_code=11011\fs_div=CFS\204320_01042775.json
HL만도,204320,01042775,KOSPI,운송장비부품,2020,사업보고서,11011,OFS,별도재무제표,000,정상,182,data\raw\opendart_financial\bsns_year=2020\reprt_code=11011\fs_div=OFS\204320_01042775.json
HL만도,204320,01042775,KOSPI,운송장비부품,2020,반기보고서,11012,CFS,연결재무제표,000,정상,205,data\raw\opendart_financial\bsns_year=2020\reprt_code=11012\fs_div=CFS\204320_01042775.json
HL만도,204320,01042775,KOSPI,운송장비부품,2020,반기보고서,11012,OFS,별도재무제표,000,정상,156,data\raw\opendart_financial\bsns_year=2020\reprt_code=11012\fs_div=OFS\204320_01042775.json
HL만도,204320,01042775,KOSPI,운송장비부품,2020,분기보고서_1분기,11013,CFS,연결재무제표,000,정상,200,data\raw\opendart_financial\bsns_year=2020\reprt_code=11013\fs_div=CFS\204320_01042775.json
HL만도,204320,01042775,KOSPI,운송장비부품,2020,분기보고서_1분기,11013,OFS,별도재무제표,000,정상,154,data\raw\opendart_financial\bsns_year=2020\reprt_code=11013\fs_div=OFS\204320_01042775.json
HL만도,204320,01042775,KOSPI,운송장비부품,2020,분기보고서_3분기,11014,CFS,연결재무제표,000,정상,223,data\raw\opendart_financial\bsns_year=2020\reprt_code=11014\fs_div=CFS\204320_01042775.json
HL만도,204320,01042775,KOSPI,운송장비부품,2020,분기보고서_3분기,11014,OFS,별도재무제표,000,정상,168,data\raw\opendart_financial\bsns_year=2020\reprt_code=11014\fs_div=OFS\204320_01042775.json
HL만도,204320,01042775,KOSPI,운송장비부품,2021,사업보고서,11011,CFS,연결재무제표,000,정상,252,data\raw\opendart_financial\bsns_year=2021\reprt_code=11011\fs_div=CFS\204320_01042775.json
HL만도,204320,01042775,KOSPI,운송장비부품,2021,사업보고서,11011,OFS,별도재무제표,000,정상,186,data\raw\opendart_financial\bsns_year=2021\reprt_code=11011\fs_div=OFS\204320_01042775.json
HL만도,204320,01042775,KOSPI,운송장비부품,2021,반기보고서,11012,CFS,연결재무제표,000,정상,208,data\raw\opendart_financial\bsns_year=2021\reprt_code=11012\fs_div=CFS\204320_01042775.json
HL만도,204320,01042775,KOSPI,운송장비부품,2021,반기보고서,11012,OFS,별도재무제표,000,정상,157,data\raw\opendart_financial\bsns_year=2021\reprt_code=11012\fs_div=OFS\204320_01042775.json
HL만도,204320,01042775,KOSPI,운송장비부품,2021,분기보고서_1분기,11013,CFS,연결재무제표,000,정상,207,data\raw\opendart_financial\bsns_year=2021\reprt_code=11013\fs_div=CFS\204320_01042775.json
HL만도,204320,01042775,KOSPI,운송장비부품,2021,분기보고서_1분기,11013,OFS,별도재무제표,000,정상,155,data\raw\opendart_financial\bsns_year=2021\reprt_code=11013\fs_div=OFS\204320_01042775.json
HL만도,204320,01042775,KOSPI,운송장비부품,2021,분기보고서_3분기,11014,CFS,연결재무제표,000,정상,236,data\raw\opendart_financial\bsns_year=2021\reprt_code=11014\fs_div=CFS\204320_01042775.json
HL만도,204320,01042775,KOSPI,운송장비부품,2021,분기보고서_3분기,11014,OFS,별도재무제표,000,정상,178,data\raw\opendart_financial\bsns_year=2021\reprt_code=11014\fs_div=OFS\204320_01042775.json
HL만도,204320,01042775,KOSPI,운송장비부품,2022,사업보고서,11011,CFS,연결재무제표,000,정상,265,data\raw\opendart_financial\bsns_year=2022\reprt_code=11011\fs_div=CFS\204320_01042775.json
HL만도,204320,01042775,KOSPI,운송장비부품,2022,사업보고서,11011,OFS,별도재무제표,000,정상,207,data\raw\opendart_financial\bsns_year=2022\reprt_code=11011\fs_div=OFS\204320_01042775.json
HL만도,204320,01042775,KOSPI,운송장비부품,2022,반기보고서,11012,CFS,연결재무제표,000,정상,201,data\raw\opendart_financial\bsns_year=2022\reprt_code=11012\fs_div=CFS\204320_01042775.json
HL만도,204320,01042775,KOSPI,운송장비부품,2022,반기보고서,11012,OFS,별도재무제표,000,정상,149,data\raw\opendart_financial\bsns_year=2022\reprt_code=11012\fs_div=OFS\204320_01042775.json
HL만도,204320,01042775,KOSPI,운송장비부품,2022,분기보고서_1분기,11013,CFS,연결재무제표,000,정상,186,data\raw\opendart_financial\bsns_year=2022\reprt_code=11013\fs_div=CFS\204320_01042775.json
HL만도,204320,01042775,KOSPI,운송장비부품,2022,분기보고서_1분기,11013,OFS,별도재무제표,000,정상,136,data\raw\opendart_financial\bsns_year=2022\reprt_code=11013\fs_div=OFS\204320_01042775.json
HL만도,204320,01042775,KOSPI,운송장비부품,2022,분기보고서_3분기,11014,CFS,연결재무제표,000,정상,228,data\raw\opendart_financial\bsns_year=2022\reprt_code=11014\fs_div=CFS\204320_01042775.json
HL만도,204320,01042775,KOSPI,운송장비부품,2022,분기보고서_3분기,11014,OFS,별도재무제표,000,정상,175,data\raw\opendart_financial\bsns_year=2022\reprt_code=11014\fs_div=OFS\204320_01042775.json
HL만도,204320,01042775,KOSPI,운송장비부품,2023,사업보고서,11011,CFS,연결재무제표,000,정상,269,data\raw\opendart_financial\bsns_year=2023\reprt_code=11011\fs_div=CFS\204320_01042775.json
HL만도,204320,01042775,KOSPI,운송장비부품,2023,사업보고서,11011,OFS,별도재무제표,000,정상,187,data\raw\opendart_financial\bsns_year=2023\reprt_code=11011\fs_div=OFS\204320_01042775.json
HL만도,204320,01042775,KOSPI,운송장비부품,2023,반기보고서,11012,CFS,연결재무제표,000,정상,216,data\raw\opendart_financial\bsns_year=2023\reprt_code=11012\fs_div=CFS\204320_01042775.json
HL만도,204320,01042775,KOSPI,운송장비부품,2023,반기보고서,11012,OFS,별도재무제표,000,정상,147,data\raw\opendart_financial\bsns_year=2023\reprt_code=11012\fs_div=OFS\204320_01042775.json
HL만도,204320,01042775,KOSPI,운송장비부품,2023,분기보고서_1분기,11013,CFS,연결재무제표,000,정상,197,data\raw\opendart_financial\bsns_year=2023\reprt_code=11013\fs_div=CFS\204320_01042775.json
HL만도,204320,01042775,KOSPI,운송장비부품,2023,분기보고서_1분기,11013,OFS,별도재무제표,000,정상,132,data\raw\opendart_financial\bsns_year=2023\reprt_code=11013\fs_div=OFS\204320_01042775.json
HL만도,204320,01042775,KOSPI,운송장비부품,2023,분기보고서_3분기,11014,CFS,연결재무제표,000,정상,242,data\raw\opendart_financial\bsns_year=2023\reprt_code=11014\fs_div=CFS\204320_01042775.json
HL만도,204320,01042775,KOSPI,운송장비부품,2023,분기보고서_3분기,11014,OFS,별도재무제표,000,정상,164,data\raw\opendart_financial\bsns_year=2023\reprt_code=11014\fs_div=OFS\204320_01042775.json
HL만도,204320,01042775,KOSPI,운송장비부품,2024,사업보고서,11011,CFS,연결재무제표,000,정상,278,data\raw\opendart_financial\bsns_year=2024\reprt_code=11011\fs_div=CFS\204320_01042775.json
HL만도,204320,01042775,KOSPI,운송장비부품,2024,사업보고서,11011,OFS,별도재무제표,000,정상,197,data\raw\opendart_financial\bsns_year=2024\reprt_code=11011\fs_div=OFS\204320_01042775.json
HL만도,204320,01042775,KOSPI,운송장비부품,2024,반기보고서,11012,CFS,연결재무제표,000,정상,223,data\raw\opendart_financial\bsns_year=2024\reprt_code=11012\fs_div=CFS\204320_01042775.json
HL만도,204320,01042775,KOSPI,운송장비부품,2024,반기보고서,11012,OFS,별도재무제표,000,정상,149,data\raw\opendart_financial\bsns_year=2024\reprt_code=11012\fs_div=OFS\204320_01042775.json
HL만도,204320,01042775,KOSPI,운송장비부품,2024,분기보고서_1분기,11013,CFS,연결재무제표,000,정상,208,data\raw\opendart_financial\bsns_year=2024\reprt_code=11013\fs_div=CFS\204320_01042775.json
HL만도,204320,01042775,KOSPI,운송장비부품,2024,분기보고서_1분기,11013,OFS,별도재무제표,000,정상,145,data\raw\opendart_financial\bsns_year=2024\reprt_code=11013\fs_div=OFS\204320_01042775.json
HL만도,204320,01042775,KOSPI,운송장비부품,2024,분기보고서_3분기,11014,CFS,연결재무제표,000,정상,240,data\raw\opendart_financial\bsns_year=2024\reprt_code=11014\fs_div=CFS\204320_01042775.json
HL만도,204320,01042775,KOSPI,운송장비부품,2024,분기보고서_3분기,11014,OFS,별도재무제표,000,정상,157,data\raw\opendart_financial\bsns_year=2024\reprt_code=11014\fs_div=OFS\204320_01042775.json
HL만도,204320,01042775,KOSPI,운송장비부품,2025,사업보고서,11011,CFS,연결재무제표,000,정상,288,data\raw\opendart_financial\bsns_year=2025\reprt_code=11011\fs_div=CFS\204320_01042775.json
HL만도,204320,01042775,KOSPI,운송장비부품,2025,사업보고서,11011,OFS,별도재무제표,000,정상,202,data\raw\opendart_financial\bsns_year=2025\reprt_code=11011\fs_div=OFS\204320_01042775.json
HL만도,204320,01042775,KOSPI,운송장비부품,2025,반기보고서,11012,CFS,연결재무제표,000,정상,236,data\raw\opendart_financial\bsns_year=2025\reprt_code=11012\fs_div=CFS\204320_01042775.json
HL만도,204320,01042775,KOSPI,운송장비부품,2025,반기보고서,11012,OFS,별도재무제표,000,정상,152,data\raw\opendart_financial\bsns_year=2025\reprt_code=11012\fs_div=OFS\204320_01042775.json
HL만도,204320,01042775,KOSPI,운송장비부품,2025,분기보고서_1분기,11013,CFS,연결재무제표,000,정상,224,data\raw\opendart_financial\bsns_year=2025\reprt_code=11013\fs_div=CFS\204320_01042775.json
HL만도,204320,01042775,KOSPI,운송장비부품,2025,분기보고서_1분기,11013,OFS,별도재무제표,000,정상,149,data\raw\opendart_financial\bsns_year=2025\reprt_code=11013\fs_div=OFS\204320_01042775.json
HL만도,204320,01042775,KOSPI,운송장비부품,2025,분기보고서_3분기,11014,CFS,연결재무제표,000,정상,248,data\raw\opendart_financial\bsns_year=2025\reprt_code=11014\fs_div=CFS\204320_01042775.json
HL만도,204320,01042775,KOSPI,운송장비부품,2025,분기보고서_3분기,11014,OFS,별도재무제표,000,정상,168,data\raw\opendart_financial\bsns_year=2025\reprt_code=11014\fs_div=OFS\204320_01042775.json
POSCO홀딩스,005490,00155319,KOSPI,소재화학,2017,사업보고서,11011,CFS,연결재무제표,000,정상,190,data\raw\opendart_financial\bsns_year=2017\reprt_code=11011\fs_div=CFS\005490_00155319.json
POSCO홀딩스,005490,00155319,KOSPI,소재화학,2017,사업보고서,11011,OFS,별도재무제표,000,정상,155,data\raw\opendart_financial\bsns_year=2017\reprt_code=11011\fs_div=OFS\005490_00155319.json
POSCO홀딩스,005490,00155319,KOSPI,소재화학,2017,반기보고서,11012,CFS,연결재무제표,000,정상,183,data\raw\opendart_financial\bsns_year=2017\reprt_code=11012\fs_div=CFS\005490_00155319.json
POSCO홀딩스,005490,00155319,KOSPI,소재화학,2017,반기보고서,11012,OFS,별도재무제표,000,정상,140,data\raw\opendart_financial\bsns_year=2017\reprt_code=11012\fs_div=OFS\005490_00155319.json
POSCO홀딩스,005490,00155319,KOSPI,소재화학,2017,분기보고서_1분기,11013,CFS,연결재무제표,000,정상,187,data\raw\opendart_financial\bsns_year=2017\reprt_code=11013\fs_div=CFS\005490_00155319.json
POSCO홀딩스,005490,00155319,KOSPI,소재화학,2017,분기보고서_1분기,11013,OFS,별도재무제표,000,정상,145,data\raw\opendart_financial\bsns_year=2017\reprt_code=11013\fs_div=OFS\005490_00155319.json
POSCO홀딩스,005490,00155319,KOSPI,소재화학,2017,분기보고서_3분기,11014,CFS,연결재무제표,000,정상,189,data\raw\opendart_financial\bsns_year=2017\reprt_code=11014\fs_div=CFS\005490_00155319.json
POSCO홀딩스,005490,00155319,KOSPI,소재화학,2017,분기보고서_3분기,11014,OFS,별도재무제표,000,정상,150,data\raw\opendart_financial\bsns_year=2017\reprt_code=11014\fs_div=OFS\005490_00155319.json
POSCO홀딩스,005490,00155319,KOSPI,소재화학,2018,사업보고서,11011,CFS,연결재무제표,000,정상,307,data\raw\opendart_financial\bsns_year=2018\reprt_code=11011\fs_div=CFS\005490_00155319.json
POSCO홀딩스,005490,00155319,KOSPI,소재화학,2018,사업보고서,11011,OFS,별도재무제표,000,정상,234,data\raw\opendart_financial\bsns_year=2018\reprt_code=11011\fs_div=OFS\005490_00155319.json
POSCO홀딩스,005490,00155319,KOSPI,소재화학,2018,반기보고서,11012,CFS,연결재무제표,000,정상,225,data\raw\opendart_financial\bsns_year=2018\reprt_code=11012\fs_div=CFS\005490_00155319.json
POSCO홀딩스,005490,00155319,KOSPI,소재화학,2018,반기보고서,11012,OFS,별도재무제표,000,정상,163,data\raw\opendart_financial\bsns_year=2018\reprt_code=11012\fs_div=OFS\005490_00155319.json
POSCO홀딩스,005490,00155319,KOSPI,소재화학,2018,분기보고서_1분기,11013,CFS,연결재무제표,000,정상,210,data\raw\opendart_financial\bsns_year=2018\reprt_code=11013\fs_div=CFS\005490_00155319.json
POSCO홀딩스,005490,00155319,KOSPI,소재화학,2018,분기보고서_1분기,11013,OFS,별도재무제표,000,정상,151,data\raw\opendart_financial\bsns_year=2018\reprt_code=11013\fs_div=OFS\005490_00155319.json
POSCO홀딩스,005490,00155319,KOSPI,소재화학,2018,분기보고서_3분기,11014,CFS,연결재무제표,000,정상,228,data\raw\opendart_financial\bsns_year=2018\reprt_code=11014\fs_div=CFS\005490_00155319.json
POSCO홀딩스,005490,00155319,KOSPI,소재화학,2018,분기보고서_3분기,11014,OFS,별도재무제표,000,정상,168,data\raw\opendart_financial\bsns_year=2018\reprt_code=11014\fs_div=OFS\005490_00155319.json
POSCO홀딩스,005490,00155319,KOSPI,소재화학,2019,사업보고서,11011,CFS,연결재무제표,000,정상,232,data\raw\opendart_financial\bsns_year=2019\reprt_code=11011\fs_div=CFS\005490_00155319.json
POSCO홀딩스,005490,00155319,KOSPI,소재화학,2019,사업보고서,11011,OFS,별도재무제표,000,정상,183,data\raw\opendart_financial\bsns_year=2019\reprt_code=11011\fs_div=OFS\005490_00155319.json
POSCO홀딩스,005490,00155319,KOSPI,소재화학,2019,반기보고서,11012,CFS,연결재무제표,000,정상,221,data\raw\opendart_financial\bsns_year=2019\reprt_code=11012\fs_div=CFS\005490_00155319.json
POSCO홀딩스,005490,00155319,KOSPI,소재화학,2019,반기보고서,11012,OFS,별도재무제표,000,정상,213,data\raw\opendart_financial\bsns_year=2019\reprt_code=11012\fs_div=OFS\005490_00155319.json
POSCO홀딩스,005490,00155319,KOSPI,소재화학,2019,분기보고서_1분기,11013,CFS,연결재무제표,000,정상,211,data\raw\opendart_financial\bsns_year=2019\reprt_code=11013\fs_div=CFS\005490_00155319.json
POSCO홀딩스,005490,00155319,KOSPI,소재화학,2019,분기보고서_1분기,11013,OFS,별도재무제표,000,정상,191,data\raw\opendart_financial\bsns_year=2019\reprt_code=11013\fs_div=OFS\005490_00155319.json
POSCO홀딩스,005490,00155319,KOSPI,소재화학,2019,분기보고서_3분기,11014,CFS,연결재무제표,000,정상,225,data\raw\opendart_financial\bsns_year=2019\reprt_code=11014\fs_div=CFS\005490_00155319.json
POSCO홀딩스,005490,00155319,KOSPI,소재화학,2019,분기보고서_3분기,11014,OFS,별도재무제표,000,정상,171,data\raw\opendart_financial\bsns_year=2019\reprt_code=11014\fs_div=OFS\005490_00155319.json
POSCO홀딩스,005490,00155319,KOSPI,소재화학,2020,사업보고서,11011,CFS,연결재무제표,000,정상,236,data\raw\opendart_financial\bsns_year=2020\reprt_code=11011\fs_div=CFS\005490_00155319.json
POSCO홀딩스,005490,00155319,KOSPI,소재화학,2020,사업보고서,11011,OFS,별도재무제표,000,정상,181,data\raw\opendart_financial\bsns_year=2020\reprt_code=11011\fs_div=OFS\005490_00155319.json
POSCO홀딩스,005490,00155319,KOSPI,소재화학,2020,반기보고서,11012,CFS,연결재무제표,000,정상,220,data\raw\opendart_financial\bsns_year=2020\reprt_code=11012\fs_div=CFS\005490_00155319.json
POSCO홀딩스,005490,00155319,KOSPI,소재화학,2020,반기보고서,11012,OFS,별도재무제표,000,정상,164,data\raw\opendart_financial\bsns_year=2020\reprt_code=11012\fs_div=OFS\005490_00155319.json
POSCO홀딩스,005490,00155319,KOSPI,소재화학,2020,분기보고서_1분기,11013,CFS,연결재무제표,000,정상,209,data\raw\opendart_financial\bsns_year=2020\reprt_code=11013\fs_div=CFS\005490_00155319.json
POSCO홀딩스,005490,00155319,KOSPI,소재화학,2020,분기보고서_1분기,11013,OFS,별도재무제표,000,정상,154,data\raw\opendart_financial\bsns_year=2020\reprt_code=11013\fs_div=OFS\005490_00155319.json
POSCO홀딩스,005490,00155319,KOSPI,소재화학,2020,분기보고서_3분기,11014,CFS,연결재무제표,000,정상,221,data\raw\opendart_financial\bsns_year=2020\reprt_code=11014\fs_div=CFS\005490_00155319.json
POSCO홀딩스,005490,00155319,KOSPI,소재화학,2020,분기보고서_3분기,11014,OFS,별도재무제표,000,정상,167,data\raw\opendart_financial\bsns_year=2020\reprt_code=11014\fs_div=OFS\005490_00155319.json
POSCO홀딩스,005490,00155319,KOSPI,소재화학,2021,사업보고서,11011,CFS,연결재무제표,000,정상,223,data\raw\opendart_financial\bsns_year=2021\reprt_code=11011\fs_div=CFS\005490_00155319.json
POSCO홀딩스,005490,00155319,KOSPI,소재화학,2021,사업보고서,11011,OFS,별도재무제표,000,정상,177,data\raw\opendart_financial\bsns_year=2021\reprt_code=11011\fs_div=OFS\005490_00155319.json
POSCO홀딩스,005490,00155319,KOSPI,소재화학,2021,반기보고서,11012,CFS,연결재무제표,000,정상,217,data\raw\opendart_financial\bsns_year=2021\reprt_code=11012\fs_div=CFS\005490_00155319.json
POSCO홀딩스,005490,00155319,KOSPI,소재화학,2021,반기보고서,11012,OFS,별도재무제표,000,정상,165,data\raw\opendart_financial\bsns_year=2021\reprt_code=11012\fs_div=OFS\005490_00155319.json
POSCO홀딩스,005490,00155319,KOSPI,소재화학,2021,분기보고서_1분기,11013,CFS,연결재무제표,000,정상,207,data\raw\opendart_financial\bsns_year=2021\reprt_code=11013\fs_div=CFS\005490_00155319.json
POSCO홀딩스,005490,00155319,KOSPI,소재화학,2021,분기보고서_1분기,11013,OFS,별도재무제표,000,정상,157,data\raw\opendart_financial\bsns_year=2021\reprt_code=11013\fs_div=OFS\005490_00155319.json
POSCO홀딩스,005490,00155319,KOSPI,소재화학,2021,분기보고서_3분기,11014,CFS,연결재무제표,000,정상,218,data\raw\opendart_financial\bsns_year=2021\reprt_code=11014\fs_div=CFS\005490_00155319.json
POSCO홀딩스,005490,00155319,KOSPI,소재화학,2021,분기보고서_3분기,11014,OFS,별도재무제표,000,정상,168,data\raw\opendart_financial\bsns_year=2021\reprt_code=11014\fs_div=OFS\005490_00155319.json
POSCO홀딩스,005490,00155319,KOSPI,소재화학,2022,사업보고서,11011,CFS,연결재무제표,000,정상,236,data\raw\opendart_financial\bsns_year=2022\reprt_code=11011\fs_div=CFS\005490_00155319.json
POSCO홀딩스,005490,00155319,KOSPI,소재화학,2022,사업보고서,11011,OFS,별도재무제표,000,정상,178,data\raw\opendart_financial\bsns_year=2022\reprt_code=11011\fs_div=OFS\005490_00155319.json
POSCO홀딩스,005490,00155319,KOSPI,소재화학,2022,반기보고서,11012,CFS,연결재무제표,000,정상,219,data\raw\opendart_financial\bsns_year=2022\reprt_code=11012\fs_div=CFS\005490_00155319.json
POSCO홀딩스,005490,00155319,KOSPI,소재화학,2022,반기보고서,11012,OFS,별도재무제표,000,정상,172,data\raw\opendart_financial\bsns_year=2022\reprt_code=11012\fs_div=OFS\005490_00155319.json
POSCO홀딩스,005490,00155319,KOSPI,소재화학,2022,분기보고서_1분기,11013,CFS,연결재무제표,000,정상,213,data\raw\opendart_financial\bsns_year=2022\reprt_code=11013\fs_div=CFS\005490_00155319.json
POSCO홀딩스,005490,00155319,KOSPI,소재화학,2022,분기보고서_1분기,11013,OFS,별도재무제표,000,정상,170,data\raw\opendart_financial\bsns_year=2022\reprt_code=11013\fs_div=OFS\005490_00155319.json
POSCO홀딩스,005490,00155319,KOSPI,소재화학,2022,분기보고서_3분기,11014,CFS,연결재무제표,000,정상,221,data\raw\opendart_financial\bsns_year=2022\reprt_code=11014\fs_div=CFS\005490_00155319.json
POSCO홀딩스,005490,00155319,KOSPI,소재화학,2022,분기보고서_3분기,11014,OFS,별도재무제표,000,정상,176,data\raw\opendart_financial\bsns_year=2022\reprt_code=11014\fs_div=OFS\005490_00155319.json
POSCO홀딩스,005490,00155319,KOSPI,소재화학,2023,사업보고서,11011,CFS,연결재무제표,000,정상,237,data\raw\opendart_financial\bsns_year=2023\reprt_code=11011\fs_div=CFS\005490_00155319.json
POSCO홀딩스,005490,00155319,KOSPI,소재화학,2023,사업보고서,11011,OFS,별도재무제표,000,정상,191,data\raw\opendart_financial\bsns_year=2023\reprt_code=11011\fs_div=OFS\005490_00155319.json
POSCO홀딩스,005490,00155319,KOSPI,소재화학,2023,반기보고서,11012,CFS,연결재무제표,000,정상,221,data\raw\opendart_financial\bsns_year=2023\reprt_code=11012\fs_div=CFS\005490_00155319.json
POSCO홀딩스,005490,00155319,KOSPI,소재화학,2023,반기보고서,11012,OFS,별도재무제표,000,정상,155,data\raw\opendart_financial\bsns_year=2023\reprt_code=11012\fs_div=OFS\005490_00155319.json
POSCO홀딩스,005490,00155319,KOSPI,소재화학,2023,분기보고서_1분기,11013,CFS,연결재무제표,000,정상,210,data\raw\opendart_financial\bsns_year=2023\reprt_code=11013\fs_div=CFS\005490_00155319.json
POSCO홀딩스,005490,00155319,KOSPI,소재화학,2023,분기보고서_1분기,11013,OFS,별도재무제표,000,정상,147,data\raw\opendart_financial\bsns_year=2023\reprt_code=11013\fs_div=OFS\005490_00155319.json
POSCO홀딩스,005490,00155319,KOSPI,소재화학,2023,분기보고서_3분기,11014,CFS,연결재무제표,000,정상,226,data\raw\opendart_financial\bsns_year=2023\reprt_code=11014\fs_div=CFS\005490_00155319.json
POSCO홀딩스,005490,00155319,KOSPI,소재화학,2023,분기보고서_3분기,11014,OFS,별도재무제표,000,정상,159,data\raw\opendart_financial\bsns_year=2023\reprt_code=11014\fs_div=OFS\005490_00155319.json
POSCO홀딩스,005490,00155319,KOSPI,소재화학,2024,사업보고서,11011,CFS,연결재무제표,000,정상,327,data\raw\opendart_financial\bsns_year=2024\reprt_code=11011\fs_div=CFS\005490_00155319.json
POSCO홀딩스,005490,00155319,KOSPI,소재화학,2024,사업보고서,11011,OFS,별도재무제표,000,정상,220,data\raw\opendart_financial\bsns_year=2024\reprt_code=11011\fs_div=OFS\005490_00155319.json
POSCO홀딩스,005490,00155319,KOSPI,소재화학,2024,반기보고서,11012,CFS,연결재무제표,000,정상,278,data\raw\opendart_financial\bsns_year=2024\reprt_code=11012\fs_div=CFS\005490_00155319.json
POSCO홀딩스,005490,00155319,KOSPI,소재화학,2024,반기보고서,11012,OFS,별도재무제표,000,정상,161,data\raw\opendart_financial\bsns_year=2024\reprt_code=11012\fs_div=OFS\005490_00155319.json
POSCO홀딩스,005490,00155319,KOSPI,소재화학,2024,분기보고서_1분기,11013,CFS,연결재무제표,000,정상,259,data\raw\opendart_financial\bsns_year=2024\reprt_code=11013\fs_div=CFS\005490_00155319.json
POSCO홀딩스,005490,00155319,KOSPI,소재화학,2024,분기보고서_1분기,11013,OFS,별도재무제표,000,정상,150,data\raw\opendart_financial\bsns_year=2024\reprt_code=11013\fs_div=OFS\005490_00155319.json
POSCO홀딩스,005490,00155319,KOSPI,소재화학,2024,분기보고서_3분기,11014,CFS,연결재무제표,000,정상,279,data\raw\opendart_financial\bsns_year=2024\reprt_code=11014\fs_div=CFS\005490_00155319.json
POSCO홀딩스,005490,00155319,KOSPI,소재화학,2024,분기보고서_3분기,11014,OFS,별도재무제표,000,정상,181,data\raw\opendart_financial\bsns_year=2024\reprt_code=11014\fs_div=OFS\005490_00155319.json
POSCO홀딩스,005490,00155319,KOSPI,소재화학,2025,사업보고서,11011,CFS,연결재무제표,000,정상,302,data\raw\opendart_financial\bsns_year=2025\reprt_code=11011\fs_div=CFS\005490_00155319.json
POSCO홀딩스,005490,00155319,KOSPI,소재화학,2025,사업보고서,11011,OFS,별도재무제표,000,정상,186,data\raw\opendart_financial\bsns_year=2025\reprt_code=11011\fs_div=OFS\005490_00155319.json
POSCO홀딩스,005490,00155319,KOSPI,소재화학,2025,반기보고서,11012,CFS,연결재무제표,000,정상,267,data\raw\opendart_financial\bsns_year=2025\reprt_code=11012\fs_div=CFS\005490_00155319.json
POSCO홀딩스,005490,00155319,KOSPI,소재화학,2025,반기보고서,11012,OFS,별도재무제표,000,정상,163,data\raw\opendart_financial\bsns_year=2025\reprt_code=11012\fs_div=OFS\005490_00155319.json
POSCO홀딩스,005490,00155319,KOSPI,소재화학,2025,분기보고서_1분기,11013,CFS,연결재무제표,000,정상,250,data\raw\opendart_financial\bsns_year=2025\reprt_code=11013\fs_div=CFS\005490_00155319.json
POSCO홀딩스,005490,00155319,KOSPI,소재화학,2025,분기보고서_1분기,11013,OFS,별도재무제표,000,정상,147,data\raw\opendart_financial\bsns_year=2025\reprt_code=11013\fs_div=OFS\005490_00155319.json
POSCO홀딩스,005490,00155319,KOSPI,소재화학,2025,분기보고서_3분기,11014,CFS,연결재무제표,000,정상,277,data\raw\opendart_financial\bsns_year=2025\reprt_code=11014\fs_div=CFS\005490_00155319.json
POSCO홀딩스,005490,00155319,KOSPI,소재화학,2025,분기보고서_3분기,11014,OFS,별도재무제표,000,정상,174,data\raw\opendart_financial\bsns_year=2025\reprt_code=11014\fs_div=OFS\005490_00155319.json
LG화학,051910,00356361,KOSPI,소재화학,2017,사업보고서,11011,CFS,연결재무제표,000,정상,184,data\raw\opendart_financial\bsns_year=2017\reprt_code=11011\fs_div=CFS\051910_00356361.json
LG화학,051910,00356361,KOSPI,소재화학,2017,사업보고서,11011,OFS,별도재무제표,000,정상,135,data\raw\opendart_financial\bsns_year=2017\reprt_code=11011\fs_div=OFS\051910_00356361.json
LG화학,051910,00356361,KOSPI,소재화학,2017,반기보고서,11012,CFS,연결재무제표,000,정상,182,data\raw\opendart_financial\bsns_year=2017\reprt_code=11012\fs_div=CFS\051910_00356361.json
LG화학,051910,00356361,KOSPI,소재화학,2017,반기보고서,11012,OFS,별도재무제표,000,정상,133,data\raw\opendart_financial\bsns_year=2017\reprt_code=11012\fs_div=OFS\051910_00356361.json
LG화학,051910,00356361,KOSPI,소재화학,2017,분기보고서_1분기,11013,CFS,연결재무제표,000,정상,179,data\raw\opendart_financial\bsns_year=2017\reprt_code=11013\fs_div=CFS\051910_00356361.json
LG화학,051910,00356361,KOSPI,소재화학,2017,분기보고서_1분기,11013,OFS,별도재무제표,000,정상,133,data\raw\opendart_financial\bsns_year=2017\reprt_code=11013\fs_div=OFS\051910_00356361.json
LG화학,051910,00356361,KOSPI,소재화학,2017,분기보고서_3분기,11014,CFS,연결재무제표,000,정상,183,data\raw\opendart_financial\bsns_year=2017\reprt_code=11014\fs_div=CFS\051910_00356361.json
LG화학,051910,00356361,KOSPI,소재화학,2017,분기보고서_3분기,11014,OFS,별도재무제표,000,정상,132,data\raw\opendart_financial\bsns_year=2017\reprt_code=11014\fs_div=OFS\051910_00356361.json
LG화학,051910,00356361,KOSPI,소재화학,2018,사업보고서,11011,CFS,연결재무제표,000,정상,205,data\raw\opendart_financial\bsns_year=2018\reprt_code=11011\fs_div=CFS\051910_00356361.json
LG화학,051910,00356361,KOSPI,소재화학,2018,사업보고서,11011,OFS,별도재무제표,000,정상,144,data\raw\opendart_financial\bsns_year=2018\reprt_code=11011\fs_div=OFS\051910_00356361.json
LG화학,051910,00356361,KOSPI,소재화학,2018,반기보고서,11012,CFS,연결재무제표,000,정상,185,data\raw\opendart_financial\bsns_year=2018\reprt_code=11012\fs_div=CFS\051910_00356361.json
LG화학,051910,00356361,KOSPI,소재화학,2018,반기보고서,11012,OFS,별도재무제표,000,정상,141,data\raw\opendart_financial\bsns_year=2018\reprt_code=11012\fs_div=OFS\051910_00356361.json
LG화학,051910,00356361,KOSPI,소재화학,2018,분기보고서_1분기,11013,CFS,연결재무제표,000,정상,172,data\raw\opendart_financial\bsns_year=2018\reprt_code=11013\fs_div=CFS\051910_00356361.json
LG화학,051910,00356361,KOSPI,소재화학,2018,분기보고서_1분기,11013,OFS,별도재무제표,000,정상,133,data\raw\opendart_financial\bsns_year=2018\reprt_code=11013\fs_div=OFS\051910_00356361.json
LG화학,051910,00356361,KOSPI,소재화학,2018,분기보고서_3분기,11014,CFS,연결재무제표,000,정상,197,data\raw\opendart_financial\bsns_year=2018\reprt_code=11014\fs_div=CFS\051910_00356361.json
LG화학,051910,00356361,KOSPI,소재화학,2018,분기보고서_3분기,11014,OFS,별도재무제표,000,정상,140,data\raw\opendart_financial\bsns_year=2018\reprt_code=11014\fs_div=OFS\051910_00356361.json
LG화학,051910,00356361,KOSPI,소재화학,2019,사업보고서,11011,CFS,연결재무제표,000,정상,201,data\raw\opendart_financial\bsns_year=2019\reprt_code=11011\fs_div=CFS\051910_00356361.json
LG화학,051910,00356361,KOSPI,소재화학,2019,사업보고서,11011,OFS,별도재무제표,000,정상,146,data\raw\opendart_financial\bsns_year=2019\reprt_code=11011\fs_div=OFS\051910_00356361.json
LG화학,051910,00356361,KOSPI,소재화학,2019,반기보고서,11012,CFS,연결재무제표,000,정상,169,data\raw\opendart_financial\bsns_year=2019\reprt_code=11012\fs_div=CFS\051910_00356361.json
LG화학,051910,00356361,KOSPI,소재화학,2019,반기보고서,11012,OFS,별도재무제표,000,정상,128,data\raw\opendart_financial\bsns_year=2019\reprt_code=11012\fs_div=OFS\051910_00356361.json
LG화학,051910,00356361,KOSPI,소재화학,2019,분기보고서_1분기,11013,CFS,연결재무제표,000,정상,165,data\raw\opendart_financial\bsns_year=2019\reprt_code=11013\fs_div=CFS\051910_00356361.json
LG화학,051910,00356361,KOSPI,소재화학,2019,분기보고서_1분기,11013,OFS,별도재무제표,000,정상,127,data\raw\opendart_financial\bsns_year=2019\reprt_code=11013\fs_div=OFS\051910_00356361.json
LG화학,051910,00356361,KOSPI,소재화학,2019,분기보고서_3분기,11014,CFS,연결재무제표,000,정상,182,data\raw\opendart_financial\bsns_year=2019\reprt_code=11014\fs_div=CFS\051910_00356361.json
LG화학,051910,00356361,KOSPI,소재화학,2019,분기보고서_3분기,11014,OFS,별도재무제표,000,정상,128,data\raw\opendart_financial\bsns_year=2019\reprt_code=11014\fs_div=OFS\051910_00356361.json
LG화학,051910,00356361,KOSPI,소재화학,2020,사업보고서,11011,CFS,연결재무제표,000,정상,193,data\raw\opendart_financial\bsns_year=2020\reprt_code=11011\fs_div=CFS\051910_00356361.json
LG화학,051910,00356361,KOSPI,소재화학,2020,사업보고서,11011,OFS,별도재무제표,000,정상,142,data\raw\opendart_financial\bsns_year=2020\reprt_code=11011\fs_div=OFS\051910_00356361.json
LG화학,051910,00356361,KOSPI,소재화학,2020,반기보고서,11012,CFS,연결재무제표,000,정상,184,data\raw\opendart_financial\bsns_year=2020\reprt_code=11012\fs_div=CFS\051910_00356361.json
LG화학,051910,00356361,KOSPI,소재화학,2020,반기보고서,11012,OFS,별도재무제표,000,정상,136,data\raw\opendart_financial\bsns_year=2020\reprt_code=11012\fs_div=OFS\051910_00356361.json
LG화학,051910,00356361,KOSPI,소재화학,2020,분기보고서_1분기,11013,CFS,연결재무제표,000,정상,168,data\raw\opendart_financial\bsns_year=2020\reprt_code=11013\fs_div=CFS\051910_00356361.json
LG화학,051910,00356361,KOSPI,소재화학,2020,분기보고서_1분기,11013,OFS,별도재무제표,000,정상,134,data\raw\opendart_financial\bsns_year=2020\reprt_code=11013\fs_div=OFS\051910_00356361.json
LG화학,051910,00356361,KOSPI,소재화학,2020,분기보고서_3분기,11014,CFS,연결재무제표,000,정상,190,data\raw\opendart_financial\bsns_year=2020\reprt_code=11014\fs_div=CFS\051910_00356361.json
LG화학,051910,00356361,KOSPI,소재화학,2020,분기보고서_3분기,11014,OFS,별도재무제표,000,정상,142,data\raw\opendart_financial\bsns_year=2020\reprt_code=11014\fs_div=OFS\051910_00356361.json
LG화학,051910,00356361,KOSPI,소재화학,2021,사업보고서,11011,CFS,연결재무제표,000,정상,201,data\raw\opendart_financial\bsns_year=2021\reprt_code=11011\fs_div=CFS\051910_00356361.json
LG화학,051910,00356361,KOSPI,소재화학,2021,사업보고서,11011,OFS,별도재무제표,000,정상,144,data\raw\opendart_financial\bsns_year=2021\reprt_code=11011\fs_div=OFS\051910_00356361.json
LG화학,051910,00356361,KOSPI,소재화학,2021,반기보고서,11012,CFS,연결재무제표,000,정상,191,data\raw\opendart_financial\bsns_year=2021\reprt_code=11012\fs_div=CFS\051910_00356361.json
LG화학,051910,00356361,KOSPI,소재화학,2021,반기보고서,11012,OFS,별도재무제표,000,정상,140,data\raw\opendart_financial\bsns_year=2021\reprt_code=11012\fs_div=OFS\051910_00356361.json
LG화학,051910,00356361,KOSPI,소재화학,2021,분기보고서_1분기,11013,CFS,연결재무제표,000,정상,185,data\raw\opendart_financial\bsns_year=2021\reprt_code=11013\fs_div=CFS\051910_00356361.json
LG화학,051910,00356361,KOSPI,소재화학,2021,분기보고서_1분기,11013,OFS,별도재무제표,000,정상,137,data\raw\opendart_financial\bsns_year=2021\reprt_code=11013\fs_div=OFS\051910_00356361.json
LG화학,051910,00356361,KOSPI,소재화학,2021,분기보고서_3분기,11014,CFS,연결재무제표,000,정상,198,data\raw\opendart_financial\bsns_year=2021\reprt_code=11014\fs_div=CFS\051910_00356361.json
LG화학,051910,00356361,KOSPI,소재화학,2021,분기보고서_3분기,11014,OFS,별도재무제표,000,정상,140,data\raw\opendart_financial\bsns_year=2021\reprt_code=11014\fs_div=OFS\051910_00356361.json
LG화학,051910,00356361,KOSPI,소재화학,2022,사업보고서,11011,CFS,연결재무제표,000,정상,202,data\raw\opendart_financial\bsns_year=2022\reprt_code=11011\fs_div=CFS\051910_00356361.json
LG화학,051910,00356361,KOSPI,소재화학,2022,사업보고서,11011,OFS,별도재무제표,000,정상,141,data\raw\opendart_financial\bsns_year=2022\reprt_code=11011\fs_div=OFS\051910_00356361.json
LG화학,051910,00356361,KOSPI,소재화학,2022,반기보고서,11012,CFS,연결재무제표,000,정상,195,data\raw\opendart_financial\bsns_year=2022\reprt_code=11012\fs_div=CFS\051910_00356361.json
LG화학,051910,00356361,KOSPI,소재화학,2022,반기보고서,11012,OFS,별도재무제표,000,정상,132,data\raw\opendart_financial\bsns_year=2022\reprt_code=11012\fs_div=OFS\051910_00356361.json
LG화학,051910,00356361,KOSPI,소재화학,2022,분기보고서_1분기,11013,CFS,연결재무제표,000,정상,187,data\raw\opendart_financial\bsns_year=2022\reprt_code=11013\fs_div=CFS\051910_00356361.json
LG화학,051910,00356361,KOSPI,소재화학,2022,분기보고서_1분기,11013,OFS,별도재무제표,000,정상,125,data\raw\opendart_financial\bsns_year=2022\reprt_code=11013\fs_div=OFS\051910_00356361.json
LG화학,051910,00356361,KOSPI,소재화학,2022,분기보고서_3분기,11014,CFS,연결재무제표,000,정상,196,data\raw\opendart_financial\bsns_year=2022\reprt_code=11014\fs_div=CFS\051910_00356361.json
LG화학,051910,00356361,KOSPI,소재화학,2022,분기보고서_3분기,11014,OFS,별도재무제표,000,정상,130,data\raw\opendart_financial\bsns_year=2022\reprt_code=11014\fs_div=OFS\051910_00356361.json
LG화학,051910,00356361,KOSPI,소재화학,2023,사업보고서,11011,CFS,연결재무제표,000,정상,259,data\raw\opendart_financial\bsns_year=2023\reprt_code=11011\fs_div=CFS\051910_00356361.json
LG화학,051910,00356361,KOSPI,소재화학,2023,사업보고서,11011,OFS,별도재무제표,000,정상,157,data\raw\opendart_financial\bsns_year=2023\reprt_code=11011\fs_div=OFS\051910_00356361.json
LG화학,051910,00356361,KOSPI,소재화학,2023,반기보고서,11012,CFS,연결재무제표,000,정상,189,data\raw\opendart_financial\bsns_year=2023\reprt_code=11012\fs_div=CFS\051910_00356361.json
LG화학,051910,00356361,KOSPI,소재화학,2023,반기보고서,11012,OFS,별도재무제표,000,정상,124,data\raw\opendart_financial\bsns_year=2023\reprt_code=11012\fs_div=OFS\051910_00356361.json
LG화학,051910,00356361,KOSPI,소재화학,2023,분기보고서_1분기,11013,CFS,연결재무제표,000,정상,184,data\raw\opendart_financial\bsns_year=2023\reprt_code=11013\fs_div=CFS\051910_00356361.json
LG화학,051910,00356361,KOSPI,소재화학,2023,분기보고서_1분기,11013,OFS,별도재무제표,000,정상,119,data\raw\opendart_financial\bsns_year=2023\reprt_code=11013\fs_div=OFS\051910_00356361.json
LG화학,051910,00356361,KOSPI,소재화학,2023,분기보고서_3분기,11014,CFS,연결재무제표,000,정상,192,data\raw\opendart_financial\bsns_year=2023\reprt_code=11014\fs_div=CFS\051910_00356361.json
LG화학,051910,00356361,KOSPI,소재화학,2023,분기보고서_3분기,11014,OFS,별도재무제표,000,정상,124,data\raw\opendart_financial\bsns_year=2023\reprt_code=11014\fs_div=OFS\051910_00356361.json
LG화학,051910,00356361,KOSPI,소재화학,2024,사업보고서,11011,CFS,연결재무제표,000,정상,213,data\raw\opendart_financial\bsns_year=2024\reprt_code=11011\fs_div=CFS\051910_00356361.json
LG화학,051910,00356361,KOSPI,소재화학,2024,사업보고서,11011,OFS,별도재무제표,000,정상,158,data\raw\opendart_financial\bsns_year=2024\reprt_code=11011\fs_div=OFS\051910_00356361.json
LG화학,051910,00356361,KOSPI,소재화학,2024,반기보고서,11012,CFS,연결재무제표,000,정상,232,data\raw\opendart_financial\bsns_year=2024\reprt_code=11012\fs_div=CFS\051910_00356361.json
LG화학,051910,00356361,KOSPI,소재화학,2024,반기보고서,11012,OFS,별도재무제표,000,정상,151,data\raw\opendart_financial\bsns_year=2024\reprt_code=11012\fs_div=OFS\051910_00356361.json
LG화학,051910,00356361,KOSPI,소재화학,2024,분기보고서_1분기,11013,CFS,연결재무제표,000,정상,227,data\raw\opendart_financial\bsns_year=2024\reprt_code=11013\fs_div=CFS\051910_00356361.json
LG화학,051910,00356361,KOSPI,소재화학,2024,분기보고서_1분기,11013,OFS,별도재무제표,000,정상,146,data\raw\opendart_financial\bsns_year=2024\reprt_code=11013\fs_div=OFS\051910_00356361.json
LG화학,051910,00356361,KOSPI,소재화학,2024,분기보고서_3분기,11014,CFS,연결재무제표,000,정상,249,data\raw\opendart_financial\bsns_year=2024\reprt_code=11014\fs_div=CFS\051910_00356361.json
LG화학,051910,00356361,KOSPI,소재화학,2024,분기보고서_3분기,11014,OFS,별도재무제표,000,정상,129,data\raw\opendart_financial\bsns_year=2024\reprt_code=11014\fs_div=OFS\051910_00356361.json
LG화학,051910,00356361,KOSPI,소재화학,2025,사업보고서,11011,CFS,연결재무제표,000,정상,271,data\raw\opendart_financial\bsns_year=2025\reprt_code=11011\fs_div=CFS\051910_00356361.json
LG화학,051910,00356361,KOSPI,소재화학,2025,사업보고서,11011,OFS,별도재무제표,000,정상,151,data\raw\opendart_financial\bsns_year=2025\reprt_code=11011\fs_div=OFS\051910_00356361.json
LG화학,051910,00356361,KOSPI,소재화학,2025,반기보고서,11012,CFS,연결재무제표,000,정상,192,data\raw\opendart_financial\bsns_year=2025\reprt_code=11012\fs_div=CFS\051910_00356361.json
LG화학,051910,00356361,KOSPI,소재화학,2025,반기보고서,11012,OFS,별도재무제표,000,정상,129,data\raw\opendart_financial\bsns_year=2025\reprt_code=11012\fs_div=OFS\051910_00356361.json
LG화학,051910,00356361,KOSPI,소재화학,2025,분기보고서_1분기,11013,CFS,연결재무제표,000,정상,190,data\raw\opendart_financial\bsns_year=2025\reprt_code=11013\fs_div=CFS\051910_00356361.json
LG화학,051910,00356361,KOSPI,소재화학,2025,분기보고서_1분기,11013,OFS,별도재무제표,000,정상,126,data\raw\opendart_financial\bsns_year=2025\reprt_code=11013\fs_div=OFS\051910_00356361.json
LG화학,051910,00356361,KOSPI,소재화학,2025,분기보고서_3분기,11014,CFS,연결재무제표,000,정상,203,data\raw\opendart_financial\bsns_year=2025\reprt_code=11014\fs_div=CFS\051910_00356361.json
LG화학,051910,00356361,KOSPI,소재화학,2025,분기보고서_3분기,11014,OFS,별도재무제표,000,정상,132,data\raw\opendart_financial\bsns_year=2025\reprt_code=11014\fs_div=OFS\051910_00356361.json
고려아연,010130,00102858,KOSPI,소재화학,2017,사업보고서,11011,CFS,연결재무제표,000,정상,182,data\raw\opendart_financial\bsns_year=2017\reprt_code=11011\fs_div=CFS\010130_00102858.json
고려아연,010130,00102858,KOSPI,소재화학,2017,사업보고서,11011,OFS,별도재무제표,000,정상,124,data\raw\opendart_financial\bsns_year=2017\reprt_code=11011\fs_div=OFS\010130_00102858.json
고려아연,010130,00102858,KOSPI,소재화학,2017,반기보고서,11012,CFS,연결재무제표,000,정상,154,data\raw\opendart_financial\bsns_year=2017\reprt_code=11012\fs_div=CFS\010130_00102858.json
고려아연,010130,00102858,KOSPI,소재화학,2017,반기보고서,11012,OFS,별도재무제표,000,정상,113,data\raw\opendart_financial\bsns_year=2017\reprt_code=11012\fs_div=OFS\010130_00102858.json
고려아연,010130,00102858,KOSPI,소재화학,2017,분기보고서_1분기,11013,CFS,연결재무제표,000,정상,170,data\raw\opendart_financial\bsns_year=2017\reprt_code=11013\fs_div=CFS\010130_00102858.json
고려아연,010130,00102858,KOSPI,소재화학,2017,분기보고서_1분기,11013,OFS,별도재무제표,000,정상,120,data\raw\opendart_financial\bsns_year=2017\reprt_code=11013\fs_div=OFS\010130_00102858.json
고려아연,010130,00102858,KOSPI,소재화학,2017,분기보고서_3분기,11014,CFS,연결재무제표,000,정상,172,data\raw\opendart_financial\bsns_year=2017\reprt_code=11014\fs_div=CFS\010130_00102858.json
고려아연,010130,00102858,KOSPI,소재화학,2017,분기보고서_3분기,11014,OFS,별도재무제표,000,정상,115,data\raw\opendart_financial\bsns_year=2017\reprt_code=11014\fs_div=OFS\010130_00102858.json
고려아연,010130,00102858,KOSPI,소재화학,2018,사업보고서,11011,CFS,연결재무제표,000,정상,189,data\raw\opendart_financial\bsns_year=2018\reprt_code=11011\fs_div=CFS\010130_00102858.json
고려아연,010130,00102858,KOSPI,소재화학,2018,사업보고서,11011,OFS,별도재무제표,000,정상,132,data\raw\opendart_financial\bsns_year=2018\reprt_code=11011\fs_div=OFS\010130_00102858.json
고려아연,010130,00102858,KOSPI,소재화학,2018,반기보고서,11012,CFS,연결재무제표,000,정상,179,data\raw\opendart_financial\bsns_year=2018\reprt_code=11012\fs_div=CFS\010130_00102858.json
고려아연,010130,00102858,KOSPI,소재화학,2018,반기보고서,11012,OFS,별도재무제표,000,정상,122,data\raw\opendart_financial\bsns_year=2018\reprt_code=11012\fs_div=OFS\010130_00102858.json
고려아연,010130,00102858,KOSPI,소재화학,2018,분기보고서_1분기,11013,CFS,연결재무제표,000,정상,173,data\raw\opendart_financial\bsns_year=2018\reprt_code=11013\fs_div=CFS\010130_00102858.json
고려아연,010130,00102858,KOSPI,소재화학,2018,분기보고서_1분기,11013,OFS,별도재무제표,000,정상,119,data\raw\opendart_financial\bsns_year=2018\reprt_code=11013\fs_div=OFS\010130_00102858.json
고려아연,010130,00102858,KOSPI,소재화학,2018,분기보고서_3분기,11014,CFS,연결재무제표,000,정상,181,data\raw\opendart_financial\bsns_year=2018\reprt_code=11014\fs_div=CFS\010130_00102858.json
고려아연,010130,00102858,KOSPI,소재화학,2018,분기보고서_3분기,11014,OFS,별도재무제표,000,정상,125,data\raw\opendart_financial\bsns_year=2018\reprt_code=11014\fs_div=OFS\010130_00102858.json
고려아연,010130,00102858,KOSPI,소재화학,2019,사업보고서,11011,CFS,연결재무제표,000,정상,205,data\raw\opendart_financial\bsns_year=2019\reprt_code=11011\fs_div=CFS\010130_00102858.json
고려아연,010130,00102858,KOSPI,소재화학,2019,사업보고서,11011,OFS,별도재무제표,000,정상,137,data\raw\opendart_financial\bsns_year=2019\reprt_code=11011\fs_div=OFS\010130_00102858.json
고려아연,010130,00102858,KOSPI,소재화학,2019,반기보고서,11012,CFS,연결재무제표,000,정상,185,data\raw\opendart_financial\bsns_year=2019\reprt_code=11012\fs_div=CFS\010130_00102858.json
고려아연,010130,00102858,KOSPI,소재화학,2019,반기보고서,11012,OFS,별도재무제표,000,정상,128,data\raw\opendart_financial\bsns_year=2019\reprt_code=11012\fs_div=OFS\010130_00102858.json
고려아연,010130,00102858,KOSPI,소재화학,2019,분기보고서_1분기,11013,CFS,연결재무제표,000,정상,171,data\raw\opendart_financial\bsns_year=2019\reprt_code=11013\fs_div=CFS\010130_00102858.json
고려아연,010130,00102858,KOSPI,소재화학,2019,분기보고서_1분기,11013,OFS,별도재무제표,000,정상,116,data\raw\opendart_financial\bsns_year=2019\reprt_code=11013\fs_div=OFS\010130_00102858.json
고려아연,010130,00102858,KOSPI,소재화학,2019,분기보고서_3분기,11014,CFS,연결재무제표,000,정상,187,data\raw\opendart_financial\bsns_year=2019\reprt_code=11014\fs_div=CFS\010130_00102858.json
고려아연,010130,00102858,KOSPI,소재화학,2019,분기보고서_3분기,11014,OFS,별도재무제표,000,정상,126,data\raw\opendart_financial\bsns_year=2019\reprt_code=11014\fs_div=OFS\010130_00102858.json
고려아연,010130,00102858,KOSPI,소재화학,2020,사업보고서,11011,CFS,연결재무제표,000,정상,206,data\raw\opendart_financial\bsns_year=2020\reprt_code=11011\fs_div=CFS\010130_00102858.json
고려아연,010130,00102858,KOSPI,소재화학,2020,사업보고서,11011,OFS,별도재무제표,000,정상,136,data\raw\opendart_financial\bsns_year=2020\reprt_code=11011\fs_div=OFS\010130_00102858.json
고려아연,010130,00102858,KOSPI,소재화학,2020,반기보고서,11012,CFS,연결재무제표,000,정상,175,data\raw\opendart_financial\bsns_year=2020\reprt_code=11012\fs_div=CFS\010130_00102858.json
고려아연,010130,00102858,KOSPI,소재화학,2020,반기보고서,11012,OFS,별도재무제표,000,정상,120,data\raw\opendart_financial\bsns_year=2020\reprt_code=11012\fs_div=OFS\010130_00102858.json
고려아연,010130,00102858,KOSPI,소재화학,2020,분기보고서_1분기,11013,CFS,연결재무제표,000,정상,165,data\raw\opendart_financial\bsns_year=2020\reprt_code=11013\fs_div=CFS\010130_00102858.json
고려아연,010130,00102858,KOSPI,소재화학,2020,분기보고서_1분기,11013,OFS,별도재무제표,000,정상,114,data\raw\opendart_financial\bsns_year=2020\reprt_code=11013\fs_div=OFS\010130_00102858.json
고려아연,010130,00102858,KOSPI,소재화학,2020,분기보고서_3분기,11014,CFS,연결재무제표,000,정상,179,data\raw\opendart_financial\bsns_year=2020\reprt_code=11014\fs_div=CFS\010130_00102858.json
고려아연,010130,00102858,KOSPI,소재화학,2020,분기보고서_3분기,11014,OFS,별도재무제표,000,정상,121,data\raw\opendart_financial\bsns_year=2020\reprt_code=11014\fs_div=OFS\010130_00102858.json
고려아연,010130,00102858,KOSPI,소재화학,2021,사업보고서,11011,CFS,연결재무제표,000,정상,205,data\raw\opendart_financial\bsns_year=2021\reprt_code=11011\fs_div=CFS\010130_00102858.json
고려아연,010130,00102858,KOSPI,소재화학,2021,사업보고서,11011,OFS,별도재무제표,000,정상,130,data\raw\opendart_financial\bsns_year=2021\reprt_code=11011\fs_div=OFS\010130_00102858.json
고려아연,010130,00102858,KOSPI,소재화학,2021,반기보고서,11012,CFS,연결재무제표,000,정상,190,data\raw\opendart_financial\bsns_year=2021\reprt_code=11012\fs_div=CFS\010130_00102858.json
고려아연,010130,00102858,KOSPI,소재화학,2021,반기보고서,11012,OFS,별도재무제표,000,정상,117,data\raw\opendart_financial\bsns_year=2021\reprt_code=11012\fs_div=OFS\010130_00102858.json
고려아연,010130,00102858,KOSPI,소재화학,2021,분기보고서_1분기,11013,CFS,연결재무제표,000,정상,174,data\raw\opendart_financial\bsns_year=2021\reprt_code=11013\fs_div=CFS\010130_00102858.json
고려아연,010130,00102858,KOSPI,소재화학,2021,분기보고서_1분기,11013,OFS,별도재무제표,000,정상,117,data\raw\opendart_financial\bsns_year=2021\reprt_code=11013\fs_div=OFS\010130_00102858.json
고려아연,010130,00102858,KOSPI,소재화학,2021,분기보고서_3분기,11014,CFS,연결재무제표,000,정상,195,data\raw\opendart_financial\bsns_year=2021\reprt_code=11014\fs_div=CFS\010130_00102858.json
고려아연,010130,00102858,KOSPI,소재화학,2021,분기보고서_3분기,11014,OFS,별도재무제표,000,정상,120,data\raw\opendart_financial\bsns_year=2021\reprt_code=11014\fs_div=OFS\010130_00102858.json
고려아연,010130,00102858,KOSPI,소재화학,2022,사업보고서,11011,CFS,연결재무제표,000,정상,337,data\raw\opendart_financial\bsns_year=2022\reprt_code=11011\fs_div=CFS\010130_00102858.json
고려아연,010130,00102858,KOSPI,소재화학,2022,사업보고서,11011,OFS,별도재무제표,000,정상,165,data\raw\opendart_financial\bsns_year=2022\reprt_code=11011\fs_div=OFS\010130_00102858.json
고려아연,010130,00102858,KOSPI,소재화학,2022,반기보고서,11012,CFS,연결재무제표,000,정상,194,data\raw\opendart_financial\bsns_year=2022\reprt_code=11012\fs_div=CFS\010130_00102858.json
고려아연,010130,00102858,KOSPI,소재화학,2022,반기보고서,11012,OFS,별도재무제표,000,정상,114,data\raw\opendart_financial\bsns_year=2022\reprt_code=11012\fs_div=OFS\010130_00102858.json
고려아연,010130,00102858,KOSPI,소재화학,2022,분기보고서_1분기,11013,CFS,연결재무제표,000,정상,175,data\raw\opendart_financial\bsns_year=2022\reprt_code=11013\fs_div=CFS\010130_00102858.json
고려아연,010130,00102858,KOSPI,소재화학,2022,분기보고서_1분기,11013,OFS,별도재무제표,000,정상,118,data\raw\opendart_financial\bsns_year=2022\reprt_code=11013\fs_div=OFS\010130_00102858.json
고려아연,010130,00102858,KOSPI,소재화학,2022,분기보고서_3분기,11014,CFS,연결재무제표,000,정상,217,data\raw\opendart_financial\bsns_year=2022\reprt_code=11014\fs_div=CFS\010130_00102858.json
고려아연,010130,00102858,KOSPI,소재화학,2022,분기보고서_3분기,11014,OFS,별도재무제표,000,정상,125,data\raw\opendart_financial\bsns_year=2022\reprt_code=11014\fs_div=OFS\010130_00102858.json
고려아연,010130,00102858,KOSPI,소재화학,2023,사업보고서,11011,CFS,연결재무제표,000,정상,327,data\raw\opendart_financial\bsns_year=2023\reprt_code=11011\fs_div=CFS\010130_00102858.json
고려아연,010130,00102858,KOSPI,소재화학,2023,사업보고서,11011,OFS,별도재무제표,000,정상,176,data\raw\opendart_financial\bsns_year=2023\reprt_code=11011\fs_div=OFS\010130_00102858.json
고려아연,010130,00102858,KOSPI,소재화학,2023,반기보고서,11012,CFS,연결재무제표,000,정상,263,data\raw\opendart_financial\bsns_year=2023\reprt_code=11012\fs_div=CFS\010130_00102858.json
고려아연,010130,00102858,KOSPI,소재화학,2023,반기보고서,11012,OFS,별도재무제표,000,정상,133,data\raw\opendart_financial\bsns_year=2023\reprt_code=11012\fs_div=OFS\010130_00102858.json
고려아연,010130,00102858,KOSPI,소재화학,2023,분기보고서_1분기,11013,CFS,연결재무제표,000,정상,252,data\raw\opendart_financial\bsns_year=2023\reprt_code=11013\fs_div=CFS\010130_00102858.json
고려아연,010130,00102858,KOSPI,소재화학,2023,분기보고서_1분기,11013,OFS,별도재무제표,000,정상,139,data\raw\opendart_financial\bsns_year=2023\reprt_code=11013\fs_div=OFS\010130_00102858.json
고려아연,010130,00102858,KOSPI,소재화학,2023,분기보고서_3분기,11014,CFS,연결재무제표,000,정상,282,data\raw\opendart_financial\bsns_year=2023\reprt_code=11014\fs_div=CFS\010130_00102858.json
고려아연,010130,00102858,KOSPI,소재화학,2023,분기보고서_3분기,11014,OFS,별도재무제표,000,정상,149,data\raw\opendart_financial\bsns_year=2023\reprt_code=11014\fs_div=OFS\010130_00102858.json
고려아연,010130,00102858,KOSPI,소재화학,2024,사업보고서,11011,CFS,연결재무제표,000,정상,317,data\raw\opendart_financial\bsns_year=2024\reprt_code=11011\fs_div=CFS\010130_00102858.json
고려아연,010130,00102858,KOSPI,소재화학,2024,사업보고서,11011,OFS,별도재무제표,000,정상,190,data\raw\opendart_financial\bsns_year=2024\reprt_code=11011\fs_div=OFS\010130_00102858.json
고려아연,010130,00102858,KOSPI,소재화학,2024,반기보고서,11012,CFS,연결재무제표,000,정상,227,data\raw\opendart_financial\bsns_year=2024\reprt_code=11012\fs_div=CFS\010130_00102858.json
고려아연,010130,00102858,KOSPI,소재화학,2024,반기보고서,11012,OFS,별도재무제표,000,정상,145,data\raw\opendart_financial\bsns_year=2024\reprt_code=11012\fs_div=OFS\010130_00102858.json
고려아연,010130,00102858,KOSPI,소재화학,2024,분기보고서_1분기,11013,CFS,연결재무제표,000,정상,232,data\raw\opendart_financial\bsns_year=2024\reprt_code=11013\fs_div=CFS\010130_00102858.json
고려아연,010130,00102858,KOSPI,소재화학,2024,분기보고서_1분기,11013,OFS,별도재무제표,000,정상,143,data\raw\opendart_financial\bsns_year=2024\reprt_code=11013\fs_div=OFS\010130_00102858.json
고려아연,010130,00102858,KOSPI,소재화학,2024,분기보고서_3분기,11014,CFS,연결재무제표,000,정상,262,data\raw\opendart_financial\bsns_year=2024\reprt_code=11014\fs_div=CFS\010130_00102858.json
고려아연,010130,00102858,KOSPI,소재화학,2024,분기보고서_3분기,11014,OFS,별도재무제표,000,정상,163,data\raw\opendart_financial\bsns_year=2024\reprt_code=11014\fs_div=OFS\010130_00102858.json
고려아연,010130,00102858,KOSPI,소재화학,2025,사업보고서,11011,CFS,연결재무제표,000,정상,304,data\raw\opendart_financial\bsns_year=2025\reprt_code=11011\fs_div=CFS\010130_00102858.json
고려아연,010130,00102858,KOSPI,소재화학,2025,사업보고서,11011,OFS,별도재무제표,000,정상,182,data\raw\opendart_financial\bsns_year=2025\reprt_code=11011\fs_div=OFS\010130_00102858.json
고려아연,010130,00102858,KOSPI,소재화학,2025,반기보고서,11012,CFS,연결재무제표,000,정상,252,data\raw\opendart_financial\bsns_year=2025\reprt_code=11012\fs_div=CFS\010130_00102858.json
고려아연,010130,00102858,KOSPI,소재화학,2025,반기보고서,11012,OFS,별도재무제표,000,정상,172,data\raw\opendart_financial\bsns_year=2025\reprt_code=11012\fs_div=OFS\010130_00102858.json
고려아연,010130,00102858,KOSPI,소재화학,2025,분기보고서_1분기,11013,CFS,연결재무제표,000,정상,236,data\raw\opendart_financial\bsns_year=2025\reprt_code=11013\fs_div=CFS\010130_00102858.json
고려아연,010130,00102858,KOSPI,소재화학,2025,분기보고서_1분기,11013,OFS,별도재무제표,000,정상,154,data\raw\opendart_financial\bsns_year=2025\reprt_code=11013\fs_div=OFS\010130_00102858.json
고려아연,010130,00102858,KOSPI,소재화학,2025,분기보고서_3분기,11014,CFS,연결재무제표,000,정상,269,data\raw\opendart_financial\bsns_year=2025\reprt_code=11014\fs_div=CFS\010130_00102858.json
고려아연,010130,00102858,KOSPI,소재화학,2025,분기보고서_3분기,11014,OFS,별도재무제표,000,정상,176,data\raw\opendart_financial\bsns_year=2025\reprt_code=11014\fs_div=OFS\010130_00102858.json
OCI홀딩스,010060,00148896,KOSPI,소재화학,2017,사업보고서,11011,CFS,연결재무제표,000,정상,185,data\raw\opendart_financial\bsns_year=2017\reprt_code=11011\fs_div=CFS\010060_00148896.json
OCI홀딩스,010060,00148896,KOSPI,소재화학,2017,사업보고서,11011,OFS,별도재무제표,000,정상,132,data\raw\opendart_financial\bsns_year=2017\reprt_code=11011\fs_div=OFS\010060_00148896.json
OCI홀딩스,010060,00148896,KOSPI,소재화학,2017,반기보고서,11012,CFS,연결재무제표,000,정상,194,data\raw\opendart_financial\bsns_year=2017\reprt_code=11012\fs_div=CFS\010060_00148896.json
OCI홀딩스,010060,00148896,KOSPI,소재화학,2017,반기보고서,11012,OFS,별도재무제표,000,정상,148,data\raw\opendart_financial\bsns_year=2017\reprt_code=11012\fs_div=OFS\010060_00148896.json
OCI홀딩스,010060,00148896,KOSPI,소재화학,2017,분기보고서_1분기,11013,CFS,연결재무제표,000,정상,217,data\raw\opendart_financial\bsns_year=2017\reprt_code=11013\fs_div=CFS\010060_00148896.json
OCI홀딩스,010060,00148896,KOSPI,소재화학,2017,분기보고서_1분기,11013,OFS,별도재무제표,000,정상,158,data\raw\opendart_financial\bsns_year=2017\reprt_code=11013\fs_div=OFS\010060_00148896.json
OCI홀딩스,010060,00148896,KOSPI,소재화학,2017,분기보고서_3분기,11014,CFS,연결재무제표,000,정상,167,data\raw\opendart_financial\bsns_year=2017\reprt_code=11014\fs_div=CFS\010060_00148896.json
OCI홀딩스,010060,00148896,KOSPI,소재화학,2017,분기보고서_3분기,11014,OFS,별도재무제표,000,정상,123,data\raw\opendart_financial\bsns_year=2017\reprt_code=11014\fs_div=OFS\010060_00148896.json
OCI홀딩스,010060,00148896,KOSPI,소재화학,2018,사업보고서,11011,CFS,연결재무제표,000,정상,177,data\raw\opendart_financial\bsns_year=2018\reprt_code=11011\fs_div=CFS\010060_00148896.json
OCI홀딩스,010060,00148896,KOSPI,소재화학,2018,사업보고서,11011,OFS,별도재무제표,000,정상,132,data\raw\opendart_financial\bsns_year=2018\reprt_code=11011\fs_div=OFS\010060_00148896.json
OCI홀딩스,010060,00148896,KOSPI,소재화학,2018,반기보고서,11012,CFS,연결재무제표,000,정상,154,data\raw\opendart_financial\bsns_year=2018\reprt_code=11012\fs_div=CFS\010060_00148896.json
OCI홀딩스,010060,00148896,KOSPI,소재화학,2018,반기보고서,11012,OFS,별도재무제표,000,정상,123,data\raw\opendart_financial\bsns_year=2018\reprt_code=11012\fs_div=OFS\010060_00148896.json
OCI홀딩스,010060,00148896,KOSPI,소재화학,2018,분기보고서_1분기,11013,CFS,연결재무제표,000,정상,148,data\raw\opendart_financial\bsns_year=2018\reprt_code=11013\fs_div=CFS\010060_00148896.json
OCI홀딩스,010060,00148896,KOSPI,소재화학,2018,분기보고서_1분기,11013,OFS,별도재무제표,000,정상,120,data\raw\opendart_financial\bsns_year=2018\reprt_code=11013\fs_div=OFS\010060_00148896.json
OCI홀딩스,010060,00148896,KOSPI,소재화학,2018,분기보고서_3분기,11014,CFS,연결재무제표,000,정상,156,data\raw\opendart_financial\bsns_year=2018\reprt_code=11014\fs_div=CFS\010060_00148896.json
OCI홀딩스,010060,00148896,KOSPI,소재화학,2018,분기보고서_3분기,11014,OFS,별도재무제표,000,정상,123,data\raw\opendart_financial\bsns_year=2018\reprt_code=11014\fs_div=OFS\010060_00148896.json
OCI홀딩스,010060,00148896,KOSPI,소재화학,2019,사업보고서,11011,CFS,연결재무제표,000,정상,169,data\raw\opendart_financial\bsns_year=2019\reprt_code=11011\fs_div=CFS\010060_00148896.json
OCI홀딩스,010060,00148896,KOSPI,소재화학,2019,사업보고서,11011,OFS,별도재무제표,000,정상,130,data\raw\opendart_financial\bsns_year=2019\reprt_code=11011\fs_div=OFS\010060_00148896.json
OCI홀딩스,010060,00148896,KOSPI,소재화학,2019,반기보고서,11012,CFS,연결재무제표,000,정상,147,data\raw\opendart_financial\bsns_year=2019\reprt_code=11012\fs_div=CFS\010060_00148896.json
OCI홀딩스,010060,00148896,KOSPI,소재화학,2019,반기보고서,11012,OFS,별도재무제표,000,정상,116,data\raw\opendart_financial\bsns_year=2019\reprt_code=11012\fs_div=OFS\010060_00148896.json
OCI홀딩스,010060,00148896,KOSPI,소재화학,2019,분기보고서_1분기,11013,CFS,연결재무제표,000,정상,141,data\raw\opendart_financial\bsns_year=2019\reprt_code=11013\fs_div=CFS\010060_00148896.json
OCI홀딩스,010060,00148896,KOSPI,소재화학,2019,분기보고서_1분기,11013,OFS,별도재무제표,000,정상,111,data\raw\opendart_financial\bsns_year=2019\reprt_code=11013\fs_div=OFS\010060_00148896.json
OCI홀딩스,010060,00148896,KOSPI,소재화학,2019,분기보고서_3분기,11014,CFS,연결재무제표,000,정상,157,data\raw\opendart_financial\bsns_year=2019\reprt_code=11014\fs_div=CFS\010060_00148896.json
OCI홀딩스,010060,00148896,KOSPI,소재화학,2019,분기보고서_3분기,11014,OFS,별도재무제표,000,정상,118,data\raw\opendart_financial\bsns_year=2019\reprt_code=11014\fs_div=OFS\010060_00148896.json
OCI홀딩스,010060,00148896,KOSPI,소재화학,2020,사업보고서,11011,CFS,연결재무제표,000,정상,169,data\raw\opendart_financial\bsns_year=2020\reprt_code=11011\fs_div=CFS\010060_00148896.json
OCI홀딩스,010060,00148896,KOSPI,소재화학,2020,사업보고서,11011,OFS,별도재무제표,000,정상,124,data\raw\opendart_financial\bsns_year=2020\reprt_code=11011\fs_div=OFS\010060_00148896.json
OCI홀딩스,010060,00148896,KOSPI,소재화학,2020,반기보고서,11012,CFS,연결재무제표,000,정상,154,data\raw\opendart_financial\bsns_year=2020\reprt_code=11012\fs_div=CFS\010060_00148896.json
OCI홀딩스,010060,00148896,KOSPI,소재화학,2020,반기보고서,11012,OFS,별도재무제표,000,정상,120,data\raw\opendart_financial\bsns_year=2020\reprt_code=11012\fs_div=OFS\010060_00148896.json
OCI홀딩스,010060,00148896,KOSPI,소재화학,2020,분기보고서_1분기,11013,CFS,연결재무제표,000,정상,149,data\raw\opendart_financial\bsns_year=2020\reprt_code=11013\fs_div=CFS\010060_00148896.json
OCI홀딩스,010060,00148896,KOSPI,소재화학,2020,분기보고서_1분기,11013,OFS,별도재무제표,000,정상,116,data\raw\opendart_financial\bsns_year=2020\reprt_code=11013\fs_div=OFS\010060_00148896.json
OCI홀딩스,010060,00148896,KOSPI,소재화학,2020,분기보고서_3분기,11014,CFS,연결재무제표,000,정상,160,data\raw\opendart_financial\bsns_year=2020\reprt_code=11014\fs_div=CFS\010060_00148896.json
OCI홀딩스,010060,00148896,KOSPI,소재화학,2020,분기보고서_3분기,11014,OFS,별도재무제표,000,정상,119,data\raw\opendart_financial\bsns_year=2020\reprt_code=11014\fs_div=OFS\010060_00148896.json
OCI홀딩스,010060,00148896,KOSPI,소재화학,2021,사업보고서,11011,CFS,연결재무제표,000,정상,177,data\raw\opendart_financial\bsns_year=2021\reprt_code=11011\fs_div=CFS\010060_00148896.json
OCI홀딩스,010060,00148896,KOSPI,소재화학,2021,사업보고서,11011,OFS,별도재무제표,000,정상,130,data\raw\opendart_financial\bsns_year=2021\reprt_code=11011\fs_div=OFS\010060_00148896.json
OCI홀딩스,010060,00148896,KOSPI,소재화학,2021,반기보고서,11012,CFS,연결재무제표,000,정상,148,data\raw\opendart_financial\bsns_year=2021\reprt_code=11012\fs_div=CFS\010060_00148896.json
OCI홀딩스,010060,00148896,KOSPI,소재화학,2021,반기보고서,11012,OFS,별도재무제표,000,정상,117,data\raw\opendart_financial\bsns_year=2021\reprt_code=11012\fs_div=OFS\010060_00148896.json
OCI홀딩스,010060,00148896,KOSPI,소재화학,2021,분기보고서_1분기,11013,CFS,연결재무제표,000,정상,143,data\raw\opendart_financial\bsns_year=2021\reprt_code=11013\fs_div=CFS\010060_00148896.json
OCI홀딩스,010060,00148896,KOSPI,소재화학,2021,분기보고서_1분기,11013,OFS,별도재무제표,000,정상,112,data\raw\opendart_financial\bsns_year=2021\reprt_code=11013\fs_div=OFS\010060_00148896.json
OCI홀딩스,010060,00148896,KOSPI,소재화학,2021,분기보고서_3분기,11014,CFS,연결재무제표,000,정상,150,data\raw\opendart_financial\bsns_year=2021\reprt_code=11014\fs_div=CFS\010060_00148896.json
OCI홀딩스,010060,00148896,KOSPI,소재화학,2021,분기보고서_3분기,11014,OFS,별도재무제표,000,정상,120,data\raw\opendart_financial\bsns_year=2021\reprt_code=11014\fs_div=OFS\010060_00148896.json
OCI홀딩스,010060,00148896,KOSPI,소재화학,2022,사업보고서,11011,CFS,연결재무제표,000,정상,172,data\raw\opendart_financial\bsns_year=2022\reprt_code=11011\fs_div=CFS\010060_00148896.json
OCI홀딩스,010060,00148896,KOSPI,소재화학,2022,사업보고서,11011,OFS,별도재무제표,000,정상,138,data\raw\opendart_financial\bsns_year=2022\reprt_code=11011\fs_div=OFS\010060_00148896.json
OCI홀딩스,010060,00148896,KOSPI,소재화학,2022,반기보고서,11012,CFS,연결재무제표,000,정상,153,data\raw\opendart_financial\bsns_year=2022\reprt_code=11012\fs_div=CFS\010060_00148896.json
OCI홀딩스,010060,00148896,KOSPI,소재화학,2022,반기보고서,11012,OFS,별도재무제표,000,정상,116,data\raw\opendart_financial\bsns_year=2022\reprt_code=11012\fs_div=OFS\010060_00148896.json
OCI홀딩스,010060,00148896,KOSPI,소재화학,2022,분기보고서_1분기,11013,CFS,연결재무제표,000,정상,146,data\raw\opendart_financial\bsns_year=2022\reprt_code=11013\fs_div=CFS\010060_00148896.json
OCI홀딩스,010060,00148896,KOSPI,소재화학,2022,분기보고서_1분기,11013,OFS,별도재무제표,000,정상,111,data\raw\opendart_financial\bsns_year=2022\reprt_code=11013\fs_div=OFS\010060_00148896.json
OCI홀딩스,010060,00148896,KOSPI,소재화학,2022,분기보고서_3분기,11014,CFS,연결재무제표,000,정상,160,data\raw\opendart_financial\bsns_year=2022\reprt_code=11014\fs_div=CFS\010060_00148896.json
OCI홀딩스,010060,00148896,KOSPI,소재화학,2022,분기보고서_3분기,11014,OFS,별도재무제표,000,정상,124,data\raw\opendart_financial\bsns_year=2022\reprt_code=11014\fs_div=OFS\010060_00148896.json
OCI홀딩스,010060,00148896,KOSPI,소재화학,2023,사업보고서,11011,CFS,연결재무제표,000,정상,194,data\raw\opendart_financial\bsns_year=2023\reprt_code=11011\fs_div=CFS\010060_00148896.json
OCI홀딩스,010060,00148896,KOSPI,소재화학,2023,사업보고서,11011,OFS,별도재무제표,000,정상,160,data\raw\opendart_financial\bsns_year=2023\reprt_code=11011\fs_div=OFS\010060_00148896.json
OCI홀딩스,010060,00148896,KOSPI,소재화학,2023,반기보고서,11012,CFS,연결재무제표,000,정상,168,data\raw\opendart_financial\bsns_year=2023\reprt_code=11012\fs_div=CFS\010060_00148896.json
OCI홀딩스,010060,00148896,KOSPI,소재화학,2023,반기보고서,11012,OFS,별도재무제표,000,정상,138,data\raw\opendart_financial\bsns_year=2023\reprt_code=11012\fs_div=OFS\010060_00148896.json
OCI홀딩스,010060,00148896,KOSPI,소재화학,2023,분기보고서_1분기,11013,CFS,연결재무제표,000,정상,152,data\raw\opendart_financial\bsns_year=2023\reprt_code=11013\fs_div=CFS\010060_00148896.json
OCI홀딩스,010060,00148896,KOSPI,소재화학,2023,분기보고서_1분기,11013,OFS,별도재무제표,000,정상,127,data\raw\opendart_financial\bsns_year=2023\reprt_code=11013\fs_div=OFS\010060_00148896.json
OCI홀딩스,010060,00148896,KOSPI,소재화학,2023,분기보고서_3분기,11014,CFS,연결재무제표,000,정상,182,data\raw\opendart_financial\bsns_year=2023\reprt_code=11014\fs_div=CFS\010060_00148896.json
OCI홀딩스,010060,00148896,KOSPI,소재화학,2023,분기보고서_3분기,11014,OFS,별도재무제표,000,정상,152,data\raw\opendart_financial\bsns_year=2023\reprt_code=11014\fs_div=OFS\010060_00148896.json
OCI홀딩스,010060,00148896,KOSPI,소재화학,2024,사업보고서,11011,CFS,연결재무제표,000,정상,275,data\raw\opendart_financial\bsns_year=2024\reprt_code=11011\fs_div=CFS\010060_00148896.json
OCI홀딩스,010060,00148896,KOSPI,소재화학,2024,사업보고서,11011,OFS,별도재무제표,000,정상,164,data\raw\opendart_financial\bsns_year=2024\reprt_code=11011\fs_div=OFS\010060_00148896.json
OCI홀딩스,010060,00148896,KOSPI,소재화학,2024,반기보고서,11012,CFS,연결재무제표,000,정상,247,data\raw\opendart_financial\bsns_year=2024\reprt_code=11012\fs_div=CFS\010060_00148896.json
OCI홀딩스,010060,00148896,KOSPI,소재화학,2024,반기보고서,11012,OFS,별도재무제표,000,정상,146,data\raw\opendart_financial\bsns_year=2024\reprt_code=11012\fs_div=OFS\010060_00148896.json
OCI홀딩스,010060,00148896,KOSPI,소재화학,2024,분기보고서_1분기,11013,CFS,연결재무제표,000,정상,161,data\raw\opendart_financial\bsns_year=2024\reprt_code=11013\fs_div=CFS\010060_00148896.json
OCI홀딩스,010060,00148896,KOSPI,소재화학,2024,분기보고서_1분기,11013,OFS,별도재무제표,000,정상,125,data\raw\opendart_financial\bsns_year=2024\reprt_code=11013\fs_div=OFS\010060_00148896.json
OCI홀딩스,010060,00148896,KOSPI,소재화학,2024,분기보고서_3분기,11014,CFS,연결재무제표,000,정상,260,data\raw\opendart_financial\bsns_year=2024\reprt_code=11014\fs_div=CFS\010060_00148896.json
OCI홀딩스,010060,00148896,KOSPI,소재화학,2024,분기보고서_3분기,11014,OFS,별도재무제표,000,정상,151,data\raw\opendart_financial\bsns_year=2024\reprt_code=11014\fs_div=OFS\010060_00148896.json
OCI홀딩스,010060,00148896,KOSPI,소재화학,2025,사업보고서,11011,CFS,연결재무제표,000,정상,285,data\raw\opendart_financial\bsns_year=2025\reprt_code=11011\fs_div=CFS\010060_00148896.json
OCI홀딩스,010060,00148896,KOSPI,소재화학,2025,사업보고서,11011,OFS,별도재무제표,000,정상,192,data\raw\opendart_financial\bsns_year=2025\reprt_code=11011\fs_div=OFS\010060_00148896.json
OCI홀딩스,010060,00148896,KOSPI,소재화학,2025,반기보고서,11012,CFS,연결재무제표,000,정상,230,data\raw\opendart_financial\bsns_year=2025\reprt_code=11012\fs_div=CFS\010060_00148896.json
OCI홀딩스,010060,00148896,KOSPI,소재화학,2025,반기보고서,11012,OFS,별도재무제표,000,정상,127,data\raw\opendart_financial\bsns_year=2025\reprt_code=11012\fs_div=OFS\010060_00148896.json
OCI홀딩스,010060,00148896,KOSPI,소재화학,2025,분기보고서_1분기,11013,CFS,연결재무제표,000,정상,204,data\raw\opendart_financial\bsns_year=2025\reprt_code=11013\fs_div=CFS\010060_00148896.json
OCI홀딩스,010060,00148896,KOSPI,소재화학,2025,분기보고서_1분기,11013,OFS,별도재무제표,000,정상,118,data\raw\opendart_financial\bsns_year=2025\reprt_code=11013\fs_div=OFS\010060_00148896.json
OCI홀딩스,010060,00148896,KOSPI,소재화학,2025,분기보고서_3분기,11014,CFS,연결재무제표,000,정상,239,data\raw\opendart_financial\bsns_year=2025\reprt_code=11014\fs_div=CFS\010060_00148896.json
OCI홀딩스,010060,00148896,KOSPI,소재화학,2025,분기보고서_3분기,11014,OFS,별도재무제표,000,정상,159,data\raw\opendart_financial\bsns_year=2025\reprt_code=11014\fs_div=OFS\010060_00148896.json
SKC,011790,00139889,KOSPI,소재화학,2017,사업보고서,11011,CFS,연결재무제표,000,정상,291,data\raw\opendart_financial\bsns_year=2017\reprt_code=11011\fs_div=CFS\011790_00139889.json
SKC,011790,00139889,KOSPI,소재화학,2017,사업보고서,11011,OFS,별도재무제표,000,정상,209,data\raw\opendart_financial\bsns_year=2017\reprt_code=11011\fs_div=OFS\011790_00139889.json
SKC,011790,00139889,KOSPI,소재화학,2017,반기보고서,11012,CFS,연결재무제표,000,정상,274,data\raw\opendart_financial\bsns_year=2017\reprt_code=11012\fs_div=CFS\011790_00139889.json
SKC,011790,00139889,KOSPI,소재화학,2017,반기보고서,11012,OFS,별도재무제표,000,정상,181,data\raw\opendart_financial\bsns_year=2017\reprt_code=11012\fs_div=OFS\011790_00139889.json
SKC,011790,00139889,KOSPI,소재화학,2017,분기보고서_1분기,11013,CFS,연결재무제표,000,정상,291,data\raw\opendart_financial\bsns_year=2017\reprt_code=11013\fs_div=CFS\011790_00139889.json
SKC,011790,00139889,KOSPI,소재화학,2017,분기보고서_1분기,11013,OFS,별도재무제표,000,정상,207,data\raw\opendart_financial\bsns_year=2017\reprt_code=11013\fs_div=OFS\011790_00139889.json
SKC,011790,00139889,KOSPI,소재화학,2017,분기보고서_3분기,11014,CFS,연결재무제표,000,정상,256,data\raw\opendart_financial\bsns_year=2017\reprt_code=11014\fs_div=CFS\011790_00139889.json
SKC,011790,00139889,KOSPI,소재화학,2017,분기보고서_3분기,11014,OFS,별도재무제표,000,정상,183,data\raw\opendart_financial\bsns_year=2017\reprt_code=11014\fs_div=OFS\011790_00139889.json
SKC,011790,00139889,KOSPI,소재화학,2018,사업보고서,11011,CFS,연결재무제표,000,정상,295,data\raw\opendart_financial\bsns_year=2018\reprt_code=11011\fs_div=CFS\011790_00139889.json
SKC,011790,00139889,KOSPI,소재화학,2018,사업보고서,11011,OFS,별도재무제표,000,정상,212,data\raw\opendart_financial\bsns_year=2018\reprt_code=11011\fs_div=OFS\011790_00139889.json
SKC,011790,00139889,KOSPI,소재화학,2018,반기보고서,11012,CFS,연결재무제표,000,정상,241,data\raw\opendart_financial\bsns_year=2018\reprt_code=11012\fs_div=CFS\011790_00139889.json
SKC,011790,00139889,KOSPI,소재화학,2018,반기보고서,11012,OFS,별도재무제표,000,정상,172,data\raw\opendart_financial\bsns_year=2018\reprt_code=11012\fs_div=OFS\011790_00139889.json
SKC,011790,00139889,KOSPI,소재화학,2018,분기보고서_1분기,11013,CFS,연결재무제표,000,정상,220,data\raw\opendart_financial\bsns_year=2018\reprt_code=11013\fs_div=CFS\011790_00139889.json
SKC,011790,00139889,KOSPI,소재화학,2018,분기보고서_1분기,11013,OFS,별도재무제표,000,정상,160,data\raw\opendart_financial\bsns_year=2018\reprt_code=11013\fs_div=OFS\011790_00139889.json
SKC,011790,00139889,KOSPI,소재화학,2018,분기보고서_3분기,11014,CFS,연결재무제표,000,정상,246,data\raw\opendart_financial\bsns_year=2018\reprt_code=11014\fs_div=CFS\011790_00139889.json
SKC,011790,00139889,KOSPI,소재화학,2018,분기보고서_3분기,11014,OFS,별도재무제표,000,정상,175,data\raw\opendart_financial\bsns_year=2018\reprt_code=11014\fs_div=OFS\011790_00139889.json
SKC,011790,00139889,KOSPI,소재화학,2019,사업보고서,11011,CFS,연결재무제표,000,정상,274,data\raw\opendart_financial\bsns_year=2019\reprt_code=11011\fs_div=CFS\011790_00139889.json
SKC,011790,00139889,KOSPI,소재화학,2019,사업보고서,11011,OFS,별도재무제표,000,정상,199,data\raw\opendart_financial\bsns_year=2019\reprt_code=11011\fs_div=OFS\011790_00139889.json
SKC,011790,00139889,KOSPI,소재화학,2019,반기보고서,11012,CFS,연결재무제표,000,정상,223,data\raw\opendart_financial\bsns_year=2019\reprt_code=11012\fs_div=CFS\011790_00139889.json
SKC,011790,00139889,KOSPI,소재화학,2019,반기보고서,11012,OFS,별도재무제표,000,정상,155,data\raw\opendart_financial\bsns_year=2019\reprt_code=11012\fs_div=OFS\011790_00139889.json
SKC,011790,00139889,KOSPI,소재화학,2019,분기보고서_1분기,11013,CFS,연결재무제표,000,정상,210,data\raw\opendart_financial\bsns_year=2019\reprt_code=11013\fs_div=CFS\011790_00139889.json
SKC,011790,00139889,KOSPI,소재화학,2019,분기보고서_1분기,11013,OFS,별도재무제표,000,정상,149,data\raw\opendart_financial\bsns_year=2019\reprt_code=11013\fs_div=OFS\011790_00139889.json
SKC,011790,00139889,KOSPI,소재화학,2019,분기보고서_3분기,11014,CFS,연결재무제표,000,정상,231,data\raw\opendart_financial\bsns_year=2019\reprt_code=11014\fs_div=CFS\011790_00139889.json
SKC,011790,00139889,KOSPI,소재화학,2019,분기보고서_3분기,11014,OFS,별도재무제표,000,정상,159,data\raw\opendart_financial\bsns_year=2019\reprt_code=11014\fs_div=OFS\011790_00139889.json
SKC,011790,00139889,KOSPI,소재화학,2020,사업보고서,11011,CFS,연결재무제표,000,정상,288,data\raw\opendart_financial\bsns_year=2020\reprt_code=11011\fs_div=CFS\011790_00139889.json
SKC,011790,00139889,KOSPI,소재화학,2020,사업보고서,11011,OFS,별도재무제표,000,정상,205,data\raw\opendart_financial\bsns_year=2020\reprt_code=11011\fs_div=OFS\011790_00139889.json
SKC,011790,00139889,KOSPI,소재화학,2020,반기보고서,11012,CFS,연결재무제표,000,정상,246,data\raw\opendart_financial\bsns_year=2020\reprt_code=11012\fs_div=CFS\011790_00139889.json
SKC,011790,00139889,KOSPI,소재화학,2020,반기보고서,11012,OFS,별도재무제표,000,정상,169,data\raw\opendart_financial\bsns_year=2020\reprt_code=11012\fs_div=OFS\011790_00139889.json
SKC,011790,00139889,KOSPI,소재화학,2020,분기보고서_1분기,11013,CFS,연결재무제표,000,정상,231,data\raw\opendart_financial\bsns_year=2020\reprt_code=11013\fs_div=CFS\011790_00139889.json
SKC,011790,00139889,KOSPI,소재화학,2020,분기보고서_1분기,11013,OFS,별도재무제표,000,정상,162,data\raw\opendart_financial\bsns_year=2020\reprt_code=11013\fs_div=OFS\011790_00139889.json
SKC,011790,00139889,KOSPI,소재화학,2020,분기보고서_3분기,11014,CFS,연결재무제표,000,정상,259,data\raw\opendart_financial\bsns_year=2020\reprt_code=11014\fs_div=CFS\011790_00139889.json
SKC,011790,00139889,KOSPI,소재화학,2020,분기보고서_3분기,11014,OFS,별도재무제표,000,정상,176,data\raw\opendart_financial\bsns_year=2020\reprt_code=11014\fs_div=OFS\011790_00139889.json
SKC,011790,00139889,KOSPI,소재화학,2021,사업보고서,11011,CFS,연결재무제표,000,정상,291,data\raw\opendart_financial\bsns_year=2021\reprt_code=11011\fs_div=CFS\011790_00139889.json
SKC,011790,00139889,KOSPI,소재화학,2021,사업보고서,11011,OFS,별도재무제표,000,정상,214,data\raw\opendart_financial\bsns_year=2021\reprt_code=11011\fs_div=OFS\011790_00139889.json
SKC,011790,00139889,KOSPI,소재화학,2021,반기보고서,11012,CFS,연결재무제표,000,정상,247,data\raw\opendart_financial\bsns_year=2021\reprt_code=11012\fs_div=CFS\011790_00139889.json
SKC,011790,00139889,KOSPI,소재화학,2021,반기보고서,11012,OFS,별도재무제표,000,정상,176,data\raw\opendart_financial\bsns_year=2021\reprt_code=11012\fs_div=OFS\011790_00139889.json
SKC,011790,00139889,KOSPI,소재화학,2021,분기보고서_1분기,11013,CFS,연결재무제표,000,정상,238,data\raw\opendart_financial\bsns_year=2021\reprt_code=11013\fs_div=CFS\011790_00139889.json
SKC,011790,00139889,KOSPI,소재화학,2021,분기보고서_1분기,11013,OFS,별도재무제표,000,정상,166,data\raw\opendart_financial\bsns_year=2021\reprt_code=11013\fs_div=OFS\011790_00139889.json
SKC,011790,00139889,KOSPI,소재화학,2021,분기보고서_3분기,11014,CFS,연결재무제표,000,정상,264,data\raw\opendart_financial\bsns_year=2021\reprt_code=11014\fs_div=CFS\011790_00139889.json
SKC,011790,00139889,KOSPI,소재화학,2021,분기보고서_3분기,11014,OFS,별도재무제표,000,정상,178,data\raw\opendart_financial\bsns_year=2021\reprt_code=11014\fs_div=OFS\011790_00139889.json
SKC,011790,00139889,KOSPI,소재화학,2022,사업보고서,11011,CFS,연결재무제표,000,정상,305,data\raw\opendart_financial\bsns_year=2022\reprt_code=11011\fs_div=CFS\011790_00139889.json
SKC,011790,00139889,KOSPI,소재화학,2022,사업보고서,11011,OFS,별도재무제표,000,정상,221,data\raw\opendart_financial\bsns_year=2022\reprt_code=11011\fs_div=OFS\011790_00139889.json
SKC,011790,00139889,KOSPI,소재화학,2022,반기보고서,11012,CFS,연결재무제표,000,정상,242,data\raw\opendart_financial\bsns_year=2022\reprt_code=11012\fs_div=CFS\011790_00139889.json
SKC,011790,00139889,KOSPI,소재화학,2022,반기보고서,11012,OFS,별도재무제표,000,정상,171,data\raw\opendart_financial\bsns_year=2022\reprt_code=11012\fs_div=OFS\011790_00139889.json
SKC,011790,00139889,KOSPI,소재화학,2022,분기보고서_1분기,11013,CFS,연결재무제표,000,정상,245,data\raw\opendart_financial\bsns_year=2022\reprt_code=11013\fs_div=CFS\011790_00139889.json
SKC,011790,00139889,KOSPI,소재화학,2022,분기보고서_1분기,11013,OFS,별도재무제표,000,정상,151,data\raw\opendart_financial\bsns_year=2022\reprt_code=11013\fs_div=OFS\011790_00139889.json
SKC,011790,00139889,KOSPI,소재화학,2022,분기보고서_3분기,11014,CFS,연결재무제표,000,정상,249,data\raw\opendart_financial\bsns_year=2022\reprt_code=11014\fs_div=CFS\011790_00139889.json
SKC,011790,00139889,KOSPI,소재화학,2022,분기보고서_3분기,11014,OFS,별도재무제표,000,정상,181,data\raw\opendart_financial\bsns_year=2022\reprt_code=11014\fs_div=OFS\011790_00139889.json
SKC,011790,00139889,KOSPI,소재화학,2023,사업보고서,11011,CFS,연결재무제표,000,정상,275,data\raw\opendart_financial\bsns_year=2023\reprt_code=11011\fs_div=CFS\011790_00139889.json
SKC,011790,00139889,KOSPI,소재화학,2023,사업보고서,11011,OFS,별도재무제표,000,정상,187,data\raw\opendart_financial\bsns_year=2023\reprt_code=11011\fs_div=OFS\011790_00139889.json
SKC,011790,00139889,KOSPI,소재화학,2023,반기보고서,11012,CFS,연결재무제표,000,정상,256,data\raw\opendart_financial\bsns_year=2023\reprt_code=11012\fs_div=CFS\011790_00139889.json
SKC,011790,00139889,KOSPI,소재화학,2023,반기보고서,11012,OFS,별도재무제표,000,정상,176,data\raw\opendart_financial\bsns_year=2023\reprt_code=11012\fs_div=OFS\011790_00139889.json
SKC,011790,00139889,KOSPI,소재화학,2023,분기보고서_1분기,11013,CFS,연결재무제표,000,정상,245,data\raw\opendart_financial\bsns_year=2023\reprt_code=11013\fs_div=CFS\011790_00139889.json
SKC,011790,00139889,KOSPI,소재화학,2023,분기보고서_1분기,11013,OFS,별도재무제표,000,정상,158,data\raw\opendart_financial\bsns_year=2023\reprt_code=11013\fs_div=OFS\011790_00139889.json
SKC,011790,00139889,KOSPI,소재화학,2023,분기보고서_3분기,11014,CFS,연결재무제표,000,정상,258,data\raw\opendart_financial\bsns_year=2023\reprt_code=11014\fs_div=CFS\011790_00139889.json
SKC,011790,00139889,KOSPI,소재화학,2023,분기보고서_3분기,11014,OFS,별도재무제표,000,정상,173,data\raw\opendart_financial\bsns_year=2023\reprt_code=11014\fs_div=OFS\011790_00139889.json
SKC,011790,00139889,KOSPI,소재화학,2024,사업보고서,11011,CFS,연결재무제표,000,정상,288,data\raw\opendart_financial\bsns_year=2024\reprt_code=11011\fs_div=CFS\011790_00139889.json
SKC,011790,00139889,KOSPI,소재화학,2024,사업보고서,11011,OFS,별도재무제표,000,정상,193,data\raw\opendart_financial\bsns_year=2024\reprt_code=11011\fs_div=OFS\011790_00139889.json
SKC,011790,00139889,KOSPI,소재화학,2024,반기보고서,11012,CFS,연결재무제표,000,정상,267,data\raw\opendart_financial\bsns_year=2024\reprt_code=11012\fs_div=CFS\011790_00139889.json
SKC,011790,00139889,KOSPI,소재화학,2024,반기보고서,11012,OFS,별도재무제표,000,정상,166,data\raw\opendart_financial\bsns_year=2024\reprt_code=11012\fs_div=OFS\011790_00139889.json
SKC,011790,00139889,KOSPI,소재화학,2024,분기보고서_1분기,11013,CFS,연결재무제표,000,정상,264,data\raw\opendart_financial\bsns_year=2024\reprt_code=11013\fs_div=CFS\011790_00139889.json
SKC,011790,00139889,KOSPI,소재화학,2024,분기보고서_1분기,11013,OFS,별도재무제표,000,정상,137,data\raw\opendart_financial\bsns_year=2024\reprt_code=11013\fs_div=OFS\011790_00139889.json
SKC,011790,00139889,KOSPI,소재화학,2024,분기보고서_3분기,11014,CFS,연결재무제표,000,정상,265,data\raw\opendart_financial\bsns_year=2024\reprt_code=11014\fs_div=CFS\011790_00139889.json
SKC,011790,00139889,KOSPI,소재화학,2024,분기보고서_3분기,11014,OFS,별도재무제표,000,정상,176,data\raw\opendart_financial\bsns_year=2024\reprt_code=11014\fs_div=OFS\011790_00139889.json
SKC,011790,00139889,KOSPI,소재화학,2025,사업보고서,11011,CFS,연결재무제표,000,정상,326,data\raw\opendart_financial\bsns_year=2025\reprt_code=11011\fs_div=CFS\011790_00139889.json
SKC,011790,00139889,KOSPI,소재화학,2025,사업보고서,11011,OFS,별도재무제표,000,정상,197,data\raw\opendart_financial\bsns_year=2025\reprt_code=11011\fs_div=OFS\011790_00139889.json
SKC,011790,00139889,KOSPI,소재화학,2025,반기보고서,11012,CFS,연결재무제표,000,정상,293,data\raw\opendart_financial\bsns_year=2025\reprt_code=11012\fs_div=CFS\011790_00139889.json
SKC,011790,00139889,KOSPI,소재화학,2025,반기보고서,11012,OFS,별도재무제표,000,정상,164,data\raw\opendart_financial\bsns_year=2025\reprt_code=11012\fs_div=OFS\011790_00139889.json
SKC,011790,00139889,KOSPI,소재화학,2025,분기보고서_1분기,11013,CFS,연결재무제표,000,정상,274,data\raw\opendart_financial\bsns_year=2025\reprt_code=11013\fs_div=CFS\011790_00139889.json
SKC,011790,00139889,KOSPI,소재화학,2025,분기보고서_1분기,11013,OFS,별도재무제표,000,정상,133,data\raw\opendart_financial\bsns_year=2025\reprt_code=11013\fs_div=OFS\011790_00139889.json
SKC,011790,00139889,KOSPI,소재화학,2025,분기보고서_3분기,11014,CFS,연결재무제표,000,정상,306,data\raw\opendart_financial\bsns_year=2025\reprt_code=11014\fs_div=CFS\011790_00139889.json
SKC,011790,00139889,KOSPI,소재화학,2025,분기보고서_3분기,11014,OFS,별도재무제표,000,정상,176,data\raw\opendart_financial\bsns_year=2025\reprt_code=11014\fs_div=OFS\011790_00139889.json
삼성바이오로직스,207940,00877059,KOSPI,바이오헬스케어,2017,사업보고서,11011,CFS,연결재무제표,013,조회된 데이타가 없습니다.,0,data\raw\opendart_financial\bsns_year=2017\reprt_code=11011\fs_div=CFS\207940_00877059.json
삼성바이오로직스,207940,00877059,KOSPI,바이오헬스케어,2017,사업보고서,11011,OFS,별도재무제표,000,정상,133,data\raw\opendart_financial\bsns_year=2017\reprt_code=11011\fs_div=OFS\207940_00877059.json
삼성바이오로직스,207940,00877059,KOSPI,바이오헬스케어,2017,반기보고서,11012,CFS,연결재무제표,013,조회된 데이타가 없습니다.,0,data\raw\opendart_financial\bsns_year=2017\reprt_code=11012\fs_div=CFS\207940_00877059.json
삼성바이오로직스,207940,00877059,KOSPI,바이오헬스케어,2017,반기보고서,11012,OFS,별도재무제표,000,정상,91,data\raw\opendart_financial\bsns_year=2017\reprt_code=11012\fs_div=OFS\207940_00877059.json
삼성바이오로직스,207940,00877059,KOSPI,바이오헬스케어,2017,분기보고서_1분기,11013,CFS,연결재무제표,013,조회된 데이타가 없습니다.,0,data\raw\opendart_financial\bsns_year=2017\reprt_code=11013\fs_div=CFS\207940_00877059.json
삼성바이오로직스,207940,00877059,KOSPI,바이오헬스케어,2017,분기보고서_1분기,11013,OFS,별도재무제표,000,정상,132,data\raw\opendart_financial\bsns_year=2017\reprt_code=11013\fs_div=OFS\207940_00877059.json
삼성바이오로직스,207940,00877059,KOSPI,바이오헬스케어,2017,분기보고서_3분기,11014,CFS,연결재무제표,013,조회된 데이타가 없습니다.,0,data\raw\opendart_financial\bsns_year=2017\reprt_code=11014\fs_div=CFS\207940_00877059.json
삼성바이오로직스,207940,00877059,KOSPI,바이오헬스케어,2017,분기보고서_3분기,11014,OFS,별도재무제표,000,정상,91,data\raw\opendart_financial\bsns_year=2017\reprt_code=11014\fs_div=OFS\207940_00877059.json
삼성바이오로직스,207940,00877059,KOSPI,바이오헬스케어,2018,사업보고서,11011,CFS,연결재무제표,013,조회된 데이타가 없습니다.,0,data\raw\opendart_financial\bsns_year=2018\reprt_code=11011\fs_div=CFS\207940_00877059.json
삼성바이오로직스,207940,00877059,KOSPI,바이오헬스케어,2018,사업보고서,11011,OFS,별도재무제표,000,정상,114,data\raw\opendart_financial\bsns_year=2018\reprt_code=11011\fs_div=OFS\207940_00877059.json
삼성바이오로직스,207940,00877059,KOSPI,바이오헬스케어,2018,반기보고서,11012,CFS,연결재무제표,013,조회된 데이타가 없습니다.,0,data\raw\opendart_financial\bsns_year=2018\reprt_code=11012\fs_div=CFS\207940_00877059.json
삼성바이오로직스,207940,00877059,KOSPI,바이오헬스케어,2018,반기보고서,11012,OFS,별도재무제표,000,정상,96,data\raw\opendart_financial\bsns_year=2018\reprt_code=11012\fs_div=OFS\207940_00877059.json
삼성바이오로직스,207940,00877059,KOSPI,바이오헬스케어,2018,분기보고서_1분기,11013,CFS,연결재무제표,013,조회된 데이타가 없습니다.,0,data\raw\opendart_financial\bsns_year=2018\reprt_code=11013\fs_div=CFS\207940_00877059.json
삼성바이오로직스,207940,00877059,KOSPI,바이오헬스케어,2018,분기보고서_1분기,11013,OFS,별도재무제표,000,정상,90,data\raw\opendart_financial\bsns_year=2018\reprt_code=11013\fs_div=OFS\207940_00877059.json
삼성바이오로직스,207940,00877059,KOSPI,바이오헬스케어,2018,분기보고서_3분기,11014,CFS,연결재무제표,013,조회된 데이타가 없습니다.,0,data\raw\opendart_financial\bsns_year=2018\reprt_code=11014\fs_div=CFS\207940_00877059.json
삼성바이오로직스,207940,00877059,KOSPI,바이오헬스케어,2018,분기보고서_3분기,11014,OFS,별도재무제표,000,정상,100,data\raw\opendart_financial\bsns_year=2018\reprt_code=11014\fs_div=OFS\207940_00877059.json
삼성바이오로직스,207940,00877059,KOSPI,바이오헬스케어,2019,사업보고서,11011,CFS,연결재무제표,013,조회된 데이타가 없습니다.,0,data\raw\opendart_financial\bsns_year=2019\reprt_code=11011\fs_div=CFS\207940_00877059.json
삼성바이오로직스,207940,00877059,KOSPI,바이오헬스케어,2019,사업보고서,11011,OFS,별도재무제표,000,정상,133,data\raw\opendart_financial\bsns_year=2019\reprt_code=11011\fs_div=OFS\207940_00877059.json
삼성바이오로직스,207940,00877059,KOSPI,바이오헬스케어,2019,반기보고서,11012,CFS,연결재무제표,013,조회된 데이타가 없습니다.,0,data\raw\opendart_financial\bsns_year=2019\reprt_code=11012\fs_div=CFS\207940_00877059.json
삼성바이오로직스,207940,00877059,KOSPI,바이오헬스케어,2019,반기보고서,11012,OFS,별도재무제표,000,정상,120,data\raw\opendart_financial\bsns_year=2019\reprt_code=11012\fs_div=OFS\207940_00877059.json
삼성바이오로직스,207940,00877059,KOSPI,바이오헬스케어,2019,분기보고서_1분기,11013,CFS,연결재무제표,013,조회된 데이타가 없습니다.,0,data\raw\opendart_financial\bsns_year=2019\reprt_code=11013\fs_div=CFS\207940_00877059.json
삼성바이오로직스,207940,00877059,KOSPI,바이오헬스케어,2019,분기보고서_1분기,11013,OFS,별도재무제표,000,정상,117,data\raw\opendart_financial\bsns_year=2019\reprt_code=11013\fs_div=OFS\207940_00877059.json
삼성바이오로직스,207940,00877059,KOSPI,바이오헬스케어,2019,분기보고서_3분기,11014,CFS,연결재무제표,013,조회된 데이타가 없습니다.,0,data\raw\opendart_financial\bsns_year=2019\reprt_code=11014\fs_div=CFS\207940_00877059.json
삼성바이오로직스,207940,00877059,KOSPI,바이오헬스케어,2019,분기보고서_3분기,11014,OFS,별도재무제표,000,정상,122,data\raw\opendart_financial\bsns_year=2019\reprt_code=11014\fs_div=OFS\207940_00877059.json
삼성바이오로직스,207940,00877059,KOSPI,바이오헬스케어,2020,사업보고서,11011,CFS,연결재무제표,000,정상,161,data\raw\opendart_financial\bsns_year=2020\reprt_code=11011\fs_div=CFS\207940_00877059.json
삼성바이오로직스,207940,00877059,KOSPI,바이오헬스케어,2020,사업보고서,11011,OFS,별도재무제표,000,정상,120,data\raw\opendart_financial\bsns_year=2020\reprt_code=11011\fs_div=OFS\207940_00877059.json
삼성바이오로직스,207940,00877059,KOSPI,바이오헬스케어,2020,반기보고서,11012,CFS,연결재무제표,000,정상,138,data\raw\opendart_financial\bsns_year=2020\reprt_code=11012\fs_div=CFS\207940_00877059.json
삼성바이오로직스,207940,00877059,KOSPI,바이오헬스케어,2020,반기보고서,11012,OFS,별도재무제표,000,정상,105,data\raw\opendart_financial\bsns_year=2020\reprt_code=11012\fs_div=OFS\207940_00877059.json
삼성바이오로직스,207940,00877059,KOSPI,바이오헬스케어,2020,분기보고서_1분기,11013,CFS,연결재무제표,000,정상,137,data\raw\opendart_financial\bsns_year=2020\reprt_code=11013\fs_div=CFS\207940_00877059.json
삼성바이오로직스,207940,00877059,KOSPI,바이오헬스케어,2020,분기보고서_1분기,11013,OFS,별도재무제표,000,정상,104,data\raw\opendart_financial\bsns_year=2020\reprt_code=11013\fs_div=OFS\207940_00877059.json
삼성바이오로직스,207940,00877059,KOSPI,바이오헬스케어,2020,분기보고서_3분기,11014,CFS,연결재무제표,000,정상,142,data\raw\opendart_financial\bsns_year=2020\reprt_code=11014\fs_div=CFS\207940_00877059.json
삼성바이오로직스,207940,00877059,KOSPI,바이오헬스케어,2020,분기보고서_3분기,11014,OFS,별도재무제표,000,정상,108,data\raw\opendart_financial\bsns_year=2020\reprt_code=11014\fs_div=OFS\207940_00877059.json
삼성바이오로직스,207940,00877059,KOSPI,바이오헬스케어,2021,사업보고서,11011,CFS,연결재무제표,000,정상,146,data\raw\opendart_financial\bsns_year=2021\reprt_code=11011\fs_div=CFS\207940_00877059.json
삼성바이오로직스,207940,00877059,KOSPI,바이오헬스케어,2021,사업보고서,11011,OFS,별도재무제표,000,정상,113,data\raw\opendart_financial\bsns_year=2021\reprt_code=11011\fs_div=OFS\207940_00877059.json
삼성바이오로직스,207940,00877059,KOSPI,바이오헬스케어,2021,반기보고서,11012,CFS,연결재무제표,000,정상,138,data\raw\opendart_financial\bsns_year=2021\reprt_code=11012\fs_div=CFS\207940_00877059.json
삼성바이오로직스,207940,00877059,KOSPI,바이오헬스케어,2021,반기보고서,11012,OFS,별도재무제표,000,정상,107,data\raw\opendart_financial\bsns_year=2021\reprt_code=11012\fs_div=OFS\207940_00877059.json
삼성바이오로직스,207940,00877059,KOSPI,바이오헬스케어,2021,분기보고서_1분기,11013,CFS,연결재무제표,000,정상,136,data\raw\opendart_financial\bsns_year=2021\reprt_code=11013\fs_div=CFS\207940_00877059.json
삼성바이오로직스,207940,00877059,KOSPI,바이오헬스케어,2021,분기보고서_1분기,11013,OFS,별도재무제표,000,정상,105,data\raw\opendart_financial\bsns_year=2021\reprt_code=11013\fs_div=OFS\207940_00877059.json
삼성바이오로직스,207940,00877059,KOSPI,바이오헬스케어,2021,분기보고서_3분기,11014,CFS,연결재무제표,000,정상,144,data\raw\opendart_financial\bsns_year=2021\reprt_code=11014\fs_div=CFS\207940_00877059.json
삼성바이오로직스,207940,00877059,KOSPI,바이오헬스케어,2021,분기보고서_3분기,11014,OFS,별도재무제표,000,정상,112,data\raw\opendart_financial\bsns_year=2021\reprt_code=11014\fs_div=OFS\207940_00877059.json
삼성바이오로직스,207940,00877059,KOSPI,바이오헬스케어,2022,사업보고서,11011,CFS,연결재무제표,000,정상,163,data\raw\opendart_financial\bsns_year=2022\reprt_code=11011\fs_div=CFS\207940_00877059.json
삼성바이오로직스,207940,00877059,KOSPI,바이오헬스케어,2022,사업보고서,11011,OFS,별도재무제표,000,정상,120,data\raw\opendart_financial\bsns_year=2022\reprt_code=11011\fs_div=OFS\207940_00877059.json
삼성바이오로직스,207940,00877059,KOSPI,바이오헬스케어,2022,반기보고서,11012,CFS,연결재무제표,000,정상,161,data\raw\opendart_financial\bsns_year=2022\reprt_code=11012\fs_div=CFS\207940_00877059.json
삼성바이오로직스,207940,00877059,KOSPI,바이오헬스케어,2022,반기보고서,11012,OFS,별도재무제표,000,정상,117,data\raw\opendart_financial\bsns_year=2022\reprt_code=11012\fs_div=OFS\207940_00877059.json
삼성바이오로직스,207940,00877059,KOSPI,바이오헬스케어,2022,분기보고서_1분기,11013,CFS,연결재무제표,000,정상,144,data\raw\opendart_financial\bsns_year=2022\reprt_code=11013\fs_div=CFS\207940_00877059.json
삼성바이오로직스,207940,00877059,KOSPI,바이오헬스케어,2022,분기보고서_1분기,11013,OFS,별도재무제표,000,정상,110,data\raw\opendart_financial\bsns_year=2022\reprt_code=11013\fs_div=OFS\207940_00877059.json
삼성바이오로직스,207940,00877059,KOSPI,바이오헬스케어,2022,분기보고서_3분기,11014,CFS,연결재무제표,000,정상,162,data\raw\opendart_financial\bsns_year=2022\reprt_code=11014\fs_div=CFS\207940_00877059.json
삼성바이오로직스,207940,00877059,KOSPI,바이오헬스케어,2022,분기보고서_3분기,11014,OFS,별도재무제표,000,정상,120,data\raw\opendart_financial\bsns_year=2022\reprt_code=11014\fs_div=OFS\207940_00877059.json
삼성바이오로직스,207940,00877059,KOSPI,바이오헬스케어,2023,사업보고서,11011,CFS,연결재무제표,000,정상,168,data\raw\opendart_financial\bsns_year=2023\reprt_code=11011\fs_div=CFS\207940_00877059.json
삼성바이오로직스,207940,00877059,KOSPI,바이오헬스케어,2023,사업보고서,11011,OFS,별도재무제표,000,정상,122,data\raw\opendart_financial\bsns_year=2023\reprt_code=11011\fs_div=OFS\207940_00877059.json
삼성바이오로직스,207940,00877059,KOSPI,바이오헬스케어,2023,반기보고서,11012,CFS,연결재무제표,000,정상,164,data\raw\opendart_financial\bsns_year=2023\reprt_code=11012\fs_div=CFS\207940_00877059.json
삼성바이오로직스,207940,00877059,KOSPI,바이오헬스케어,2023,반기보고서,11012,OFS,별도재무제표,000,정상,118,data\raw\opendart_financial\bsns_year=2023\reprt_code=11012\fs_div=OFS\207940_00877059.json
삼성바이오로직스,207940,00877059,KOSPI,바이오헬스케어,2023,분기보고서_1분기,11013,CFS,연결재무제표,000,정상,148,data\raw\opendart_financial\bsns_year=2023\reprt_code=11013\fs_div=CFS\207940_00877059.json
삼성바이오로직스,207940,00877059,KOSPI,바이오헬스케어,2023,분기보고서_1분기,11013,OFS,별도재무제표,000,정상,107,data\raw\opendart_financial\bsns_year=2023\reprt_code=11013\fs_div=OFS\207940_00877059.json
삼성바이오로직스,207940,00877059,KOSPI,바이오헬스케어,2023,분기보고서_3분기,11014,CFS,연결재무제표,000,정상,165,data\raw\opendart_financial\bsns_year=2023\reprt_code=11014\fs_div=CFS\207940_00877059.json
삼성바이오로직스,207940,00877059,KOSPI,바이오헬스케어,2023,분기보고서_3분기,11014,OFS,별도재무제표,000,정상,120,data\raw\opendart_financial\bsns_year=2023\reprt_code=11014\fs_div=OFS\207940_00877059.json
삼성바이오로직스,207940,00877059,KOSPI,바이오헬스케어,2024,사업보고서,11011,CFS,연결재무제표,000,정상,169,data\raw\opendart_financial\bsns_year=2024\reprt_code=11011\fs_div=CFS\207940_00877059.json
삼성바이오로직스,207940,00877059,KOSPI,바이오헬스케어,2024,사업보고서,11011,OFS,별도재무제표,000,정상,121,data\raw\opendart_financial\bsns_year=2024\reprt_code=11011\fs_div=OFS\207940_00877059.json
삼성바이오로직스,207940,00877059,KOSPI,바이오헬스케어,2024,반기보고서,11012,CFS,연결재무제표,000,정상,146,data\raw\opendart_financial\bsns_year=2024\reprt_code=11012\fs_div=CFS\207940_00877059.json
삼성바이오로직스,207940,00877059,KOSPI,바이오헬스케어,2024,반기보고서,11012,OFS,별도재무제표,000,정상,106,data\raw\opendart_financial\bsns_year=2024\reprt_code=11012\fs_div=OFS\207940_00877059.json
삼성바이오로직스,207940,00877059,KOSPI,바이오헬스케어,2024,분기보고서_1분기,11013,CFS,연결재무제표,000,정상,141,data\raw\opendart_financial\bsns_year=2024\reprt_code=11013\fs_div=CFS\207940_00877059.json
삼성바이오로직스,207940,00877059,KOSPI,바이오헬스케어,2024,분기보고서_1분기,11013,OFS,별도재무제표,000,정상,100,data\raw\opendart_financial\bsns_year=2024\reprt_code=11013\fs_div=OFS\207940_00877059.json
삼성바이오로직스,207940,00877059,KOSPI,바이오헬스케어,2024,분기보고서_3분기,11014,CFS,연결재무제표,000,정상,146,data\raw\opendart_financial\bsns_year=2024\reprt_code=11014\fs_div=CFS\207940_00877059.json
삼성바이오로직스,207940,00877059,KOSPI,바이오헬스케어,2024,분기보고서_3분기,11014,OFS,별도재무제표,000,정상,109,data\raw\opendart_financial\bsns_year=2024\reprt_code=11014\fs_div=OFS\207940_00877059.json
삼성바이오로직스,207940,00877059,KOSPI,바이오헬스케어,2025,사업보고서,11011,CFS,연결재무제표,000,정상,179,data\raw\opendart_financial\bsns_year=2025\reprt_code=11011\fs_div=CFS\207940_00877059.json
삼성바이오로직스,207940,00877059,KOSPI,바이오헬스케어,2025,사업보고서,11011,OFS,별도재무제표,000,정상,129,data\raw\opendart_financial\bsns_year=2025\reprt_code=11011\fs_div=OFS\207940_00877059.json
삼성바이오로직스,207940,00877059,KOSPI,바이오헬스케어,2025,반기보고서,11012,CFS,연결재무제표,000,정상,135,data\raw\opendart_financial\bsns_year=2025\reprt_code=11012\fs_div=CFS\207940_00877059.json
삼성바이오로직스,207940,00877059,KOSPI,바이오헬스케어,2025,반기보고서,11012,OFS,별도재무제표,000,정상,102,data\raw\opendart_financial\bsns_year=2025\reprt_code=11012\fs_div=OFS\207940_00877059.json
삼성바이오로직스,207940,00877059,KOSPI,바이오헬스케어,2025,분기보고서_1분기,11013,CFS,연결재무제표,000,정상,133,data\raw\opendart_financial\bsns_year=2025\reprt_code=11013\fs_div=CFS\207940_00877059.json
삼성바이오로직스,207940,00877059,KOSPI,바이오헬스케어,2025,분기보고서_1분기,11013,OFS,별도재무제표,000,정상,99,data\raw\opendart_financial\bsns_year=2025\reprt_code=11013\fs_div=OFS\207940_00877059.json
삼성바이오로직스,207940,00877059,KOSPI,바이오헬스케어,2025,분기보고서_3분기,11014,CFS,연결재무제표,000,정상,137,data\raw\opendart_financial\bsns_year=2025\reprt_code=11014\fs_div=CFS\207940_00877059.json
삼성바이오로직스,207940,00877059,KOSPI,바이오헬스케어,2025,분기보고서_3분기,11014,OFS,별도재무제표,000,정상,106,data\raw\opendart_financial\bsns_year=2025\reprt_code=11014\fs_div=OFS\207940_00877059.json
셀트리온,068270,00413046,KOSPI,바이오헬스케어,2017,사업보고서,11011,CFS,연결재무제표,000,정상,169,data\raw\opendart_financial\bsns_year=2017\reprt_code=11011\fs_div=CFS\068270_00413046.json
셀트리온,068270,00413046,KOSPI,바이오헬스케어,2017,사업보고서,11011,OFS,별도재무제표,000,정상,126,data\raw\opendart_financial\bsns_year=2017\reprt_code=11011\fs_div=OFS\068270_00413046.json
셀트리온,068270,00413046,KOSPI,바이오헬스케어,2017,반기보고서,11012,CFS,연결재무제표,000,정상,162,data\raw\opendart_financial\bsns_year=2017\reprt_code=11012\fs_div=CFS\068270_00413046.json
셀트리온,068270,00413046,KOSPI,바이오헬스케어,2017,반기보고서,11012,OFS,별도재무제표,000,정상,123,data\raw\opendart_financial\bsns_year=2017\reprt_code=11012\fs_div=OFS\068270_00413046.json
셀트리온,068270,00413046,KOSPI,바이오헬스케어,2017,분기보고서_1분기,11013,CFS,연결재무제표,000,정상,170,data\raw\opendart_financial\bsns_year=2017\reprt_code=11013\fs_div=CFS\068270_00413046.json
셀트리온,068270,00413046,KOSPI,바이오헬스케어,2017,분기보고서_1분기,11013,OFS,별도재무제표,000,정상,128,data\raw\opendart_financial\bsns_year=2017\reprt_code=11013\fs_div=OFS\068270_00413046.json
셀트리온,068270,00413046,KOSPI,바이오헬스케어,2017,분기보고서_3분기,11014,CFS,연결재무제표,000,정상,167,data\raw\opendart_financial\bsns_year=2017\reprt_code=11014\fs_div=CFS\068270_00413046.json
셀트리온,068270,00413046,KOSPI,바이오헬스케어,2017,분기보고서_3분기,11014,OFS,별도재무제표,000,정상,122,data\raw\opendart_financial\bsns_year=2017\reprt_code=11014\fs_div=OFS\068270_00413046.json
셀트리온,068270,00413046,KOSPI,바이오헬스케어,2018,사업보고서,11011,CFS,연결재무제표,000,정상,188,data\raw\opendart_financial\bsns_year=2018\reprt_code=11011\fs_div=CFS\068270_00413046.json
셀트리온,068270,00413046,KOSPI,바이오헬스케어,2018,사업보고서,11011,OFS,별도재무제표,000,정상,130,data\raw\opendart_financial\bsns_year=2018\reprt_code=11011\fs_div=OFS\068270_00413046.json
셀트리온,068270,00413046,KOSPI,바이오헬스케어,2018,반기보고서,11012,CFS,연결재무제표,000,정상,165,data\raw\opendart_financial\bsns_year=2018\reprt_code=11012\fs_div=CFS\068270_00413046.json
셀트리온,068270,00413046,KOSPI,바이오헬스케어,2018,반기보고서,11012,OFS,별도재무제표,000,정상,125,data\raw\opendart_financial\bsns_year=2018\reprt_code=11012\fs_div=OFS\068270_00413046.json
셀트리온,068270,00413046,KOSPI,바이오헬스케어,2018,분기보고서_1분기,11013,CFS,연결재무제표,000,정상,164,data\raw\opendart_financial\bsns_year=2018\reprt_code=11013\fs_div=CFS\068270_00413046.json
셀트리온,068270,00413046,KOSPI,바이오헬스케어,2018,분기보고서_1분기,11013,OFS,별도재무제표,000,정상,119,data\raw\opendart_financial\bsns_year=2018\reprt_code=11013\fs_div=OFS\068270_00413046.json
셀트리온,068270,00413046,KOSPI,바이오헬스케어,2018,분기보고서_3분기,11014,CFS,연결재무제표,000,정상,182,data\raw\opendart_financial\bsns_year=2018\reprt_code=11014\fs_div=CFS\068270_00413046.json
셀트리온,068270,00413046,KOSPI,바이오헬스케어,2018,분기보고서_3분기,11014,OFS,별도재무제표,000,정상,132,data\raw\opendart_financial\bsns_year=2018\reprt_code=11014\fs_div=OFS\068270_00413046.json
셀트리온,068270,00413046,KOSPI,바이오헬스케어,2019,사업보고서,11011,CFS,연결재무제표,000,정상,175,data\raw\opendart_financial\bsns_year=2019\reprt_code=11011\fs_div=CFS\068270_00413046.json
셀트리온,068270,00413046,KOSPI,바이오헬스케어,2019,사업보고서,11011,OFS,별도재무제표,000,정상,126,data\raw\opendart_financial\bsns_year=2019\reprt_code=11011\fs_div=OFS\068270_00413046.json
셀트리온,068270,00413046,KOSPI,바이오헬스케어,2019,반기보고서,11012,CFS,연결재무제표,000,정상,161,data\raw\opendart_financial\bsns_year=2019\reprt_code=11012\fs_div=CFS\068270_00413046.json
셀트리온,068270,00413046,KOSPI,바이오헬스케어,2019,반기보고서,11012,OFS,별도재무제표,000,정상,118,data\raw\opendart_financial\bsns_year=2019\reprt_code=11012\fs_div=OFS\068270_00413046.json
셀트리온,068270,00413046,KOSPI,바이오헬스케어,2019,분기보고서_1분기,11013,CFS,연결재무제표,000,정상,168,data\raw\opendart_financial\bsns_year=2019\reprt_code=11013\fs_div=CFS\068270_00413046.json
셀트리온,068270,00413046,KOSPI,바이오헬스케어,2019,분기보고서_1분기,11013,OFS,별도재무제표,000,정상,123,data\raw\opendart_financial\bsns_year=2019\reprt_code=11013\fs_div=OFS\068270_00413046.json
셀트리온,068270,00413046,KOSPI,바이오헬스케어,2019,분기보고서_3분기,11014,CFS,연결재무제표,000,정상,163,data\raw\opendart_financial\bsns_year=2019\reprt_code=11014\fs_div=CFS\068270_00413046.json
셀트리온,068270,00413046,KOSPI,바이오헬스케어,2019,분기보고서_3분기,11014,OFS,별도재무제표,000,정상,120,data\raw\opendart_financial\bsns_year=2019\reprt_code=11014\fs_div=OFS\068270_00413046.json
셀트리온,068270,00413046,KOSPI,바이오헬스케어,2020,사업보고서,11011,CFS,연결재무제표,000,정상,174,data\raw\opendart_financial\bsns_year=2020\reprt_code=11011\fs_div=CFS\068270_00413046.json
셀트리온,068270,00413046,KOSPI,바이오헬스케어,2020,사업보고서,11011,OFS,별도재무제표,000,정상,122,data\raw\opendart_financial\bsns_year=2020\reprt_code=11011\fs_div=OFS\068270_00413046.json
셀트리온,068270,00413046,KOSPI,바이오헬스케어,2020,반기보고서,11012,CFS,연결재무제표,000,정상,205,data\raw\opendart_financial\bsns_year=2020\reprt_code=11012\fs_div=CFS\068270_00413046.json
셀트리온,068270,00413046,KOSPI,바이오헬스케어,2020,반기보고서,11012,OFS,별도재무제표,000,정상,141,data\raw\opendart_financial\bsns_year=2020\reprt_code=11012\fs_div=OFS\068270_00413046.json
셀트리온,068270,00413046,KOSPI,바이오헬스케어,2020,분기보고서_1분기,11013,CFS,연결재무제표,000,정상,199,data\raw\opendart_financial\bsns_year=2020\reprt_code=11013\fs_div=CFS\068270_00413046.json
셀트리온,068270,00413046,KOSPI,바이오헬스케어,2020,분기보고서_1분기,11013,OFS,별도재무제표,000,정상,135,data\raw\opendart_financial\bsns_year=2020\reprt_code=11013\fs_div=OFS\068270_00413046.json
셀트리온,068270,00413046,KOSPI,바이오헬스케어,2020,분기보고서_3분기,11014,CFS,연결재무제표,000,정상,212,data\raw\opendart_financial\bsns_year=2020\reprt_code=11014\fs_div=CFS\068270_00413046.json
셀트리온,068270,00413046,KOSPI,바이오헬스케어,2020,분기보고서_3분기,11014,OFS,별도재무제표,000,정상,142,data\raw\opendart_financial\bsns_year=2020\reprt_code=11014\fs_div=OFS\068270_00413046.json
셀트리온,068270,00413046,KOSPI,바이오헬스케어,2021,사업보고서,11011,CFS,연결재무제표,000,정상,174,data\raw\opendart_financial\bsns_year=2021\reprt_code=11011\fs_div=CFS\068270_00413046.json
셀트리온,068270,00413046,KOSPI,바이오헬스케어,2021,사업보고서,11011,OFS,별도재무제표,000,정상,126,data\raw\opendart_financial\bsns_year=2021\reprt_code=11011\fs_div=OFS\068270_00413046.json
셀트리온,068270,00413046,KOSPI,바이오헬스케어,2021,반기보고서,11012,CFS,연결재무제표,000,정상,159,data\raw\opendart_financial\bsns_year=2021\reprt_code=11012\fs_div=CFS\068270_00413046.json
셀트리온,068270,00413046,KOSPI,바이오헬스케어,2021,반기보고서,11012,OFS,별도재무제표,000,정상,118,data\raw\opendart_financial\bsns_year=2021\reprt_code=11012\fs_div=OFS\068270_00413046.json
셀트리온,068270,00413046,KOSPI,바이오헬스케어,2021,분기보고서_1분기,11013,CFS,연결재무제표,000,정상,153,data\raw\opendart_financial\bsns_year=2021\reprt_code=11013\fs_div=CFS\068270_00413046.json
셀트리온,068270,00413046,KOSPI,바이오헬스케어,2021,분기보고서_1분기,11013,OFS,별도재무제표,000,정상,115,data\raw\opendart_financial\bsns_year=2021\reprt_code=11013\fs_div=OFS\068270_00413046.json
셀트리온,068270,00413046,KOSPI,바이오헬스케어,2021,분기보고서_3분기,11014,CFS,연결재무제표,000,정상,168,data\raw\opendart_financial\bsns_year=2021\reprt_code=11014\fs_div=CFS\068270_00413046.json
셀트리온,068270,00413046,KOSPI,바이오헬스케어,2021,분기보고서_3분기,11014,OFS,별도재무제표,000,정상,123,data\raw\opendart_financial\bsns_year=2021\reprt_code=11014\fs_div=OFS\068270_00413046.json
셀트리온,068270,00413046,KOSPI,바이오헬스케어,2022,사업보고서,11011,CFS,연결재무제표,000,정상,181,data\raw\opendart_financial\bsns_year=2022\reprt_code=11011\fs_div=CFS\068270_00413046.json
셀트리온,068270,00413046,KOSPI,바이오헬스케어,2022,사업보고서,11011,OFS,별도재무제표,000,정상,128,data\raw\opendart_financial\bsns_year=2022\reprt_code=11011\fs_div=OFS\068270_00413046.json
셀트리온,068270,00413046,KOSPI,바이오헬스케어,2022,반기보고서,11012,CFS,연결재무제표,000,정상,163,data\raw\opendart_financial\bsns_year=2022\reprt_code=11012\fs_div=CFS\068270_00413046.json
셀트리온,068270,00413046,KOSPI,바이오헬스케어,2022,반기보고서,11012,OFS,별도재무제표,000,정상,123,data\raw\opendart_financial\bsns_year=2022\reprt_code=11012\fs_div=OFS\068270_00413046.json
셀트리온,068270,00413046,KOSPI,바이오헬스케어,2022,분기보고서_1분기,11013,CFS,연결재무제표,000,정상,159,data\raw\opendart_financial\bsns_year=2022\reprt_code=11013\fs_div=CFS\068270_00413046.json
셀트리온,068270,00413046,KOSPI,바이오헬스케어,2022,분기보고서_1분기,11013,OFS,별도재무제표,000,정상,119,data\raw\opendart_financial\bsns_year=2022\reprt_code=11013\fs_div=OFS\068270_00413046.json
셀트리온,068270,00413046,KOSPI,바이오헬스케어,2022,분기보고서_3분기,11014,CFS,연결재무제표,000,정상,177,data\raw\opendart_financial\bsns_year=2022\reprt_code=11014\fs_div=CFS\068270_00413046.json
셀트리온,068270,00413046,KOSPI,바이오헬스케어,2022,분기보고서_3분기,11014,OFS,별도재무제표,000,정상,126,data\raw\opendart_financial\bsns_year=2022\reprt_code=11014\fs_div=OFS\068270_00413046.json
셀트리온,068270,00413046,KOSPI,바이오헬스케어,2023,사업보고서,11011,CFS,연결재무제표,000,정상,261,data\raw\opendart_financial\bsns_year=2023\reprt_code=11011\fs_div=CFS\068270_00413046.json
셀트리온,068270,00413046,KOSPI,바이오헬스케어,2023,사업보고서,11011,OFS,별도재무제표,000,정상,161,data\raw\opendart_financial\bsns_year=2023\reprt_code=11011\fs_div=OFS\068270_00413046.json
셀트리온,068270,00413046,KOSPI,바이오헬스케어,2023,반기보고서,11012,CFS,연결재무제표,000,정상,178,data\raw\opendart_financial\bsns_year=2023\reprt_code=11012\fs_div=CFS\068270_00413046.json
셀트리온,068270,00413046,KOSPI,바이오헬스케어,2023,반기보고서,11012,OFS,별도재무제표,000,정상,123,data\raw\opendart_financial\bsns_year=2023\reprt_code=11012\fs_div=OFS\068270_00413046.json
셀트리온,068270,00413046,KOSPI,바이오헬스케어,2023,분기보고서_1분기,11013,CFS,연결재무제표,000,정상,168,data\raw\opendart_financial\bsns_year=2023\reprt_code=11013\fs_div=CFS\068270_00413046.json
셀트리온,068270,00413046,KOSPI,바이오헬스케어,2023,분기보고서_1분기,11013,OFS,별도재무제표,000,정상,118,data\raw\opendart_financial\bsns_year=2023\reprt_code=11013\fs_div=OFS\068270_00413046.json
셀트리온,068270,00413046,KOSPI,바이오헬스케어,2023,분기보고서_3분기,11014,CFS,연결재무제표,000,정상,178,data\raw\opendart_financial\bsns_year=2023\reprt_code=11014\fs_div=CFS\068270_00413046.json
셀트리온,068270,00413046,KOSPI,바이오헬스케어,2023,분기보고서_3분기,11014,OFS,별도재무제표,000,정상,124,data\raw\opendart_financial\bsns_year=2023\reprt_code=11014\fs_div=OFS\068270_00413046.json
셀트리온,068270,00413046,KOSPI,바이오헬스케어,2024,사업보고서,11011,CFS,연결재무제표,000,정상,270,data\raw\opendart_financial\bsns_year=2024\reprt_code=11011\fs_div=CFS\068270_00413046.json
셀트리온,068270,00413046,KOSPI,바이오헬스케어,2024,사업보고서,11011,OFS,별도재무제표,000,정상,163,data\raw\opendart_financial\bsns_year=2024\reprt_code=11011\fs_div=OFS\068270_00413046.json
셀트리온,068270,00413046,KOSPI,바이오헬스케어,2024,반기보고서,11012,CFS,연결재무제표,000,정상,244,data\raw\opendart_financial\bsns_year=2024\reprt_code=11012\fs_div=CFS\068270_00413046.json
셀트리온,068270,00413046,KOSPI,바이오헬스케어,2024,반기보고서,11012,OFS,별도재무제표,000,정상,150,data\raw\opendart_financial\bsns_year=2024\reprt_code=11012\fs_div=OFS\068270_00413046.json
셀트리온,068270,00413046,KOSPI,바이오헬스케어,2024,분기보고서_1분기,11013,CFS,연결재무제표,000,정상,230,data\raw\opendart_financial\bsns_year=2024\reprt_code=11013\fs_div=CFS\068270_00413046.json
셀트리온,068270,00413046,KOSPI,바이오헬스케어,2024,분기보고서_1분기,11013,OFS,별도재무제표,000,정상,145,data\raw\opendart_financial\bsns_year=2024\reprt_code=11013\fs_div=OFS\068270_00413046.json
셀트리온,068270,00413046,KOSPI,바이오헬스케어,2024,분기보고서_3분기,11014,CFS,연결재무제표,000,정상,253,data\raw\opendart_financial\bsns_year=2024\reprt_code=11014\fs_div=CFS\068270_00413046.json
셀트리온,068270,00413046,KOSPI,바이오헬스케어,2024,분기보고서_3분기,11014,OFS,별도재무제표,000,정상,151,data\raw\opendart_financial\bsns_year=2024\reprt_code=11014\fs_div=OFS\068270_00413046.json
셀트리온,068270,00413046,KOSPI,바이오헬스케어,2025,사업보고서,11011,CFS,연결재무제표,000,정상,278,data\raw\opendart_financial\bsns_year=2025\reprt_code=11011\fs_div=CFS\068270_00413046.json
셀트리온,068270,00413046,KOSPI,바이오헬스케어,2025,사업보고서,11011,OFS,별도재무제표,000,정상,172,data\raw\opendart_financial\bsns_year=2025\reprt_code=11011\fs_div=OFS\068270_00413046.json
셀트리온,068270,00413046,KOSPI,바이오헬스케어,2025,반기보고서,11012,CFS,연결재무제표,000,정상,254,data\raw\opendart_financial\bsns_year=2025\reprt_code=11012\fs_div=CFS\068270_00413046.json
셀트리온,068270,00413046,KOSPI,바이오헬스케어,2025,반기보고서,11012,OFS,별도재무제표,000,정상,166,data\raw\opendart_financial\bsns_year=2025\reprt_code=11012\fs_div=OFS\068270_00413046.json
셀트리온,068270,00413046,KOSPI,바이오헬스케어,2025,분기보고서_1분기,11013,CFS,연결재무제표,000,정상,233,data\raw\opendart_financial\bsns_year=2025\reprt_code=11013\fs_div=CFS\068270_00413046.json
셀트리온,068270,00413046,KOSPI,바이오헬스케어,2025,분기보고서_1분기,11013,OFS,별도재무제표,000,정상,156,data\raw\opendart_financial\bsns_year=2025\reprt_code=11013\fs_div=OFS\068270_00413046.json
셀트리온,068270,00413046,KOSPI,바이오헬스케어,2025,분기보고서_3분기,11014,CFS,연결재무제표,000,정상,248,data\raw\opendart_financial\bsns_year=2025\reprt_code=11014\fs_div=CFS\068270_00413046.json
셀트리온,068270,00413046,KOSPI,바이오헬스케어,2025,분기보고서_3분기,11014,OFS,별도재무제표,000,정상,165,data\raw\opendart_financial\bsns_year=2025\reprt_code=11014\fs_div=OFS\068270_00413046.json
알테오젠,196170,00989619,KOSDAQ,바이오헬스케어,2017,사업보고서,11011,CFS,연결재무제표,000,정상,139,data\raw\opendart_financial\bsns_year=2017\reprt_code=11011\fs_div=CFS\196170_00989619.json
알테오젠,196170,00989619,KOSDAQ,바이오헬스케어,2017,사업보고서,11011,OFS,별도재무제표,000,정상,123,data\raw\opendart_financial\bsns_year=2017\reprt_code=11011\fs_div=OFS\196170_00989619.json
알테오젠,196170,00989619,KOSDAQ,바이오헬스케어,2017,반기보고서,11012,CFS,연결재무제표,000,정상,176,data\raw\opendart_financial\bsns_year=2017\reprt_code=11012\fs_div=CFS\196170_00989619.json
알테오젠,196170,00989619,KOSDAQ,바이오헬스케어,2017,반기보고서,11012,OFS,별도재무제표,000,정상,153,data\raw\opendart_financial\bsns_year=2017\reprt_code=11012\fs_div=OFS\196170_00989619.json
알테오젠,196170,00989619,KOSDAQ,바이오헬스케어,2017,분기보고서_1분기,11013,CFS,연결재무제표,000,정상,176,data\raw\opendart_financial\bsns_year=2017\reprt_code=11013\fs_div=CFS\196170_00989619.json
알테오젠,196170,00989619,KOSDAQ,바이오헬스케어,2017,분기보고서_1분기,11013,OFS,별도재무제표,000,정상,153,data\raw\opendart_financial\bsns_year=2017\reprt_code=11013\fs_div=OFS\196170_00989619.json
알테오젠,196170,00989619,KOSDAQ,바이오헬스케어,2017,분기보고서_3분기,11014,CFS,연결재무제표,000,정상,122,data\raw\opendart_financial\bsns_year=2017\reprt_code=11014\fs_div=CFS\196170_00989619.json
알테오젠,196170,00989619,KOSDAQ,바이오헬스케어,2017,분기보고서_3분기,11014,OFS,별도재무제표,000,정상,107,data\raw\opendart_financial\bsns_year=2017\reprt_code=11014\fs_div=OFS\196170_00989619.json
알테오젠,196170,00989619,KOSDAQ,바이오헬스케어,2018,사업보고서,11011,CFS,연결재무제표,000,정상,166,data\raw\opendart_financial\bsns_year=2018\reprt_code=11011\fs_div=CFS\196170_00989619.json
알테오젠,196170,00989619,KOSDAQ,바이오헬스케어,2018,사업보고서,11011,OFS,별도재무제표,000,정상,133,data\raw\opendart_financial\bsns_year=2018\reprt_code=11011\fs_div=OFS\196170_00989619.json
알테오젠,196170,00989619,KOSDAQ,바이오헬스케어,2018,반기보고서,11012,CFS,연결재무제표,000,정상,130,data\raw\opendart_financial\bsns_year=2018\reprt_code=11012\fs_div=CFS\196170_00989619.json
알테오젠,196170,00989619,KOSDAQ,바이오헬스케어,2018,반기보고서,11012,OFS,별도재무제표,000,정상,102,data\raw\opendart_financial\bsns_year=2018\reprt_code=11012\fs_div=OFS\196170_00989619.json
알테오젠,196170,00989619,KOSDAQ,바이오헬스케어,2018,분기보고서_1분기,11013,CFS,연결재무제표,000,정상,139,data\raw\opendart_financial\bsns_year=2018\reprt_code=11013\fs_div=CFS\196170_00989619.json
알테오젠,196170,00989619,KOSDAQ,바이오헬스케어,2018,분기보고서_1분기,11013,OFS,별도재무제표,000,정상,123,data\raw\opendart_financial\bsns_year=2018\reprt_code=11013\fs_div=OFS\196170_00989619.json
알테오젠,196170,00989619,KOSDAQ,바이오헬스케어,2018,분기보고서_3분기,11014,CFS,연결재무제표,000,정상,141,data\raw\opendart_financial\bsns_year=2018\reprt_code=11014\fs_div=CFS\196170_00989619.json
알테오젠,196170,00989619,KOSDAQ,바이오헬스케어,2018,분기보고서_3분기,11014,OFS,별도재무제표,000,정상,104,data\raw\opendart_financial\bsns_year=2018\reprt_code=11014\fs_div=OFS\196170_00989619.json
알테오젠,196170,00989619,KOSDAQ,바이오헬스케어,2019,사업보고서,11011,CFS,연결재무제표,000,정상,173,data\raw\opendart_financial\bsns_year=2019\reprt_code=11011\fs_div=CFS\196170_00989619.json
알테오젠,196170,00989619,KOSDAQ,바이오헬스케어,2019,사업보고서,11011,OFS,별도재무제표,000,정상,133,data\raw\opendart_financial\bsns_year=2019\reprt_code=11011\fs_div=OFS\196170_00989619.json
알테오젠,196170,00989619,KOSDAQ,바이오헬스케어,2019,반기보고서,11012,CFS,연결재무제표,000,정상,137,data\raw\opendart_financial\bsns_year=2019\reprt_code=11012\fs_div=CFS\196170_00989619.json
알테오젠,196170,00989619,KOSDAQ,바이오헬스케어,2019,반기보고서,11012,OFS,별도재무제표,000,정상,110,data\raw\opendart_financial\bsns_year=2019\reprt_code=11012\fs_div=OFS\196170_00989619.json
알테오젠,196170,00989619,KOSDAQ,바이오헬스케어,2019,분기보고서_1분기,11013,CFS,연결재무제표,000,정상,133,data\raw\opendart_financial\bsns_year=2019\reprt_code=11013\fs_div=CFS\196170_00989619.json
알테오젠,196170,00989619,KOSDAQ,바이오헬스케어,2019,분기보고서_1분기,11013,OFS,별도재무제표,000,정상,107,data\raw\opendart_financial\bsns_year=2019\reprt_code=11013\fs_div=OFS\196170_00989619.json
알테오젠,196170,00989619,KOSDAQ,바이오헬스케어,2019,분기보고서_3분기,11014,CFS,연결재무제표,000,정상,147,data\raw\opendart_financial\bsns_year=2019\reprt_code=11014\fs_div=CFS\196170_00989619.json
알테오젠,196170,00989619,KOSDAQ,바이오헬스케어,2019,분기보고서_3분기,11014,OFS,별도재무제표,000,정상,110,data\raw\opendart_financial\bsns_year=2019\reprt_code=11014\fs_div=OFS\196170_00989619.json
알테오젠,196170,00989619,KOSDAQ,바이오헬스케어,2020,사업보고서,11011,CFS,연결재무제표,000,정상,167,data\raw\opendart_financial\bsns_year=2020\reprt_code=11011\fs_div=CFS\196170_00989619.json
알테오젠,196170,00989619,KOSDAQ,바이오헬스케어,2020,사업보고서,11011,OFS,별도재무제표,000,정상,125,data\raw\opendart_financial\bsns_year=2020\reprt_code=11011\fs_div=OFS\196170_00989619.json
알테오젠,196170,00989619,KOSDAQ,바이오헬스케어,2020,반기보고서,11012,CFS,연결재무제표,000,정상,144,data\raw\opendart_financial\bsns_year=2020\reprt_code=11012\fs_div=CFS\196170_00989619.json
알테오젠,196170,00989619,KOSDAQ,바이오헬스케어,2020,반기보고서,11012,OFS,별도재무제표,000,정상,110,data\raw\opendart_financial\bsns_year=2020\reprt_code=11012\fs_div=OFS\196170_00989619.json
알테오젠,196170,00989619,KOSDAQ,바이오헬스케어,2020,분기보고서_1분기,11013,CFS,연결재무제표,000,정상,145,data\raw\opendart_financial\bsns_year=2020\reprt_code=11013\fs_div=CFS\196170_00989619.json
알테오젠,196170,00989619,KOSDAQ,바이오헬스케어,2020,분기보고서_1분기,11013,OFS,별도재무제표,000,정상,113,data\raw\opendart_financial\bsns_year=2020\reprt_code=11013\fs_div=OFS\196170_00989619.json
알테오젠,196170,00989619,KOSDAQ,바이오헬스케어,2020,분기보고서_3분기,11014,CFS,연결재무제표,000,정상,153,data\raw\opendart_financial\bsns_year=2020\reprt_code=11014\fs_div=CFS\196170_00989619.json
알테오젠,196170,00989619,KOSDAQ,바이오헬스케어,2020,분기보고서_3분기,11014,OFS,별도재무제표,000,정상,119,data\raw\opendart_financial\bsns_year=2020\reprt_code=11014\fs_div=OFS\196170_00989619.json
알테오젠,196170,00989619,KOSDAQ,바이오헬스케어,2021,사업보고서,11011,CFS,연결재무제표,000,정상,180,data\raw\opendart_financial\bsns_year=2021\reprt_code=11011\fs_div=CFS\196170_00989619.json
알테오젠,196170,00989619,KOSDAQ,바이오헬스케어,2021,사업보고서,11011,OFS,별도재무제표,000,정상,142,data\raw\opendart_financial\bsns_year=2021\reprt_code=11011\fs_div=OFS\196170_00989619.json
알테오젠,196170,00989619,KOSDAQ,바이오헬스케어,2021,반기보고서,11012,CFS,연결재무제표,000,정상,161,data\raw\opendart_financial\bsns_year=2021\reprt_code=11012\fs_div=CFS\196170_00989619.json
알테오젠,196170,00989619,KOSDAQ,바이오헬스케어,2021,반기보고서,11012,OFS,별도재무제표,000,정상,125,data\raw\opendart_financial\bsns_year=2021\reprt_code=11012\fs_div=OFS\196170_00989619.json
알테오젠,196170,00989619,KOSDAQ,바이오헬스케어,2021,분기보고서_1분기,11013,CFS,연결재무제표,000,정상,144,data\raw\opendart_financial\bsns_year=2021\reprt_code=11013\fs_div=CFS\196170_00989619.json
알테오젠,196170,00989619,KOSDAQ,바이오헬스케어,2021,분기보고서_1분기,11013,OFS,별도재무제표,000,정상,106,data\raw\opendart_financial\bsns_year=2021\reprt_code=11013\fs_div=OFS\196170_00989619.json
알테오젠,196170,00989619,KOSDAQ,바이오헬스케어,2021,분기보고서_3분기,11014,CFS,연결재무제표,000,정상,164,data\raw\opendart_financial\bsns_year=2021\reprt_code=11014\fs_div=CFS\196170_00989619.json
알테오젠,196170,00989619,KOSDAQ,바이오헬스케어,2021,분기보고서_3분기,11014,OFS,별도재무제표,000,정상,125,data\raw\opendart_financial\bsns_year=2021\reprt_code=11014\fs_div=OFS\196170_00989619.json
알테오젠,196170,00989619,KOSDAQ,바이오헬스케어,2022,사업보고서,11011,CFS,연결재무제표,000,정상,197,data\raw\opendart_financial\bsns_year=2022\reprt_code=11011\fs_div=CFS\196170_00989619.json
알테오젠,196170,00989619,KOSDAQ,바이오헬스케어,2022,사업보고서,11011,OFS,별도재무제표,000,정상,154,data\raw\opendart_financial\bsns_year=2022\reprt_code=11011\fs_div=OFS\196170_00989619.json
알테오젠,196170,00989619,KOSDAQ,바이오헬스케어,2022,반기보고서,11012,CFS,연결재무제표,000,정상,180,data\raw\opendart_financial\bsns_year=2022\reprt_code=11012\fs_div=CFS\196170_00989619.json
알테오젠,196170,00989619,KOSDAQ,바이오헬스케어,2022,반기보고서,11012,OFS,별도재무제표,000,정상,143,data\raw\opendart_financial\bsns_year=2022\reprt_code=11012\fs_div=OFS\196170_00989619.json
알테오젠,196170,00989619,KOSDAQ,바이오헬스케어,2022,분기보고서_1분기,11013,CFS,연결재무제표,000,정상,180,data\raw\opendart_financial\bsns_year=2022\reprt_code=11013\fs_div=CFS\196170_00989619.json
알테오젠,196170,00989619,KOSDAQ,바이오헬스케어,2022,분기보고서_1분기,11013,OFS,별도재무제표,000,정상,142,data\raw\opendart_financial\bsns_year=2022\reprt_code=11013\fs_div=OFS\196170_00989619.json
알테오젠,196170,00989619,KOSDAQ,바이오헬스케어,2022,분기보고서_3분기,11014,CFS,연결재무제표,000,정상,173,data\raw\opendart_financial\bsns_year=2022\reprt_code=11014\fs_div=CFS\196170_00989619.json
알테오젠,196170,00989619,KOSDAQ,바이오헬스케어,2022,분기보고서_3분기,11014,OFS,별도재무제표,000,정상,132,data\raw\opendart_financial\bsns_year=2022\reprt_code=11014\fs_div=OFS\196170_00989619.json
알테오젠,196170,00989619,KOSDAQ,바이오헬스케어,2023,사업보고서,11011,CFS,연결재무제표,000,정상,211,data\raw\opendart_financial\bsns_year=2023\reprt_code=11011\fs_div=CFS\196170_00989619.json
알테오젠,196170,00989619,KOSDAQ,바이오헬스케어,2023,사업보고서,11011,OFS,별도재무제표,000,정상,165,data\raw\opendart_financial\bsns_year=2023\reprt_code=11011\fs_div=OFS\196170_00989619.json
알테오젠,196170,00989619,KOSDAQ,바이오헬스케어,2023,반기보고서,11012,CFS,연결재무제표,000,정상,205,data\raw\opendart_financial\bsns_year=2023\reprt_code=11012\fs_div=CFS\196170_00989619.json
알테오젠,196170,00989619,KOSDAQ,바이오헬스케어,2023,반기보고서,11012,OFS,별도재무제표,000,정상,148,data\raw\opendart_financial\bsns_year=2023\reprt_code=11012\fs_div=OFS\196170_00989619.json
알테오젠,196170,00989619,KOSDAQ,바이오헬스케어,2023,분기보고서_1분기,11013,CFS,연결재무제표,000,정상,189,data\raw\opendart_financial\bsns_year=2023\reprt_code=11013\fs_div=CFS\196170_00989619.json
알테오젠,196170,00989619,KOSDAQ,바이오헬스케어,2023,분기보고서_1분기,11013,OFS,별도재무제표,000,정상,141,data\raw\opendart_financial\bsns_year=2023\reprt_code=11013\fs_div=OFS\196170_00989619.json
알테오젠,196170,00989619,KOSDAQ,바이오헬스케어,2023,분기보고서_3분기,11014,CFS,연결재무제표,000,정상,179,data\raw\opendart_financial\bsns_year=2023\reprt_code=11014\fs_div=CFS\196170_00989619.json
알테오젠,196170,00989619,KOSDAQ,바이오헬스케어,2023,분기보고서_3분기,11014,OFS,별도재무제표,000,정상,132,data\raw\opendart_financial\bsns_year=2023\reprt_code=11014\fs_div=OFS\196170_00989619.json
알테오젠,196170,00989619,KOSDAQ,바이오헬스케어,2024,사업보고서,11011,CFS,연결재무제표,000,정상,214,data\raw\opendart_financial\bsns_year=2024\reprt_code=11011\fs_div=CFS\196170_00989619.json
알테오젠,196170,00989619,KOSDAQ,바이오헬스케어,2024,사업보고서,11011,OFS,별도재무제표,000,정상,164,data\raw\opendart_financial\bsns_year=2024\reprt_code=11011\fs_div=OFS\196170_00989619.json
알테오젠,196170,00989619,KOSDAQ,바이오헬스케어,2024,반기보고서,11012,CFS,연결재무제표,000,정상,166,data\raw\opendart_financial\bsns_year=2024\reprt_code=11012\fs_div=CFS\196170_00989619.json
알테오젠,196170,00989619,KOSDAQ,바이오헬스케어,2024,반기보고서,11012,OFS,별도재무제표,000,정상,127,data\raw\opendart_financial\bsns_year=2024\reprt_code=11012\fs_div=OFS\196170_00989619.json
알테오젠,196170,00989619,KOSDAQ,바이오헬스케어,2024,분기보고서_1분기,11013,CFS,연결재무제표,000,정상,147,data\raw\opendart_financial\bsns_year=2024\reprt_code=11013\fs_div=CFS\196170_00989619.json
알테오젠,196170,00989619,KOSDAQ,바이오헬스케어,2024,분기보고서_1분기,11013,OFS,별도재무제표,000,정상,115,data\raw\opendart_financial\bsns_year=2024\reprt_code=11013\fs_div=OFS\196170_00989619.json
알테오젠,196170,00989619,KOSDAQ,바이오헬스케어,2024,분기보고서_3분기,11014,CFS,연결재무제표,000,정상,167,data\raw\opendart_financial\bsns_year=2024\reprt_code=11014\fs_div=CFS\196170_00989619.json
알테오젠,196170,00989619,KOSDAQ,바이오헬스케어,2024,분기보고서_3분기,11014,OFS,별도재무제표,000,정상,130,data\raw\opendart_financial\bsns_year=2024\reprt_code=11014\fs_div=OFS\196170_00989619.json
알테오젠,196170,00989619,KOSDAQ,바이오헬스케어,2025,사업보고서,11011,CFS,연결재무제표,000,정상,166,data\raw\opendart_financial\bsns_year=2025\reprt_code=11011\fs_div=CFS\196170_00989619.json
알테오젠,196170,00989619,KOSDAQ,바이오헬스케어,2025,사업보고서,11011,OFS,별도재무제표,000,정상,125,data\raw\opendart_financial\bsns_year=2025\reprt_code=11011\fs_div=OFS\196170_00989619.json
알테오젠,196170,00989619,KOSDAQ,바이오헬스케어,2025,반기보고서,11012,CFS,연결재무제표,000,정상,163,data\raw\opendart_financial\bsns_year=2025\reprt_code=11012\fs_div=CFS\196170_00989619.json
알테오젠,196170,00989619,KOSDAQ,바이오헬스케어,2025,반기보고서,11012,OFS,별도재무제표,000,정상,132,data\raw\opendart_financial\bsns_year=2025\reprt_code=11012\fs_div=OFS\196170_00989619.json
알테오젠,196170,00989619,KOSDAQ,바이오헬스케어,2025,분기보고서_1분기,11013,CFS,연결재무제표,000,정상,151,data\raw\opendart_financial\bsns_year=2025\reprt_code=11013\fs_div=CFS\196170_00989619.json
알테오젠,196170,00989619,KOSDAQ,바이오헬스케어,2025,분기보고서_1분기,11013,OFS,별도재무제표,000,정상,121,data\raw\opendart_financial\bsns_year=2025\reprt_code=11013\fs_div=OFS\196170_00989619.json
알테오젠,196170,00989619,KOSDAQ,바이오헬스케어,2025,분기보고서_3분기,11014,CFS,연결재무제표,000,정상,165,data\raw\opendart_financial\bsns_year=2025\reprt_code=11014\fs_div=CFS\196170_00989619.json
알테오젠,196170,00989619,KOSDAQ,바이오헬스케어,2025,분기보고서_3분기,11014,OFS,별도재무제표,000,정상,132,data\raw\opendart_financial\bsns_year=2025\reprt_code=11014\fs_div=OFS\196170_00989619.json
HLB,028300,00199252,KOSDAQ,바이오헬스케어,2017,사업보고서,11011,CFS,연결재무제표,000,정상,239,data\raw\opendart_financial\bsns_year=2017\reprt_code=11011\fs_div=CFS\028300_00199252.json
HLB,028300,00199252,KOSDAQ,바이오헬스케어,2017,사업보고서,11011,OFS,별도재무제표,000,정상,157,data\raw\opendart_financial\bsns_year=2017\reprt_code=11011\fs_div=OFS\028300_00199252.json
HLB,028300,00199252,KOSDAQ,바이오헬스케어,2017,반기보고서,11012,CFS,연결재무제표,000,정상,196,data\raw\opendart_financial\bsns_year=2017\reprt_code=11012\fs_div=CFS\028300_00199252.json
HLB,028300,00199252,KOSDAQ,바이오헬스케어,2017,반기보고서,11012,OFS,별도재무제표,000,정상,126,data\raw\opendart_financial\bsns_year=2017\reprt_code=11012\fs_div=OFS\028300_00199252.json
HLB,028300,00199252,KOSDAQ,바이오헬스케어,2017,분기보고서_1분기,11013,CFS,연결재무제표,000,정상,240,data\raw\opendart_financial\bsns_year=2017\reprt_code=11013\fs_div=CFS\028300_00199252.json
HLB,028300,00199252,KOSDAQ,바이오헬스케어,2017,분기보고서_1분기,11013,OFS,별도재무제표,000,정상,156,data\raw\opendart_financial\bsns_year=2017\reprt_code=11013\fs_div=OFS\028300_00199252.json
HLB,028300,00199252,KOSDAQ,바이오헬스케어,2017,분기보고서_3분기,11014,CFS,연결재무제표,000,정상,206,data\raw\opendart_financial\bsns_year=2017\reprt_code=11014\fs_div=CFS\028300_00199252.json
HLB,028300,00199252,KOSDAQ,바이오헬스케어,2017,분기보고서_3분기,11014,OFS,별도재무제표,000,정상,139,data\raw\opendart_financial\bsns_year=2017\reprt_code=11014\fs_div=OFS\028300_00199252.json
HLB,028300,00199252,KOSDAQ,바이오헬스케어,2018,사업보고서,11011,CFS,연결재무제표,000,정상,301,data\raw\opendart_financial\bsns_year=2018\reprt_code=11011\fs_div=CFS\028300_00199252.json
HLB,028300,00199252,KOSDAQ,바이오헬스케어,2018,사업보고서,11011,OFS,별도재무제표,000,정상,195,data\raw\opendart_financial\bsns_year=2018\reprt_code=11011\fs_div=OFS\028300_00199252.json
HLB,028300,00199252,KOSDAQ,바이오헬스케어,2018,반기보고서,11012,CFS,연결재무제표,000,정상,257,data\raw\opendart_financial\bsns_year=2018\reprt_code=11012\fs_div=CFS\028300_00199252.json
HLB,028300,00199252,KOSDAQ,바이오헬스케어,2018,반기보고서,11012,OFS,별도재무제표,000,정상,174,data\raw\opendart_financial\bsns_year=2018\reprt_code=11012\fs_div=OFS\028300_00199252.json
HLB,028300,00199252,KOSDAQ,바이오헬스케어,2018,분기보고서_1분기,11013,CFS,연결재무제표,000,정상,221,data\raw\opendart_financial\bsns_year=2018\reprt_code=11013\fs_div=CFS\028300_00199252.json
HLB,028300,00199252,KOSDAQ,바이오헬스케어,2018,분기보고서_1분기,11013,OFS,별도재무제표,000,정상,147,data\raw\opendart_financial\bsns_year=2018\reprt_code=11013\fs_div=OFS\028300_00199252.json
HLB,028300,00199252,KOSDAQ,바이오헬스케어,2018,분기보고서_3분기,11014,CFS,연결재무제표,000,정상,258,data\raw\opendart_financial\bsns_year=2018\reprt_code=11014\fs_div=CFS\028300_00199252.json
HLB,028300,00199252,KOSDAQ,바이오헬스케어,2018,분기보고서_3분기,11014,OFS,별도재무제표,000,정상,171,data\raw\opendart_financial\bsns_year=2018\reprt_code=11014\fs_div=OFS\028300_00199252.json
HLB,028300,00199252,KOSDAQ,바이오헬스케어,2019,사업보고서,11011,CFS,연결재무제표,000,정상,296,data\raw\opendart_financial\bsns_year=2019\reprt_code=11011\fs_div=CFS\028300_00199252.json
HLB,028300,00199252,KOSDAQ,바이오헬스케어,2019,사업보고서,11011,OFS,별도재무제표,000,정상,193,data\raw\opendart_financial\bsns_year=2019\reprt_code=11011\fs_div=OFS\028300_00199252.json
HLB,028300,00199252,KOSDAQ,바이오헬스케어,2019,반기보고서,11012,CFS,연결재무제표,000,정상,246,data\raw\opendart_financial\bsns_year=2019\reprt_code=11012\fs_div=CFS\028300_00199252.json
HLB,028300,00199252,KOSDAQ,바이오헬스케어,2019,반기보고서,11012,OFS,별도재무제표,000,정상,165,data\raw\opendart_financial\bsns_year=2019\reprt_code=11012\fs_div=OFS\028300_00199252.json
HLB,028300,00199252,KOSDAQ,바이오헬스케어,2019,분기보고서_1분기,11013,CFS,연결재무제표,000,정상,226,data\raw\opendart_financial\bsns_year=2019\reprt_code=11013\fs_div=CFS\028300_00199252.json
HLB,028300,00199252,KOSDAQ,바이오헬스케어,2019,분기보고서_1분기,11013,OFS,별도재무제표,000,정상,144,data\raw\opendart_financial\bsns_year=2019\reprt_code=11013\fs_div=OFS\028300_00199252.json
HLB,028300,00199252,KOSDAQ,바이오헬스케어,2019,분기보고서_3분기,11014,CFS,연결재무제표,000,정상,268,data\raw\opendart_financial\bsns_year=2019\reprt_code=11014\fs_div=CFS\028300_00199252.json
HLB,028300,00199252,KOSDAQ,바이오헬스케어,2019,분기보고서_3분기,11014,OFS,별도재무제표,000,정상,171,data\raw\opendart_financial\bsns_year=2019\reprt_code=11014\fs_div=OFS\028300_00199252.json
HLB,028300,00199252,KOSDAQ,바이오헬스케어,2020,사업보고서,11011,CFS,연결재무제표,000,정상,318,data\raw\opendart_financial\bsns_year=2020\reprt_code=11011\fs_div=CFS\028300_00199252.json
HLB,028300,00199252,KOSDAQ,바이오헬스케어,2020,사업보고서,11011,OFS,별도재무제표,000,정상,198,data\raw\opendart_financial\bsns_year=2020\reprt_code=11011\fs_div=OFS\028300_00199252.json
HLB,028300,00199252,KOSDAQ,바이오헬스케어,2020,반기보고서,11012,CFS,연결재무제표,000,정상,215,data\raw\opendart_financial\bsns_year=2020\reprt_code=11012\fs_div=CFS\028300_00199252.json
HLB,028300,00199252,KOSDAQ,바이오헬스케어,2020,반기보고서,11012,OFS,별도재무제표,000,정상,140,data\raw\opendart_financial\bsns_year=2020\reprt_code=11012\fs_div=OFS\028300_00199252.json
HLB,028300,00199252,KOSDAQ,바이오헬스케어,2020,분기보고서_1분기,11013,CFS,연결재무제표,000,정상,297,data\raw\opendart_financial\bsns_year=2020\reprt_code=11013\fs_div=CFS\028300_00199252.json
HLB,028300,00199252,KOSDAQ,바이오헬스케어,2020,분기보고서_1분기,11013,OFS,별도재무제표,000,정상,193,data\raw\opendart_financial\bsns_year=2020\reprt_code=11013\fs_div=OFS\028300_00199252.json
HLB,028300,00199252,KOSDAQ,바이오헬스케어,2020,분기보고서_3분기,11014,CFS,연결재무제표,000,정상,226,data\raw\opendart_financial\bsns_year=2020\reprt_code=11014\fs_div=CFS\028300_00199252.json
HLB,028300,00199252,KOSDAQ,바이오헬스케어,2020,분기보고서_3분기,11014,OFS,별도재무제표,000,정상,141,data\raw\opendart_financial\bsns_year=2020\reprt_code=11014\fs_div=OFS\028300_00199252.json
HLB,028300,00199252,KOSDAQ,바이오헬스케어,2021,사업보고서,11011,CFS,연결재무제표,000,정상,276,data\raw\opendart_financial\bsns_year=2021\reprt_code=11011\fs_div=CFS\028300_00199252.json
HLB,028300,00199252,KOSDAQ,바이오헬스케어,2021,사업보고서,11011,OFS,별도재무제표,000,정상,152,data\raw\opendart_financial\bsns_year=2021\reprt_code=11011\fs_div=OFS\028300_00199252.json
HLB,028300,00199252,KOSDAQ,바이오헬스케어,2021,반기보고서,11012,CFS,연결재무제표,000,정상,263,data\raw\opendart_financial\bsns_year=2021\reprt_code=11012\fs_div=CFS\028300_00199252.json
HLB,028300,00199252,KOSDAQ,바이오헬스케어,2021,반기보고서,11012,OFS,별도재무제표,000,정상,143,data\raw\opendart_financial\bsns_year=2021\reprt_code=11012\fs_div=OFS\028300_00199252.json
HLB,028300,00199252,KOSDAQ,바이오헬스케어,2021,분기보고서_1분기,11013,CFS,연결재무제표,000,정상,264,data\raw\opendart_financial\bsns_year=2021\reprt_code=11013\fs_div=CFS\028300_00199252.json
HLB,028300,00199252,KOSDAQ,바이오헬스케어,2021,분기보고서_1분기,11013,OFS,별도재무제표,000,정상,144,data\raw\opendart_financial\bsns_year=2021\reprt_code=11013\fs_div=OFS\028300_00199252.json
HLB,028300,00199252,KOSDAQ,바이오헬스케어,2021,분기보고서_3분기,11014,CFS,연결재무제표,000,정상,272,data\raw\opendart_financial\bsns_year=2021\reprt_code=11014\fs_div=CFS\028300_00199252.json
HLB,028300,00199252,KOSDAQ,바이오헬스케어,2021,분기보고서_3분기,11014,OFS,별도재무제표,000,정상,149,data\raw\opendart_financial\bsns_year=2021\reprt_code=11014\fs_div=OFS\028300_00199252.json
HLB,028300,00199252,KOSDAQ,바이오헬스케어,2022,사업보고서,11011,CFS,연결재무제표,000,정상,249,data\raw\opendart_financial\bsns_year=2022\reprt_code=11011\fs_div=CFS\028300_00199252.json
HLB,028300,00199252,KOSDAQ,바이오헬스케어,2022,사업보고서,11011,OFS,별도재무제표,000,정상,177,data\raw\opendart_financial\bsns_year=2022\reprt_code=11011\fs_div=OFS\028300_00199252.json
HLB,028300,00199252,KOSDAQ,바이오헬스케어,2022,반기보고서,11012,CFS,연결재무제표,000,정상,201,data\raw\opendart_financial\bsns_year=2022\reprt_code=11012\fs_div=CFS\028300_00199252.json
HLB,028300,00199252,KOSDAQ,바이오헬스케어,2022,반기보고서,11012,OFS,별도재무제표,000,정상,148,data\raw\opendart_financial\bsns_year=2022\reprt_code=11012\fs_div=OFS\028300_00199252.json
HLB,028300,00199252,KOSDAQ,바이오헬스케어,2022,분기보고서_1분기,11013,CFS,연결재무제표,000,정상,194,data\raw\opendart_financial\bsns_year=2022\reprt_code=11013\fs_div=CFS\028300_00199252.json
HLB,028300,00199252,KOSDAQ,바이오헬스케어,2022,분기보고서_1분기,11013,OFS,별도재무제표,000,정상,141,data\raw\opendart_financial\bsns_year=2022\reprt_code=11013\fs_div=OFS\028300_00199252.json
HLB,028300,00199252,KOSDAQ,바이오헬스케어,2022,분기보고서_3분기,11014,CFS,연결재무제표,000,정상,211,data\raw\opendart_financial\bsns_year=2022\reprt_code=11014\fs_div=CFS\028300_00199252.json
HLB,028300,00199252,KOSDAQ,바이오헬스케어,2022,분기보고서_3분기,11014,OFS,별도재무제표,000,정상,156,data\raw\opendart_financial\bsns_year=2022\reprt_code=11014\fs_div=OFS\028300_00199252.json
HLB,028300,00199252,KOSDAQ,바이오헬스케어,2023,사업보고서,11011,CFS,연결재무제표,000,정상,265,data\raw\opendart_financial\bsns_year=2023\reprt_code=11011\fs_div=CFS\028300_00199252.json
HLB,028300,00199252,KOSDAQ,바이오헬스케어,2023,사업보고서,11011,OFS,별도재무제표,000,정상,182,data\raw\opendart_financial\bsns_year=2023\reprt_code=11011\fs_div=OFS\028300_00199252.json
HLB,028300,00199252,KOSDAQ,바이오헬스케어,2023,반기보고서,11012,CFS,연결재무제표,000,정상,192,data\raw\opendart_financial\bsns_year=2023\reprt_code=11012\fs_div=CFS\028300_00199252.json
HLB,028300,00199252,KOSDAQ,바이오헬스케어,2023,반기보고서,11012,OFS,별도재무제표,000,정상,140,data\raw\opendart_financial\bsns_year=2023\reprt_code=11012\fs_div=OFS\028300_00199252.json
HLB,028300,00199252,KOSDAQ,바이오헬스케어,2023,분기보고서_1분기,11013,CFS,연결재무제표,000,정상,197,data\raw\opendart_financial\bsns_year=2023\reprt_code=11013\fs_div=CFS\028300_00199252.json
HLB,028300,00199252,KOSDAQ,바이오헬스케어,2023,분기보고서_1분기,11013,OFS,별도재무제표,000,정상,144,data\raw\opendart_financial\bsns_year=2023\reprt_code=11013\fs_div=OFS\028300_00199252.json
HLB,028300,00199252,KOSDAQ,바이오헬스케어,2023,분기보고서_3분기,11014,CFS,연결재무제표,000,정상,222,data\raw\opendart_financial\bsns_year=2023\reprt_code=11014\fs_div=CFS\028300_00199252.json
HLB,028300,00199252,KOSDAQ,바이오헬스케어,2023,분기보고서_3분기,11014,OFS,별도재무제표,000,정상,165,data\raw\opendart_financial\bsns_year=2023\reprt_code=11014\fs_div=OFS\028300_00199252.json
HLB,028300,00199252,KOSDAQ,바이오헬스케어,2024,사업보고서,11011,CFS,연결재무제표,000,정상,309,data\raw\opendart_financial\bsns_year=2024\reprt_code=11011\fs_div=CFS\028300_00199252.json
HLB,028300,00199252,KOSDAQ,바이오헬스케어,2024,사업보고서,11011,OFS,별도재무제표,000,정상,211,data\raw\opendart_financial\bsns_year=2024\reprt_code=11011\fs_div=OFS\028300_00199252.json
HLB,028300,00199252,KOSDAQ,바이오헬스케어,2024,반기보고서,11012,CFS,연결재무제표,000,정상,243,data\raw\opendart_financial\bsns_year=2024\reprt_code=11012\fs_div=CFS\028300_00199252.json
HLB,028300,00199252,KOSDAQ,바이오헬스케어,2024,반기보고서,11012,OFS,별도재무제표,000,정상,155,data\raw\opendart_financial\bsns_year=2024\reprt_code=11012\fs_div=OFS\028300_00199252.json
HLB,028300,00199252,KOSDAQ,바이오헬스케어,2024,분기보고서_1분기,11013,CFS,연결재무제표,000,정상,229,data\raw\opendart_financial\bsns_year=2024\reprt_code=11013\fs_div=CFS\028300_00199252.json
HLB,028300,00199252,KOSDAQ,바이오헬스케어,2024,분기보고서_1분기,11013,OFS,별도재무제표,000,정상,146,data\raw\opendart_financial\bsns_year=2024\reprt_code=11013\fs_div=OFS\028300_00199252.json
HLB,028300,00199252,KOSDAQ,바이오헬스케어,2024,분기보고서_3분기,11014,CFS,연결재무제표,000,정상,273,data\raw\opendart_financial\bsns_year=2024\reprt_code=11014\fs_div=CFS\028300_00199252.json
HLB,028300,00199252,KOSDAQ,바이오헬스케어,2024,분기보고서_3분기,11014,OFS,별도재무제표,000,정상,163,data\raw\opendart_financial\bsns_year=2024\reprt_code=11014\fs_div=OFS\028300_00199252.json
HLB,028300,00199252,KOSDAQ,바이오헬스케어,2025,사업보고서,11011,CFS,연결재무제표,000,정상,325,data\raw\opendart_financial\bsns_year=2025\reprt_code=11011\fs_div=CFS\028300_00199252.json
HLB,028300,00199252,KOSDAQ,바이오헬스케어,2025,사업보고서,11011,OFS,별도재무제표,000,정상,214,data\raw\opendart_financial\bsns_year=2025\reprt_code=11011\fs_div=OFS\028300_00199252.json
HLB,028300,00199252,KOSDAQ,바이오헬스케어,2025,반기보고서,11012,CFS,연결재무제표,000,정상,256,data\raw\opendart_financial\bsns_year=2025\reprt_code=11012\fs_div=CFS\028300_00199252.json
HLB,028300,00199252,KOSDAQ,바이오헬스케어,2025,반기보고서,11012,OFS,별도재무제표,000,정상,156,data\raw\opendart_financial\bsns_year=2025\reprt_code=11012\fs_div=OFS\028300_00199252.json
HLB,028300,00199252,KOSDAQ,바이오헬스케어,2025,분기보고서_1분기,11013,CFS,연결재무제표,000,정상,229,data\raw\opendart_financial\bsns_year=2025\reprt_code=11013\fs_div=CFS\028300_00199252.json
HLB,028300,00199252,KOSDAQ,바이오헬스케어,2025,분기보고서_1분기,11013,OFS,별도재무제표,000,정상,138,data\raw\opendart_financial\bsns_year=2025\reprt_code=11013\fs_div=OFS\028300_00199252.json
HLB,028300,00199252,KOSDAQ,바이오헬스케어,2025,분기보고서_3분기,11014,CFS,연결재무제표,000,정상,280,data\raw\opendart_financial\bsns_year=2025\reprt_code=11014\fs_div=CFS\028300_00199252.json
HLB,028300,00199252,KOSDAQ,바이오헬스케어,2025,분기보고서_3분기,11014,OFS,별도재무제표,000,정상,165,data\raw\opendart_financial\bsns_year=2025\reprt_code=11014\fs_div=OFS\028300_00199252.json
유한양행,000100,00145109,KOSPI,바이오헬스케어,2017,사업보고서,11011,CFS,연결재무제표,000,정상,229,data\raw\opendart_financial\bsns_year=2017\reprt_code=11011\fs_div=CFS\000100_00145109.json
유한양행,000100,00145109,KOSPI,바이오헬스케어,2017,사업보고서,11011,OFS,별도재무제표,000,정상,179,data\raw\opendart_financial\bsns_year=2017\reprt_code=11011\fs_div=OFS\000100_00145109.json
유한양행,000100,00145109,KOSPI,바이오헬스케어,2017,반기보고서,11012,CFS,연결재무제표,000,정상,205,data\raw\opendart_financial\bsns_year=2017\reprt_code=11012\fs_div=CFS\000100_00145109.json
유한양행,000100,00145109,KOSPI,바이오헬스케어,2017,반기보고서,11012,OFS,별도재무제표,000,정상,165,data\raw\opendart_financial\bsns_year=2017\reprt_code=11012\fs_div=OFS\000100_00145109.json
유한양행,000100,00145109,KOSPI,바이오헬스케어,2017,분기보고서_1분기,11013,CFS,연결재무제표,000,정상,203,data\raw\opendart_financial\bsns_year=2017\reprt_code=11013\fs_div=CFS\000100_00145109.json
유한양행,000100,00145109,KOSPI,바이오헬스케어,2017,분기보고서_1분기,11013,OFS,별도재무제표,000,정상,170,data\raw\opendart_financial\bsns_year=2017\reprt_code=11013\fs_div=OFS\000100_00145109.json
유한양행,000100,00145109,KOSPI,바이오헬스케어,2017,분기보고서_3분기,11014,CFS,연결재무제표,000,정상,207,data\raw\opendart_financial\bsns_year=2017\reprt_code=11014\fs_div=CFS\000100_00145109.json
유한양행,000100,00145109,KOSPI,바이오헬스케어,2017,분기보고서_3분기,11014,OFS,별도재무제표,000,정상,165,data\raw\opendart_financial\bsns_year=2017\reprt_code=11014\fs_div=OFS\000100_00145109.json
유한양행,000100,00145109,KOSPI,바이오헬스케어,2018,사업보고서,11011,CFS,연결재무제표,000,정상,259,data\raw\opendart_financial\bsns_year=2018\reprt_code=11011\fs_div=CFS\000100_00145109.json
유한양행,000100,00145109,KOSPI,바이오헬스케어,2018,사업보고서,11011,OFS,별도재무제표,000,정상,192,data\raw\opendart_financial\bsns_year=2018\reprt_code=11011\fs_div=OFS\000100_00145109.json
유한양행,000100,00145109,KOSPI,바이오헬스케어,2018,반기보고서,11012,CFS,연결재무제표,000,정상,235,data\raw\opendart_financial\bsns_year=2018\reprt_code=11012\fs_div=CFS\000100_00145109.json
유한양행,000100,00145109,KOSPI,바이오헬스케어,2018,반기보고서,11012,OFS,별도재무제표,000,정상,181,data\raw\opendart_financial\bsns_year=2018\reprt_code=11012\fs_div=OFS\000100_00145109.json
유한양행,000100,00145109,KOSPI,바이오헬스케어,2018,분기보고서_1분기,11013,CFS,연결재무제표,000,정상,227,data\raw\opendart_financial\bsns_year=2018\reprt_code=11013\fs_div=CFS\000100_00145109.json
유한양행,000100,00145109,KOSPI,바이오헬스케어,2018,분기보고서_1분기,11013,OFS,별도재무제표,000,정상,174,data\raw\opendart_financial\bsns_year=2018\reprt_code=11013\fs_div=OFS\000100_00145109.json
유한양행,000100,00145109,KOSPI,바이오헬스케어,2018,분기보고서_3분기,11014,CFS,연결재무제표,000,정상,242,data\raw\opendart_financial\bsns_year=2018\reprt_code=11014\fs_div=CFS\000100_00145109.json
유한양행,000100,00145109,KOSPI,바이오헬스케어,2018,분기보고서_3분기,11014,OFS,별도재무제표,000,정상,181,data\raw\opendart_financial\bsns_year=2018\reprt_code=11014\fs_div=OFS\000100_00145109.json
유한양행,000100,00145109,KOSPI,바이오헬스케어,2019,사업보고서,11011,CFS,연결재무제표,000,정상,271,data\raw\opendart_financial\bsns_year=2019\reprt_code=11011\fs_div=CFS\000100_00145109.json
유한양행,000100,00145109,KOSPI,바이오헬스케어,2019,사업보고서,11011,OFS,별도재무제표,000,정상,204,data\raw\opendart_financial\bsns_year=2019\reprt_code=11011\fs_div=OFS\000100_00145109.json
유한양행,000100,00145109,KOSPI,바이오헬스케어,2019,반기보고서,11012,CFS,연결재무제표,000,정상,242,data\raw\opendart_financial\bsns_year=2019\reprt_code=11012\fs_div=CFS\000100_00145109.json
유한양행,000100,00145109,KOSPI,바이오헬스케어,2019,반기보고서,11012,OFS,별도재무제표,000,정상,184,data\raw\opendart_financial\bsns_year=2019\reprt_code=11012\fs_div=OFS\000100_00145109.json
유한양행,000100,00145109,KOSPI,바이오헬스케어,2019,분기보고서_1분기,11013,CFS,연결재무제표,000,정상,236,data\raw\opendart_financial\bsns_year=2019\reprt_code=11013\fs_div=CFS\000100_00145109.json
유한양행,000100,00145109,KOSPI,바이오헬스케어,2019,분기보고서_1분기,11013,OFS,별도재무제표,000,정상,178,data\raw\opendart_financial\bsns_year=2019\reprt_code=11013\fs_div=OFS\000100_00145109.json
유한양행,000100,00145109,KOSPI,바이오헬스케어,2019,분기보고서_3분기,11014,CFS,연결재무제표,000,정상,249,data\raw\opendart_financial\bsns_year=2019\reprt_code=11014\fs_div=CFS\000100_00145109.json
유한양행,000100,00145109,KOSPI,바이오헬스케어,2019,분기보고서_3분기,11014,OFS,별도재무제표,000,정상,185,data\raw\opendart_financial\bsns_year=2019\reprt_code=11014\fs_div=OFS\000100_00145109.json
유한양행,000100,00145109,KOSPI,바이오헬스케어,2020,사업보고서,11011,CFS,연결재무제표,000,정상,269,data\raw\opendart_financial\bsns_year=2020\reprt_code=11011\fs_div=CFS\000100_00145109.json
유한양행,000100,00145109,KOSPI,바이오헬스케어,2020,사업보고서,11011,OFS,별도재무제표,000,정상,199,data\raw\opendart_financial\bsns_year=2020\reprt_code=11011\fs_div=OFS\000100_00145109.json
유한양행,000100,00145109,KOSPI,바이오헬스케어,2020,반기보고서,11012,CFS,연결재무제표,000,정상,236,data\raw\opendart_financial\bsns_year=2020\reprt_code=11012\fs_div=CFS\000100_00145109.json
유한양행,000100,00145109,KOSPI,바이오헬스케어,2020,반기보고서,11012,OFS,별도재무제표,000,정상,177,data\raw\opendart_financial\bsns_year=2020\reprt_code=11012\fs_div=OFS\000100_00145109.json
유한양행,000100,00145109,KOSPI,바이오헬스케어,2020,분기보고서_1분기,11013,CFS,연결재무제표,000,정상,221,data\raw\opendart_financial\bsns_year=2020\reprt_code=11013\fs_div=CFS\000100_00145109.json
유한양행,000100,00145109,KOSPI,바이오헬스케어,2020,분기보고서_1분기,11013,OFS,별도재무제표,000,정상,169,data\raw\opendart_financial\bsns_year=2020\reprt_code=11013\fs_div=OFS\000100_00145109.json
유한양행,000100,00145109,KOSPI,바이오헬스케어,2020,분기보고서_3분기,11014,CFS,연결재무제표,000,정상,241,data\raw\opendart_financial\bsns_year=2020\reprt_code=11014\fs_div=CFS\000100_00145109.json
유한양행,000100,00145109,KOSPI,바이오헬스케어,2020,분기보고서_3분기,11014,OFS,별도재무제표,000,정상,177,data\raw\opendart_financial\bsns_year=2020\reprt_code=11014\fs_div=OFS\000100_00145109.json
유한양행,000100,00145109,KOSPI,바이오헬스케어,2021,사업보고서,11011,CFS,연결재무제표,000,정상,261,data\raw\opendart_financial\bsns_year=2021\reprt_code=11011\fs_div=CFS\000100_00145109.json
유한양행,000100,00145109,KOSPI,바이오헬스케어,2021,사업보고서,11011,OFS,별도재무제표,000,정상,189,data\raw\opendart_financial\bsns_year=2021\reprt_code=11011\fs_div=OFS\000100_00145109.json
유한양행,000100,00145109,KOSPI,바이오헬스케어,2021,반기보고서,11012,CFS,연결재무제표,000,정상,232,data\raw\opendart_financial\bsns_year=2021\reprt_code=11012\fs_div=CFS\000100_00145109.json
유한양행,000100,00145109,KOSPI,바이오헬스케어,2021,반기보고서,11012,OFS,별도재무제표,000,정상,177,data\raw\opendart_financial\bsns_year=2021\reprt_code=11012\fs_div=OFS\000100_00145109.json
유한양행,000100,00145109,KOSPI,바이오헬스케어,2021,분기보고서_1분기,11013,CFS,연결재무제표,000,정상,220,data\raw\opendart_financial\bsns_year=2021\reprt_code=11013\fs_div=CFS\000100_00145109.json
유한양행,000100,00145109,KOSPI,바이오헬스케어,2021,분기보고서_1분기,11013,OFS,별도재무제표,000,정상,173,data\raw\opendart_financial\bsns_year=2021\reprt_code=11013\fs_div=OFS\000100_00145109.json
유한양행,000100,00145109,KOSPI,바이오헬스케어,2021,분기보고서_3분기,11014,CFS,연결재무제표,000,정상,238,data\raw\opendart_financial\bsns_year=2021\reprt_code=11014\fs_div=CFS\000100_00145109.json
유한양행,000100,00145109,KOSPI,바이오헬스케어,2021,분기보고서_3분기,11014,OFS,별도재무제표,000,정상,180,data\raw\opendart_financial\bsns_year=2021\reprt_code=11014\fs_div=OFS\000100_00145109.json
유한양행,000100,00145109,KOSPI,바이오헬스케어,2022,사업보고서,11011,CFS,연결재무제표,000,정상,267,data\raw\opendart_financial\bsns_year=2022\reprt_code=11011\fs_div=CFS\000100_00145109.json
유한양행,000100,00145109,KOSPI,바이오헬스케어,2022,사업보고서,11011,OFS,별도재무제표,000,정상,192,data\raw\opendart_financial\bsns_year=2022\reprt_code=11011\fs_div=OFS\000100_00145109.json
유한양행,000100,00145109,KOSPI,바이오헬스케어,2022,반기보고서,11012,CFS,연결재무제표,000,정상,237,data\raw\opendart_financial\bsns_year=2022\reprt_code=11012\fs_div=CFS\000100_00145109.json
유한양행,000100,00145109,KOSPI,바이오헬스케어,2022,반기보고서,11012,OFS,별도재무제표,000,정상,178,data\raw\opendart_financial\bsns_year=2022\reprt_code=11012\fs_div=OFS\000100_00145109.json
유한양행,000100,00145109,KOSPI,바이오헬스케어,2022,분기보고서_1분기,11013,CFS,연결재무제표,000,정상,229,data\raw\opendart_financial\bsns_year=2022\reprt_code=11013\fs_div=CFS\000100_00145109.json
유한양행,000100,00145109,KOSPI,바이오헬스케어,2022,분기보고서_1분기,11013,OFS,별도재무제표,000,정상,175,data\raw\opendart_financial\bsns_year=2022\reprt_code=11013\fs_div=OFS\000100_00145109.json
유한양행,000100,00145109,KOSPI,바이오헬스케어,2022,분기보고서_3분기,11014,CFS,연결재무제표,000,정상,246,data\raw\opendart_financial\bsns_year=2022\reprt_code=11014\fs_div=CFS\000100_00145109.json
유한양행,000100,00145109,KOSPI,바이오헬스케어,2022,분기보고서_3분기,11014,OFS,별도재무제표,000,정상,179,data\raw\opendart_financial\bsns_year=2022\reprt_code=11014\fs_div=OFS\000100_00145109.json
유한양행,000100,00145109,KOSPI,바이오헬스케어,2023,사업보고서,11011,CFS,연결재무제표,000,정상,280,data\raw\opendart_financial\bsns_year=2023\reprt_code=11011\fs_div=CFS\000100_00145109.json
유한양행,000100,00145109,KOSPI,바이오헬스케어,2023,사업보고서,11011,OFS,별도재무제표,000,정상,196,data\raw\opendart_financial\bsns_year=2023\reprt_code=11011\fs_div=OFS\000100_00145109.json
유한양행,000100,00145109,KOSPI,바이오헬스케어,2023,반기보고서,11012,CFS,연결재무제표,000,정상,236,data\raw\opendart_financial\bsns_year=2023\reprt_code=11012\fs_div=CFS\000100_00145109.json
유한양행,000100,00145109,KOSPI,바이오헬스케어,2023,반기보고서,11012,OFS,별도재무제표,000,정상,175,data\raw\opendart_financial\bsns_year=2023\reprt_code=11012\fs_div=OFS\000100_00145109.json
유한양행,000100,00145109,KOSPI,바이오헬스케어,2023,분기보고서_1분기,11013,CFS,연결재무제표,000,정상,235,data\raw\opendart_financial\bsns_year=2023\reprt_code=11013\fs_div=CFS\000100_00145109.json
유한양행,000100,00145109,KOSPI,바이오헬스케어,2023,분기보고서_1분기,11013,OFS,별도재무제표,000,정상,175,data\raw\opendart_financial\bsns_year=2023\reprt_code=11013\fs_div=OFS\000100_00145109.json
유한양행,000100,00145109,KOSPI,바이오헬스케어,2023,분기보고서_3분기,11014,CFS,연결재무제표,000,정상,243,data\raw\opendart_financial\bsns_year=2023\reprt_code=11014\fs_div=CFS\000100_00145109.json
유한양행,000100,00145109,KOSPI,바이오헬스케어,2023,분기보고서_3분기,11014,OFS,별도재무제표,000,정상,178,data\raw\opendart_financial\bsns_year=2023\reprt_code=11014\fs_div=OFS\000100_00145109.json
유한양행,000100,00145109,KOSPI,바이오헬스케어,2024,사업보고서,11011,CFS,연결재무제표,000,정상,366,data\raw\opendart_financial\bsns_year=2024\reprt_code=11011\fs_div=CFS\000100_00145109.json
유한양행,000100,00145109,KOSPI,바이오헬스케어,2024,사업보고서,11011,OFS,별도재무제표,000,정상,228,data\raw\opendart_financial\bsns_year=2024\reprt_code=11011\fs_div=OFS\000100_00145109.json
유한양행,000100,00145109,KOSPI,바이오헬스케어,2024,반기보고서,11012,CFS,연결재무제표,000,정상,314,data\raw\opendart_financial\bsns_year=2024\reprt_code=11012\fs_div=CFS\000100_00145109.json
유한양행,000100,00145109,KOSPI,바이오헬스케어,2024,반기보고서,11012,OFS,별도재무제표,000,정상,213,data\raw\opendart_financial\bsns_year=2024\reprt_code=11012\fs_div=OFS\000100_00145109.json
유한양행,000100,00145109,KOSPI,바이오헬스케어,2024,분기보고서_1분기,11013,CFS,연결재무제표,000,정상,232,data\raw\opendart_financial\bsns_year=2024\reprt_code=11013\fs_div=CFS\000100_00145109.json
유한양행,000100,00145109,KOSPI,바이오헬스케어,2024,분기보고서_1분기,11013,OFS,별도재무제표,000,정상,168,data\raw\opendart_financial\bsns_year=2024\reprt_code=11013\fs_div=OFS\000100_00145109.json
유한양행,000100,00145109,KOSPI,바이오헬스케어,2024,분기보고서_3분기,11014,CFS,연결재무제표,000,정상,342,data\raw\opendart_financial\bsns_year=2024\reprt_code=11014\fs_div=CFS\000100_00145109.json
유한양행,000100,00145109,KOSPI,바이오헬스케어,2024,분기보고서_3분기,11014,OFS,별도재무제표,000,정상,219,data\raw\opendart_financial\bsns_year=2024\reprt_code=11014\fs_div=OFS\000100_00145109.json
유한양행,000100,00145109,KOSPI,바이오헬스케어,2025,사업보고서,11011,CFS,연결재무제표,000,정상,402,data\raw\opendart_financial\bsns_year=2025\reprt_code=11011\fs_div=CFS\000100_00145109.json
유한양행,000100,00145109,KOSPI,바이오헬스케어,2025,사업보고서,11011,OFS,별도재무제표,000,정상,241,data\raw\opendart_financial\bsns_year=2025\reprt_code=11011\fs_div=OFS\000100_00145109.json
유한양행,000100,00145109,KOSPI,바이오헬스케어,2025,반기보고서,11012,CFS,연결재무제표,000,정상,335,data\raw\opendart_financial\bsns_year=2025\reprt_code=11012\fs_div=CFS\000100_00145109.json
유한양행,000100,00145109,KOSPI,바이오헬스케어,2025,반기보고서,11012,OFS,별도재무제표,000,정상,224,data\raw\opendart_financial\bsns_year=2025\reprt_code=11012\fs_div=OFS\000100_00145109.json
유한양행,000100,00145109,KOSPI,바이오헬스케어,2025,분기보고서_1분기,11013,CFS,연결재무제표,000,정상,311,data\raw\opendart_financial\bsns_year=2025\reprt_code=11013\fs_div=CFS\000100_00145109.json
유한양행,000100,00145109,KOSPI,바이오헬스케어,2025,분기보고서_1분기,11013,OFS,별도재무제표,000,정상,201,data\raw\opendart_financial\bsns_year=2025\reprt_code=11013\fs_div=OFS\000100_00145109.json
유한양행,000100,00145109,KOSPI,바이오헬스케어,2025,분기보고서_3분기,11014,CFS,연결재무제표,000,정상,360,data\raw\opendart_financial\bsns_year=2025\reprt_code=11014\fs_div=CFS\000100_00145109.json
유한양행,000100,00145109,KOSPI,바이오헬스케어,2025,분기보고서_3분기,11014,OFS,별도재무제표,000,정상,227,data\raw\opendart_financial\bsns_year=2025\reprt_code=11014\fs_div=OFS\000100_00145109.json
NAVER,035420,00266961,KOSPI,IT서비스,2017,사업보고서,11011,CFS,연결재무제표,000,정상,215,data\raw\opendart_financial\bsns_year=2017\reprt_code=11011\fs_div=CFS\035420_00266961.json
NAVER,035420,00266961,KOSPI,IT서비스,2017,사업보고서,11011,OFS,별도재무제표,000,정상,143,data\raw\opendart_financial\bsns_year=2017\reprt_code=11011\fs_div=OFS\035420_00266961.json
NAVER,035420,00266961,KOSPI,IT서비스,2017,반기보고서,11012,CFS,연결재무제표,000,정상,205,data\raw\opendart_financial\bsns_year=2017\reprt_code=11012\fs_div=CFS\035420_00266961.json
NAVER,035420,00266961,KOSPI,IT서비스,2017,반기보고서,11012,OFS,별도재무제표,000,정상,147,data\raw\opendart_financial\bsns_year=2017\reprt_code=11012\fs_div=OFS\035420_00266961.json
NAVER,035420,00266961,KOSPI,IT서비스,2017,분기보고서_1분기,11013,CFS,연결재무제표,000,정상,212,data\raw\opendart_financial\bsns_year=2017\reprt_code=11013\fs_div=CFS\035420_00266961.json
NAVER,035420,00266961,KOSPI,IT서비스,2017,분기보고서_1분기,11013,OFS,별도재무제표,000,정상,157,data\raw\opendart_financial\bsns_year=2017\reprt_code=11013\fs_div=OFS\035420_00266961.json
NAVER,035420,00266961,KOSPI,IT서비스,2017,분기보고서_3분기,11014,CFS,연결재무제표,000,정상,201,data\raw\opendart_financial\bsns_year=2017\reprt_code=11014\fs_div=CFS\035420_00266961.json
NAVER,035420,00266961,KOSPI,IT서비스,2017,분기보고서_3분기,11014,OFS,별도재무제표,000,정상,134,data\raw\opendart_financial\bsns_year=2017\reprt_code=11014\fs_div=OFS\035420_00266961.json
NAVER,035420,00266961,KOSPI,IT서비스,2018,사업보고서,11011,CFS,연결재무제표,000,정상,208,data\raw\opendart_financial\bsns_year=2018\reprt_code=11011\fs_div=CFS\035420_00266961.json
NAVER,035420,00266961,KOSPI,IT서비스,2018,사업보고서,11011,OFS,별도재무제표,000,정상,143,data\raw\opendart_financial\bsns_year=2018\reprt_code=11011\fs_div=OFS\035420_00266961.json
NAVER,035420,00266961,KOSPI,IT서비스,2018,반기보고서,11012,CFS,연결재무제표,000,정상,193,data\raw\opendart_financial\bsns_year=2018\reprt_code=11012\fs_div=CFS\035420_00266961.json
NAVER,035420,00266961,KOSPI,IT서비스,2018,반기보고서,11012,OFS,별도재무제표,000,정상,132,data\raw\opendart_financial\bsns_year=2018\reprt_code=11012\fs_div=OFS\035420_00266961.json
NAVER,035420,00266961,KOSPI,IT서비스,2018,분기보고서_1분기,11013,CFS,연결재무제표,000,정상,184,data\raw\opendart_financial\bsns_year=2018\reprt_code=11013\fs_div=CFS\035420_00266961.json
NAVER,035420,00266961,KOSPI,IT서비스,2018,분기보고서_1분기,11013,OFS,별도재무제표,000,정상,123,data\raw\opendart_financial\bsns_year=2018\reprt_code=11013\fs_div=OFS\035420_00266961.json
NAVER,035420,00266961,KOSPI,IT서비스,2018,분기보고서_3분기,11014,CFS,연결재무제표,000,정상,170,data\raw\opendart_financial\bsns_year=2018\reprt_code=11014\fs_div=CFS\035420_00266961.json
NAVER,035420,00266961,KOSPI,IT서비스,2018,분기보고서_3분기,11014,OFS,별도재무제표,000,정상,115,data\raw\opendart_financial\bsns_year=2018\reprt_code=11014\fs_div=OFS\035420_00266961.json
NAVER,035420,00266961,KOSPI,IT서비스,2019,사업보고서,11011,CFS,연결재무제표,000,정상,219,data\raw\opendart_financial\bsns_year=2019\reprt_code=11011\fs_div=CFS\035420_00266961.json
NAVER,035420,00266961,KOSPI,IT서비스,2019,사업보고서,11011,OFS,별도재무제표,000,정상,151,data\raw\opendart_financial\bsns_year=2019\reprt_code=11011\fs_div=OFS\035420_00266961.json
NAVER,035420,00266961,KOSPI,IT서비스,2019,반기보고서,11012,CFS,연결재무제표,000,정상,195,data\raw\opendart_financial\bsns_year=2019\reprt_code=11012\fs_div=CFS\035420_00266961.json
NAVER,035420,00266961,KOSPI,IT서비스,2019,반기보고서,11012,OFS,별도재무제표,000,정상,126,data\raw\opendart_financial\bsns_year=2019\reprt_code=11012\fs_div=OFS\035420_00266961.json
NAVER,035420,00266961,KOSPI,IT서비스,2019,분기보고서_1분기,11013,CFS,연결재무제표,000,정상,189,data\raw\opendart_financial\bsns_year=2019\reprt_code=11013\fs_div=CFS\035420_00266961.json
NAVER,035420,00266961,KOSPI,IT서비스,2019,분기보고서_1분기,11013,OFS,별도재무제표,000,정상,120,data\raw\opendart_financial\bsns_year=2019\reprt_code=11013\fs_div=OFS\035420_00266961.json
NAVER,035420,00266961,KOSPI,IT서비스,2019,분기보고서_3분기,11014,CFS,연결재무제표,000,정상,202,data\raw\opendart_financial\bsns_year=2019\reprt_code=11014\fs_div=CFS\035420_00266961.json
NAVER,035420,00266961,KOSPI,IT서비스,2019,분기보고서_3분기,11014,OFS,별도재무제표,000,정상,128,data\raw\opendart_financial\bsns_year=2019\reprt_code=11014\fs_div=OFS\035420_00266961.json
NAVER,035420,00266961,KOSPI,IT서비스,2020,사업보고서,11011,CFS,연결재무제표,000,정상,224,data\raw\opendart_financial\bsns_year=2020\reprt_code=11011\fs_div=CFS\035420_00266961.json
NAVER,035420,00266961,KOSPI,IT서비스,2020,사업보고서,11011,OFS,별도재무제표,000,정상,143,data\raw\opendart_financial\bsns_year=2020\reprt_code=11011\fs_div=OFS\035420_00266961.json
NAVER,035420,00266961,KOSPI,IT서비스,2020,반기보고서,11012,CFS,연결재무제표,000,정상,199,data\raw\opendart_financial\bsns_year=2020\reprt_code=11012\fs_div=CFS\035420_00266961.json
NAVER,035420,00266961,KOSPI,IT서비스,2020,반기보고서,11012,OFS,별도재무제표,000,정상,125,data\raw\opendart_financial\bsns_year=2020\reprt_code=11012\fs_div=OFS\035420_00266961.json
NAVER,035420,00266961,KOSPI,IT서비스,2020,분기보고서_1분기,11013,CFS,연결재무제표,000,정상,188,data\raw\opendart_financial\bsns_year=2020\reprt_code=11013\fs_div=CFS\035420_00266961.json
NAVER,035420,00266961,KOSPI,IT서비스,2020,분기보고서_1분기,11013,OFS,별도재무제표,000,정상,118,data\raw\opendart_financial\bsns_year=2020\reprt_code=11013\fs_div=OFS\035420_00266961.json
NAVER,035420,00266961,KOSPI,IT서비스,2020,분기보고서_3분기,11014,CFS,연결재무제표,000,정상,217,data\raw\opendart_financial\bsns_year=2020\reprt_code=11014\fs_div=CFS\035420_00266961.json
NAVER,035420,00266961,KOSPI,IT서비스,2020,분기보고서_3분기,11014,OFS,별도재무제표,000,정상,126,data\raw\opendart_financial\bsns_year=2020\reprt_code=11014\fs_div=OFS\035420_00266961.json
NAVER,035420,00266961,KOSPI,IT서비스,2021,사업보고서,11011,CFS,연결재무제표,000,정상,243,data\raw\opendart_financial\bsns_year=2021\reprt_code=11011\fs_div=CFS\035420_00266961.json
NAVER,035420,00266961,KOSPI,IT서비스,2021,사업보고서,11011,OFS,별도재무제표,000,정상,151,data\raw\opendart_financial\bsns_year=2021\reprt_code=11011\fs_div=OFS\035420_00266961.json
NAVER,035420,00266961,KOSPI,IT서비스,2021,반기보고서,11012,CFS,연결재무제표,000,정상,213,data\raw\opendart_financial\bsns_year=2021\reprt_code=11012\fs_div=CFS\035420_00266961.json
NAVER,035420,00266961,KOSPI,IT서비스,2021,반기보고서,11012,OFS,별도재무제표,000,정상,124,data\raw\opendart_financial\bsns_year=2021\reprt_code=11012\fs_div=OFS\035420_00266961.json
NAVER,035420,00266961,KOSPI,IT서비스,2021,분기보고서_1분기,11013,CFS,연결재무제표,000,정상,202,data\raw\opendart_financial\bsns_year=2021\reprt_code=11013\fs_div=CFS\035420_00266961.json
NAVER,035420,00266961,KOSPI,IT서비스,2021,분기보고서_1분기,11013,OFS,별도재무제표,000,정상,117,data\raw\opendart_financial\bsns_year=2021\reprt_code=11013\fs_div=OFS\035420_00266961.json
NAVER,035420,00266961,KOSPI,IT서비스,2021,분기보고서_3분기,11014,CFS,연결재무제표,000,정상,211,data\raw\opendart_financial\bsns_year=2021\reprt_code=11014\fs_div=CFS\035420_00266961.json
NAVER,035420,00266961,KOSPI,IT서비스,2021,분기보고서_3분기,11014,OFS,별도재무제표,000,정상,123,data\raw\opendart_financial\bsns_year=2021\reprt_code=11014\fs_div=OFS\035420_00266961.json
NAVER,035420,00266961,KOSPI,IT서비스,2022,사업보고서,11011,CFS,연결재무제표,000,정상,222,data\raw\opendart_financial\bsns_year=2022\reprt_code=11011\fs_div=CFS\035420_00266961.json
NAVER,035420,00266961,KOSPI,IT서비스,2022,사업보고서,11011,OFS,별도재무제표,000,정상,141,data\raw\opendart_financial\bsns_year=2022\reprt_code=11011\fs_div=OFS\035420_00266961.json
NAVER,035420,00266961,KOSPI,IT서비스,2022,반기보고서,11012,CFS,연결재무제표,000,정상,198,data\raw\opendart_financial\bsns_year=2022\reprt_code=11012\fs_div=CFS\035420_00266961.json
NAVER,035420,00266961,KOSPI,IT서비스,2022,반기보고서,11012,OFS,별도재무제표,000,정상,120,data\raw\opendart_financial\bsns_year=2022\reprt_code=11012\fs_div=OFS\035420_00266961.json
NAVER,035420,00266961,KOSPI,IT서비스,2022,분기보고서_1분기,11013,CFS,연결재무제표,000,정상,190,data\raw\opendart_financial\bsns_year=2022\reprt_code=11013\fs_div=CFS\035420_00266961.json
NAVER,035420,00266961,KOSPI,IT서비스,2022,분기보고서_1분기,11013,OFS,별도재무제표,000,정상,111,data\raw\opendart_financial\bsns_year=2022\reprt_code=11013\fs_div=OFS\035420_00266961.json
NAVER,035420,00266961,KOSPI,IT서비스,2022,분기보고서_3분기,11014,CFS,연결재무제표,000,정상,200,data\raw\opendart_financial\bsns_year=2022\reprt_code=11014\fs_div=CFS\035420_00266961.json
NAVER,035420,00266961,KOSPI,IT서비스,2022,분기보고서_3분기,11014,OFS,별도재무제표,000,정상,122,data\raw\opendart_financial\bsns_year=2022\reprt_code=11014\fs_div=OFS\035420_00266961.json
NAVER,035420,00266961,KOSPI,IT서비스,2023,사업보고서,11011,CFS,연결재무제표,000,정상,197,data\raw\opendart_financial\bsns_year=2023\reprt_code=11011\fs_div=CFS\035420_00266961.json
NAVER,035420,00266961,KOSPI,IT서비스,2023,사업보고서,11011,OFS,별도재무제표,000,정상,131,data\raw\opendart_financial\bsns_year=2023\reprt_code=11011\fs_div=OFS\035420_00266961.json
NAVER,035420,00266961,KOSPI,IT서비스,2023,반기보고서,11012,CFS,연결재무제표,000,정상,168,data\raw\opendart_financial\bsns_year=2023\reprt_code=11012\fs_div=CFS\035420_00266961.json
NAVER,035420,00266961,KOSPI,IT서비스,2023,반기보고서,11012,OFS,별도재무제표,000,정상,122,data\raw\opendart_financial\bsns_year=2023\reprt_code=11012\fs_div=OFS\035420_00266961.json
NAVER,035420,00266961,KOSPI,IT서비스,2023,분기보고서_1분기,11013,CFS,연결재무제표,000,정상,161,data\raw\opendart_financial\bsns_year=2023\reprt_code=11013\fs_div=CFS\035420_00266961.json
NAVER,035420,00266961,KOSPI,IT서비스,2023,분기보고서_1분기,11013,OFS,별도재무제표,000,정상,118,data\raw\opendart_financial\bsns_year=2023\reprt_code=11013\fs_div=OFS\035420_00266961.json
NAVER,035420,00266961,KOSPI,IT서비스,2023,분기보고서_3분기,11014,CFS,연결재무제표,000,정상,169,data\raw\opendart_financial\bsns_year=2023\reprt_code=11014\fs_div=CFS\035420_00266961.json
NAVER,035420,00266961,KOSPI,IT서비스,2023,분기보고서_3분기,11014,OFS,별도재무제표,000,정상,122,data\raw\opendart_financial\bsns_year=2023\reprt_code=11014\fs_div=OFS\035420_00266961.json
NAVER,035420,00266961,KOSPI,IT서비스,2024,사업보고서,11011,CFS,연결재무제표,000,정상,194,data\raw\opendart_financial\bsns_year=2024\reprt_code=11011\fs_div=CFS\035420_00266961.json
NAVER,035420,00266961,KOSPI,IT서비스,2024,사업보고서,11011,OFS,별도재무제표,000,정상,140,data\raw\opendart_financial\bsns_year=2024\reprt_code=11011\fs_div=OFS\035420_00266961.json
NAVER,035420,00266961,KOSPI,IT서비스,2024,반기보고서,11012,CFS,연결재무제표,000,정상,204,data\raw\opendart_financial\bsns_year=2024\reprt_code=11012\fs_div=CFS\035420_00266961.json
NAVER,035420,00266961,KOSPI,IT서비스,2024,반기보고서,11012,OFS,별도재무제표,000,정상,144,data\raw\opendart_financial\bsns_year=2024\reprt_code=11012\fs_div=OFS\035420_00266961.json
NAVER,035420,00266961,KOSPI,IT서비스,2024,분기보고서_1분기,11013,CFS,연결재무제표,000,정상,174,data\raw\opendart_financial\bsns_year=2024\reprt_code=11013\fs_div=CFS\035420_00266961.json
NAVER,035420,00266961,KOSPI,IT서비스,2024,분기보고서_1분기,11013,OFS,별도재무제표,000,정상,119,data\raw\opendart_financial\bsns_year=2024\reprt_code=11013\fs_div=OFS\035420_00266961.json
NAVER,035420,00266961,KOSPI,IT서비스,2024,분기보고서_3분기,11014,CFS,연결재무제표,000,정상,211,data\raw\opendart_financial\bsns_year=2024\reprt_code=11014\fs_div=CFS\035420_00266961.json
NAVER,035420,00266961,KOSPI,IT서비스,2024,분기보고서_3분기,11014,OFS,별도재무제표,000,정상,128,data\raw\opendart_financial\bsns_year=2024\reprt_code=11014\fs_div=OFS\035420_00266961.json
NAVER,035420,00266961,KOSPI,IT서비스,2025,사업보고서,11011,CFS,연결재무제표,000,정상,239,data\raw\opendart_financial\bsns_year=2025\reprt_code=11011\fs_div=CFS\035420_00266961.json
NAVER,035420,00266961,KOSPI,IT서비스,2025,사업보고서,11011,OFS,별도재무제표,000,정상,177,data\raw\opendart_financial\bsns_year=2025\reprt_code=11011\fs_div=OFS\035420_00266961.json
NAVER,035420,00266961,KOSPI,IT서비스,2025,반기보고서,11012,CFS,연결재무제표,000,정상,213,data\raw\opendart_financial\bsns_year=2025\reprt_code=11012\fs_div=CFS\035420_00266961.json
NAVER,035420,00266961,KOSPI,IT서비스,2025,반기보고서,11012,OFS,별도재무제표,000,정상,152,data\raw\opendart_financial\bsns_year=2025\reprt_code=11012\fs_div=OFS\035420_00266961.json
NAVER,035420,00266961,KOSPI,IT서비스,2025,분기보고서_1분기,11013,CFS,연결재무제표,000,정상,203,data\raw\opendart_financial\bsns_year=2025\reprt_code=11013\fs_div=CFS\035420_00266961.json
NAVER,035420,00266961,KOSPI,IT서비스,2025,분기보고서_1분기,11013,OFS,별도재무제표,000,정상,135,data\raw\opendart_financial\bsns_year=2025\reprt_code=11013\fs_div=OFS\035420_00266961.json
NAVER,035420,00266961,KOSPI,IT서비스,2025,분기보고서_3분기,11014,CFS,연결재무제표,000,정상,229,data\raw\opendart_financial\bsns_year=2025\reprt_code=11014\fs_div=CFS\035420_00266961.json
NAVER,035420,00266961,KOSPI,IT서비스,2025,분기보고서_3분기,11014,OFS,별도재무제표,000,정상,165,data\raw\opendart_financial\bsns_year=2025\reprt_code=11014\fs_div=OFS\035420_00266961.json
카카오,035720,00258801,KOSPI,IT서비스,2017,사업보고서,11011,CFS,연결재무제표,000,정상,172,data\raw\opendart_financial\bsns_year=2017\reprt_code=11011\fs_div=CFS\035720_00258801.json
카카오,035720,00258801,KOSPI,IT서비스,2017,사업보고서,11011,OFS,별도재무제표,000,정상,127,data\raw\opendart_financial\bsns_year=2017\reprt_code=11011\fs_div=OFS\035720_00258801.json
카카오,035720,00258801,KOSPI,IT서비스,2017,반기보고서,11012,CFS,연결재무제표,000,정상,175,data\raw\opendart_financial\bsns_year=2017\reprt_code=11012\fs_div=CFS\035720_00258801.json
카카오,035720,00258801,KOSPI,IT서비스,2017,반기보고서,11012,OFS,별도재무제표,000,정상,118,data\raw\opendart_financial\bsns_year=2017\reprt_code=11012\fs_div=OFS\035720_00258801.json
카카오,035720,00258801,KOSPI,IT서비스,2017,분기보고서_1분기,11013,CFS,연결재무제표,000,정상,181,data\raw\opendart_financial\bsns_year=2017\reprt_code=11013\fs_div=CFS\035720_00258801.json
카카오,035720,00258801,KOSPI,IT서비스,2017,분기보고서_1분기,11013,OFS,별도재무제표,000,정상,126,data\raw\opendart_financial\bsns_year=2017\reprt_code=11013\fs_div=OFS\035720_00258801.json
카카오,035720,00258801,KOSPI,IT서비스,2017,분기보고서_3분기,11014,CFS,연결재무제표,000,정상,163,data\raw\opendart_financial\bsns_year=2017\reprt_code=11014\fs_div=CFS\035720_00258801.json
카카오,035720,00258801,KOSPI,IT서비스,2017,분기보고서_3분기,11014,OFS,별도재무제표,000,정상,121,data\raw\opendart_financial\bsns_year=2017\reprt_code=11014\fs_div=OFS\035720_00258801.json
카카오,035720,00258801,KOSPI,IT서비스,2018,사업보고서,11011,CFS,연결재무제표,000,정상,181,data\raw\opendart_financial\bsns_year=2018\reprt_code=11011\fs_div=CFS\035720_00258801.json
카카오,035720,00258801,KOSPI,IT서비스,2018,사업보고서,11011,OFS,별도재무제표,000,정상,143,data\raw\opendart_financial\bsns_year=2018\reprt_code=11011\fs_div=OFS\035720_00258801.json
카카오,035720,00258801,KOSPI,IT서비스,2018,반기보고서,11012,CFS,연결재무제표,000,정상,172,data\raw\opendart_financial\bsns_year=2018\reprt_code=11012\fs_div=CFS\035720_00258801.json
카카오,035720,00258801,KOSPI,IT서비스,2018,반기보고서,11012,OFS,별도재무제표,000,정상,144,data\raw\opendart_financial\bsns_year=2018\reprt_code=11012\fs_div=OFS\035720_00258801.json
카카오,035720,00258801,KOSPI,IT서비스,2018,분기보고서_1분기,11013,CFS,연결재무제표,000,정상,173,data\raw\opendart_financial\bsns_year=2018\reprt_code=11013\fs_div=CFS\035720_00258801.json
카카오,035720,00258801,KOSPI,IT서비스,2018,분기보고서_1분기,11013,OFS,별도재무제표,000,정상,120,data\raw\opendart_financial\bsns_year=2018\reprt_code=11013\fs_div=OFS\035720_00258801.json
카카오,035720,00258801,KOSPI,IT서비스,2018,분기보고서_3분기,11014,CFS,연결재무제표,000,정상,178,data\raw\opendart_financial\bsns_year=2018\reprt_code=11014\fs_div=CFS\035720_00258801.json
카카오,035720,00258801,KOSPI,IT서비스,2018,분기보고서_3분기,11014,OFS,별도재무제표,000,정상,137,data\raw\opendart_financial\bsns_year=2018\reprt_code=11014\fs_div=OFS\035720_00258801.json
카카오,035720,00258801,KOSPI,IT서비스,2019,사업보고서,11011,CFS,연결재무제표,000,정상,193,data\raw\opendart_financial\bsns_year=2019\reprt_code=11011\fs_div=CFS\035720_00258801.json
카카오,035720,00258801,KOSPI,IT서비스,2019,사업보고서,11011,OFS,별도재무제표,000,정상,153,data\raw\opendart_financial\bsns_year=2019\reprt_code=11011\fs_div=OFS\035720_00258801.json
카카오,035720,00258801,KOSPI,IT서비스,2019,반기보고서,11012,CFS,연결재무제표,000,정상,176,data\raw\opendart_financial\bsns_year=2019\reprt_code=11012\fs_div=CFS\035720_00258801.json
카카오,035720,00258801,KOSPI,IT서비스,2019,반기보고서,11012,OFS,별도재무제표,000,정상,137,data\raw\opendart_financial\bsns_year=2019\reprt_code=11012\fs_div=OFS\035720_00258801.json
카카오,035720,00258801,KOSPI,IT서비스,2019,분기보고서_1분기,11013,CFS,연결재무제표,000,정상,171,data\raw\opendart_financial\bsns_year=2019\reprt_code=11013\fs_div=CFS\035720_00258801.json
카카오,035720,00258801,KOSPI,IT서비스,2019,분기보고서_1분기,11013,OFS,별도재무제표,000,정상,126,data\raw\opendart_financial\bsns_year=2019\reprt_code=11013\fs_div=OFS\035720_00258801.json
카카오,035720,00258801,KOSPI,IT서비스,2019,분기보고서_3분기,11014,CFS,연결재무제표,000,정상,183,data\raw\opendart_financial\bsns_year=2019\reprt_code=11014\fs_div=CFS\035720_00258801.json
카카오,035720,00258801,KOSPI,IT서비스,2019,분기보고서_3분기,11014,OFS,별도재무제표,000,정상,144,data\raw\opendart_financial\bsns_year=2019\reprt_code=11014\fs_div=OFS\035720_00258801.json
카카오,035720,00258801,KOSPI,IT서비스,2020,사업보고서,11011,CFS,연결재무제표,000,정상,250,data\raw\opendart_financial\bsns_year=2020\reprt_code=11011\fs_div=CFS\035720_00258801.json
카카오,035720,00258801,KOSPI,IT서비스,2020,사업보고서,11011,OFS,별도재무제표,000,정상,184,data\raw\opendart_financial\bsns_year=2020\reprt_code=11011\fs_div=OFS\035720_00258801.json
카카오,035720,00258801,KOSPI,IT서비스,2020,반기보고서,11012,CFS,연결재무제표,000,정상,191,data\raw\opendart_financial\bsns_year=2020\reprt_code=11012\fs_div=CFS\035720_00258801.json
카카오,035720,00258801,KOSPI,IT서비스,2020,반기보고서,11012,OFS,별도재무제표,000,정상,132,data\raw\opendart_financial\bsns_year=2020\reprt_code=11012\fs_div=OFS\035720_00258801.json
카카오,035720,00258801,KOSPI,IT서비스,2020,분기보고서_1분기,11013,CFS,연결재무제표,000,정상,220,data\raw\opendart_financial\bsns_year=2020\reprt_code=11013\fs_div=CFS\035720_00258801.json
카카오,035720,00258801,KOSPI,IT서비스,2020,분기보고서_1분기,11013,OFS,별도재무제표,000,정상,125,data\raw\opendart_financial\bsns_year=2020\reprt_code=11013\fs_div=OFS\035720_00258801.json
카카오,035720,00258801,KOSPI,IT서비스,2020,분기보고서_3분기,11014,CFS,연결재무제표,000,정상,189,data\raw\opendart_financial\bsns_year=2020\reprt_code=11014\fs_div=CFS\035720_00258801.json
카카오,035720,00258801,KOSPI,IT서비스,2020,분기보고서_3분기,11014,OFS,별도재무제표,000,정상,133,data\raw\opendart_financial\bsns_year=2020\reprt_code=11014\fs_div=OFS\035720_00258801.json
카카오,035720,00258801,KOSPI,IT서비스,2021,사업보고서,11011,CFS,연결재무제표,000,정상,234,data\raw\opendart_financial\bsns_year=2021\reprt_code=11011\fs_div=CFS\035720_00258801.json
카카오,035720,00258801,KOSPI,IT서비스,2021,사업보고서,11011,OFS,별도재무제표,000,정상,191,data\raw\opendart_financial\bsns_year=2021\reprt_code=11011\fs_div=OFS\035720_00258801.json
카카오,035720,00258801,KOSPI,IT서비스,2021,반기보고서,11012,CFS,연결재무제표,000,정상,230,data\raw\opendart_financial\bsns_year=2021\reprt_code=11012\fs_div=CFS\035720_00258801.json
카카오,035720,00258801,KOSPI,IT서비스,2021,반기보고서,11012,OFS,별도재무제표,000,정상,153,data\raw\opendart_financial\bsns_year=2021\reprt_code=11012\fs_div=OFS\035720_00258801.json
카카오,035720,00258801,KOSPI,IT서비스,2021,분기보고서_1분기,11013,CFS,연결재무제표,000,정상,226,data\raw\opendart_financial\bsns_year=2021\reprt_code=11013\fs_div=CFS\035720_00258801.json
카카오,035720,00258801,KOSPI,IT서비스,2021,분기보고서_1분기,11013,OFS,별도재무제표,000,정상,127,data\raw\opendart_financial\bsns_year=2021\reprt_code=11013\fs_div=OFS\035720_00258801.json
카카오,035720,00258801,KOSPI,IT서비스,2021,분기보고서_3분기,11014,CFS,연결재무제표,000,정상,232,data\raw\opendart_financial\bsns_year=2021\reprt_code=11014\fs_div=CFS\035720_00258801.json
카카오,035720,00258801,KOSPI,IT서비스,2021,분기보고서_3분기,11014,OFS,별도재무제표,000,정상,162,data\raw\opendart_financial\bsns_year=2021\reprt_code=11014\fs_div=OFS\035720_00258801.json
카카오,035720,00258801,KOSPI,IT서비스,2022,사업보고서,11011,CFS,연결재무제표,000,정상,265,data\raw\opendart_financial\bsns_year=2022\reprt_code=11011\fs_div=CFS\035720_00258801.json
카카오,035720,00258801,KOSPI,IT서비스,2022,사업보고서,11011,OFS,별도재무제표,000,정상,174,data\raw\opendart_financial\bsns_year=2022\reprt_code=11011\fs_div=OFS\035720_00258801.json
카카오,035720,00258801,KOSPI,IT서비스,2022,반기보고서,11012,CFS,연결재무제표,000,정상,242,data\raw\opendart_financial\bsns_year=2022\reprt_code=11012\fs_div=CFS\035720_00258801.json
카카오,035720,00258801,KOSPI,IT서비스,2022,반기보고서,11012,OFS,별도재무제표,000,정상,156,data\raw\opendart_financial\bsns_year=2022\reprt_code=11012\fs_div=OFS\035720_00258801.json
카카오,035720,00258801,KOSPI,IT서비스,2022,분기보고서_1분기,11013,CFS,연결재무제표,000,정상,188,data\raw\opendart_financial\bsns_year=2022\reprt_code=11013\fs_div=CFS\035720_00258801.json
카카오,035720,00258801,KOSPI,IT서비스,2022,분기보고서_1분기,11013,OFS,별도재무제표,000,정상,123,data\raw\opendart_financial\bsns_year=2022\reprt_code=11013\fs_div=OFS\035720_00258801.json
카카오,035720,00258801,KOSPI,IT서비스,2022,분기보고서_3분기,11014,CFS,연결재무제표,000,정상,250,data\raw\opendart_financial\bsns_year=2022\reprt_code=11014\fs_div=CFS\035720_00258801.json
카카오,035720,00258801,KOSPI,IT서비스,2022,분기보고서_3분기,11014,OFS,별도재무제표,000,정상,168,data\raw\opendart_financial\bsns_year=2022\reprt_code=11014\fs_div=OFS\035720_00258801.json
카카오,035720,00258801,KOSPI,IT서비스,2023,사업보고서,11011,CFS,연결재무제표,000,정상,314,data\raw\opendart_financial\bsns_year=2023\reprt_code=11011\fs_div=CFS\035720_00258801.json
카카오,035720,00258801,KOSPI,IT서비스,2023,사업보고서,11011,OFS,별도재무제표,000,정상,152,data\raw\opendart_financial\bsns_year=2023\reprt_code=11011\fs_div=OFS\035720_00258801.json
카카오,035720,00258801,KOSPI,IT서비스,2023,반기보고서,11012,CFS,연결재무제표,000,정상,251,data\raw\opendart_financial\bsns_year=2023\reprt_code=11012\fs_div=CFS\035720_00258801.json
카카오,035720,00258801,KOSPI,IT서비스,2023,반기보고서,11012,OFS,별도재무제표,000,정상,142,data\raw\opendart_financial\bsns_year=2023\reprt_code=11012\fs_div=OFS\035720_00258801.json
카카오,035720,00258801,KOSPI,IT서비스,2023,분기보고서_1분기,11013,CFS,연결재무제표,000,정상,223,data\raw\opendart_financial\bsns_year=2023\reprt_code=11013\fs_div=CFS\035720_00258801.json
카카오,035720,00258801,KOSPI,IT서비스,2023,분기보고서_1분기,11013,OFS,별도재무제표,000,정상,133,data\raw\opendart_financial\bsns_year=2023\reprt_code=11013\fs_div=OFS\035720_00258801.json
카카오,035720,00258801,KOSPI,IT서비스,2023,분기보고서_3분기,11014,CFS,연결재무제표,000,정상,329,data\raw\opendart_financial\bsns_year=2023\reprt_code=11014\fs_div=CFS\035720_00258801.json
카카오,035720,00258801,KOSPI,IT서비스,2023,분기보고서_3분기,11014,OFS,별도재무제표,000,정상,178,data\raw\opendart_financial\bsns_year=2023\reprt_code=11014\fs_div=OFS\035720_00258801.json
카카오,035720,00258801,KOSPI,IT서비스,2024,사업보고서,11011,CFS,연결재무제표,000,정상,231,data\raw\opendart_financial\bsns_year=2024\reprt_code=11011\fs_div=CFS\035720_00258801.json
카카오,035720,00258801,KOSPI,IT서비스,2024,사업보고서,11011,OFS,별도재무제표,000,정상,153,data\raw\opendart_financial\bsns_year=2024\reprt_code=11011\fs_div=OFS\035720_00258801.json
카카오,035720,00258801,KOSPI,IT서비스,2024,반기보고서,11012,CFS,연결재무제표,000,정상,229,data\raw\opendart_financial\bsns_year=2024\reprt_code=11012\fs_div=CFS\035720_00258801.json
카카오,035720,00258801,KOSPI,IT서비스,2024,반기보고서,11012,OFS,별도재무제표,000,정상,141,data\raw\opendart_financial\bsns_year=2024\reprt_code=11012\fs_div=OFS\035720_00258801.json
카카오,035720,00258801,KOSPI,IT서비스,2024,분기보고서_1분기,11013,CFS,연결재무제표,000,정상,217,data\raw\opendart_financial\bsns_year=2024\reprt_code=11013\fs_div=CFS\035720_00258801.json
카카오,035720,00258801,KOSPI,IT서비스,2024,분기보고서_1분기,11013,OFS,별도재무제표,000,정상,127,data\raw\opendart_financial\bsns_year=2024\reprt_code=11013\fs_div=OFS\035720_00258801.json
카카오,035720,00258801,KOSPI,IT서비스,2024,분기보고서_3분기,11014,CFS,연결재무제표,000,정상,224,data\raw\opendart_financial\bsns_year=2024\reprt_code=11014\fs_div=CFS\035720_00258801.json
카카오,035720,00258801,KOSPI,IT서비스,2024,분기보고서_3분기,11014,OFS,별도재무제표,000,정상,148,data\raw\opendart_financial\bsns_year=2024\reprt_code=11014\fs_div=OFS\035720_00258801.json
카카오,035720,00258801,KOSPI,IT서비스,2025,사업보고서,11011,CFS,연결재무제표,000,정상,233,data\raw\opendart_financial\bsns_year=2025\reprt_code=11011\fs_div=CFS\035720_00258801.json
카카오,035720,00258801,KOSPI,IT서비스,2025,사업보고서,11011,OFS,별도재무제표,000,정상,153,data\raw\opendart_financial\bsns_year=2025\reprt_code=11011\fs_div=OFS\035720_00258801.json
카카오,035720,00258801,KOSPI,IT서비스,2025,반기보고서,11012,CFS,연결재무제표,000,정상,282,data\raw\opendart_financial\bsns_year=2025\reprt_code=11012\fs_div=CFS\035720_00258801.json
카카오,035720,00258801,KOSPI,IT서비스,2025,반기보고서,11012,OFS,별도재무제표,000,정상,180,data\raw\opendart_financial\bsns_year=2025\reprt_code=11012\fs_div=OFS\035720_00258801.json
카카오,035720,00258801,KOSPI,IT서비스,2025,분기보고서_1분기,11013,CFS,연결재무제표,000,정상,274,data\raw\opendart_financial\bsns_year=2025\reprt_code=11013\fs_div=CFS\035720_00258801.json
카카오,035720,00258801,KOSPI,IT서비스,2025,분기보고서_1분기,11013,OFS,별도재무제표,000,정상,160,data\raw\opendart_financial\bsns_year=2025\reprt_code=11013\fs_div=OFS\035720_00258801.json
카카오,035720,00258801,KOSPI,IT서비스,2025,분기보고서_3분기,11014,CFS,연결재무제표,000,정상,284,data\raw\opendart_financial\bsns_year=2025\reprt_code=11014\fs_div=CFS\035720_00258801.json
카카오,035720,00258801,KOSPI,IT서비스,2025,분기보고서_3분기,11014,OFS,별도재무제표,000,정상,183,data\raw\opendart_financial\bsns_year=2025\reprt_code=11014\fs_div=OFS\035720_00258801.json
포스코DX,022100,00155212,KOSPI,IT서비스,2017,사업보고서,11011,CFS,연결재무제표,000,정상,170,data\raw\opendart_financial\bsns_year=2017\reprt_code=11011\fs_div=CFS\022100_00155212.json
포스코DX,022100,00155212,KOSPI,IT서비스,2017,사업보고서,11011,OFS,별도재무제표,000,정상,116,data\raw\opendart_financial\bsns_year=2017\reprt_code=11011\fs_div=OFS\022100_00155212.json
포스코DX,022100,00155212,KOSPI,IT서비스,2017,반기보고서,11012,CFS,연결재무제표,000,정상,158,data\raw\opendart_financial\bsns_year=2017\reprt_code=11012\fs_div=CFS\022100_00155212.json
포스코DX,022100,00155212,KOSPI,IT서비스,2017,반기보고서,11012,OFS,별도재무제표,000,정상,114,data\raw\opendart_financial\bsns_year=2017\reprt_code=11012\fs_div=OFS\022100_00155212.json
포스코DX,022100,00155212,KOSPI,IT서비스,2017,분기보고서_1분기,11013,CFS,연결재무제표,000,정상,177,data\raw\opendart_financial\bsns_year=2017\reprt_code=11013\fs_div=CFS\022100_00155212.json
포스코DX,022100,00155212,KOSPI,IT서비스,2017,분기보고서_1분기,11013,OFS,별도재무제표,000,정상,122,data\raw\opendart_financial\bsns_year=2017\reprt_code=11013\fs_div=OFS\022100_00155212.json
포스코DX,022100,00155212,KOSPI,IT서비스,2017,분기보고서_3분기,11014,CFS,연결재무제표,000,정상,153,data\raw\opendart_financial\bsns_year=2017\reprt_code=11014\fs_div=CFS\022100_00155212.json
포스코DX,022100,00155212,KOSPI,IT서비스,2017,분기보고서_3분기,11014,OFS,별도재무제표,000,정상,112,data\raw\opendart_financial\bsns_year=2017\reprt_code=11014\fs_div=OFS\022100_00155212.json
포스코DX,022100,00155212,KOSPI,IT서비스,2018,사업보고서,11011,CFS,연결재무제표,000,정상,179,data\raw\opendart_financial\bsns_year=2018\reprt_code=11011\fs_div=CFS\022100_00155212.json
포스코DX,022100,00155212,KOSPI,IT서비스,2018,사업보고서,11011,OFS,별도재무제표,000,정상,133,data\raw\opendart_financial\bsns_year=2018\reprt_code=11011\fs_div=OFS\022100_00155212.json
포스코DX,022100,00155212,KOSPI,IT서비스,2018,반기보고서,11012,CFS,연결재무제표,000,정상,137,data\raw\opendart_financial\bsns_year=2018\reprt_code=11012\fs_div=CFS\022100_00155212.json
포스코DX,022100,00155212,KOSPI,IT서비스,2018,반기보고서,11012,OFS,별도재무제표,000,정상,117,data\raw\opendart_financial\bsns_year=2018\reprt_code=11012\fs_div=OFS\022100_00155212.json
포스코DX,022100,00155212,KOSPI,IT서비스,2018,분기보고서_1분기,11013,CFS,연결재무제표,000,정상,138,data\raw\opendart_financial\bsns_year=2018\reprt_code=11013\fs_div=CFS\022100_00155212.json
포스코DX,022100,00155212,KOSPI,IT서비스,2018,분기보고서_1분기,11013,OFS,별도재무제표,000,정상,100,data\raw\opendart_financial\bsns_year=2018\reprt_code=11013\fs_div=OFS\022100_00155212.json
포스코DX,022100,00155212,KOSPI,IT서비스,2018,분기보고서_3분기,11014,CFS,연결재무제표,000,정상,151,data\raw\opendart_financial\bsns_year=2018\reprt_code=11014\fs_div=CFS\022100_00155212.json
포스코DX,022100,00155212,KOSPI,IT서비스,2018,분기보고서_3분기,11014,OFS,별도재무제표,000,정상,123,data\raw\opendart_financial\bsns_year=2018\reprt_code=11014\fs_div=OFS\022100_00155212.json
포스코DX,022100,00155212,KOSPI,IT서비스,2019,사업보고서,11011,CFS,연결재무제표,000,정상,161,data\raw\opendart_financial\bsns_year=2019\reprt_code=11011\fs_div=CFS\022100_00155212.json
포스코DX,022100,00155212,KOSPI,IT서비스,2019,사업보고서,11011,OFS,별도재무제표,000,정상,134,data\raw\opendart_financial\bsns_year=2019\reprt_code=11011\fs_div=OFS\022100_00155212.json
포스코DX,022100,00155212,KOSPI,IT서비스,2019,반기보고서,11012,CFS,연결재무제표,000,정상,146,data\raw\opendart_financial\bsns_year=2019\reprt_code=11012\fs_div=CFS\022100_00155212.json
포스코DX,022100,00155212,KOSPI,IT서비스,2019,반기보고서,11012,OFS,별도재무제표,000,정상,119,data\raw\opendart_financial\bsns_year=2019\reprt_code=11012\fs_div=OFS\022100_00155212.json
포스코DX,022100,00155212,KOSPI,IT서비스,2019,분기보고서_1분기,11013,CFS,연결재무제표,000,정상,140,data\raw\opendart_financial\bsns_year=2019\reprt_code=11013\fs_div=CFS\022100_00155212.json
포스코DX,022100,00155212,KOSPI,IT서비스,2019,분기보고서_1분기,11013,OFS,별도재무제표,000,정상,111,data\raw\opendart_financial\bsns_year=2019\reprt_code=11013\fs_div=OFS\022100_00155212.json
포스코DX,022100,00155212,KOSPI,IT서비스,2019,분기보고서_3분기,11014,CFS,연결재무제표,000,정상,151,data\raw\opendart_financial\bsns_year=2019\reprt_code=11014\fs_div=CFS\022100_00155212.json
포스코DX,022100,00155212,KOSPI,IT서비스,2019,분기보고서_3분기,11014,OFS,별도재무제표,000,정상,123,data\raw\opendart_financial\bsns_year=2019\reprt_code=11014\fs_div=OFS\022100_00155212.json
포스코DX,022100,00155212,KOSPI,IT서비스,2020,사업보고서,11011,CFS,연결재무제표,000,정상,160,data\raw\opendart_financial\bsns_year=2020\reprt_code=11011\fs_div=CFS\022100_00155212.json
포스코DX,022100,00155212,KOSPI,IT서비스,2020,사업보고서,11011,OFS,별도재무제표,000,정상,133,data\raw\opendart_financial\bsns_year=2020\reprt_code=11011\fs_div=OFS\022100_00155212.json
포스코DX,022100,00155212,KOSPI,IT서비스,2020,반기보고서,11012,CFS,연결재무제표,000,정상,138,data\raw\opendart_financial\bsns_year=2020\reprt_code=11012\fs_div=CFS\022100_00155212.json
포스코DX,022100,00155212,KOSPI,IT서비스,2020,반기보고서,11012,OFS,별도재무제표,000,정상,114,data\raw\opendart_financial\bsns_year=2020\reprt_code=11012\fs_div=OFS\022100_00155212.json
포스코DX,022100,00155212,KOSPI,IT서비스,2020,분기보고서_1분기,11013,CFS,연결재무제표,000,정상,132,data\raw\opendart_financial\bsns_year=2020\reprt_code=11013\fs_div=CFS\022100_00155212.json
포스코DX,022100,00155212,KOSPI,IT서비스,2020,분기보고서_1분기,11013,OFS,별도재무제표,000,정상,105,data\raw\opendart_financial\bsns_year=2020\reprt_code=11013\fs_div=OFS\022100_00155212.json
포스코DX,022100,00155212,KOSPI,IT서비스,2020,분기보고서_3분기,11014,CFS,연결재무제표,000,정상,139,data\raw\opendart_financial\bsns_year=2020\reprt_code=11014\fs_div=CFS\022100_00155212.json
포스코DX,022100,00155212,KOSPI,IT서비스,2020,분기보고서_3분기,11014,OFS,별도재무제표,000,정상,114,data\raw\opendart_financial\bsns_year=2020\reprt_code=11014\fs_div=OFS\022100_00155212.json
포스코DX,022100,00155212,KOSPI,IT서비스,2021,사업보고서,11011,CFS,연결재무제표,000,정상,146,data\raw\opendart_financial\bsns_year=2021\reprt_code=11011\fs_div=CFS\022100_00155212.json
포스코DX,022100,00155212,KOSPI,IT서비스,2021,사업보고서,11011,OFS,별도재무제표,000,정상,118,data\raw\opendart_financial\bsns_year=2021\reprt_code=11011\fs_div=OFS\022100_00155212.json
포스코DX,022100,00155212,KOSPI,IT서비스,2021,반기보고서,11012,CFS,연결재무제표,000,정상,136,data\raw\opendart_financial\bsns_year=2021\reprt_code=11012\fs_div=CFS\022100_00155212.json
포스코DX,022100,00155212,KOSPI,IT서비스,2021,반기보고서,11012,OFS,별도재무제표,000,정상,111,data\raw\opendart_financial\bsns_year=2021\reprt_code=11012\fs_div=OFS\022100_00155212.json
포스코DX,022100,00155212,KOSPI,IT서비스,2021,분기보고서_1분기,11013,CFS,연결재무제표,000,정상,131,data\raw\opendart_financial\bsns_year=2021\reprt_code=11013\fs_div=CFS\022100_00155212.json
포스코DX,022100,00155212,KOSPI,IT서비스,2021,분기보고서_1분기,11013,OFS,별도재무제표,000,정상,107,data\raw\opendart_financial\bsns_year=2021\reprt_code=11013\fs_div=OFS\022100_00155212.json
포스코DX,022100,00155212,KOSPI,IT서비스,2021,분기보고서_3분기,11014,CFS,연결재무제표,000,정상,142,data\raw\opendart_financial\bsns_year=2021\reprt_code=11014\fs_div=CFS\022100_00155212.json
포스코DX,022100,00155212,KOSPI,IT서비스,2021,분기보고서_3분기,11014,OFS,별도재무제표,000,정상,115,data\raw\opendart_financial\bsns_year=2021\reprt_code=11014\fs_div=OFS\022100_00155212.json
포스코DX,022100,00155212,KOSPI,IT서비스,2022,사업보고서,11011,CFS,연결재무제표,000,정상,152,data\raw\opendart_financial\bsns_year=2022\reprt_code=11011\fs_div=CFS\022100_00155212.json
포스코DX,022100,00155212,KOSPI,IT서비스,2022,사업보고서,11011,OFS,별도재무제표,000,정상,121,data\raw\opendart_financial\bsns_year=2022\reprt_code=11011\fs_div=OFS\022100_00155212.json
포스코DX,022100,00155212,KOSPI,IT서비스,2022,반기보고서,11012,CFS,연결재무제표,000,정상,133,data\raw\opendart_financial\bsns_year=2022\reprt_code=11012\fs_div=CFS\022100_00155212.json
포스코DX,022100,00155212,KOSPI,IT서비스,2022,반기보고서,11012,OFS,별도재무제표,000,정상,108,data\raw\opendart_financial\bsns_year=2022\reprt_code=11012\fs_div=OFS\022100_00155212.json
포스코DX,022100,00155212,KOSPI,IT서비스,2022,분기보고서_1분기,11013,CFS,연결재무제표,000,정상,128,data\raw\opendart_financial\bsns_year=2022\reprt_code=11013\fs_div=CFS\022100_00155212.json
포스코DX,022100,00155212,KOSPI,IT서비스,2022,분기보고서_1분기,11013,OFS,별도재무제표,000,정상,103,data\raw\opendart_financial\bsns_year=2022\reprt_code=11013\fs_div=OFS\022100_00155212.json
포스코DX,022100,00155212,KOSPI,IT서비스,2022,분기보고서_3분기,11014,CFS,연결재무제표,000,정상,141,data\raw\opendart_financial\bsns_year=2022\reprt_code=11014\fs_div=CFS\022100_00155212.json
포스코DX,022100,00155212,KOSPI,IT서비스,2022,분기보고서_3분기,11014,OFS,별도재무제표,000,정상,114,data\raw\opendart_financial\bsns_year=2022\reprt_code=11014\fs_div=OFS\022100_00155212.json
포스코DX,022100,00155212,KOSPI,IT서비스,2023,사업보고서,11011,CFS,연결재무제표,000,정상,149,data\raw\opendart_financial\bsns_year=2023\reprt_code=11011\fs_div=CFS\022100_00155212.json
포스코DX,022100,00155212,KOSPI,IT서비스,2023,사업보고서,11011,OFS,별도재무제표,000,정상,121,data\raw\opendart_financial\bsns_year=2023\reprt_code=11011\fs_div=OFS\022100_00155212.json
포스코DX,022100,00155212,KOSPI,IT서비스,2023,반기보고서,11012,CFS,연결재무제표,000,정상,137,data\raw\opendart_financial\bsns_year=2023\reprt_code=11012\fs_div=CFS\022100_00155212.json
포스코DX,022100,00155212,KOSPI,IT서비스,2023,반기보고서,11012,OFS,별도재무제표,000,정상,108,data\raw\opendart_financial\bsns_year=2023\reprt_code=11012\fs_div=OFS\022100_00155212.json
포스코DX,022100,00155212,KOSPI,IT서비스,2023,분기보고서_1분기,11013,CFS,연결재무제표,000,정상,132,data\raw\opendart_financial\bsns_year=2023\reprt_code=11013\fs_div=CFS\022100_00155212.json
포스코DX,022100,00155212,KOSPI,IT서비스,2023,분기보고서_1분기,11013,OFS,별도재무제표,000,정상,103,data\raw\opendart_financial\bsns_year=2023\reprt_code=11013\fs_div=OFS\022100_00155212.json
포스코DX,022100,00155212,KOSPI,IT서비스,2023,분기보고서_3분기,11014,CFS,연결재무제표,000,정상,143,data\raw\opendart_financial\bsns_year=2023\reprt_code=11014\fs_div=CFS\022100_00155212.json
포스코DX,022100,00155212,KOSPI,IT서비스,2023,분기보고서_3분기,11014,OFS,별도재무제표,000,정상,113,data\raw\opendart_financial\bsns_year=2023\reprt_code=11014\fs_div=OFS\022100_00155212.json
포스코DX,022100,00155212,KOSPI,IT서비스,2024,사업보고서,11011,CFS,연결재무제표,000,정상,172,data\raw\opendart_financial\bsns_year=2024\reprt_code=11011\fs_div=CFS\022100_00155212.json
포스코DX,022100,00155212,KOSPI,IT서비스,2024,사업보고서,11011,OFS,별도재무제표,000,정상,133,data\raw\opendart_financial\bsns_year=2024\reprt_code=11011\fs_div=OFS\022100_00155212.json
포스코DX,022100,00155212,KOSPI,IT서비스,2024,반기보고서,11012,CFS,연결재무제표,000,정상,141,data\raw\opendart_financial\bsns_year=2024\reprt_code=11012\fs_div=CFS\022100_00155212.json
포스코DX,022100,00155212,KOSPI,IT서비스,2024,반기보고서,11012,OFS,별도재무제표,000,정상,113,data\raw\opendart_financial\bsns_year=2024\reprt_code=11012\fs_div=OFS\022100_00155212.json
포스코DX,022100,00155212,KOSPI,IT서비스,2024,분기보고서_1분기,11013,CFS,연결재무제표,000,정상,136,data\raw\opendart_financial\bsns_year=2024\reprt_code=11013\fs_div=CFS\022100_00155212.json
포스코DX,022100,00155212,KOSPI,IT서비스,2024,분기보고서_1분기,11013,OFS,별도재무제표,000,정상,110,data\raw\opendart_financial\bsns_year=2024\reprt_code=11013\fs_div=OFS\022100_00155212.json
포스코DX,022100,00155212,KOSPI,IT서비스,2024,분기보고서_3분기,11014,CFS,연결재무제표,000,정상,143,data\raw\opendart_financial\bsns_year=2024\reprt_code=11014\fs_div=CFS\022100_00155212.json
포스코DX,022100,00155212,KOSPI,IT서비스,2024,분기보고서_3분기,11014,OFS,별도재무제표,000,정상,113,data\raw\opendart_financial\bsns_year=2024\reprt_code=11014\fs_div=OFS\022100_00155212.json
포스코DX,022100,00155212,KOSPI,IT서비스,2025,사업보고서,11011,CFS,연결재무제표,000,정상,170,data\raw\opendart_financial\bsns_year=2025\reprt_code=11011\fs_div=CFS\022100_00155212.json
포스코DX,022100,00155212,KOSPI,IT서비스,2025,사업보고서,11011,OFS,별도재무제표,000,정상,131,data\raw\opendart_financial\bsns_year=2025\reprt_code=11011\fs_div=OFS\022100_00155212.json
포스코DX,022100,00155212,KOSPI,IT서비스,2025,반기보고서,11012,CFS,연결재무제표,000,정상,157,data\raw\opendart_financial\bsns_year=2025\reprt_code=11012\fs_div=CFS\022100_00155212.json
포스코DX,022100,00155212,KOSPI,IT서비스,2025,반기보고서,11012,OFS,별도재무제표,000,정상,118,data\raw\opendart_financial\bsns_year=2025\reprt_code=11012\fs_div=OFS\022100_00155212.json
포스코DX,022100,00155212,KOSPI,IT서비스,2025,분기보고서_1분기,11013,CFS,연결재무제표,000,정상,172,data\raw\opendart_financial\bsns_year=2025\reprt_code=11013\fs_div=CFS\022100_00155212.json
포스코DX,022100,00155212,KOSPI,IT서비스,2025,분기보고서_1분기,11013,OFS,별도재무제표,000,정상,116,data\raw\opendart_financial\bsns_year=2025\reprt_code=11013\fs_div=OFS\022100_00155212.json
포스코DX,022100,00155212,KOSPI,IT서비스,2025,분기보고서_3분기,11014,CFS,연결재무제표,000,정상,158,data\raw\opendart_financial\bsns_year=2025\reprt_code=11014\fs_div=CFS\022100_00155212.json
포스코DX,022100,00155212,KOSPI,IT서비스,2025,분기보고서_3분기,11014,OFS,별도재무제표,000,정상,121,data\raw\opendart_financial\bsns_year=2025\reprt_code=11014\fs_div=OFS\022100_00155212.json
안랩,053800,00298270,KOSDAQ,IT서비스,2017,사업보고서,11011,CFS,연결재무제표,000,정상,139,data\raw\opendart_financial\bsns_year=2017\reprt_code=11011\fs_div=CFS\053800_00298270.json
안랩,053800,00298270,KOSDAQ,IT서비스,2017,사업보고서,11011,OFS,별도재무제표,000,정상,128,data\raw\opendart_financial\bsns_year=2017\reprt_code=11011\fs_div=OFS\053800_00298270.json
안랩,053800,00298270,KOSDAQ,IT서비스,2017,반기보고서,11012,CFS,연결재무제표,000,정상,156,data\raw\opendart_financial\bsns_year=2017\reprt_code=11012\fs_div=CFS\053800_00298270.json
안랩,053800,00298270,KOSDAQ,IT서비스,2017,반기보고서,11012,OFS,별도재무제표,000,정상,139,data\raw\opendart_financial\bsns_year=2017\reprt_code=11012\fs_div=OFS\053800_00298270.json
안랩,053800,00298270,KOSDAQ,IT서비스,2017,분기보고서_1분기,11013,CFS,연결재무제표,000,정상,180,data\raw\opendart_financial\bsns_year=2017\reprt_code=11013\fs_div=CFS\053800_00298270.json
안랩,053800,00298270,KOSDAQ,IT서비스,2017,분기보고서_1분기,11013,OFS,별도재무제표,000,정상,153,data\raw\opendart_financial\bsns_year=2017\reprt_code=11013\fs_div=OFS\053800_00298270.json
안랩,053800,00298270,KOSDAQ,IT서비스,2017,분기보고서_3분기,11014,CFS,연결재무제표,000,정상,131,data\raw\opendart_financial\bsns_year=2017\reprt_code=11014\fs_div=CFS\053800_00298270.json
안랩,053800,00298270,KOSDAQ,IT서비스,2017,분기보고서_3분기,11014,OFS,별도재무제표,000,정상,120,data\raw\opendart_financial\bsns_year=2017\reprt_code=11014\fs_div=OFS\053800_00298270.json
안랩,053800,00298270,KOSDAQ,IT서비스,2018,사업보고서,11011,CFS,연결재무제표,000,정상,140,data\raw\opendart_financial\bsns_year=2018\reprt_code=11011\fs_div=CFS\053800_00298270.json
안랩,053800,00298270,KOSDAQ,IT서비스,2018,사업보고서,11011,OFS,별도재무제표,000,정상,128,data\raw\opendart_financial\bsns_year=2018\reprt_code=11011\fs_div=OFS\053800_00298270.json
안랩,053800,00298270,KOSDAQ,IT서비스,2018,반기보고서,11012,CFS,연결재무제표,000,정상,120,data\raw\opendart_financial\bsns_year=2018\reprt_code=11012\fs_div=CFS\053800_00298270.json
안랩,053800,00298270,KOSDAQ,IT서비스,2018,반기보고서,11012,OFS,별도재무제표,000,정상,109,data\raw\opendart_financial\bsns_year=2018\reprt_code=11012\fs_div=OFS\053800_00298270.json
안랩,053800,00298270,KOSDAQ,IT서비스,2018,분기보고서_1분기,11013,CFS,연결재무제표,000,정상,123,data\raw\opendart_financial\bsns_year=2018\reprt_code=11013\fs_div=CFS\053800_00298270.json
안랩,053800,00298270,KOSDAQ,IT서비스,2018,분기보고서_1분기,11013,OFS,별도재무제표,000,정상,112,data\raw\opendart_financial\bsns_year=2018\reprt_code=11013\fs_div=OFS\053800_00298270.json
안랩,053800,00298270,KOSDAQ,IT서비스,2018,분기보고서_3분기,11014,CFS,연결재무제표,000,정상,128,data\raw\opendart_financial\bsns_year=2018\reprt_code=11014\fs_div=CFS\053800_00298270.json
안랩,053800,00298270,KOSDAQ,IT서비스,2018,분기보고서_3분기,11014,OFS,별도재무제표,000,정상,117,data\raw\opendart_financial\bsns_year=2018\reprt_code=11014\fs_div=OFS\053800_00298270.json
안랩,053800,00298270,KOSDAQ,IT서비스,2019,사업보고서,11011,CFS,연결재무제표,000,정상,109,data\raw\opendart_financial\bsns_year=2019\reprt_code=11011\fs_div=CFS\053800_00298270.json
안랩,053800,00298270,KOSDAQ,IT서비스,2019,사업보고서,11011,OFS,별도재무제표,000,정상,95,data\raw\opendart_financial\bsns_year=2019\reprt_code=11011\fs_div=OFS\053800_00298270.json
안랩,053800,00298270,KOSDAQ,IT서비스,2019,반기보고서,11012,CFS,연결재무제표,000,정상,101,data\raw\opendart_financial\bsns_year=2019\reprt_code=11012\fs_div=CFS\053800_00298270.json
안랩,053800,00298270,KOSDAQ,IT서비스,2019,반기보고서,11012,OFS,별도재무제표,000,정상,88,data\raw\opendart_financial\bsns_year=2019\reprt_code=11012\fs_div=OFS\053800_00298270.json
안랩,053800,00298270,KOSDAQ,IT서비스,2019,분기보고서_1분기,11013,CFS,연결재무제표,000,정상,124,data\raw\opendart_financial\bsns_year=2019\reprt_code=11013\fs_div=CFS\053800_00298270.json
안랩,053800,00298270,KOSDAQ,IT서비스,2019,분기보고서_1분기,11013,OFS,별도재무제표,000,정상,110,data\raw\opendart_financial\bsns_year=2019\reprt_code=11013\fs_div=OFS\053800_00298270.json
안랩,053800,00298270,KOSDAQ,IT서비스,2019,분기보고서_3분기,11014,CFS,연결재무제표,000,정상,101,data\raw\opendart_financial\bsns_year=2019\reprt_code=11014\fs_div=CFS\053800_00298270.json
안랩,053800,00298270,KOSDAQ,IT서비스,2019,분기보고서_3분기,11014,OFS,별도재무제표,000,정상,88,data\raw\opendart_financial\bsns_year=2019\reprt_code=11014\fs_div=OFS\053800_00298270.json
안랩,053800,00298270,KOSDAQ,IT서비스,2020,사업보고서,11011,CFS,연결재무제표,000,정상,119,data\raw\opendart_financial\bsns_year=2020\reprt_code=11011\fs_div=CFS\053800_00298270.json
안랩,053800,00298270,KOSDAQ,IT서비스,2020,사업보고서,11011,OFS,별도재무제표,000,정상,101,data\raw\opendart_financial\bsns_year=2020\reprt_code=11011\fs_div=OFS\053800_00298270.json
안랩,053800,00298270,KOSDAQ,IT서비스,2020,반기보고서,11012,CFS,연결재무제표,000,정상,114,data\raw\opendart_financial\bsns_year=2020\reprt_code=11012\fs_div=CFS\053800_00298270.json
안랩,053800,00298270,KOSDAQ,IT서비스,2020,반기보고서,11012,OFS,별도재무제표,000,정상,85,data\raw\opendart_financial\bsns_year=2020\reprt_code=11012\fs_div=OFS\053800_00298270.json
안랩,053800,00298270,KOSDAQ,IT서비스,2020,분기보고서_1분기,11013,CFS,연결재무제표,000,정상,113,data\raw\opendart_financial\bsns_year=2020\reprt_code=11013\fs_div=CFS\053800_00298270.json
안랩,053800,00298270,KOSDAQ,IT서비스,2020,분기보고서_1분기,11013,OFS,별도재무제표,000,정상,83,data\raw\opendart_financial\bsns_year=2020\reprt_code=11013\fs_div=OFS\053800_00298270.json
안랩,053800,00298270,KOSDAQ,IT서비스,2020,분기보고서_3분기,11014,CFS,연결재무제표,000,정상,117,data\raw\opendart_financial\bsns_year=2020\reprt_code=11014\fs_div=CFS\053800_00298270.json
안랩,053800,00298270,KOSDAQ,IT서비스,2020,분기보고서_3분기,11014,OFS,별도재무제표,000,정상,94,data\raw\opendart_financial\bsns_year=2020\reprt_code=11014\fs_div=OFS\053800_00298270.json
안랩,053800,00298270,KOSDAQ,IT서비스,2021,사업보고서,11011,CFS,연결재무제표,000,정상,123,data\raw\opendart_financial\bsns_year=2021\reprt_code=11011\fs_div=CFS\053800_00298270.json
안랩,053800,00298270,KOSDAQ,IT서비스,2021,사업보고서,11011,OFS,별도재무제표,000,정상,100,data\raw\opendart_financial\bsns_year=2021\reprt_code=11011\fs_div=OFS\053800_00298270.json
안랩,053800,00298270,KOSDAQ,IT서비스,2021,반기보고서,11012,CFS,연결재무제표,000,정상,118,data\raw\opendart_financial\bsns_year=2021\reprt_code=11012\fs_div=CFS\053800_00298270.json
안랩,053800,00298270,KOSDAQ,IT서비스,2021,반기보고서,11012,OFS,별도재무제표,000,정상,101,data\raw\opendart_financial\bsns_year=2021\reprt_code=11012\fs_div=OFS\053800_00298270.json
안랩,053800,00298270,KOSDAQ,IT서비스,2021,분기보고서_1분기,11013,CFS,연결재무제표,000,정상,115,data\raw\opendart_financial\bsns_year=2021\reprt_code=11013\fs_div=CFS\053800_00298270.json
안랩,053800,00298270,KOSDAQ,IT서비스,2021,분기보고서_1분기,11013,OFS,별도재무제표,000,정상,85,data\raw\opendart_financial\bsns_year=2021\reprt_code=11013\fs_div=OFS\053800_00298270.json
안랩,053800,00298270,KOSDAQ,IT서비스,2021,분기보고서_3분기,11014,CFS,연결재무제표,000,정상,118,data\raw\opendart_financial\bsns_year=2021\reprt_code=11014\fs_div=CFS\053800_00298270.json
안랩,053800,00298270,KOSDAQ,IT서비스,2021,분기보고서_3분기,11014,OFS,별도재무제표,000,정상,101,data\raw\opendart_financial\bsns_year=2021\reprt_code=11014\fs_div=OFS\053800_00298270.json
안랩,053800,00298270,KOSDAQ,IT서비스,2022,사업보고서,11011,CFS,연결재무제표,000,정상,126,data\raw\opendart_financial\bsns_year=2022\reprt_code=11011\fs_div=CFS\053800_00298270.json
안랩,053800,00298270,KOSDAQ,IT서비스,2022,사업보고서,11011,OFS,별도재무제표,000,정상,104,data\raw\opendart_financial\bsns_year=2022\reprt_code=11011\fs_div=OFS\053800_00298270.json
안랩,053800,00298270,KOSDAQ,IT서비스,2022,반기보고서,11012,CFS,연결재무제표,000,정상,117,data\raw\opendart_financial\bsns_year=2022\reprt_code=11012\fs_div=CFS\053800_00298270.json
안랩,053800,00298270,KOSDAQ,IT서비스,2022,반기보고서,11012,OFS,별도재무제표,000,정상,104,data\raw\opendart_financial\bsns_year=2022\reprt_code=11012\fs_div=OFS\053800_00298270.json
안랩,053800,00298270,KOSDAQ,IT서비스,2022,분기보고서_1분기,11013,CFS,연결재무제표,000,정상,116,data\raw\opendart_financial\bsns_year=2022\reprt_code=11013\fs_div=CFS\053800_00298270.json
안랩,053800,00298270,KOSDAQ,IT서비스,2022,분기보고서_1분기,11013,OFS,별도재무제표,000,정상,86,data\raw\opendart_financial\bsns_year=2022\reprt_code=11013\fs_div=OFS\053800_00298270.json
안랩,053800,00298270,KOSDAQ,IT서비스,2022,분기보고서_3분기,11014,CFS,연결재무제표,000,정상,138,data\raw\opendart_financial\bsns_year=2022\reprt_code=11014\fs_div=CFS\053800_00298270.json
안랩,053800,00298270,KOSDAQ,IT서비스,2022,분기보고서_3분기,11014,OFS,별도재무제표,000,정상,104,data\raw\opendart_financial\bsns_year=2022\reprt_code=11014\fs_div=OFS\053800_00298270.json
안랩,053800,00298270,KOSDAQ,IT서비스,2023,사업보고서,11011,CFS,연결재무제표,000,정상,125,data\raw\opendart_financial\bsns_year=2023\reprt_code=11011\fs_div=CFS\053800_00298270.json
안랩,053800,00298270,KOSDAQ,IT서비스,2023,사업보고서,11011,OFS,별도재무제표,000,정상,100,data\raw\opendart_financial\bsns_year=2023\reprt_code=11011\fs_div=OFS\053800_00298270.json
안랩,053800,00298270,KOSDAQ,IT서비스,2023,반기보고서,11012,CFS,연결재무제표,000,정상,136,data\raw\opendart_financial\bsns_year=2023\reprt_code=11012\fs_div=CFS\053800_00298270.json
안랩,053800,00298270,KOSDAQ,IT서비스,2023,반기보고서,11012,OFS,별도재무제표,000,정상,103,data\raw\opendart_financial\bsns_year=2023\reprt_code=11012\fs_div=OFS\053800_00298270.json
안랩,053800,00298270,KOSDAQ,IT서비스,2023,분기보고서_1분기,11013,CFS,연결재무제표,000,정상,116,data\raw\opendart_financial\bsns_year=2023\reprt_code=11013\fs_div=CFS\053800_00298270.json
안랩,053800,00298270,KOSDAQ,IT서비스,2023,분기보고서_1분기,11013,OFS,별도재무제표,000,정상,88,data\raw\opendart_financial\bsns_year=2023\reprt_code=11013\fs_div=OFS\053800_00298270.json
안랩,053800,00298270,KOSDAQ,IT서비스,2023,분기보고서_3분기,11014,CFS,연결재무제표,000,정상,137,data\raw\opendart_financial\bsns_year=2023\reprt_code=11014\fs_div=CFS\053800_00298270.json
안랩,053800,00298270,KOSDAQ,IT서비스,2023,분기보고서_3분기,11014,OFS,별도재무제표,000,정상,103,data\raw\opendart_financial\bsns_year=2023\reprt_code=11014\fs_div=OFS\053800_00298270.json
안랩,053800,00298270,KOSDAQ,IT서비스,2024,사업보고서,11011,CFS,연결재무제표,000,정상,170,data\raw\opendart_financial\bsns_year=2024\reprt_code=11011\fs_div=CFS\053800_00298270.json
안랩,053800,00298270,KOSDAQ,IT서비스,2024,사업보고서,11011,OFS,별도재무제표,000,정상,112,data\raw\opendart_financial\bsns_year=2024\reprt_code=11011\fs_div=OFS\053800_00298270.json
안랩,053800,00298270,KOSDAQ,IT서비스,2024,반기보고서,11012,CFS,연결재무제표,000,정상,117,data\raw\opendart_financial\bsns_year=2024\reprt_code=11012\fs_div=CFS\053800_00298270.json
안랩,053800,00298270,KOSDAQ,IT서비스,2024,반기보고서,11012,OFS,별도재무제표,000,정상,91,data\raw\opendart_financial\bsns_year=2024\reprt_code=11012\fs_div=OFS\053800_00298270.json
안랩,053800,00298270,KOSDAQ,IT서비스,2024,분기보고서_1분기,11013,CFS,연결재무제표,000,정상,110,data\raw\opendart_financial\bsns_year=2024\reprt_code=11013\fs_div=CFS\053800_00298270.json
안랩,053800,00298270,KOSDAQ,IT서비스,2024,분기보고서_1분기,11013,OFS,별도재무제표,000,정상,89,data\raw\opendart_financial\bsns_year=2024\reprt_code=11013\fs_div=OFS\053800_00298270.json
안랩,053800,00298270,KOSDAQ,IT서비스,2024,분기보고서_3분기,11014,CFS,연결재무제표,000,정상,122,data\raw\opendart_financial\bsns_year=2024\reprt_code=11014\fs_div=CFS\053800_00298270.json
안랩,053800,00298270,KOSDAQ,IT서비스,2024,분기보고서_3분기,11014,OFS,별도재무제표,000,정상,95,data\raw\opendart_financial\bsns_year=2024\reprt_code=11014\fs_div=OFS\053800_00298270.json
안랩,053800,00298270,KOSDAQ,IT서비스,2025,사업보고서,11011,CFS,연결재무제표,000,정상,197,data\raw\opendart_financial\bsns_year=2025\reprt_code=11011\fs_div=CFS\053800_00298270.json
안랩,053800,00298270,KOSDAQ,IT서비스,2025,사업보고서,11011,OFS,별도재무제표,000,정상,119,data\raw\opendart_financial\bsns_year=2025\reprt_code=11011\fs_div=OFS\053800_00298270.json
안랩,053800,00298270,KOSDAQ,IT서비스,2025,반기보고서,11012,CFS,연결재무제표,000,정상,161,data\raw\opendart_financial\bsns_year=2025\reprt_code=11012\fs_div=CFS\053800_00298270.json
안랩,053800,00298270,KOSDAQ,IT서비스,2025,반기보고서,11012,OFS,별도재무제표,000,정상,105,data\raw\opendart_financial\bsns_year=2025\reprt_code=11012\fs_div=OFS\053800_00298270.json
안랩,053800,00298270,KOSDAQ,IT서비스,2025,분기보고서_1분기,11013,CFS,연결재무제표,000,정상,146,data\raw\opendart_financial\bsns_year=2025\reprt_code=11013\fs_div=CFS\053800_00298270.json
안랩,053800,00298270,KOSDAQ,IT서비스,2025,분기보고서_1분기,11013,OFS,별도재무제표,000,정상,103,data\raw\opendart_financial\bsns_year=2025\reprt_code=11013\fs_div=OFS\053800_00298270.json
안랩,053800,00298270,KOSDAQ,IT서비스,2025,분기보고서_3분기,11014,CFS,연결재무제표,000,정상,169,data\raw\opendart_financial\bsns_year=2025\reprt_code=11014\fs_div=CFS\053800_00298270.json
안랩,053800,00298270,KOSDAQ,IT서비스,2025,분기보고서_3분기,11014,OFS,별도재무제표,000,정상,111,data\raw\opendart_financial\bsns_year=2025\reprt_code=11014\fs_div=OFS\053800_00298270.json
한컴,030520,00204262,KOSDAQ,IT서비스,2017,사업보고서,11011,CFS,연결재무제표,000,정상,177,data\raw\opendart_financial\bsns_year=2017\reprt_code=11011\fs_div=CFS\030520_00204262.json
한컴,030520,00204262,KOSDAQ,IT서비스,2017,사업보고서,11011,OFS,별도재무제표,000,정상,119,data\raw\opendart_financial\bsns_year=2017\reprt_code=11011\fs_div=OFS\030520_00204262.json
한컴,030520,00204262,KOSDAQ,IT서비스,2017,반기보고서,11012,CFS,연결재무제표,000,정상,179,data\raw\opendart_financial\bsns_year=2017\reprt_code=11012\fs_div=CFS\030520_00204262.json
한컴,030520,00204262,KOSDAQ,IT서비스,2017,반기보고서,11012,OFS,별도재무제표,000,정상,125,data\raw\opendart_financial\bsns_year=2017\reprt_code=11012\fs_div=OFS\030520_00204262.json
한컴,030520,00204262,KOSDAQ,IT서비스,2017,분기보고서_1분기,11013,CFS,연결재무제표,000,정상,165,data\raw\opendart_financial\bsns_year=2017\reprt_code=11013\fs_div=CFS\030520_00204262.json
한컴,030520,00204262,KOSDAQ,IT서비스,2017,분기보고서_1분기,11013,OFS,별도재무제표,000,정상,160,data\raw\opendart_financial\bsns_year=2017\reprt_code=11013\fs_div=OFS\030520_00204262.json
한컴,030520,00204262,KOSDAQ,IT서비스,2017,분기보고서_3분기,11014,CFS,연결재무제표,000,정상,191,data\raw\opendart_financial\bsns_year=2017\reprt_code=11014\fs_div=CFS\030520_00204262.json
한컴,030520,00204262,KOSDAQ,IT서비스,2017,분기보고서_3분기,11014,OFS,별도재무제표,000,정상,131,data\raw\opendart_financial\bsns_year=2017\reprt_code=11014\fs_div=OFS\030520_00204262.json
한컴,030520,00204262,KOSDAQ,IT서비스,2018,사업보고서,11011,CFS,연결재무제표,000,정상,249,data\raw\opendart_financial\bsns_year=2018\reprt_code=11011\fs_div=CFS\030520_00204262.json
한컴,030520,00204262,KOSDAQ,IT서비스,2018,사업보고서,11011,OFS,별도재무제표,000,정상,150,data\raw\opendart_financial\bsns_year=2018\reprt_code=11011\fs_div=OFS\030520_00204262.json
한컴,030520,00204262,KOSDAQ,IT서비스,2018,반기보고서,11012,CFS,연결재무제표,000,정상,203,data\raw\opendart_financial\bsns_year=2018\reprt_code=11012\fs_div=CFS\030520_00204262.json
한컴,030520,00204262,KOSDAQ,IT서비스,2018,반기보고서,11012,OFS,별도재무제표,000,정상,132,data\raw\opendart_financial\bsns_year=2018\reprt_code=11012\fs_div=OFS\030520_00204262.json
한컴,030520,00204262,KOSDAQ,IT서비스,2018,분기보고서_1분기,11013,CFS,연결재무제표,000,정상,155,data\raw\opendart_financial\bsns_year=2018\reprt_code=11013\fs_div=CFS\030520_00204262.json
한컴,030520,00204262,KOSDAQ,IT서비스,2018,분기보고서_1분기,11013,OFS,별도재무제표,000,정상,108,data\raw\opendart_financial\bsns_year=2018\reprt_code=11013\fs_div=OFS\030520_00204262.json
한컴,030520,00204262,KOSDAQ,IT서비스,2018,분기보고서_3분기,11014,CFS,연결재무제표,000,정상,236,data\raw\opendart_financial\bsns_year=2018\reprt_code=11014\fs_div=CFS\030520_00204262.json
한컴,030520,00204262,KOSDAQ,IT서비스,2018,분기보고서_3분기,11014,OFS,별도재무제표,000,정상,141,data\raw\opendart_financial\bsns_year=2018\reprt_code=11014\fs_div=OFS\030520_00204262.json
한컴,030520,00204262,KOSDAQ,IT서비스,2019,사업보고서,11011,CFS,연결재무제표,000,정상,279,data\raw\opendart_financial\bsns_year=2019\reprt_code=11011\fs_div=CFS\030520_00204262.json
한컴,030520,00204262,KOSDAQ,IT서비스,2019,사업보고서,11011,OFS,별도재무제표,000,정상,152,data\raw\opendart_financial\bsns_year=2019\reprt_code=11011\fs_div=OFS\030520_00204262.json
한컴,030520,00204262,KOSDAQ,IT서비스,2019,반기보고서,11012,CFS,연결재무제표,000,정상,225,data\raw\opendart_financial\bsns_year=2019\reprt_code=11012\fs_div=CFS\030520_00204262.json
한컴,030520,00204262,KOSDAQ,IT서비스,2019,반기보고서,11012,OFS,별도재무제표,000,정상,126,data\raw\opendart_financial\bsns_year=2019\reprt_code=11012\fs_div=OFS\030520_00204262.json
한컴,030520,00204262,KOSDAQ,IT서비스,2019,분기보고서_1분기,11013,CFS,연결재무제표,000,정상,211,data\raw\opendart_financial\bsns_year=2019\reprt_code=11013\fs_div=CFS\030520_00204262.json
한컴,030520,00204262,KOSDAQ,IT서비스,2019,분기보고서_1분기,11013,OFS,별도재무제표,000,정상,124,data\raw\opendart_financial\bsns_year=2019\reprt_code=11013\fs_div=OFS\030520_00204262.json
한컴,030520,00204262,KOSDAQ,IT서비스,2019,분기보고서_3분기,11014,CFS,연결재무제표,000,정상,262,data\raw\opendart_financial\bsns_year=2019\reprt_code=11014\fs_div=CFS\030520_00204262.json
한컴,030520,00204262,KOSDAQ,IT서비스,2019,분기보고서_3분기,11014,OFS,별도재무제표,000,정상,132,data\raw\opendart_financial\bsns_year=2019\reprt_code=11014\fs_div=OFS\030520_00204262.json
한컴,030520,00204262,KOSDAQ,IT서비스,2020,사업보고서,11011,CFS,연결재무제표,000,정상,248,data\raw\opendart_financial\bsns_year=2020\reprt_code=11011\fs_div=CFS\030520_00204262.json
한컴,030520,00204262,KOSDAQ,IT서비스,2020,사업보고서,11011,OFS,별도재무제표,000,정상,146,data\raw\opendart_financial\bsns_year=2020\reprt_code=11011\fs_div=OFS\030520_00204262.json
한컴,030520,00204262,KOSDAQ,IT서비스,2020,반기보고서,11012,CFS,연결재무제표,000,정상,228,data\raw\opendart_financial\bsns_year=2020\reprt_code=11012\fs_div=CFS\030520_00204262.json
한컴,030520,00204262,KOSDAQ,IT서비스,2020,반기보고서,11012,OFS,별도재무제표,000,정상,118,data\raw\opendart_financial\bsns_year=2020\reprt_code=11012\fs_div=OFS\030520_00204262.json
한컴,030520,00204262,KOSDAQ,IT서비스,2020,분기보고서_1분기,11013,CFS,연결재무제표,000,정상,206,data\raw\opendart_financial\bsns_year=2020\reprt_code=11013\fs_div=CFS\030520_00204262.json
한컴,030520,00204262,KOSDAQ,IT서비스,2020,분기보고서_1분기,11013,OFS,별도재무제표,000,정상,116,data\raw\opendart_financial\bsns_year=2020\reprt_code=11013\fs_div=OFS\030520_00204262.json
한컴,030520,00204262,KOSDAQ,IT서비스,2020,분기보고서_3분기,11014,CFS,연결재무제표,000,정상,219,data\raw\opendart_financial\bsns_year=2020\reprt_code=11014\fs_div=CFS\030520_00204262.json
한컴,030520,00204262,KOSDAQ,IT서비스,2020,분기보고서_3분기,11014,OFS,별도재무제표,000,정상,125,data\raw\opendart_financial\bsns_year=2020\reprt_code=11014\fs_div=OFS\030520_00204262.json
한컴,030520,00204262,KOSDAQ,IT서비스,2021,사업보고서,11011,CFS,연결재무제표,000,정상,245,data\raw\opendart_financial\bsns_year=2021\reprt_code=11011\fs_div=CFS\030520_00204262.json
한컴,030520,00204262,KOSDAQ,IT서비스,2021,사업보고서,11011,OFS,별도재무제표,000,정상,141,data\raw\opendart_financial\bsns_year=2021\reprt_code=11011\fs_div=OFS\030520_00204262.json
한컴,030520,00204262,KOSDAQ,IT서비스,2021,반기보고서,11012,CFS,연결재무제표,000,정상,197,data\raw\opendart_financial\bsns_year=2021\reprt_code=11012\fs_div=CFS\030520_00204262.json
한컴,030520,00204262,KOSDAQ,IT서비스,2021,반기보고서,11012,OFS,별도재무제표,000,정상,118,data\raw\opendart_financial\bsns_year=2021\reprt_code=11012\fs_div=OFS\030520_00204262.json
한컴,030520,00204262,KOSDAQ,IT서비스,2021,분기보고서_1분기,11013,CFS,연결재무제표,000,정상,246,data\raw\opendart_financial\bsns_year=2021\reprt_code=11013\fs_div=CFS\030520_00204262.json
한컴,030520,00204262,KOSDAQ,IT서비스,2021,분기보고서_1분기,11013,OFS,별도재무제표,000,정상,146,data\raw\opendart_financial\bsns_year=2021\reprt_code=11013\fs_div=OFS\030520_00204262.json
한컴,030520,00204262,KOSDAQ,IT서비스,2021,분기보고서_3분기,11014,CFS,연결재무제표,000,정상,229,data\raw\opendart_financial\bsns_year=2021\reprt_code=11014\fs_div=CFS\030520_00204262.json
한컴,030520,00204262,KOSDAQ,IT서비스,2021,분기보고서_3분기,11014,OFS,별도재무제표,000,정상,118,data\raw\opendart_financial\bsns_year=2021\reprt_code=11014\fs_div=OFS\030520_00204262.json
한컴,030520,00204262,KOSDAQ,IT서비스,2022,사업보고서,11011,CFS,연결재무제표,000,정상,243,data\raw\opendart_financial\bsns_year=2022\reprt_code=11011\fs_div=CFS\030520_00204262.json
한컴,030520,00204262,KOSDAQ,IT서비스,2022,사업보고서,11011,OFS,별도재무제표,000,정상,138,data\raw\opendart_financial\bsns_year=2022\reprt_code=11011\fs_div=OFS\030520_00204262.json
한컴,030520,00204262,KOSDAQ,IT서비스,2022,반기보고서,11012,CFS,연결재무제표,000,정상,244,data\raw\opendart_financial\bsns_year=2022\reprt_code=11012\fs_div=CFS\030520_00204262.json
한컴,030520,00204262,KOSDAQ,IT서비스,2022,반기보고서,11012,OFS,별도재무제표,000,정상,125,data\raw\opendart_financial\bsns_year=2022\reprt_code=11012\fs_div=OFS\030520_00204262.json
한컴,030520,00204262,KOSDAQ,IT서비스,2022,분기보고서_1분기,11013,CFS,연결재무제표,000,정상,202,data\raw\opendart_financial\bsns_year=2022\reprt_code=11013\fs_div=CFS\030520_00204262.json
한컴,030520,00204262,KOSDAQ,IT서비스,2022,분기보고서_1분기,11013,OFS,별도재무제표,000,정상,119,data\raw\opendart_financial\bsns_year=2022\reprt_code=11013\fs_div=OFS\030520_00204262.json
한컴,030520,00204262,KOSDAQ,IT서비스,2022,분기보고서_3분기,11014,CFS,연결재무제표,000,정상,250,data\raw\opendart_financial\bsns_year=2022\reprt_code=11014\fs_div=CFS\030520_00204262.json
한컴,030520,00204262,KOSDAQ,IT서비스,2022,분기보고서_3분기,11014,OFS,별도재무제표,000,정상,126,data\raw\opendart_financial\bsns_year=2022\reprt_code=11014\fs_div=OFS\030520_00204262.json
한컴,030520,00204262,KOSDAQ,IT서비스,2023,사업보고서,11011,CFS,연결재무제표,000,정상,270,data\raw\opendart_financial\bsns_year=2023\reprt_code=11011\fs_div=CFS\030520_00204262.json
한컴,030520,00204262,KOSDAQ,IT서비스,2023,사업보고서,11011,OFS,별도재무제표,000,정상,151,data\raw\opendart_financial\bsns_year=2023\reprt_code=11011\fs_div=OFS\030520_00204262.json
한컴,030520,00204262,KOSDAQ,IT서비스,2023,반기보고서,11012,CFS,연결재무제표,000,정상,253,data\raw\opendart_financial\bsns_year=2023\reprt_code=11012\fs_div=CFS\030520_00204262.json
한컴,030520,00204262,KOSDAQ,IT서비스,2023,반기보고서,11012,OFS,별도재무제표,000,정상,129,data\raw\opendart_financial\bsns_year=2023\reprt_code=11012\fs_div=OFS\030520_00204262.json
한컴,030520,00204262,KOSDAQ,IT서비스,2023,분기보고서_1분기,11013,CFS,연결재무제표,000,정상,212,data\raw\opendart_financial\bsns_year=2023\reprt_code=11013\fs_div=CFS\030520_00204262.json
한컴,030520,00204262,KOSDAQ,IT서비스,2023,분기보고서_1분기,11013,OFS,별도재무제표,000,정상,121,data\raw\opendart_financial\bsns_year=2023\reprt_code=11013\fs_div=OFS\030520_00204262.json
한컴,030520,00204262,KOSDAQ,IT서비스,2023,분기보고서_3분기,11014,CFS,연결재무제표,000,정상,254,data\raw\opendart_financial\bsns_year=2023\reprt_code=11014\fs_div=CFS\030520_00204262.json
한컴,030520,00204262,KOSDAQ,IT서비스,2023,분기보고서_3분기,11014,OFS,별도재무제표,000,정상,134,data\raw\opendart_financial\bsns_year=2023\reprt_code=11014\fs_div=OFS\030520_00204262.json
한컴,030520,00204262,KOSDAQ,IT서비스,2024,사업보고서,11011,CFS,연결재무제표,000,정상,281,data\raw\opendart_financial\bsns_year=2024\reprt_code=11011\fs_div=CFS\030520_00204262.json
한컴,030520,00204262,KOSDAQ,IT서비스,2024,사업보고서,11011,OFS,별도재무제표,000,정상,157,data\raw\opendart_financial\bsns_year=2024\reprt_code=11011\fs_div=OFS\030520_00204262.json
한컴,030520,00204262,KOSDAQ,IT서비스,2024,반기보고서,11012,CFS,연결재무제표,000,정상,270,data\raw\opendart_financial\bsns_year=2024\reprt_code=11012\fs_div=CFS\030520_00204262.json
한컴,030520,00204262,KOSDAQ,IT서비스,2024,반기보고서,11012,OFS,별도재무제표,000,정상,142,data\raw\opendart_financial\bsns_year=2024\reprt_code=11012\fs_div=OFS\030520_00204262.json
한컴,030520,00204262,KOSDAQ,IT서비스,2024,분기보고서_1분기,11013,CFS,연결재무제표,000,정상,237,data\raw\opendart_financial\bsns_year=2024\reprt_code=11013\fs_div=CFS\030520_00204262.json
한컴,030520,00204262,KOSDAQ,IT서비스,2024,분기보고서_1분기,11013,OFS,별도재무제표,000,정상,136,data\raw\opendart_financial\bsns_year=2024\reprt_code=11013\fs_div=OFS\030520_00204262.json
한컴,030520,00204262,KOSDAQ,IT서비스,2024,분기보고서_3분기,11014,CFS,연결재무제표,000,정상,271,data\raw\opendart_financial\bsns_year=2024\reprt_code=11014\fs_div=CFS\030520_00204262.json
한컴,030520,00204262,KOSDAQ,IT서비스,2024,분기보고서_3분기,11014,OFS,별도재무제표,000,정상,147,data\raw\opendart_financial\bsns_year=2024\reprt_code=11014\fs_div=OFS\030520_00204262.json
한컴,030520,00204262,KOSDAQ,IT서비스,2025,사업보고서,11011,CFS,연결재무제표,000,정상,271,data\raw\opendart_financial\bsns_year=2025\reprt_code=11011\fs_div=CFS\030520_00204262.json
한컴,030520,00204262,KOSDAQ,IT서비스,2025,사업보고서,11011,OFS,별도재무제표,000,정상,157,data\raw\opendart_financial\bsns_year=2025\reprt_code=11011\fs_div=OFS\030520_00204262.json
한컴,030520,00204262,KOSDAQ,IT서비스,2025,반기보고서,11012,CFS,연결재무제표,000,정상,237,data\raw\opendart_financial\bsns_year=2025\reprt_code=11012\fs_div=CFS\030520_00204262.json
한컴,030520,00204262,KOSDAQ,IT서비스,2025,반기보고서,11012,OFS,별도재무제표,000,정상,131,data\raw\opendart_financial\bsns_year=2025\reprt_code=11012\fs_div=OFS\030520_00204262.json
한컴,030520,00204262,KOSDAQ,IT서비스,2025,분기보고서_1분기,11013,CFS,연결재무제표,000,정상,226,data\raw\opendart_financial\bsns_year=2025\reprt_code=11013\fs_div=CFS\030520_00204262.json
한컴,030520,00204262,KOSDAQ,IT서비스,2025,분기보고서_1분기,11013,OFS,별도재무제표,000,정상,128,data\raw\opendart_financial\bsns_year=2025\reprt_code=11013\fs_div=OFS\030520_00204262.json
한컴,030520,00204262,KOSDAQ,IT서비스,2025,분기보고서_3분기,11014,CFS,연결재무제표,000,정상,245,data\raw\opendart_financial\bsns_year=2025\reprt_code=11014\fs_div=CFS\030520_00204262.json
한컴,030520,00204262,KOSDAQ,IT서비스,2025,분기보고서_3분기,11014,OFS,별도재무제표,000,정상,133,data\raw\opendart_financial\bsns_year=2025\reprt_code=11014\fs_div=OFS\030520_00204262.json
아모레퍼시픽,090430,00583424,KOSPI,소비유통,2017,사업보고서,11011,CFS,연결재무제표,000,정상,205,data\raw\opendart_financial\bsns_year=2017\reprt_code=11011\fs_div=CFS\090430_00583424.json
아모레퍼시픽,090430,00583424,KOSPI,소비유통,2017,사업보고서,11011,OFS,별도재무제표,000,정상,127,data\raw\opendart_financial\bsns_year=2017\reprt_code=11011\fs_div=OFS\090430_00583424.json
아모레퍼시픽,090430,00583424,KOSPI,소비유통,2017,반기보고서,11012,CFS,연결재무제표,000,정상,192,data\raw\opendart_financial\bsns_year=2017\reprt_code=11012\fs_div=CFS\090430_00583424.json
아모레퍼시픽,090430,00583424,KOSPI,소비유통,2017,반기보고서,11012,OFS,별도재무제표,000,정상,127,data\raw\opendart_financial\bsns_year=2017\reprt_code=11012\fs_div=OFS\090430_00583424.json
아모레퍼시픽,090430,00583424,KOSPI,소비유통,2017,분기보고서_1분기,11013,CFS,연결재무제표,000,정상,194,data\raw\opendart_financial\bsns_year=2017\reprt_code=11013\fs_div=CFS\090430_00583424.json
아모레퍼시픽,090430,00583424,KOSPI,소비유통,2017,분기보고서_1분기,11013,OFS,별도재무제표,000,정상,128,data\raw\opendart_financial\bsns_year=2017\reprt_code=11013\fs_div=OFS\090430_00583424.json
아모레퍼시픽,090430,00583424,KOSPI,소비유통,2017,분기보고서_3분기,11014,CFS,연결재무제표,000,정상,192,data\raw\opendart_financial\bsns_year=2017\reprt_code=11014\fs_div=CFS\090430_00583424.json
아모레퍼시픽,090430,00583424,KOSPI,소비유통,2017,분기보고서_3분기,11014,OFS,별도재무제표,000,정상,125,data\raw\opendart_financial\bsns_year=2017\reprt_code=11014\fs_div=OFS\090430_00583424.json
아모레퍼시픽,090430,00583424,KOSPI,소비유통,2018,사업보고서,11011,CFS,연결재무제표,000,정상,244,data\raw\opendart_financial\bsns_year=2018\reprt_code=11011\fs_div=CFS\090430_00583424.json
아모레퍼시픽,090430,00583424,KOSPI,소비유통,2018,사업보고서,11011,OFS,별도재무제표,000,정상,168,data\raw\opendart_financial\bsns_year=2018\reprt_code=11011\fs_div=OFS\090430_00583424.json
아모레퍼시픽,090430,00583424,KOSPI,소비유통,2018,반기보고서,11012,CFS,연결재무제표,000,정상,227,data\raw\opendart_financial\bsns_year=2018\reprt_code=11012\fs_div=CFS\090430_00583424.json
아모레퍼시픽,090430,00583424,KOSPI,소비유통,2018,반기보고서,11012,OFS,별도재무제표,000,정상,161,data\raw\opendart_financial\bsns_year=2018\reprt_code=11012\fs_div=OFS\090430_00583424.json
아모레퍼시픽,090430,00583424,KOSPI,소비유통,2018,분기보고서_1분기,11013,CFS,연결재무제표,000,정상,210,data\raw\opendart_financial\bsns_year=2018\reprt_code=11013\fs_div=CFS\090430_00583424.json
아모레퍼시픽,090430,00583424,KOSPI,소비유통,2018,분기보고서_1분기,11013,OFS,별도재무제표,000,정상,147,data\raw\opendart_financial\bsns_year=2018\reprt_code=11013\fs_div=OFS\090430_00583424.json
아모레퍼시픽,090430,00583424,KOSPI,소비유통,2018,분기보고서_3분기,11014,CFS,연결재무제표,000,정상,240,data\raw\opendart_financial\bsns_year=2018\reprt_code=11014\fs_div=CFS\090430_00583424.json
아모레퍼시픽,090430,00583424,KOSPI,소비유통,2018,분기보고서_3분기,11014,OFS,별도재무제표,000,정상,164,data\raw\opendart_financial\bsns_year=2018\reprt_code=11014\fs_div=OFS\090430_00583424.json
아모레퍼시픽,090430,00583424,KOSPI,소비유통,2019,사업보고서,11011,CFS,연결재무제표,000,정상,277,data\raw\opendart_financial\bsns_year=2019\reprt_code=11011\fs_div=CFS\090430_00583424.json
아모레퍼시픽,090430,00583424,KOSPI,소비유통,2019,사업보고서,11011,OFS,별도재무제표,000,정상,183,data\raw\opendart_financial\bsns_year=2019\reprt_code=11011\fs_div=OFS\090430_00583424.json
아모레퍼시픽,090430,00583424,KOSPI,소비유통,2019,반기보고서,11012,CFS,연결재무제표,000,정상,228,data\raw\opendart_financial\bsns_year=2019\reprt_code=11012\fs_div=CFS\090430_00583424.json
아모레퍼시픽,090430,00583424,KOSPI,소비유통,2019,반기보고서,11012,OFS,별도재무제표,000,정상,161,data\raw\opendart_financial\bsns_year=2019\reprt_code=11012\fs_div=OFS\090430_00583424.json
아모레퍼시픽,090430,00583424,KOSPI,소비유통,2019,분기보고서_1분기,11013,CFS,연결재무제표,000,정상,204,data\raw\opendart_financial\bsns_year=2019\reprt_code=11013\fs_div=CFS\090430_00583424.json
아모레퍼시픽,090430,00583424,KOSPI,소비유통,2019,분기보고서_1분기,11013,OFS,별도재무제표,000,정상,148,data\raw\opendart_financial\bsns_year=2019\reprt_code=11013\fs_div=OFS\090430_00583424.json
아모레퍼시픽,090430,00583424,KOSPI,소비유통,2019,분기보고서_3분기,11014,CFS,연결재무제표,000,정상,230,data\raw\opendart_financial\bsns_year=2019\reprt_code=11014\fs_div=CFS\090430_00583424.json
아모레퍼시픽,090430,00583424,KOSPI,소비유통,2019,분기보고서_3분기,11014,OFS,별도재무제표,000,정상,164,data\raw\opendart_financial\bsns_year=2019\reprt_code=11014\fs_div=OFS\090430_00583424.json
아모레퍼시픽,090430,00583424,KOSPI,소비유통,2020,사업보고서,11011,CFS,연결재무제표,000,정상,252,data\raw\opendart_financial\bsns_year=2020\reprt_code=11011\fs_div=CFS\090430_00583424.json
아모레퍼시픽,090430,00583424,KOSPI,소비유통,2020,사업보고서,11011,OFS,별도재무제표,000,정상,170,data\raw\opendart_financial\bsns_year=2020\reprt_code=11011\fs_div=OFS\090430_00583424.json
아모레퍼시픽,090430,00583424,KOSPI,소비유통,2020,반기보고서,11012,CFS,연결재무제표,000,정상,206,data\raw\opendart_financial\bsns_year=2020\reprt_code=11012\fs_div=CFS\090430_00583424.json
아모레퍼시픽,090430,00583424,KOSPI,소비유통,2020,반기보고서,11012,OFS,별도재무제표,000,정상,146,data\raw\opendart_financial\bsns_year=2020\reprt_code=11012\fs_div=OFS\090430_00583424.json
아모레퍼시픽,090430,00583424,KOSPI,소비유통,2020,분기보고서_1분기,11013,CFS,연결재무제표,000,정상,182,data\raw\opendart_financial\bsns_year=2020\reprt_code=11013\fs_div=CFS\090430_00583424.json
아모레퍼시픽,090430,00583424,KOSPI,소비유통,2020,분기보고서_1분기,11013,OFS,별도재무제표,000,정상,134,data\raw\opendart_financial\bsns_year=2020\reprt_code=11013\fs_div=OFS\090430_00583424.json
아모레퍼시픽,090430,00583424,KOSPI,소비유통,2020,분기보고서_3분기,11014,CFS,연결재무제표,000,정상,209,data\raw\opendart_financial\bsns_year=2020\reprt_code=11014\fs_div=CFS\090430_00583424.json
아모레퍼시픽,090430,00583424,KOSPI,소비유통,2020,분기보고서_3분기,11014,OFS,별도재무제표,000,정상,148,data\raw\opendart_financial\bsns_year=2020\reprt_code=11014\fs_div=OFS\090430_00583424.json
아모레퍼시픽,090430,00583424,KOSPI,소비유통,2021,사업보고서,11011,CFS,연결재무제표,000,정상,180,data\raw\opendart_financial\bsns_year=2021\reprt_code=11011\fs_div=CFS\090430_00583424.json
아모레퍼시픽,090430,00583424,KOSPI,소비유통,2021,사업보고서,11011,OFS,별도재무제표,000,정상,137,data\raw\opendart_financial\bsns_year=2021\reprt_code=11011\fs_div=OFS\090430_00583424.json
아모레퍼시픽,090430,00583424,KOSPI,소비유통,2021,반기보고서,11012,CFS,연결재무제표,000,정상,178,data\raw\opendart_financial\bsns_year=2021\reprt_code=11012\fs_div=CFS\090430_00583424.json
아모레퍼시픽,090430,00583424,KOSPI,소비유통,2021,반기보고서,11012,OFS,별도재무제표,000,정상,134,data\raw\opendart_financial\bsns_year=2021\reprt_code=11012\fs_div=OFS\090430_00583424.json
아모레퍼시픽,090430,00583424,KOSPI,소비유통,2021,분기보고서_1분기,11013,CFS,연결재무제표,000,정상,175,data\raw\opendart_financial\bsns_year=2021\reprt_code=11013\fs_div=CFS\090430_00583424.json
아모레퍼시픽,090430,00583424,KOSPI,소비유통,2021,분기보고서_1분기,11013,OFS,별도재무제표,000,정상,109,data\raw\opendart_financial\bsns_year=2021\reprt_code=11013\fs_div=OFS\090430_00583424.json
아모레퍼시픽,090430,00583424,KOSPI,소비유통,2021,분기보고서_3분기,11014,CFS,연결재무제표,000,정상,208,data\raw\opendart_financial\bsns_year=2021\reprt_code=11014\fs_div=CFS\090430_00583424.json
아모레퍼시픽,090430,00583424,KOSPI,소비유통,2021,분기보고서_3분기,11014,OFS,별도재무제표,000,정상,158,data\raw\opendart_financial\bsns_year=2021\reprt_code=11014\fs_div=OFS\090430_00583424.json
아모레퍼시픽,090430,00583424,KOSPI,소비유통,2022,사업보고서,11011,CFS,연결재무제표,000,정상,187,data\raw\opendart_financial\bsns_year=2022\reprt_code=11011\fs_div=CFS\090430_00583424.json
아모레퍼시픽,090430,00583424,KOSPI,소비유통,2022,사업보고서,11011,OFS,별도재무제표,000,정상,141,data\raw\opendart_financial\bsns_year=2022\reprt_code=11011\fs_div=OFS\090430_00583424.json
아모레퍼시픽,090430,00583424,KOSPI,소비유통,2022,반기보고서,11012,CFS,연결재무제표,000,정상,159,data\raw\opendart_financial\bsns_year=2022\reprt_code=11012\fs_div=CFS\090430_00583424.json
아모레퍼시픽,090430,00583424,KOSPI,소비유통,2022,반기보고서,11012,OFS,별도재무제표,000,정상,125,data\raw\opendart_financial\bsns_year=2022\reprt_code=11012\fs_div=OFS\090430_00583424.json
아모레퍼시픽,090430,00583424,KOSPI,소비유통,2022,분기보고서_1분기,11013,CFS,연결재무제표,000,정상,153,data\raw\opendart_financial\bsns_year=2022\reprt_code=11013\fs_div=CFS\090430_00583424.json
아모레퍼시픽,090430,00583424,KOSPI,소비유통,2022,분기보고서_1분기,11013,OFS,별도재무제표,000,정상,118,data\raw\opendart_financial\bsns_year=2022\reprt_code=11013\fs_div=OFS\090430_00583424.json
아모레퍼시픽,090430,00583424,KOSPI,소비유통,2022,분기보고서_3분기,11014,CFS,연결재무제표,000,정상,169,data\raw\opendart_financial\bsns_year=2022\reprt_code=11014\fs_div=CFS\090430_00583424.json
아모레퍼시픽,090430,00583424,KOSPI,소비유통,2022,분기보고서_3분기,11014,OFS,별도재무제표,000,정상,131,data\raw\opendart_financial\bsns_year=2022\reprt_code=11014\fs_div=OFS\090430_00583424.json
아모레퍼시픽,090430,00583424,KOSPI,소비유통,2023,사업보고서,11011,CFS,연결재무제표,000,정상,186,data\raw\opendart_financial\bsns_year=2023\reprt_code=11011\fs_div=CFS\090430_00583424.json
아모레퍼시픽,090430,00583424,KOSPI,소비유통,2023,사업보고서,11011,OFS,별도재무제표,000,정상,141,data\raw\opendart_financial\bsns_year=2023\reprt_code=11011\fs_div=OFS\090430_00583424.json
아모레퍼시픽,090430,00583424,KOSPI,소비유통,2023,반기보고서,11012,CFS,연결재무제표,000,정상,160,data\raw\opendart_financial\bsns_year=2023\reprt_code=11012\fs_div=CFS\090430_00583424.json
아모레퍼시픽,090430,00583424,KOSPI,소비유통,2023,반기보고서,11012,OFS,별도재무제표,000,정상,123,data\raw\opendart_financial\bsns_year=2023\reprt_code=11012\fs_div=OFS\090430_00583424.json
아모레퍼시픽,090430,00583424,KOSPI,소비유통,2023,분기보고서_1분기,11013,CFS,연결재무제표,000,정상,154,data\raw\opendart_financial\bsns_year=2023\reprt_code=11013\fs_div=CFS\090430_00583424.json
아모레퍼시픽,090430,00583424,KOSPI,소비유통,2023,분기보고서_1분기,11013,OFS,별도재무제표,000,정상,119,data\raw\opendart_financial\bsns_year=2023\reprt_code=11013\fs_div=OFS\090430_00583424.json
아모레퍼시픽,090430,00583424,KOSPI,소비유통,2023,분기보고서_3분기,11014,CFS,연결재무제표,000,정상,163,data\raw\opendart_financial\bsns_year=2023\reprt_code=11014\fs_div=CFS\090430_00583424.json
아모레퍼시픽,090430,00583424,KOSPI,소비유통,2023,분기보고서_3분기,11014,OFS,별도재무제표,000,정상,126,data\raw\opendart_financial\bsns_year=2023\reprt_code=11014\fs_div=OFS\090430_00583424.json
아모레퍼시픽,090430,00583424,KOSPI,소비유통,2024,사업보고서,11011,CFS,연결재무제표,000,정상,256,data\raw\opendart_financial\bsns_year=2024\reprt_code=11011\fs_div=CFS\090430_00583424.json
아모레퍼시픽,090430,00583424,KOSPI,소비유통,2024,사업보고서,11011,OFS,별도재무제표,000,정상,175,data\raw\opendart_financial\bsns_year=2024\reprt_code=11011\fs_div=OFS\090430_00583424.json
아모레퍼시픽,090430,00583424,KOSPI,소비유통,2024,반기보고서,11012,CFS,연결재무제표,000,정상,221,data\raw\opendart_financial\bsns_year=2024\reprt_code=11012\fs_div=CFS\090430_00583424.json
아모레퍼시픽,090430,00583424,KOSPI,소비유통,2024,반기보고서,11012,OFS,별도재무제표,000,정상,160,data\raw\opendart_financial\bsns_year=2024\reprt_code=11012\fs_div=OFS\090430_00583424.json
아모레퍼시픽,090430,00583424,KOSPI,소비유통,2024,분기보고서_1분기,11013,CFS,연결재무제표,000,정상,206,data\raw\opendart_financial\bsns_year=2024\reprt_code=11013\fs_div=CFS\090430_00583424.json
아모레퍼시픽,090430,00583424,KOSPI,소비유통,2024,분기보고서_1분기,11013,OFS,별도재무제표,000,정상,155,data\raw\opendart_financial\bsns_year=2024\reprt_code=11013\fs_div=OFS\090430_00583424.json
아모레퍼시픽,090430,00583424,KOSPI,소비유통,2024,분기보고서_3분기,11014,CFS,연결재무제표,000,정상,232,data\raw\opendart_financial\bsns_year=2024\reprt_code=11014\fs_div=CFS\090430_00583424.json
아모레퍼시픽,090430,00583424,KOSPI,소비유통,2024,분기보고서_3분기,11014,OFS,별도재무제표,000,정상,161,data\raw\opendart_financial\bsns_year=2024\reprt_code=11014\fs_div=OFS\090430_00583424.json
아모레퍼시픽,090430,00583424,KOSPI,소비유통,2025,사업보고서,11011,CFS,연결재무제표,000,정상,258,data\raw\opendart_financial\bsns_year=2025\reprt_code=11011\fs_div=CFS\090430_00583424.json
아모레퍼시픽,090430,00583424,KOSPI,소비유통,2025,사업보고서,11011,OFS,별도재무제표,000,정상,173,data\raw\opendart_financial\bsns_year=2025\reprt_code=11011\fs_div=OFS\090430_00583424.json
아모레퍼시픽,090430,00583424,KOSPI,소비유통,2025,반기보고서,11012,CFS,연결재무제표,000,정상,243,data\raw\opendart_financial\bsns_year=2025\reprt_code=11012\fs_div=CFS\090430_00583424.json
아모레퍼시픽,090430,00583424,KOSPI,소비유통,2025,반기보고서,11012,OFS,별도재무제표,000,정상,169,data\raw\opendart_financial\bsns_year=2025\reprt_code=11012\fs_div=OFS\090430_00583424.json
아모레퍼시픽,090430,00583424,KOSPI,소비유통,2025,분기보고서_1분기,11013,CFS,연결재무제표,000,정상,231,data\raw\opendart_financial\bsns_year=2025\reprt_code=11013\fs_div=CFS\090430_00583424.json
아모레퍼시픽,090430,00583424,KOSPI,소비유통,2025,분기보고서_1분기,11013,OFS,별도재무제표,000,정상,166,data\raw\opendart_financial\bsns_year=2025\reprt_code=11013\fs_div=OFS\090430_00583424.json
아모레퍼시픽,090430,00583424,KOSPI,소비유통,2025,분기보고서_3분기,11014,CFS,연결재무제표,000,정상,244,data\raw\opendart_financial\bsns_year=2025\reprt_code=11014\fs_div=CFS\090430_00583424.json
아모레퍼시픽,090430,00583424,KOSPI,소비유통,2025,분기보고서_3분기,11014,OFS,별도재무제표,000,정상,170,data\raw\opendart_financial\bsns_year=2025\reprt_code=11014\fs_div=OFS\090430_00583424.json
신세계,004170,00136378,KOSPI,소비유통,2017,사업보고서,11011,CFS,연결재무제표,000,정상,183,data\raw\opendart_financial\bsns_year=2017\reprt_code=11011\fs_div=CFS\004170_00136378.json
신세계,004170,00136378,KOSPI,소비유통,2017,사업보고서,11011,OFS,별도재무제표,000,정상,126,data\raw\opendart_financial\bsns_year=2017\reprt_code=11011\fs_div=OFS\004170_00136378.json
신세계,004170,00136378,KOSPI,소비유통,2017,반기보고서,11012,CFS,연결재무제표,000,정상,168,data\raw\opendart_financial\bsns_year=2017\reprt_code=11012\fs_div=CFS\004170_00136378.json
신세계,004170,00136378,KOSPI,소비유통,2017,반기보고서,11012,OFS,별도재무제표,000,정상,118,data\raw\opendart_financial\bsns_year=2017\reprt_code=11012\fs_div=OFS\004170_00136378.json
신세계,004170,00136378,KOSPI,소비유통,2017,분기보고서_1분기,11013,CFS,연결재무제표,000,정상,175,data\raw\opendart_financial\bsns_year=2017\reprt_code=11013\fs_div=CFS\004170_00136378.json
신세계,004170,00136378,KOSPI,소비유통,2017,분기보고서_1분기,11013,OFS,별도재무제표,000,정상,125,data\raw\opendart_financial\bsns_year=2017\reprt_code=11013\fs_div=OFS\004170_00136378.json
신세계,004170,00136378,KOSPI,소비유통,2017,분기보고서_3분기,11014,CFS,연결재무제표,000,정상,173,data\raw\opendart_financial\bsns_year=2017\reprt_code=11014\fs_div=CFS\004170_00136378.json
신세계,004170,00136378,KOSPI,소비유통,2017,분기보고서_3분기,11014,OFS,별도재무제표,000,정상,119,data\raw\opendart_financial\bsns_year=2017\reprt_code=11014\fs_div=OFS\004170_00136378.json
신세계,004170,00136378,KOSPI,소비유통,2018,사업보고서,11011,CFS,연결재무제표,000,정상,200,data\raw\opendart_financial\bsns_year=2018\reprt_code=11011\fs_div=CFS\004170_00136378.json
신세계,004170,00136378,KOSPI,소비유통,2018,사업보고서,11011,OFS,별도재무제표,000,정상,145,data\raw\opendart_financial\bsns_year=2018\reprt_code=11011\fs_div=OFS\004170_00136378.json
신세계,004170,00136378,KOSPI,소비유통,2018,반기보고서,11012,CFS,연결재무제표,000,정상,188,data\raw\opendart_financial\bsns_year=2018\reprt_code=11012\fs_div=CFS\004170_00136378.json
신세계,004170,00136378,KOSPI,소비유통,2018,반기보고서,11012,OFS,별도재무제표,000,정상,135,data\raw\opendart_financial\bsns_year=2018\reprt_code=11012\fs_div=OFS\004170_00136378.json
신세계,004170,00136378,KOSPI,소비유통,2018,분기보고서_1분기,11013,CFS,연결재무제표,000,정상,174,data\raw\opendart_financial\bsns_year=2018\reprt_code=11013\fs_div=CFS\004170_00136378.json
신세계,004170,00136378,KOSPI,소비유통,2018,분기보고서_1분기,11013,OFS,별도재무제표,000,정상,122,data\raw\opendart_financial\bsns_year=2018\reprt_code=11013\fs_div=OFS\004170_00136378.json
신세계,004170,00136378,KOSPI,소비유통,2018,분기보고서_3분기,11014,CFS,연결재무제표,000,정상,191,data\raw\opendart_financial\bsns_year=2018\reprt_code=11014\fs_div=CFS\004170_00136378.json
신세계,004170,00136378,KOSPI,소비유통,2018,분기보고서_3분기,11014,OFS,별도재무제표,000,정상,136,data\raw\opendart_financial\bsns_year=2018\reprt_code=11014\fs_div=OFS\004170_00136378.json
신세계,004170,00136378,KOSPI,소비유통,2019,사업보고서,11011,CFS,연결재무제표,000,정상,208,data\raw\opendart_financial\bsns_year=2019\reprt_code=11011\fs_div=CFS\004170_00136378.json
신세계,004170,00136378,KOSPI,소비유통,2019,사업보고서,11011,OFS,별도재무제표,000,정상,149,data\raw\opendart_financial\bsns_year=2019\reprt_code=11011\fs_div=OFS\004170_00136378.json
신세계,004170,00136378,KOSPI,소비유통,2019,반기보고서,11012,CFS,연결재무제표,000,정상,185,data\raw\opendart_financial\bsns_year=2019\reprt_code=11012\fs_div=CFS\004170_00136378.json
신세계,004170,00136378,KOSPI,소비유통,2019,반기보고서,11012,OFS,별도재무제표,000,정상,134,data\raw\opendart_financial\bsns_year=2019\reprt_code=11012\fs_div=OFS\004170_00136378.json
신세계,004170,00136378,KOSPI,소비유통,2019,분기보고서_1분기,11013,CFS,연결재무제표,000,정상,171,data\raw\opendart_financial\bsns_year=2019\reprt_code=11013\fs_div=CFS\004170_00136378.json
신세계,004170,00136378,KOSPI,소비유통,2019,분기보고서_1분기,11013,OFS,별도재무제표,000,정상,125,data\raw\opendart_financial\bsns_year=2019\reprt_code=11013\fs_div=OFS\004170_00136378.json
신세계,004170,00136378,KOSPI,소비유통,2019,분기보고서_3분기,11014,CFS,연결재무제표,000,정상,188,data\raw\opendart_financial\bsns_year=2019\reprt_code=11014\fs_div=CFS\004170_00136378.json
신세계,004170,00136378,KOSPI,소비유통,2019,분기보고서_3분기,11014,OFS,별도재무제표,000,정상,137,data\raw\opendart_financial\bsns_year=2019\reprt_code=11014\fs_div=OFS\004170_00136378.json
신세계,004170,00136378,KOSPI,소비유통,2020,사업보고서,11011,CFS,연결재무제표,000,정상,211,data\raw\opendart_financial\bsns_year=2020\reprt_code=11011\fs_div=CFS\004170_00136378.json
신세계,004170,00136378,KOSPI,소비유통,2020,사업보고서,11011,OFS,별도재무제표,000,정상,152,data\raw\opendart_financial\bsns_year=2020\reprt_code=11011\fs_div=OFS\004170_00136378.json
신세계,004170,00136378,KOSPI,소비유통,2020,반기보고서,11012,CFS,연결재무제표,000,정상,198,data\raw\opendart_financial\bsns_year=2020\reprt_code=11012\fs_div=CFS\004170_00136378.json
신세계,004170,00136378,KOSPI,소비유통,2020,반기보고서,11012,OFS,별도재무제표,000,정상,139,data\raw\opendart_financial\bsns_year=2020\reprt_code=11012\fs_div=OFS\004170_00136378.json
신세계,004170,00136378,KOSPI,소비유통,2020,분기보고서_1분기,11013,CFS,연결재무제표,000,정상,177,data\raw\opendart_financial\bsns_year=2020\reprt_code=11013\fs_div=CFS\004170_00136378.json
신세계,004170,00136378,KOSPI,소비유통,2020,분기보고서_1분기,11013,OFS,별도재무제표,000,정상,118,data\raw\opendart_financial\bsns_year=2020\reprt_code=11013\fs_div=OFS\004170_00136378.json
신세계,004170,00136378,KOSPI,소비유통,2020,분기보고서_3분기,11014,CFS,연결재무제표,000,정상,202,data\raw\opendart_financial\bsns_year=2020\reprt_code=11014\fs_div=CFS\004170_00136378.json
신세계,004170,00136378,KOSPI,소비유통,2020,분기보고서_3분기,11014,OFS,별도재무제표,000,정상,142,data\raw\opendart_financial\bsns_year=2020\reprt_code=11014\fs_div=OFS\004170_00136378.json
신세계,004170,00136378,KOSPI,소비유통,2021,사업보고서,11011,CFS,연결재무제표,000,정상,216,data\raw\opendart_financial\bsns_year=2021\reprt_code=11011\fs_div=CFS\004170_00136378.json
신세계,004170,00136378,KOSPI,소비유통,2021,사업보고서,11011,OFS,별도재무제표,000,정상,145,data\raw\opendart_financial\bsns_year=2021\reprt_code=11011\fs_div=OFS\004170_00136378.json
신세계,004170,00136378,KOSPI,소비유통,2021,반기보고서,11012,CFS,연결재무제표,000,정상,191,data\raw\opendart_financial\bsns_year=2021\reprt_code=11012\fs_div=CFS\004170_00136378.json
신세계,004170,00136378,KOSPI,소비유통,2021,반기보고서,11012,OFS,별도재무제표,000,정상,129,data\raw\opendart_financial\bsns_year=2021\reprt_code=11012\fs_div=OFS\004170_00136378.json
신세계,004170,00136378,KOSPI,소비유통,2021,분기보고서_1분기,11013,CFS,연결재무제표,000,정상,181,data\raw\opendart_financial\bsns_year=2021\reprt_code=11013\fs_div=CFS\004170_00136378.json
신세계,004170,00136378,KOSPI,소비유통,2021,분기보고서_1분기,11013,OFS,별도재무제표,000,정상,113,data\raw\opendart_financial\bsns_year=2021\reprt_code=11013\fs_div=OFS\004170_00136378.json
신세계,004170,00136378,KOSPI,소비유통,2021,분기보고서_3분기,11014,CFS,연결재무제표,000,정상,197,data\raw\opendart_financial\bsns_year=2021\reprt_code=11014\fs_div=CFS\004170_00136378.json
신세계,004170,00136378,KOSPI,소비유통,2021,분기보고서_3분기,11014,OFS,별도재무제표,000,정상,130,data\raw\opendart_financial\bsns_year=2021\reprt_code=11014\fs_div=OFS\004170_00136378.json
신세계,004170,00136378,KOSPI,소비유통,2022,사업보고서,11011,CFS,연결재무제표,000,정상,202,data\raw\opendart_financial\bsns_year=2022\reprt_code=11011\fs_div=CFS\004170_00136378.json
신세계,004170,00136378,KOSPI,소비유통,2022,사업보고서,11011,OFS,별도재무제표,000,정상,141,data\raw\opendart_financial\bsns_year=2022\reprt_code=11011\fs_div=OFS\004170_00136378.json
신세계,004170,00136378,KOSPI,소비유통,2022,반기보고서,11012,CFS,연결재무제표,000,정상,181,data\raw\opendart_financial\bsns_year=2022\reprt_code=11012\fs_div=CFS\004170_00136378.json
신세계,004170,00136378,KOSPI,소비유통,2022,반기보고서,11012,OFS,별도재무제표,000,정상,120,data\raw\opendart_financial\bsns_year=2022\reprt_code=11012\fs_div=OFS\004170_00136378.json
신세계,004170,00136378,KOSPI,소비유통,2022,분기보고서_1분기,11013,CFS,연결재무제표,000,정상,178,data\raw\opendart_financial\bsns_year=2022\reprt_code=11013\fs_div=CFS\004170_00136378.json
신세계,004170,00136378,KOSPI,소비유통,2022,분기보고서_1분기,11013,OFS,별도재무제표,000,정상,116,data\raw\opendart_financial\bsns_year=2022\reprt_code=11013\fs_div=OFS\004170_00136378.json
신세계,004170,00136378,KOSPI,소비유통,2022,분기보고서_3분기,11014,CFS,연결재무제표,000,정상,184,data\raw\opendart_financial\bsns_year=2022\reprt_code=11014\fs_div=CFS\004170_00136378.json
신세계,004170,00136378,KOSPI,소비유통,2022,분기보고서_3분기,11014,OFS,별도재무제표,000,정상,122,data\raw\opendart_financial\bsns_year=2022\reprt_code=11014\fs_div=OFS\004170_00136378.json
신세계,004170,00136378,KOSPI,소비유통,2023,사업보고서,11011,CFS,연결재무제표,000,정상,283,data\raw\opendart_financial\bsns_year=2023\reprt_code=11011\fs_div=CFS\004170_00136378.json
신세계,004170,00136378,KOSPI,소비유통,2023,사업보고서,11011,OFS,별도재무제표,000,정상,162,data\raw\opendart_financial\bsns_year=2023\reprt_code=11011\fs_div=OFS\004170_00136378.json
신세계,004170,00136378,KOSPI,소비유통,2023,반기보고서,11012,CFS,연결재무제표,000,정상,177,data\raw\opendart_financial\bsns_year=2023\reprt_code=11012\fs_div=CFS\004170_00136378.json
신세계,004170,00136378,KOSPI,소비유통,2023,반기보고서,11012,OFS,별도재무제표,000,정상,125,data\raw\opendart_financial\bsns_year=2023\reprt_code=11012\fs_div=OFS\004170_00136378.json
신세계,004170,00136378,KOSPI,소비유통,2023,분기보고서_1분기,11013,CFS,연결재무제표,000,정상,170,data\raw\opendart_financial\bsns_year=2023\reprt_code=11013\fs_div=CFS\004170_00136378.json
신세계,004170,00136378,KOSPI,소비유통,2023,분기보고서_1분기,11013,OFS,별도재무제표,000,정상,121,data\raw\opendart_financial\bsns_year=2023\reprt_code=11013\fs_div=OFS\004170_00136378.json
신세계,004170,00136378,KOSPI,소비유통,2023,분기보고서_3분기,11014,CFS,연결재무제표,000,정상,192,data\raw\opendart_financial\bsns_year=2023\reprt_code=11014\fs_div=CFS\004170_00136378.json
신세계,004170,00136378,KOSPI,소비유통,2023,분기보고서_3분기,11014,OFS,별도재무제표,000,정상,128,data\raw\opendart_financial\bsns_year=2023\reprt_code=11014\fs_div=OFS\004170_00136378.json
신세계,004170,00136378,KOSPI,소비유통,2024,사업보고서,11011,CFS,연결재무제표,000,정상,265,data\raw\opendart_financial\bsns_year=2024\reprt_code=11011\fs_div=CFS\004170_00136378.json
신세계,004170,00136378,KOSPI,소비유통,2024,사업보고서,11011,OFS,별도재무제표,000,정상,159,data\raw\opendart_financial\bsns_year=2024\reprt_code=11011\fs_div=OFS\004170_00136378.json
신세계,004170,00136378,KOSPI,소비유통,2024,반기보고서,11012,CFS,연결재무제표,000,정상,240,data\raw\opendart_financial\bsns_year=2024\reprt_code=11012\fs_div=CFS\004170_00136378.json
신세계,004170,00136378,KOSPI,소비유통,2024,반기보고서,11012,OFS,별도재무제표,000,정상,155,data\raw\opendart_financial\bsns_year=2024\reprt_code=11012\fs_div=OFS\004170_00136378.json
신세계,004170,00136378,KOSPI,소비유통,2024,분기보고서_1분기,11013,CFS,연결재무제표,000,정상,217,data\raw\opendart_financial\bsns_year=2024\reprt_code=11013\fs_div=CFS\004170_00136378.json
신세계,004170,00136378,KOSPI,소비유통,2024,분기보고서_1분기,11013,OFS,별도재무제표,000,정상,148,data\raw\opendart_financial\bsns_year=2024\reprt_code=11013\fs_div=OFS\004170_00136378.json
신세계,004170,00136378,KOSPI,소비유통,2024,분기보고서_3분기,11014,CFS,연결재무제표,000,정상,251,data\raw\opendart_financial\bsns_year=2024\reprt_code=11014\fs_div=CFS\004170_00136378.json
신세계,004170,00136378,KOSPI,소비유통,2024,분기보고서_3분기,11014,OFS,별도재무제표,000,정상,155,data\raw\opendart_financial\bsns_year=2024\reprt_code=11014\fs_div=OFS\004170_00136378.json
신세계,004170,00136378,KOSPI,소비유통,2025,사업보고서,11011,CFS,연결재무제표,000,정상,274,data\raw\opendart_financial\bsns_year=2025\reprt_code=11011\fs_div=CFS\004170_00136378.json
신세계,004170,00136378,KOSPI,소비유통,2025,사업보고서,11011,OFS,별도재무제표,000,정상,165,data\raw\opendart_financial\bsns_year=2025\reprt_code=11011\fs_div=OFS\004170_00136378.json
신세계,004170,00136378,KOSPI,소비유통,2025,반기보고서,11012,CFS,연결재무제표,000,정상,240,data\raw\opendart_financial\bsns_year=2025\reprt_code=11012\fs_div=CFS\004170_00136378.json
신세계,004170,00136378,KOSPI,소비유통,2025,반기보고서,11012,OFS,별도재무제표,000,정상,160,data\raw\opendart_financial\bsns_year=2025\reprt_code=11012\fs_div=OFS\004170_00136378.json
신세계,004170,00136378,KOSPI,소비유통,2025,분기보고서_1분기,11013,CFS,연결재무제표,000,정상,218,data\raw\opendart_financial\bsns_year=2025\reprt_code=11013\fs_div=CFS\004170_00136378.json
신세계,004170,00136378,KOSPI,소비유통,2025,분기보고서_1분기,11013,OFS,별도재무제표,000,정상,145,data\raw\opendart_financial\bsns_year=2025\reprt_code=11013\fs_div=OFS\004170_00136378.json
신세계,004170,00136378,KOSPI,소비유통,2025,분기보고서_3분기,11014,CFS,연결재무제표,000,정상,250,data\raw\opendart_financial\bsns_year=2025\reprt_code=11014\fs_div=CFS\004170_00136378.json
신세계,004170,00136378,KOSPI,소비유통,2025,분기보고서_3분기,11014,OFS,별도재무제표,000,정상,161,data\raw\opendart_financial\bsns_year=2025\reprt_code=11014\fs_div=OFS\004170_00136378.json
이마트,139480,00872984,KOSPI,소비유통,2017,사업보고서,11011,CFS,연결재무제표,000,정상,212,data\raw\opendart_financial\bsns_year=2017\reprt_code=11011\fs_div=CFS\139480_00872984.json
이마트,139480,00872984,KOSPI,소비유통,2017,사업보고서,11011,OFS,별도재무제표,000,정상,144,data\raw\opendart_financial\bsns_year=2017\reprt_code=11011\fs_div=OFS\139480_00872984.json
이마트,139480,00872984,KOSPI,소비유통,2017,반기보고서,11012,CFS,연결재무제표,000,정상,180,data\raw\opendart_financial\bsns_year=2017\reprt_code=11012\fs_div=CFS\139480_00872984.json
이마트,139480,00872984,KOSPI,소비유통,2017,반기보고서,11012,OFS,별도재무제표,000,정상,126,data\raw\opendart_financial\bsns_year=2017\reprt_code=11012\fs_div=OFS\139480_00872984.json
이마트,139480,00872984,KOSPI,소비유통,2017,분기보고서_1분기,11013,CFS,연결재무제표,000,정상,197,data\raw\opendart_financial\bsns_year=2017\reprt_code=11013\fs_div=CFS\139480_00872984.json
이마트,139480,00872984,KOSPI,소비유통,2017,분기보고서_1분기,11013,OFS,별도재무제표,000,정상,142,data\raw\opendart_financial\bsns_year=2017\reprt_code=11013\fs_div=OFS\139480_00872984.json
이마트,139480,00872984,KOSPI,소비유통,2017,분기보고서_3분기,11014,CFS,연결재무제표,000,정상,192,data\raw\opendart_financial\bsns_year=2017\reprt_code=11014\fs_div=CFS\139480_00872984.json
이마트,139480,00872984,KOSPI,소비유통,2017,분기보고서_3분기,11014,OFS,별도재무제표,000,정상,135,data\raw\opendart_financial\bsns_year=2017\reprt_code=11014\fs_div=OFS\139480_00872984.json
이마트,139480,00872984,KOSPI,소비유통,2018,사업보고서,11011,CFS,연결재무제표,000,정상,219,data\raw\opendart_financial\bsns_year=2018\reprt_code=11011\fs_div=CFS\139480_00872984.json
이마트,139480,00872984,KOSPI,소비유통,2018,사업보고서,11011,OFS,별도재무제표,000,정상,148,data\raw\opendart_financial\bsns_year=2018\reprt_code=11011\fs_div=OFS\139480_00872984.json
이마트,139480,00872984,KOSPI,소비유통,2018,반기보고서,11012,CFS,연결재무제표,000,정상,198,data\raw\opendart_financial\bsns_year=2018\reprt_code=11012\fs_div=CFS\139480_00872984.json
이마트,139480,00872984,KOSPI,소비유통,2018,반기보고서,11012,OFS,별도재무제표,000,정상,129,data\raw\opendart_financial\bsns_year=2018\reprt_code=11012\fs_div=OFS\139480_00872984.json
이마트,139480,00872984,KOSPI,소비유통,2018,분기보고서_1분기,11013,CFS,연결재무제표,000,정상,195,data\raw\opendart_financial\bsns_year=2018\reprt_code=11013\fs_div=CFS\139480_00872984.json
이마트,139480,00872984,KOSPI,소비유통,2018,분기보고서_1분기,11013,OFS,별도재무제표,000,정상,126,data\raw\opendart_financial\bsns_year=2018\reprt_code=11013\fs_div=OFS\139480_00872984.json
이마트,139480,00872984,KOSPI,소비유통,2018,분기보고서_3분기,11014,CFS,연결재무제표,000,정상,211,data\raw\opendart_financial\bsns_year=2018\reprt_code=11014\fs_div=CFS\139480_00872984.json
이마트,139480,00872984,KOSPI,소비유통,2018,분기보고서_3분기,11014,OFS,별도재무제표,000,정상,135,data\raw\opendart_financial\bsns_year=2018\reprt_code=11014\fs_div=OFS\139480_00872984.json
이마트,139480,00872984,KOSPI,소비유통,2019,사업보고서,11011,CFS,연결재무제표,000,정상,245,data\raw\opendart_financial\bsns_year=2019\reprt_code=11011\fs_div=CFS\139480_00872984.json
이마트,139480,00872984,KOSPI,소비유통,2019,사업보고서,11011,OFS,별도재무제표,000,정상,163,data\raw\opendart_financial\bsns_year=2019\reprt_code=11011\fs_div=OFS\139480_00872984.json
이마트,139480,00872984,KOSPI,소비유통,2019,반기보고서,11012,CFS,연결재무제표,000,정상,217,data\raw\opendart_financial\bsns_year=2019\reprt_code=11012\fs_div=CFS\139480_00872984.json
이마트,139480,00872984,KOSPI,소비유통,2019,반기보고서,11012,OFS,별도재무제표,000,정상,142,data\raw\opendart_financial\bsns_year=2019\reprt_code=11012\fs_div=OFS\139480_00872984.json
이마트,139480,00872984,KOSPI,소비유통,2019,분기보고서_1분기,11013,CFS,연결재무제표,000,정상,211,data\raw\opendart_financial\bsns_year=2019\reprt_code=11013\fs_div=CFS\139480_00872984.json
이마트,139480,00872984,KOSPI,소비유통,2019,분기보고서_1분기,11013,OFS,별도재무제표,000,정상,134,data\raw\opendart_financial\bsns_year=2019\reprt_code=11013\fs_div=OFS\139480_00872984.json
이마트,139480,00872984,KOSPI,소비유통,2019,분기보고서_3분기,11014,CFS,연결재무제표,000,정상,225,data\raw\opendart_financial\bsns_year=2019\reprt_code=11014\fs_div=CFS\139480_00872984.json
이마트,139480,00872984,KOSPI,소비유통,2019,분기보고서_3분기,11014,OFS,별도재무제표,000,정상,150,data\raw\opendart_financial\bsns_year=2019\reprt_code=11014\fs_div=OFS\139480_00872984.json
이마트,139480,00872984,KOSPI,소비유통,2020,사업보고서,11011,CFS,연결재무제표,000,정상,243,data\raw\opendart_financial\bsns_year=2020\reprt_code=11011\fs_div=CFS\139480_00872984.json
이마트,139480,00872984,KOSPI,소비유통,2020,사업보고서,11011,OFS,별도재무제표,000,정상,168,data\raw\opendart_financial\bsns_year=2020\reprt_code=11011\fs_div=OFS\139480_00872984.json
이마트,139480,00872984,KOSPI,소비유통,2020,반기보고서,11012,CFS,연결재무제표,000,정상,217,data\raw\opendart_financial\bsns_year=2020\reprt_code=11012\fs_div=CFS\139480_00872984.json
이마트,139480,00872984,KOSPI,소비유통,2020,반기보고서,11012,OFS,별도재무제표,000,정상,145,data\raw\opendart_financial\bsns_year=2020\reprt_code=11012\fs_div=OFS\139480_00872984.json
이마트,139480,00872984,KOSPI,소비유통,2020,분기보고서_1분기,11013,CFS,연결재무제표,000,정상,209,data\raw\opendart_financial\bsns_year=2020\reprt_code=11013\fs_div=CFS\139480_00872984.json
이마트,139480,00872984,KOSPI,소비유통,2020,분기보고서_1분기,11013,OFS,별도재무제표,000,정상,140,data\raw\opendart_financial\bsns_year=2020\reprt_code=11013\fs_div=OFS\139480_00872984.json
이마트,139480,00872984,KOSPI,소비유통,2020,분기보고서_3분기,11014,CFS,연결재무제표,000,정상,228,data\raw\opendart_financial\bsns_year=2020\reprt_code=11014\fs_div=CFS\139480_00872984.json
이마트,139480,00872984,KOSPI,소비유통,2020,분기보고서_3분기,11014,OFS,별도재무제표,000,정상,154,data\raw\opendart_financial\bsns_year=2020\reprt_code=11014\fs_div=OFS\139480_00872984.json
이마트,139480,00872984,KOSPI,소비유통,2021,사업보고서,11011,CFS,연결재무제표,000,정상,231,data\raw\opendart_financial\bsns_year=2021\reprt_code=11011\fs_div=CFS\139480_00872984.json
이마트,139480,00872984,KOSPI,소비유통,2021,사업보고서,11011,OFS,별도재무제표,000,정상,161,data\raw\opendart_financial\bsns_year=2021\reprt_code=11011\fs_div=OFS\139480_00872984.json
이마트,139480,00872984,KOSPI,소비유통,2021,반기보고서,11012,CFS,연결재무제표,000,정상,216,data\raw\opendart_financial\bsns_year=2021\reprt_code=11012\fs_div=CFS\139480_00872984.json
이마트,139480,00872984,KOSPI,소비유통,2021,반기보고서,11012,OFS,별도재무제표,000,정상,146,data\raw\opendart_financial\bsns_year=2021\reprt_code=11012\fs_div=OFS\139480_00872984.json
이마트,139480,00872984,KOSPI,소비유통,2021,분기보고서_1분기,11013,CFS,연결재무제표,000,정상,202,data\raw\opendart_financial\bsns_year=2021\reprt_code=11013\fs_div=CFS\139480_00872984.json
이마트,139480,00872984,KOSPI,소비유통,2021,분기보고서_1분기,11013,OFS,별도재무제표,000,정상,138,data\raw\opendart_financial\bsns_year=2021\reprt_code=11013\fs_div=OFS\139480_00872984.json
이마트,139480,00872984,KOSPI,소비유통,2021,분기보고서_3분기,11014,CFS,연결재무제표,000,정상,219,data\raw\opendart_financial\bsns_year=2021\reprt_code=11014\fs_div=CFS\139480_00872984.json
이마트,139480,00872984,KOSPI,소비유통,2021,분기보고서_3분기,11014,OFS,별도재무제표,000,정상,152,data\raw\opendart_financial\bsns_year=2021\reprt_code=11014\fs_div=OFS\139480_00872984.json
이마트,139480,00872984,KOSPI,소비유통,2022,사업보고서,11011,CFS,연결재무제표,000,정상,231,data\raw\opendart_financial\bsns_year=2022\reprt_code=11011\fs_div=CFS\139480_00872984.json
이마트,139480,00872984,KOSPI,소비유통,2022,사업보고서,11011,OFS,별도재무제표,000,정상,163,data\raw\opendart_financial\bsns_year=2022\reprt_code=11011\fs_div=OFS\139480_00872984.json
이마트,139480,00872984,KOSPI,소비유통,2022,반기보고서,11012,CFS,연결재무제표,000,정상,223,data\raw\opendart_financial\bsns_year=2022\reprt_code=11012\fs_div=CFS\139480_00872984.json
이마트,139480,00872984,KOSPI,소비유통,2022,반기보고서,11012,OFS,별도재무제표,000,정상,152,data\raw\opendart_financial\bsns_year=2022\reprt_code=11012\fs_div=OFS\139480_00872984.json
이마트,139480,00872984,KOSPI,소비유통,2022,분기보고서_1분기,11013,CFS,연결재무제표,000,정상,215,data\raw\opendart_financial\bsns_year=2022\reprt_code=11013\fs_div=CFS\139480_00872984.json
이마트,139480,00872984,KOSPI,소비유통,2022,분기보고서_1분기,11013,OFS,별도재무제표,000,정상,143,data\raw\opendart_financial\bsns_year=2022\reprt_code=11013\fs_div=OFS\139480_00872984.json
이마트,139480,00872984,KOSPI,소비유통,2022,분기보고서_3분기,11014,CFS,연결재무제표,000,정상,223,data\raw\opendart_financial\bsns_year=2022\reprt_code=11014\fs_div=CFS\139480_00872984.json
이마트,139480,00872984,KOSPI,소비유통,2022,분기보고서_3분기,11014,OFS,별도재무제표,000,정상,152,data\raw\opendart_financial\bsns_year=2022\reprt_code=11014\fs_div=OFS\139480_00872984.json
이마트,139480,00872984,KOSPI,소비유통,2023,사업보고서,11011,CFS,연결재무제표,000,정상,233,data\raw\opendart_financial\bsns_year=2023\reprt_code=11011\fs_div=CFS\139480_00872984.json
이마트,139480,00872984,KOSPI,소비유통,2023,사업보고서,11011,OFS,별도재무제표,000,정상,163,data\raw\opendart_financial\bsns_year=2023\reprt_code=11011\fs_div=OFS\139480_00872984.json
이마트,139480,00872984,KOSPI,소비유통,2023,반기보고서,11012,CFS,연결재무제표,000,정상,214,data\raw\opendart_financial\bsns_year=2023\reprt_code=11012\fs_div=CFS\139480_00872984.json
이마트,139480,00872984,KOSPI,소비유통,2023,반기보고서,11012,OFS,별도재무제표,000,정상,145,data\raw\opendart_financial\bsns_year=2023\reprt_code=11012\fs_div=OFS\139480_00872984.json
이마트,139480,00872984,KOSPI,소비유통,2023,분기보고서_1분기,11013,CFS,연결재무제표,000,정상,206,data\raw\opendart_financial\bsns_year=2023\reprt_code=11013\fs_div=CFS\139480_00872984.json
이마트,139480,00872984,KOSPI,소비유통,2023,분기보고서_1분기,11013,OFS,별도재무제표,000,정상,140,data\raw\opendart_financial\bsns_year=2023\reprt_code=11013\fs_div=OFS\139480_00872984.json
이마트,139480,00872984,KOSPI,소비유통,2023,분기보고서_3분기,11014,CFS,연결재무제표,000,정상,217,data\raw\opendart_financial\bsns_year=2023\reprt_code=11014\fs_div=CFS\139480_00872984.json
이마트,139480,00872984,KOSPI,소비유통,2023,분기보고서_3분기,11014,OFS,별도재무제표,000,정상,150,data\raw\opendart_financial\bsns_year=2023\reprt_code=11014\fs_div=OFS\139480_00872984.json
이마트,139480,00872984,KOSPI,소비유통,2024,사업보고서,11011,CFS,연결재무제표,000,정상,232,data\raw\opendart_financial\bsns_year=2024\reprt_code=11011\fs_div=CFS\139480_00872984.json
이마트,139480,00872984,KOSPI,소비유통,2024,사업보고서,11011,OFS,별도재무제표,000,정상,159,data\raw\opendart_financial\bsns_year=2024\reprt_code=11011\fs_div=OFS\139480_00872984.json
이마트,139480,00872984,KOSPI,소비유통,2024,반기보고서,11012,CFS,연결재무제표,000,정상,217,data\raw\opendart_financial\bsns_year=2024\reprt_code=11012\fs_div=CFS\139480_00872984.json
이마트,139480,00872984,KOSPI,소비유통,2024,반기보고서,11012,OFS,별도재무제표,000,정상,157,data\raw\opendart_financial\bsns_year=2024\reprt_code=11012\fs_div=OFS\139480_00872984.json
이마트,139480,00872984,KOSPI,소비유통,2024,분기보고서_1분기,11013,CFS,연결재무제표,000,정상,203,data\raw\opendart_financial\bsns_year=2024\reprt_code=11013\fs_div=CFS\139480_00872984.json
이마트,139480,00872984,KOSPI,소비유통,2024,분기보고서_1분기,11013,OFS,별도재무제표,000,정상,139,data\raw\opendart_financial\bsns_year=2024\reprt_code=11013\fs_div=OFS\139480_00872984.json
이마트,139480,00872984,KOSPI,소비유통,2024,분기보고서_3분기,11014,CFS,연결재무제표,000,정상,236,data\raw\opendart_financial\bsns_year=2024\reprt_code=11014\fs_div=CFS\139480_00872984.json
이마트,139480,00872984,KOSPI,소비유통,2024,분기보고서_3분기,11014,OFS,별도재무제표,000,정상,163,data\raw\opendart_financial\bsns_year=2024\reprt_code=11014\fs_div=OFS\139480_00872984.json
이마트,139480,00872984,KOSPI,소비유통,2025,사업보고서,11011,CFS,연결재무제표,000,정상,232,data\raw\opendart_financial\bsns_year=2025\reprt_code=11011\fs_div=CFS\139480_00872984.json
이마트,139480,00872984,KOSPI,소비유통,2025,사업보고서,11011,OFS,별도재무제표,000,정상,165,data\raw\opendart_financial\bsns_year=2025\reprt_code=11011\fs_div=OFS\139480_00872984.json
이마트,139480,00872984,KOSPI,소비유통,2025,반기보고서,11012,CFS,연결재무제표,000,정상,219,data\raw\opendart_financial\bsns_year=2025\reprt_code=11012\fs_div=CFS\139480_00872984.json
이마트,139480,00872984,KOSPI,소비유통,2025,반기보고서,11012,OFS,별도재무제표,000,정상,152,data\raw\opendart_financial\bsns_year=2025\reprt_code=11012\fs_div=OFS\139480_00872984.json
이마트,139480,00872984,KOSPI,소비유통,2025,분기보고서_1분기,11013,CFS,연결재무제표,000,정상,204,data\raw\opendart_financial\bsns_year=2025\reprt_code=11013\fs_div=CFS\139480_00872984.json
이마트,139480,00872984,KOSPI,소비유통,2025,분기보고서_1분기,11013,OFS,별도재무제표,000,정상,137,data\raw\opendart_financial\bsns_year=2025\reprt_code=11013\fs_div=OFS\139480_00872984.json
이마트,139480,00872984,KOSPI,소비유통,2025,분기보고서_3분기,11014,CFS,연결재무제표,000,정상,221,data\raw\opendart_financial\bsns_year=2025\reprt_code=11014\fs_div=CFS\139480_00872984.json
이마트,139480,00872984,KOSPI,소비유통,2025,분기보고서_3분기,11014,OFS,별도재무제표,000,정상,156,data\raw\opendart_financial\bsns_year=2025\reprt_code=11014\fs_div=OFS\139480_00872984.json
호텔신라,008770,00165680,KOSPI,소비유통,2017,사업보고서,11011,CFS,연결재무제표,000,정상,192,data\raw\opendart_financial\bsns_year=2017\reprt_code=11011\fs_div=CFS\008770_00165680.json
호텔신라,008770,00165680,KOSPI,소비유통,2017,사업보고서,11011,OFS,별도재무제표,000,정상,160,data\raw\opendart_financial\bsns_year=2017\reprt_code=11011\fs_div=OFS\008770_00165680.json
호텔신라,008770,00165680,KOSPI,소비유통,2017,반기보고서,11012,CFS,연결재무제표,000,정상,177,data\raw\opendart_financial\bsns_year=2017\reprt_code=11012\fs_div=CFS\008770_00165680.json
호텔신라,008770,00165680,KOSPI,소비유통,2017,반기보고서,11012,OFS,별도재무제표,000,정상,152,data\raw\opendart_financial\bsns_year=2017\reprt_code=11012\fs_div=OFS\008770_00165680.json
호텔신라,008770,00165680,KOSPI,소비유통,2017,분기보고서_1분기,11013,CFS,연결재무제표,000,정상,181,data\raw\opendart_financial\bsns_year=2017\reprt_code=11013\fs_div=CFS\008770_00165680.json
호텔신라,008770,00165680,KOSPI,소비유통,2017,분기보고서_1분기,11013,OFS,별도재무제표,000,정상,159,data\raw\opendart_financial\bsns_year=2017\reprt_code=11013\fs_div=OFS\008770_00165680.json
호텔신라,008770,00165680,KOSPI,소비유통,2017,분기보고서_3분기,11014,CFS,연결재무제표,000,정상,185,data\raw\opendart_financial\bsns_year=2017\reprt_code=11014\fs_div=CFS\008770_00165680.json
호텔신라,008770,00165680,KOSPI,소비유통,2017,분기보고서_3분기,11014,OFS,별도재무제표,000,정상,151,data\raw\opendart_financial\bsns_year=2017\reprt_code=11014\fs_div=OFS\008770_00165680.json
호텔신라,008770,00165680,KOSPI,소비유통,2018,사업보고서,11011,CFS,연결재무제표,000,정상,201,data\raw\opendart_financial\bsns_year=2018\reprt_code=11011\fs_div=CFS\008770_00165680.json
호텔신라,008770,00165680,KOSPI,소비유통,2018,사업보고서,11011,OFS,별도재무제표,000,정상,157,data\raw\opendart_financial\bsns_year=2018\reprt_code=11011\fs_div=OFS\008770_00165680.json
호텔신라,008770,00165680,KOSPI,소비유통,2018,반기보고서,11012,CFS,연결재무제표,000,정상,176,data\raw\opendart_financial\bsns_year=2018\reprt_code=11012\fs_div=CFS\008770_00165680.json
호텔신라,008770,00165680,KOSPI,소비유통,2018,반기보고서,11012,OFS,별도재무제표,000,정상,138,data\raw\opendart_financial\bsns_year=2018\reprt_code=11012\fs_div=OFS\008770_00165680.json
호텔신라,008770,00165680,KOSPI,소비유통,2018,분기보고서_1분기,11013,CFS,연결재무제표,000,정상,162,data\raw\opendart_financial\bsns_year=2018\reprt_code=11013\fs_div=CFS\008770_00165680.json
호텔신라,008770,00165680,KOSPI,소비유통,2018,분기보고서_1분기,11013,OFS,별도재무제표,000,정상,129,data\raw\opendart_financial\bsns_year=2018\reprt_code=11013\fs_div=OFS\008770_00165680.json
호텔신라,008770,00165680,KOSPI,소비유통,2018,분기보고서_3분기,11014,CFS,연결재무제표,000,정상,179,data\raw\opendart_financial\bsns_year=2018\reprt_code=11014\fs_div=CFS\008770_00165680.json
호텔신라,008770,00165680,KOSPI,소비유통,2018,분기보고서_3분기,11014,OFS,별도재무제표,000,정상,139,data\raw\opendart_financial\bsns_year=2018\reprt_code=11014\fs_div=OFS\008770_00165680.json
호텔신라,008770,00165680,KOSPI,소비유통,2019,사업보고서,11011,CFS,연결재무제표,000,정상,184,data\raw\opendart_financial\bsns_year=2019\reprt_code=11011\fs_div=CFS\008770_00165680.json
호텔신라,008770,00165680,KOSPI,소비유통,2019,사업보고서,11011,OFS,별도재무제표,000,정상,146,data\raw\opendart_financial\bsns_year=2019\reprt_code=11011\fs_div=OFS\008770_00165680.json
호텔신라,008770,00165680,KOSPI,소비유통,2019,반기보고서,11012,CFS,연결재무제표,000,정상,174,data\raw\opendart_financial\bsns_year=2019\reprt_code=11012\fs_div=CFS\008770_00165680.json
호텔신라,008770,00165680,KOSPI,소비유통,2019,반기보고서,11012,OFS,별도재무제표,000,정상,132,data\raw\opendart_financial\bsns_year=2019\reprt_code=11012\fs_div=OFS\008770_00165680.json
호텔신라,008770,00165680,KOSPI,소비유통,2019,분기보고서_1분기,11013,CFS,연결재무제표,000,정상,165,data\raw\opendart_financial\bsns_year=2019\reprt_code=11013\fs_div=CFS\008770_00165680.json
호텔신라,008770,00165680,KOSPI,소비유통,2019,분기보고서_1분기,11013,OFS,별도재무제표,000,정상,126,data\raw\opendart_financial\bsns_year=2019\reprt_code=11013\fs_div=OFS\008770_00165680.json
호텔신라,008770,00165680,KOSPI,소비유통,2019,분기보고서_3분기,11014,CFS,연결재무제표,000,정상,177,data\raw\opendart_financial\bsns_year=2019\reprt_code=11014\fs_div=CFS\008770_00165680.json
호텔신라,008770,00165680,KOSPI,소비유통,2019,분기보고서_3분기,11014,OFS,별도재무제표,000,정상,135,data\raw\opendart_financial\bsns_year=2019\reprt_code=11014\fs_div=OFS\008770_00165680.json
호텔신라,008770,00165680,KOSPI,소비유통,2020,사업보고서,11011,CFS,연결재무제표,000,정상,189,data\raw\opendart_financial\bsns_year=2020\reprt_code=11011\fs_div=CFS\008770_00165680.json
호텔신라,008770,00165680,KOSPI,소비유통,2020,사업보고서,11011,OFS,별도재무제표,000,정상,153,data\raw\opendart_financial\bsns_year=2020\reprt_code=11011\fs_div=OFS\008770_00165680.json
호텔신라,008770,00165680,KOSPI,소비유통,2020,반기보고서,11012,CFS,연결재무제표,000,정상,177,data\raw\opendart_financial\bsns_year=2020\reprt_code=11012\fs_div=CFS\008770_00165680.json
호텔신라,008770,00165680,KOSPI,소비유통,2020,반기보고서,11012,OFS,별도재무제표,000,정상,138,data\raw\opendart_financial\bsns_year=2020\reprt_code=11012\fs_div=OFS\008770_00165680.json
호텔신라,008770,00165680,KOSPI,소비유통,2020,분기보고서_1분기,11013,CFS,연결재무제표,000,정상,167,data\raw\opendart_financial\bsns_year=2020\reprt_code=11013\fs_div=CFS\008770_00165680.json
호텔신라,008770,00165680,KOSPI,소비유통,2020,분기보고서_1분기,11013,OFS,별도재무제표,000,정상,130,data\raw\opendart_financial\bsns_year=2020\reprt_code=11013\fs_div=OFS\008770_00165680.json
호텔신라,008770,00165680,KOSPI,소비유통,2020,분기보고서_3분기,11014,CFS,연결재무제표,000,정상,177,data\raw\opendart_financial\bsns_year=2020\reprt_code=11014\fs_div=CFS\008770_00165680.json
호텔신라,008770,00165680,KOSPI,소비유통,2020,분기보고서_3분기,11014,OFS,별도재무제표,000,정상,138,data\raw\opendart_financial\bsns_year=2020\reprt_code=11014\fs_div=OFS\008770_00165680.json
호텔신라,008770,00165680,KOSPI,소비유통,2021,사업보고서,11011,CFS,연결재무제표,000,정상,193,data\raw\opendart_financial\bsns_year=2021\reprt_code=11011\fs_div=CFS\008770_00165680.json
호텔신라,008770,00165680,KOSPI,소비유통,2021,사업보고서,11011,OFS,별도재무제표,000,정상,154,data\raw\opendart_financial\bsns_year=2021\reprt_code=11011\fs_div=OFS\008770_00165680.json
호텔신라,008770,00165680,KOSPI,소비유통,2021,반기보고서,11012,CFS,연결재무제표,000,정상,181,data\raw\opendart_financial\bsns_year=2021\reprt_code=11012\fs_div=CFS\008770_00165680.json
호텔신라,008770,00165680,KOSPI,소비유통,2021,반기보고서,11012,OFS,별도재무제표,000,정상,143,data\raw\opendart_financial\bsns_year=2021\reprt_code=11012\fs_div=OFS\008770_00165680.json
호텔신라,008770,00165680,KOSPI,소비유통,2021,분기보고서_1분기,11013,CFS,연결재무제표,000,정상,171,data\raw\opendart_financial\bsns_year=2021\reprt_code=11013\fs_div=CFS\008770_00165680.json
호텔신라,008770,00165680,KOSPI,소비유통,2021,분기보고서_1분기,11013,OFS,별도재무제표,000,정상,133,data\raw\opendart_financial\bsns_year=2021\reprt_code=11013\fs_div=OFS\008770_00165680.json
호텔신라,008770,00165680,KOSPI,소비유통,2021,분기보고서_3분기,11014,CFS,연결재무제표,000,정상,183,data\raw\opendart_financial\bsns_year=2021\reprt_code=11014\fs_div=CFS\008770_00165680.json
호텔신라,008770,00165680,KOSPI,소비유통,2021,분기보고서_3분기,11014,OFS,별도재무제표,000,정상,142,data\raw\opendart_financial\bsns_year=2021\reprt_code=11014\fs_div=OFS\008770_00165680.json
호텔신라,008770,00165680,KOSPI,소비유통,2022,사업보고서,11011,CFS,연결재무제표,000,정상,196,data\raw\opendart_financial\bsns_year=2022\reprt_code=11011\fs_div=CFS\008770_00165680.json
호텔신라,008770,00165680,KOSPI,소비유통,2022,사업보고서,11011,OFS,별도재무제표,000,정상,156,data\raw\opendart_financial\bsns_year=2022\reprt_code=11011\fs_div=OFS\008770_00165680.json
호텔신라,008770,00165680,KOSPI,소비유통,2022,반기보고서,11012,CFS,연결재무제표,000,정상,183,data\raw\opendart_financial\bsns_year=2022\reprt_code=11012\fs_div=CFS\008770_00165680.json
호텔신라,008770,00165680,KOSPI,소비유통,2022,반기보고서,11012,OFS,별도재무제표,000,정상,143,data\raw\opendart_financial\bsns_year=2022\reprt_code=11012\fs_div=OFS\008770_00165680.json
호텔신라,008770,00165680,KOSPI,소비유통,2022,분기보고서_1분기,11013,CFS,연결재무제표,000,정상,174,data\raw\opendart_financial\bsns_year=2022\reprt_code=11013\fs_div=CFS\008770_00165680.json
호텔신라,008770,00165680,KOSPI,소비유통,2022,분기보고서_1분기,11013,OFS,별도재무제표,000,정상,136,data\raw\opendart_financial\bsns_year=2022\reprt_code=11013\fs_div=OFS\008770_00165680.json
호텔신라,008770,00165680,KOSPI,소비유통,2022,분기보고서_3분기,11014,CFS,연결재무제표,000,정상,185,data\raw\opendart_financial\bsns_year=2022\reprt_code=11014\fs_div=CFS\008770_00165680.json
호텔신라,008770,00165680,KOSPI,소비유통,2022,분기보고서_3분기,11014,OFS,별도재무제표,000,정상,143,data\raw\opendart_financial\bsns_year=2022\reprt_code=11014\fs_div=OFS\008770_00165680.json
호텔신라,008770,00165680,KOSPI,소비유통,2023,사업보고서,11011,CFS,연결재무제표,000,정상,228,data\raw\opendart_financial\bsns_year=2023\reprt_code=11011\fs_div=CFS\008770_00165680.json
호텔신라,008770,00165680,KOSPI,소비유통,2023,사업보고서,11011,OFS,별도재무제표,000,정상,175,data\raw\opendart_financial\bsns_year=2023\reprt_code=11011\fs_div=OFS\008770_00165680.json
호텔신라,008770,00165680,KOSPI,소비유통,2023,반기보고서,11012,CFS,연결재무제표,000,정상,176,data\raw\opendart_financial\bsns_year=2023\reprt_code=11012\fs_div=CFS\008770_00165680.json
호텔신라,008770,00165680,KOSPI,소비유통,2023,반기보고서,11012,OFS,별도재무제표,000,정상,152,data\raw\opendart_financial\bsns_year=2023\reprt_code=11012\fs_div=OFS\008770_00165680.json
호텔신라,008770,00165680,KOSPI,소비유통,2023,분기보고서_1분기,11013,CFS,연결재무제표,000,정상,174,data\raw\opendart_financial\bsns_year=2023\reprt_code=11013\fs_div=CFS\008770_00165680.json
호텔신라,008770,00165680,KOSPI,소비유통,2023,분기보고서_1분기,11013,OFS,별도재무제표,000,정상,134,data\raw\opendart_financial\bsns_year=2023\reprt_code=11013\fs_div=OFS\008770_00165680.json
호텔신라,008770,00165680,KOSPI,소비유통,2023,분기보고서_3분기,11014,CFS,연결재무제표,000,정상,204,data\raw\opendart_financial\bsns_year=2023\reprt_code=11014\fs_div=CFS\008770_00165680.json
호텔신라,008770,00165680,KOSPI,소비유통,2023,분기보고서_3분기,11014,OFS,별도재무제표,000,정상,149,data\raw\opendart_financial\bsns_year=2023\reprt_code=11014\fs_div=OFS\008770_00165680.json
호텔신라,008770,00165680,KOSPI,소비유통,2024,사업보고서,11011,CFS,연결재무제표,000,정상,243,data\raw\opendart_financial\bsns_year=2024\reprt_code=11011\fs_div=CFS\008770_00165680.json
호텔신라,008770,00165680,KOSPI,소비유통,2024,사업보고서,11011,OFS,별도재무제표,000,정상,194,data\raw\opendart_financial\bsns_year=2024\reprt_code=11011\fs_div=OFS\008770_00165680.json
호텔신라,008770,00165680,KOSPI,소비유통,2024,반기보고서,11012,CFS,연결재무제표,000,정상,204,data\raw\opendart_financial\bsns_year=2024\reprt_code=11012\fs_div=CFS\008770_00165680.json
호텔신라,008770,00165680,KOSPI,소비유통,2024,반기보고서,11012,OFS,별도재무제표,000,정상,155,data\raw\opendart_financial\bsns_year=2024\reprt_code=11012\fs_div=OFS\008770_00165680.json
호텔신라,008770,00165680,KOSPI,소비유통,2024,분기보고서_1분기,11013,CFS,연결재무제표,000,정상,185,data\raw\opendart_financial\bsns_year=2024\reprt_code=11013\fs_div=CFS\008770_00165680.json
호텔신라,008770,00165680,KOSPI,소비유통,2024,분기보고서_1분기,11013,OFS,별도재무제표,000,정상,140,data\raw\opendart_financial\bsns_year=2024\reprt_code=11013\fs_div=OFS\008770_00165680.json
호텔신라,008770,00165680,KOSPI,소비유통,2024,분기보고서_3분기,11014,CFS,연결재무제표,000,정상,215,data\raw\opendart_financial\bsns_year=2024\reprt_code=11014\fs_div=CFS\008770_00165680.json
호텔신라,008770,00165680,KOSPI,소비유통,2024,분기보고서_3분기,11014,OFS,별도재무제표,000,정상,165,data\raw\opendart_financial\bsns_year=2024\reprt_code=11014\fs_div=OFS\008770_00165680.json
호텔신라,008770,00165680,KOSPI,소비유통,2025,사업보고서,11011,CFS,연결재무제표,000,정상,236,data\raw\opendart_financial\bsns_year=2025\reprt_code=11011\fs_div=CFS\008770_00165680.json
호텔신라,008770,00165680,KOSPI,소비유통,2025,사업보고서,11011,OFS,별도재무제표,000,정상,190,data\raw\opendart_financial\bsns_year=2025\reprt_code=11011\fs_div=OFS\008770_00165680.json
호텔신라,008770,00165680,KOSPI,소비유통,2025,반기보고서,11012,CFS,연결재무제표,000,정상,206,data\raw\opendart_financial\bsns_year=2025\reprt_code=11012\fs_div=CFS\008770_00165680.json
호텔신라,008770,00165680,KOSPI,소비유통,2025,반기보고서,11012,OFS,별도재무제표,000,정상,161,data\raw\opendart_financial\bsns_year=2025\reprt_code=11012\fs_div=OFS\008770_00165680.json
호텔신라,008770,00165680,KOSPI,소비유통,2025,분기보고서_1분기,11013,CFS,연결재무제표,000,정상,191,data\raw\opendart_financial\bsns_year=2025\reprt_code=11013\fs_div=CFS\008770_00165680.json
호텔신라,008770,00165680,KOSPI,소비유통,2025,분기보고서_1분기,11013,OFS,별도재무제표,000,정상,143,data\raw\opendart_financial\bsns_year=2025\reprt_code=11013\fs_div=OFS\008770_00165680.json
호텔신라,008770,00165680,KOSPI,소비유통,2025,분기보고서_3분기,11014,CFS,연결재무제표,000,정상,217,data\raw\opendart_financial\bsns_year=2025\reprt_code=11014\fs_div=CFS\008770_00165680.json
호텔신라,008770,00165680,KOSPI,소비유통,2025,분기보고서_3분기,11014,OFS,별도재무제표,000,정상,171,data\raw\opendart_financial\bsns_year=2025\reprt_code=11014\fs_div=OFS\008770_00165680.json
영원무역,111770,00776820,KOSPI,소비유통,2017,사업보고서,11011,CFS,연결재무제표,000,정상,162,data\raw\opendart_financial\bsns_year=2017\reprt_code=11011\fs_div=CFS\111770_00776820.json
영원무역,111770,00776820,KOSPI,소비유통,2017,사업보고서,11011,OFS,별도재무제표,000,정상,113,data\raw\opendart_financial\bsns_year=2017\reprt_code=11011\fs_div=OFS\111770_00776820.json
영원무역,111770,00776820,KOSPI,소비유통,2017,반기보고서,11012,CFS,연결재무제표,000,정상,164,data\raw\opendart_financial\bsns_year=2017\reprt_code=11012\fs_div=CFS\111770_00776820.json
영원무역,111770,00776820,KOSPI,소비유통,2017,반기보고서,11012,OFS,별도재무제표,000,정상,115,data\raw\opendart_financial\bsns_year=2017\reprt_code=11012\fs_div=OFS\111770_00776820.json
영원무역,111770,00776820,KOSPI,소비유통,2017,분기보고서_1분기,11013,CFS,연결재무제표,000,정상,199,data\raw\opendart_financial\bsns_year=2017\reprt_code=11013\fs_div=CFS\111770_00776820.json
영원무역,111770,00776820,KOSPI,소비유통,2017,분기보고서_1분기,11013,OFS,별도재무제표,000,정상,130,data\raw\opendart_financial\bsns_year=2017\reprt_code=11013\fs_div=OFS\111770_00776820.json
영원무역,111770,00776820,KOSPI,소비유통,2017,분기보고서_3분기,11014,CFS,연결재무제표,000,정상,161,data\raw\opendart_financial\bsns_year=2017\reprt_code=11014\fs_div=CFS\111770_00776820.json
영원무역,111770,00776820,KOSPI,소비유통,2017,분기보고서_3분기,11014,OFS,별도재무제표,000,정상,112,data\raw\opendart_financial\bsns_year=2017\reprt_code=11014\fs_div=OFS\111770_00776820.json
영원무역,111770,00776820,KOSPI,소비유통,2018,사업보고서,11011,CFS,연결재무제표,000,정상,180,data\raw\opendart_financial\bsns_year=2018\reprt_code=11011\fs_div=CFS\111770_00776820.json
영원무역,111770,00776820,KOSPI,소비유통,2018,사업보고서,11011,OFS,별도재무제표,000,정상,119,data\raw\opendart_financial\bsns_year=2018\reprt_code=11011\fs_div=OFS\111770_00776820.json
영원무역,111770,00776820,KOSPI,소비유통,2018,반기보고서,11012,CFS,연결재무제표,000,정상,176,data\raw\opendart_financial\bsns_year=2018\reprt_code=11012\fs_div=CFS\111770_00776820.json
영원무역,111770,00776820,KOSPI,소비유통,2018,반기보고서,11012,OFS,별도재무제표,000,정상,118,data\raw\opendart_financial\bsns_year=2018\reprt_code=11012\fs_div=OFS\111770_00776820.json
영원무역,111770,00776820,KOSPI,소비유통,2018,분기보고서_1분기,11013,CFS,연결재무제표,000,정상,165,data\raw\opendart_financial\bsns_year=2018\reprt_code=11013\fs_div=CFS\111770_00776820.json
영원무역,111770,00776820,KOSPI,소비유통,2018,분기보고서_1분기,11013,OFS,별도재무제표,000,정상,108,data\raw\opendart_financial\bsns_year=2018\reprt_code=11013\fs_div=OFS\111770_00776820.json
영원무역,111770,00776820,KOSPI,소비유통,2018,분기보고서_3분기,11014,CFS,연결재무제표,000,정상,171,data\raw\opendart_financial\bsns_year=2018\reprt_code=11014\fs_div=CFS\111770_00776820.json
영원무역,111770,00776820,KOSPI,소비유통,2018,분기보고서_3분기,11014,OFS,별도재무제표,000,정상,113,data\raw\opendart_financial\bsns_year=2018\reprt_code=11014\fs_div=OFS\111770_00776820.json
영원무역,111770,00776820,KOSPI,소비유통,2019,사업보고서,11011,CFS,연결재무제표,000,정상,184,data\raw\opendart_financial\bsns_year=2019\reprt_code=11011\fs_div=CFS\111770_00776820.json
영원무역,111770,00776820,KOSPI,소비유통,2019,사업보고서,11011,OFS,별도재무제표,000,정상,122,data\raw\opendart_financial\bsns_year=2019\reprt_code=11011\fs_div=OFS\111770_00776820.json
영원무역,111770,00776820,KOSPI,소비유통,2019,반기보고서,11012,CFS,연결재무제표,000,정상,163,data\raw\opendart_financial\bsns_year=2019\reprt_code=11012\fs_div=CFS\111770_00776820.json
영원무역,111770,00776820,KOSPI,소비유통,2019,반기보고서,11012,OFS,별도재무제표,000,정상,107,data\raw\opendart_financial\bsns_year=2019\reprt_code=11012\fs_div=OFS\111770_00776820.json
영원무역,111770,00776820,KOSPI,소비유통,2019,분기보고서_1분기,11013,CFS,연결재무제표,000,정상,157,data\raw\opendart_financial\bsns_year=2019\reprt_code=11013\fs_div=CFS\111770_00776820.json
영원무역,111770,00776820,KOSPI,소비유통,2019,분기보고서_1분기,11013,OFS,별도재무제표,000,정상,101,data\raw\opendart_financial\bsns_year=2019\reprt_code=11013\fs_div=OFS\111770_00776820.json
영원무역,111770,00776820,KOSPI,소비유통,2019,분기보고서_3분기,11014,CFS,연결재무제표,000,정상,158,data\raw\opendart_financial\bsns_year=2019\reprt_code=11014\fs_div=CFS\111770_00776820.json
영원무역,111770,00776820,KOSPI,소비유통,2019,분기보고서_3분기,11014,OFS,별도재무제표,000,정상,106,data\raw\opendart_financial\bsns_year=2019\reprt_code=11014\fs_div=OFS\111770_00776820.json
영원무역,111770,00776820,KOSPI,소비유통,2020,사업보고서,11011,CFS,연결재무제표,000,정상,172,data\raw\opendart_financial\bsns_year=2020\reprt_code=11011\fs_div=CFS\111770_00776820.json
영원무역,111770,00776820,KOSPI,소비유통,2020,사업보고서,11011,OFS,별도재무제표,000,정상,121,data\raw\opendart_financial\bsns_year=2020\reprt_code=11011\fs_div=OFS\111770_00776820.json
영원무역,111770,00776820,KOSPI,소비유통,2020,반기보고서,11012,CFS,연결재무제표,000,정상,153,data\raw\opendart_financial\bsns_year=2020\reprt_code=11012\fs_div=CFS\111770_00776820.json
영원무역,111770,00776820,KOSPI,소비유통,2020,반기보고서,11012,OFS,별도재무제표,000,정상,114,data\raw\opendart_financial\bsns_year=2020\reprt_code=11012\fs_div=OFS\111770_00776820.json
영원무역,111770,00776820,KOSPI,소비유통,2020,분기보고서_1분기,11013,CFS,연결재무제표,000,정상,143,data\raw\opendart_financial\bsns_year=2020\reprt_code=11013\fs_div=CFS\111770_00776820.json
영원무역,111770,00776820,KOSPI,소비유통,2020,분기보고서_1분기,11013,OFS,별도재무제표,000,정상,104,data\raw\opendart_financial\bsns_year=2020\reprt_code=11013\fs_div=OFS\111770_00776820.json
영원무역,111770,00776820,KOSPI,소비유통,2020,분기보고서_3분기,11014,CFS,연결재무제표,000,정상,157,data\raw\opendart_financial\bsns_year=2020\reprt_code=11014\fs_div=CFS\111770_00776820.json
영원무역,111770,00776820,KOSPI,소비유통,2020,분기보고서_3분기,11014,OFS,별도재무제표,000,정상,114,data\raw\opendart_financial\bsns_year=2020\reprt_code=11014\fs_div=OFS\111770_00776820.json
영원무역,111770,00776820,KOSPI,소비유통,2021,사업보고서,11011,CFS,연결재무제표,000,정상,176,data\raw\opendart_financial\bsns_year=2021\reprt_code=11011\fs_div=CFS\111770_00776820.json
영원무역,111770,00776820,KOSPI,소비유통,2021,사업보고서,11011,OFS,별도재무제표,000,정상,123,data\raw\opendart_financial\bsns_year=2021\reprt_code=11011\fs_div=OFS\111770_00776820.json
영원무역,111770,00776820,KOSPI,소비유통,2021,반기보고서,11012,CFS,연결재무제표,000,정상,148,data\raw\opendart_financial\bsns_year=2021\reprt_code=11012\fs_div=CFS\111770_00776820.json
영원무역,111770,00776820,KOSPI,소비유통,2021,반기보고서,11012,OFS,별도재무제표,000,정상,111,data\raw\opendart_financial\bsns_year=2021\reprt_code=11012\fs_div=OFS\111770_00776820.json
영원무역,111770,00776820,KOSPI,소비유통,2021,분기보고서_1분기,11013,CFS,연결재무제표,000,정상,139,data\raw\opendart_financial\bsns_year=2021\reprt_code=11013\fs_div=CFS\111770_00776820.json
영원무역,111770,00776820,KOSPI,소비유통,2021,분기보고서_1분기,11013,OFS,별도재무제표,000,정상,101,data\raw\opendart_financial\bsns_year=2021\reprt_code=11013\fs_div=OFS\111770_00776820.json
영원무역,111770,00776820,KOSPI,소비유통,2021,분기보고서_3분기,11014,CFS,연결재무제표,000,정상,151,data\raw\opendart_financial\bsns_year=2021\reprt_code=11014\fs_div=CFS\111770_00776820.json
영원무역,111770,00776820,KOSPI,소비유통,2021,분기보고서_3분기,11014,OFS,별도재무제표,000,정상,115,data\raw\opendart_financial\bsns_year=2021\reprt_code=11014\fs_div=OFS\111770_00776820.json
영원무역,111770,00776820,KOSPI,소비유통,2022,사업보고서,11011,CFS,연결재무제표,000,정상,162,data\raw\opendart_financial\bsns_year=2022\reprt_code=11011\fs_div=CFS\111770_00776820.json
영원무역,111770,00776820,KOSPI,소비유통,2022,사업보고서,11011,OFS,별도재무제표,000,정상,123,data\raw\opendart_financial\bsns_year=2022\reprt_code=11011\fs_div=OFS\111770_00776820.json
영원무역,111770,00776820,KOSPI,소비유통,2022,반기보고서,11012,CFS,연결재무제표,000,정상,145,data\raw\opendart_financial\bsns_year=2022\reprt_code=11012\fs_div=CFS\111770_00776820.json
영원무역,111770,00776820,KOSPI,소비유통,2022,반기보고서,11012,OFS,별도재무제표,000,정상,105,data\raw\opendart_financial\bsns_year=2022\reprt_code=11012\fs_div=OFS\111770_00776820.json
영원무역,111770,00776820,KOSPI,소비유통,2022,분기보고서_1분기,11013,CFS,연결재무제표,000,정상,138,data\raw\opendart_financial\bsns_year=2022\reprt_code=11013\fs_div=CFS\111770_00776820.json
영원무역,111770,00776820,KOSPI,소비유통,2022,분기보고서_1분기,11013,OFS,별도재무제표,000,정상,97,data\raw\opendart_financial\bsns_year=2022\reprt_code=11013\fs_div=OFS\111770_00776820.json
영원무역,111770,00776820,KOSPI,소비유통,2022,분기보고서_3분기,11014,CFS,연결재무제표,000,정상,151,data\raw\opendart_financial\bsns_year=2022\reprt_code=11014\fs_div=CFS\111770_00776820.json
영원무역,111770,00776820,KOSPI,소비유통,2022,분기보고서_3분기,11014,OFS,별도재무제표,000,정상,109,data\raw\opendart_financial\bsns_year=2022\reprt_code=11014\fs_div=OFS\111770_00776820.json
영원무역,111770,00776820,KOSPI,소비유통,2023,사업보고서,11011,CFS,연결재무제표,000,정상,160,data\raw\opendart_financial\bsns_year=2023\reprt_code=11011\fs_div=CFS\111770_00776820.json
영원무역,111770,00776820,KOSPI,소비유통,2023,사업보고서,11011,OFS,별도재무제표,000,정상,114,data\raw\opendart_financial\bsns_year=2023\reprt_code=11011\fs_div=OFS\111770_00776820.json
영원무역,111770,00776820,KOSPI,소비유통,2023,반기보고서,11012,CFS,연결재무제표,000,정상,147,data\raw\opendart_financial\bsns_year=2023\reprt_code=11012\fs_div=CFS\111770_00776820.json
영원무역,111770,00776820,KOSPI,소비유통,2023,반기보고서,11012,OFS,별도재무제표,000,정상,103,data\raw\opendart_financial\bsns_year=2023\reprt_code=11012\fs_div=OFS\111770_00776820.json
영원무역,111770,00776820,KOSPI,소비유통,2023,분기보고서_1분기,11013,CFS,연결재무제표,000,정상,144,data\raw\opendart_financial\bsns_year=2023\reprt_code=11013\fs_div=CFS\111770_00776820.json
영원무역,111770,00776820,KOSPI,소비유통,2023,분기보고서_1분기,11013,OFS,별도재무제표,000,정상,100,data\raw\opendart_financial\bsns_year=2023\reprt_code=11013\fs_div=OFS\111770_00776820.json
영원무역,111770,00776820,KOSPI,소비유통,2023,분기보고서_3분기,11014,CFS,연결재무제표,000,정상,150,data\raw\opendart_financial\bsns_year=2023\reprt_code=11014\fs_div=CFS\111770_00776820.json
영원무역,111770,00776820,KOSPI,소비유통,2023,분기보고서_3분기,11014,OFS,별도재무제표,000,정상,106,data\raw\opendart_financial\bsns_year=2023\reprt_code=11014\fs_div=OFS\111770_00776820.json
영원무역,111770,00776820,KOSPI,소비유통,2024,사업보고서,11011,CFS,연결재무제표,000,정상,195,data\raw\opendart_financial\bsns_year=2024\reprt_code=11011\fs_div=CFS\111770_00776820.json
영원무역,111770,00776820,KOSPI,소비유통,2024,사업보고서,11011,OFS,별도재무제표,000,정상,128,data\raw\opendart_financial\bsns_year=2024\reprt_code=11011\fs_div=OFS\111770_00776820.json
영원무역,111770,00776820,KOSPI,소비유통,2024,반기보고서,11012,CFS,연결재무제표,000,정상,201,data\raw\opendart_financial\bsns_year=2024\reprt_code=11012\fs_div=CFS\111770_00776820.json
영원무역,111770,00776820,KOSPI,소비유통,2024,반기보고서,11012,OFS,별도재무제표,000,정상,124,data\raw\opendart_financial\bsns_year=2024\reprt_code=11012\fs_div=OFS\111770_00776820.json
영원무역,111770,00776820,KOSPI,소비유통,2024,분기보고서_1분기,11013,CFS,연결재무제표,000,정상,179,data\raw\opendart_financial\bsns_year=2024\reprt_code=11013\fs_div=CFS\111770_00776820.json
영원무역,111770,00776820,KOSPI,소비유통,2024,분기보고서_1분기,11013,OFS,별도재무제표,000,정상,115,data\raw\opendart_financial\bsns_year=2024\reprt_code=11013\fs_div=OFS\111770_00776820.json
영원무역,111770,00776820,KOSPI,소비유통,2024,분기보고서_3분기,11014,CFS,연결재무제표,000,정상,190,data\raw\opendart_financial\bsns_year=2024\reprt_code=11014\fs_div=CFS\111770_00776820.json
영원무역,111770,00776820,KOSPI,소비유통,2024,분기보고서_3분기,11014,OFS,별도재무제표,000,정상,125,data\raw\opendart_financial\bsns_year=2024\reprt_code=11014\fs_div=OFS\111770_00776820.json
영원무역,111770,00776820,KOSPI,소비유통,2025,사업보고서,11011,CFS,연결재무제표,000,정상,210,data\raw\opendart_financial\bsns_year=2025\reprt_code=11011\fs_div=CFS\111770_00776820.json
영원무역,111770,00776820,KOSPI,소비유통,2025,사업보고서,11011,OFS,별도재무제표,000,정상,137,data\raw\opendart_financial\bsns_year=2025\reprt_code=11011\fs_div=OFS\111770_00776820.json
영원무역,111770,00776820,KOSPI,소비유통,2025,반기보고서,11012,CFS,연결재무제표,000,정상,196,data\raw\opendart_financial\bsns_year=2025\reprt_code=11012\fs_div=CFS\111770_00776820.json
영원무역,111770,00776820,KOSPI,소비유통,2025,반기보고서,11012,OFS,별도재무제표,000,정상,130,data\raw\opendart_financial\bsns_year=2025\reprt_code=11012\fs_div=OFS\111770_00776820.json
영원무역,111770,00776820,KOSPI,소비유통,2025,분기보고서_1분기,11013,CFS,연결재무제표,000,정상,185,data\raw\opendart_financial\bsns_year=2025\reprt_code=11013\fs_div=CFS\111770_00776820.json
영원무역,111770,00776820,KOSPI,소비유통,2025,분기보고서_1분기,11013,OFS,별도재무제표,000,정상,120,data\raw\opendart_financial\bsns_year=2025\reprt_code=11013\fs_div=OFS\111770_00776820.json
영원무역,111770,00776820,KOSPI,소비유통,2025,분기보고서_3분기,11014,CFS,연결재무제표,000,정상,203,data\raw\opendart_financial\bsns_year=2025\reprt_code=11014\fs_div=CFS\111770_00776820.json
영원무역,111770,00776820,KOSPI,소비유통,2025,분기보고서_3분기,11014,OFS,별도재무제표,000,정상,135,data\raw\opendart_financial\bsns_year=2025\reprt_code=11014\fs_div=OFS\111770_00776820.json
두산에너빌리티,034020,00159616,KOSPI,기계산업재,2017,사업보고서,11011,CFS,연결재무제표,000,정상,310,data\raw\opendart_financial\bsns_year=2017\reprt_code=11011\fs_div=CFS\034020_00159616.json
두산에너빌리티,034020,00159616,KOSPI,기계산업재,2017,사업보고서,11011,OFS,별도재무제표,000,정상,171,data\raw\opendart_financial\bsns_year=2017\reprt_code=11011\fs_div=OFS\034020_00159616.json
두산에너빌리티,034020,00159616,KOSPI,기계산업재,2017,반기보고서,11012,CFS,연결재무제표,000,정상,249,data\raw\opendart_financial\bsns_year=2017\reprt_code=11012\fs_div=CFS\034020_00159616.json
두산에너빌리티,034020,00159616,KOSPI,기계산업재,2017,반기보고서,11012,OFS,별도재무제표,000,정상,160,data\raw\opendart_financial\bsns_year=2017\reprt_code=11012\fs_div=OFS\034020_00159616.json
두산에너빌리티,034020,00159616,KOSPI,기계산업재,2017,분기보고서_1분기,11013,CFS,연결재무제표,000,정상,270,data\raw\opendart_financial\bsns_year=2017\reprt_code=11013\fs_div=CFS\034020_00159616.json
두산에너빌리티,034020,00159616,KOSPI,기계산업재,2017,분기보고서_1분기,11013,OFS,별도재무제표,000,정상,168,data\raw\opendart_financial\bsns_year=2017\reprt_code=11013\fs_div=OFS\034020_00159616.json
두산에너빌리티,034020,00159616,KOSPI,기계산업재,2017,분기보고서_3분기,11014,CFS,연결재무제표,000,정상,282,data\raw\opendart_financial\bsns_year=2017\reprt_code=11014\fs_div=CFS\034020_00159616.json
두산에너빌리티,034020,00159616,KOSPI,기계산업재,2017,분기보고서_3분기,11014,OFS,별도재무제표,000,정상,162,data\raw\opendart_financial\bsns_year=2017\reprt_code=11014\fs_div=OFS\034020_00159616.json
두산에너빌리티,034020,00159616,KOSPI,기계산업재,2018,사업보고서,11011,CFS,연결재무제표,000,정상,327,data\raw\opendart_financial\bsns_year=2018\reprt_code=11011\fs_div=CFS\034020_00159616.json
두산에너빌리티,034020,00159616,KOSPI,기계산업재,2018,사업보고서,11011,OFS,별도재무제표,000,정상,181,data\raw\opendart_financial\bsns_year=2018\reprt_code=11011\fs_div=OFS\034020_00159616.json
두산에너빌리티,034020,00159616,KOSPI,기계산업재,2018,반기보고서,11012,CFS,연결재무제표,000,정상,273,data\raw\opendart_financial\bsns_year=2018\reprt_code=11012\fs_div=CFS\034020_00159616.json
두산에너빌리티,034020,00159616,KOSPI,기계산업재,2018,반기보고서,11012,OFS,별도재무제표,000,정상,172,data\raw\opendart_financial\bsns_year=2018\reprt_code=11012\fs_div=OFS\034020_00159616.json
두산에너빌리티,034020,00159616,KOSPI,기계산업재,2018,분기보고서_1분기,11013,CFS,연결재무제표,000,정상,240,data\raw\opendart_financial\bsns_year=2018\reprt_code=11013\fs_div=CFS\034020_00159616.json
두산에너빌리티,034020,00159616,KOSPI,기계산업재,2018,분기보고서_1분기,11013,OFS,별도재무제표,000,정상,157,data\raw\opendart_financial\bsns_year=2018\reprt_code=11013\fs_div=OFS\034020_00159616.json
두산에너빌리티,034020,00159616,KOSPI,기계산업재,2018,분기보고서_3분기,11014,CFS,연결재무제표,000,정상,275,data\raw\opendart_financial\bsns_year=2018\reprt_code=11014\fs_div=CFS\034020_00159616.json
두산에너빌리티,034020,00159616,KOSPI,기계산업재,2018,분기보고서_3분기,11014,OFS,별도재무제표,000,정상,170,data\raw\opendart_financial\bsns_year=2018\reprt_code=11014\fs_div=OFS\034020_00159616.json
두산에너빌리티,034020,00159616,KOSPI,기계산업재,2019,사업보고서,11011,CFS,연결재무제표,000,정상,308,data\raw\opendart_financial\bsns_year=2019\reprt_code=11011\fs_div=CFS\034020_00159616.json
두산에너빌리티,034020,00159616,KOSPI,기계산업재,2019,사업보고서,11011,OFS,별도재무제표,000,정상,192,data\raw\opendart_financial\bsns_year=2019\reprt_code=11011\fs_div=OFS\034020_00159616.json
두산에너빌리티,034020,00159616,KOSPI,기계산업재,2019,반기보고서,11012,CFS,연결재무제표,000,정상,270,data\raw\opendart_financial\bsns_year=2019\reprt_code=11012\fs_div=CFS\034020_00159616.json
두산에너빌리티,034020,00159616,KOSPI,기계산업재,2019,반기보고서,11012,OFS,별도재무제표,000,정상,171,data\raw\opendart_financial\bsns_year=2019\reprt_code=11012\fs_div=OFS\034020_00159616.json
두산에너빌리티,034020,00159616,KOSPI,기계산업재,2019,분기보고서_1분기,11013,CFS,연결재무제표,000,정상,239,data\raw\opendart_financial\bsns_year=2019\reprt_code=11013\fs_div=CFS\034020_00159616.json
두산에너빌리티,034020,00159616,KOSPI,기계산업재,2019,분기보고서_1분기,11013,OFS,별도재무제표,000,정상,155,data\raw\opendart_financial\bsns_year=2019\reprt_code=11013\fs_div=OFS\034020_00159616.json
두산에너빌리티,034020,00159616,KOSPI,기계산업재,2019,분기보고서_3분기,11014,CFS,연결재무제표,000,정상,273,data\raw\opendart_financial\bsns_year=2019\reprt_code=11014\fs_div=CFS\034020_00159616.json
두산에너빌리티,034020,00159616,KOSPI,기계산업재,2019,분기보고서_3분기,11014,OFS,별도재무제표,000,정상,171,data\raw\opendart_financial\bsns_year=2019\reprt_code=11014\fs_div=OFS\034020_00159616.json
두산에너빌리티,034020,00159616,KOSPI,기계산업재,2020,사업보고서,11011,CFS,연결재무제표,000,정상,291,data\raw\opendart_financial\bsns_year=2020\reprt_code=11011\fs_div=CFS\034020_00159616.json
두산에너빌리티,034020,00159616,KOSPI,기계산업재,2020,사업보고서,11011,OFS,별도재무제표,000,정상,192,data\raw\opendart_financial\bsns_year=2020\reprt_code=11011\fs_div=OFS\034020_00159616.json
두산에너빌리티,034020,00159616,KOSPI,기계산업재,2020,반기보고서,11012,CFS,연결재무제표,000,정상,255,data\raw\opendart_financial\bsns_year=2020\reprt_code=11012\fs_div=CFS\034020_00159616.json
두산에너빌리티,034020,00159616,KOSPI,기계산업재,2020,반기보고서,11012,OFS,별도재무제표,000,정상,173,data\raw\opendart_financial\bsns_year=2020\reprt_code=11012\fs_div=OFS\034020_00159616.json
두산에너빌리티,034020,00159616,KOSPI,기계산업재,2020,분기보고서_1분기,11013,CFS,연결재무제표,000,정상,244,data\raw\opendart_financial\bsns_year=2020\reprt_code=11013\fs_div=CFS\034020_00159616.json
두산에너빌리티,034020,00159616,KOSPI,기계산업재,2020,분기보고서_1분기,11013,OFS,별도재무제표,000,정상,165,data\raw\opendart_financial\bsns_year=2020\reprt_code=11013\fs_div=OFS\034020_00159616.json
두산에너빌리티,034020,00159616,KOSPI,기계산업재,2020,분기보고서_3분기,11014,CFS,연결재무제표,000,정상,260,data\raw\opendart_financial\bsns_year=2020\reprt_code=11014\fs_div=CFS\034020_00159616.json
두산에너빌리티,034020,00159616,KOSPI,기계산업재,2020,분기보고서_3분기,11014,OFS,별도재무제표,000,정상,174,data\raw\opendart_financial\bsns_year=2020\reprt_code=11014\fs_div=OFS\034020_00159616.json
두산에너빌리티,034020,00159616,KOSPI,기계산업재,2021,사업보고서,11011,CFS,연결재무제표,000,정상,299,data\raw\opendart_financial\bsns_year=2021\reprt_code=11011\fs_div=CFS\034020_00159616.json
두산에너빌리티,034020,00159616,KOSPI,기계산업재,2021,사업보고서,11011,OFS,별도재무제표,000,정상,198,data\raw\opendart_financial\bsns_year=2021\reprt_code=11011\fs_div=OFS\034020_00159616.json
두산에너빌리티,034020,00159616,KOSPI,기계산업재,2021,반기보고서,11012,CFS,연결재무제표,000,정상,259,data\raw\opendart_financial\bsns_year=2021\reprt_code=11012\fs_div=CFS\034020_00159616.json
두산에너빌리티,034020,00159616,KOSPI,기계산업재,2021,반기보고서,11012,OFS,별도재무제표,000,정상,177,data\raw\opendart_financial\bsns_year=2021\reprt_code=11012\fs_div=OFS\034020_00159616.json
두산에너빌리티,034020,00159616,KOSPI,기계산업재,2021,분기보고서_1분기,11013,CFS,연결재무제표,000,정상,230,data\raw\opendart_financial\bsns_year=2021\reprt_code=11013\fs_div=CFS\034020_00159616.json
두산에너빌리티,034020,00159616,KOSPI,기계산업재,2021,분기보고서_1분기,11013,OFS,별도재무제표,000,정상,166,data\raw\opendart_financial\bsns_year=2021\reprt_code=11013\fs_div=OFS\034020_00159616.json
두산에너빌리티,034020,00159616,KOSPI,기계산업재,2021,분기보고서_3분기,11014,CFS,연결재무제표,000,정상,285,data\raw\opendart_financial\bsns_year=2021\reprt_code=11014\fs_div=CFS\034020_00159616.json
두산에너빌리티,034020,00159616,KOSPI,기계산업재,2021,분기보고서_3분기,11014,OFS,별도재무제표,000,정상,186,data\raw\opendart_financial\bsns_year=2021\reprt_code=11014\fs_div=OFS\034020_00159616.json
두산에너빌리티,034020,00159616,KOSPI,기계산업재,2022,사업보고서,11011,CFS,연결재무제표,000,정상,299,data\raw\opendart_financial\bsns_year=2022\reprt_code=11011\fs_div=CFS\034020_00159616.json
두산에너빌리티,034020,00159616,KOSPI,기계산업재,2022,사업보고서,11011,OFS,별도재무제표,000,정상,192,data\raw\opendart_financial\bsns_year=2022\reprt_code=11011\fs_div=OFS\034020_00159616.json
두산에너빌리티,034020,00159616,KOSPI,기계산업재,2022,반기보고서,11012,CFS,연결재무제표,000,정상,258,data\raw\opendart_financial\bsns_year=2022\reprt_code=11012\fs_div=CFS\034020_00159616.json
두산에너빌리티,034020,00159616,KOSPI,기계산업재,2022,반기보고서,11012,OFS,별도재무제표,000,정상,169,data\raw\opendart_financial\bsns_year=2022\reprt_code=11012\fs_div=OFS\034020_00159616.json
두산에너빌리티,034020,00159616,KOSPI,기계산업재,2022,분기보고서_1분기,11013,CFS,연결재무제표,000,정상,235,data\raw\opendart_financial\bsns_year=2022\reprt_code=11013\fs_div=CFS\034020_00159616.json
두산에너빌리티,034020,00159616,KOSPI,기계산업재,2022,분기보고서_1분기,11013,OFS,별도재무제표,000,정상,157,data\raw\opendart_financial\bsns_year=2022\reprt_code=11013\fs_div=OFS\034020_00159616.json
두산에너빌리티,034020,00159616,KOSPI,기계산업재,2022,분기보고서_3분기,11014,CFS,연결재무제표,000,정상,271,data\raw\opendart_financial\bsns_year=2022\reprt_code=11014\fs_div=CFS\034020_00159616.json
두산에너빌리티,034020,00159616,KOSPI,기계산업재,2022,분기보고서_3분기,11014,OFS,별도재무제표,000,정상,176,data\raw\opendart_financial\bsns_year=2022\reprt_code=11014\fs_div=OFS\034020_00159616.json
두산에너빌리티,034020,00159616,KOSPI,기계산업재,2023,사업보고서,11011,CFS,연결재무제표,000,정상,302,data\raw\opendart_financial\bsns_year=2023\reprt_code=11011\fs_div=CFS\034020_00159616.json
두산에너빌리티,034020,00159616,KOSPI,기계산업재,2023,사업보고서,11011,OFS,별도재무제표,000,정상,185,data\raw\opendart_financial\bsns_year=2023\reprt_code=11011\fs_div=OFS\034020_00159616.json
두산에너빌리티,034020,00159616,KOSPI,기계산업재,2023,반기보고서,11012,CFS,연결재무제표,000,정상,251,data\raw\opendart_financial\bsns_year=2023\reprt_code=11012\fs_div=CFS\034020_00159616.json
두산에너빌리티,034020,00159616,KOSPI,기계산업재,2023,반기보고서,11012,OFS,별도재무제표,000,정상,171,data\raw\opendart_financial\bsns_year=2023\reprt_code=11012\fs_div=OFS\034020_00159616.json
두산에너빌리티,034020,00159616,KOSPI,기계산업재,2023,분기보고서_1분기,11013,CFS,연결재무제표,000,정상,233,data\raw\opendart_financial\bsns_year=2023\reprt_code=11013\fs_div=CFS\034020_00159616.json
두산에너빌리티,034020,00159616,KOSPI,기계산업재,2023,분기보고서_1분기,11013,OFS,별도재무제표,000,정상,163,data\raw\opendart_financial\bsns_year=2023\reprt_code=11013\fs_div=OFS\034020_00159616.json
두산에너빌리티,034020,00159616,KOSPI,기계산업재,2023,분기보고서_3분기,11014,CFS,연결재무제표,000,정상,259,data\raw\opendart_financial\bsns_year=2023\reprt_code=11014\fs_div=CFS\034020_00159616.json
두산에너빌리티,034020,00159616,KOSPI,기계산업재,2023,분기보고서_3분기,11014,OFS,별도재무제표,000,정상,172,data\raw\opendart_financial\bsns_year=2023\reprt_code=11014\fs_div=OFS\034020_00159616.json
두산에너빌리티,034020,00159616,KOSPI,기계산업재,2024,사업보고서,11011,CFS,연결재무제표,000,정상,353,data\raw\opendart_financial\bsns_year=2024\reprt_code=11011\fs_div=CFS\034020_00159616.json
두산에너빌리티,034020,00159616,KOSPI,기계산업재,2024,사업보고서,11011,OFS,별도재무제표,000,정상,212,data\raw\opendart_financial\bsns_year=2024\reprt_code=11011\fs_div=OFS\034020_00159616.json
두산에너빌리티,034020,00159616,KOSPI,기계산업재,2024,반기보고서,11012,CFS,연결재무제표,000,정상,233,data\raw\opendart_financial\bsns_year=2024\reprt_code=11012\fs_div=CFS\034020_00159616.json
두산에너빌리티,034020,00159616,KOSPI,기계산업재,2024,반기보고서,11012,OFS,별도재무제표,000,정상,161,data\raw\opendart_financial\bsns_year=2024\reprt_code=11012\fs_div=OFS\034020_00159616.json
두산에너빌리티,034020,00159616,KOSPI,기계산업재,2024,분기보고서_1분기,11013,CFS,연결재무제표,000,정상,225,data\raw\opendart_financial\bsns_year=2024\reprt_code=11013\fs_div=CFS\034020_00159616.json
두산에너빌리티,034020,00159616,KOSPI,기계산업재,2024,분기보고서_1분기,11013,OFS,별도재무제표,000,정상,157,data\raw\opendart_financial\bsns_year=2024\reprt_code=11013\fs_div=OFS\034020_00159616.json
두산에너빌리티,034020,00159616,KOSPI,기계산업재,2024,분기보고서_3분기,11014,CFS,연결재무제표,000,정상,298,data\raw\opendart_financial\bsns_year=2024\reprt_code=11014\fs_div=CFS\034020_00159616.json
두산에너빌리티,034020,00159616,KOSPI,기계산업재,2024,분기보고서_3분기,11014,OFS,별도재무제표,000,정상,188,data\raw\opendart_financial\bsns_year=2024\reprt_code=11014\fs_div=OFS\034020_00159616.json
두산에너빌리티,034020,00159616,KOSPI,기계산업재,2025,사업보고서,11011,CFS,연결재무제표,000,정상,330,data\raw\opendart_financial\bsns_year=2025\reprt_code=11011\fs_div=CFS\034020_00159616.json
두산에너빌리티,034020,00159616,KOSPI,기계산업재,2025,사업보고서,11011,OFS,별도재무제표,000,정상,161,data\raw\opendart_financial\bsns_year=2025\reprt_code=11011\fs_div=OFS\034020_00159616.json
두산에너빌리티,034020,00159616,KOSPI,기계산업재,2025,반기보고서,11012,CFS,연결재무제표,000,정상,288,data\raw\opendart_financial\bsns_year=2025\reprt_code=11012\fs_div=CFS\034020_00159616.json
두산에너빌리티,034020,00159616,KOSPI,기계산업재,2025,반기보고서,11012,OFS,별도재무제표,000,정상,171,data\raw\opendart_financial\bsns_year=2025\reprt_code=11012\fs_div=OFS\034020_00159616.json
두산에너빌리티,034020,00159616,KOSPI,기계산업재,2025,분기보고서_1분기,11013,CFS,연결재무제표,000,정상,307,data\raw\opendart_financial\bsns_year=2025\reprt_code=11013\fs_div=CFS\034020_00159616.json
두산에너빌리티,034020,00159616,KOSPI,기계산업재,2025,분기보고서_1분기,11013,OFS,별도재무제표,000,정상,171,data\raw\opendart_financial\bsns_year=2025\reprt_code=11013\fs_div=OFS\034020_00159616.json
두산에너빌리티,034020,00159616,KOSPI,기계산업재,2025,분기보고서_3분기,11014,CFS,연결재무제표,000,정상,322,data\raw\opendart_financial\bsns_year=2025\reprt_code=11014\fs_div=CFS\034020_00159616.json
두산에너빌리티,034020,00159616,KOSPI,기계산업재,2025,분기보고서_3분기,11014,OFS,별도재무제표,000,정상,174,data\raw\opendart_financial\bsns_year=2025\reprt_code=11014\fs_div=OFS\034020_00159616.json
LS ELECTRIC,010120,00105855,KOSPI,기계산업재,2017,사업보고서,11011,CFS,연결재무제표,000,정상,245,data\raw\opendart_financial\bsns_year=2017\reprt_code=11011\fs_div=CFS\010120_00105855.json
LS ELECTRIC,010120,00105855,KOSPI,기계산업재,2017,사업보고서,11011,OFS,별도재무제표,000,정상,193,data\raw\opendart_financial\bsns_year=2017\reprt_code=11011\fs_div=OFS\010120_00105855.json
LS ELECTRIC,010120,00105855,KOSPI,기계산업재,2017,반기보고서,11012,CFS,연결재무제표,000,정상,223,data\raw\opendart_financial\bsns_year=2017\reprt_code=11012\fs_div=CFS\010120_00105855.json
LS ELECTRIC,010120,00105855,KOSPI,기계산업재,2017,반기보고서,11012,OFS,별도재무제표,000,정상,182,data\raw\opendart_financial\bsns_year=2017\reprt_code=11012\fs_div=OFS\010120_00105855.json
LS ELECTRIC,010120,00105855,KOSPI,기계산업재,2017,분기보고서_1분기,11013,CFS,연결재무제표,000,정상,234,data\raw\opendart_financial\bsns_year=2017\reprt_code=11013\fs_div=CFS\010120_00105855.json
LS ELECTRIC,010120,00105855,KOSPI,기계산업재,2017,분기보고서_1분기,11013,OFS,별도재무제표,000,정상,192,data\raw\opendart_financial\bsns_year=2017\reprt_code=11013\fs_div=OFS\010120_00105855.json
LS ELECTRIC,010120,00105855,KOSPI,기계산업재,2017,분기보고서_3분기,11014,CFS,연결재무제표,000,정상,235,data\raw\opendart_financial\bsns_year=2017\reprt_code=11014\fs_div=CFS\010120_00105855.json
LS ELECTRIC,010120,00105855,KOSPI,기계산업재,2017,분기보고서_3분기,11014,OFS,별도재무제표,000,정상,186,data\raw\opendart_financial\bsns_year=2017\reprt_code=11014\fs_div=OFS\010120_00105855.json
LS ELECTRIC,010120,00105855,KOSPI,기계산업재,2018,사업보고서,11011,CFS,연결재무제표,000,정상,278,data\raw\opendart_financial\bsns_year=2018\reprt_code=11011\fs_div=CFS\010120_00105855.json
LS ELECTRIC,010120,00105855,KOSPI,기계산업재,2018,사업보고서,11011,OFS,별도재무제표,000,정상,222,data\raw\opendart_financial\bsns_year=2018\reprt_code=11011\fs_div=OFS\010120_00105855.json
LS ELECTRIC,010120,00105855,KOSPI,기계산업재,2018,반기보고서,11012,CFS,연결재무제표,000,정상,273,data\raw\opendart_financial\bsns_year=2018\reprt_code=11012\fs_div=CFS\010120_00105855.json
LS ELECTRIC,010120,00105855,KOSPI,기계산업재,2018,반기보고서,11012,OFS,별도재무제표,000,정상,213,data\raw\opendart_financial\bsns_year=2018\reprt_code=11012\fs_div=OFS\010120_00105855.json
LS ELECTRIC,010120,00105855,KOSPI,기계산업재,2018,분기보고서_1분기,11013,CFS,연결재무제표,000,정상,249,data\raw\opendart_financial\bsns_year=2018\reprt_code=11013\fs_div=CFS\010120_00105855.json
LS ELECTRIC,010120,00105855,KOSPI,기계산업재,2018,분기보고서_1분기,11013,OFS,별도재무제표,000,정상,182,data\raw\opendart_financial\bsns_year=2018\reprt_code=11013\fs_div=OFS\010120_00105855.json
LS ELECTRIC,010120,00105855,KOSPI,기계산업재,2018,분기보고서_3분기,11014,CFS,연결재무제표,000,정상,269,data\raw\opendart_financial\bsns_year=2018\reprt_code=11014\fs_div=CFS\010120_00105855.json
LS ELECTRIC,010120,00105855,KOSPI,기계산업재,2018,분기보고서_3분기,11014,OFS,별도재무제표,000,정상,210,data\raw\opendart_financial\bsns_year=2018\reprt_code=11014\fs_div=OFS\010120_00105855.json
LS ELECTRIC,010120,00105855,KOSPI,기계산업재,2019,사업보고서,11011,CFS,연결재무제표,000,정상,280,data\raw\opendart_financial\bsns_year=2019\reprt_code=11011\fs_div=CFS\010120_00105855.json
LS ELECTRIC,010120,00105855,KOSPI,기계산업재,2019,사업보고서,11011,OFS,별도재무제표,000,정상,224,data\raw\opendart_financial\bsns_year=2019\reprt_code=11011\fs_div=OFS\010120_00105855.json
LS ELECTRIC,010120,00105855,KOSPI,기계산업재,2019,반기보고서,11012,CFS,연결재무제표,000,정상,248,data\raw\opendart_financial\bsns_year=2019\reprt_code=11012\fs_div=CFS\010120_00105855.json
LS ELECTRIC,010120,00105855,KOSPI,기계산업재,2019,반기보고서,11012,OFS,별도재무제표,000,정상,195,data\raw\opendart_financial\bsns_year=2019\reprt_code=11012\fs_div=OFS\010120_00105855.json
LS ELECTRIC,010120,00105855,KOSPI,기계산업재,2019,분기보고서_1분기,11013,CFS,연결재무제표,000,정상,240,data\raw\opendart_financial\bsns_year=2019\reprt_code=11013\fs_div=CFS\010120_00105855.json
LS ELECTRIC,010120,00105855,KOSPI,기계산업재,2019,분기보고서_1분기,11013,OFS,별도재무제표,000,정상,187,data\raw\opendart_financial\bsns_year=2019\reprt_code=11013\fs_div=OFS\010120_00105855.json
LS ELECTRIC,010120,00105855,KOSPI,기계산업재,2019,분기보고서_3분기,11014,CFS,연결재무제표,000,정상,248,data\raw\opendart_financial\bsns_year=2019\reprt_code=11014\fs_div=CFS\010120_00105855.json
LS ELECTRIC,010120,00105855,KOSPI,기계산업재,2019,분기보고서_3분기,11014,OFS,별도재무제표,000,정상,198,data\raw\opendart_financial\bsns_year=2019\reprt_code=11014\fs_div=OFS\010120_00105855.json
LS ELECTRIC,010120,00105855,KOSPI,기계산업재,2020,사업보고서,11011,CFS,연결재무제표,000,정상,270,data\raw\opendart_financial\bsns_year=2020\reprt_code=11011\fs_div=CFS\010120_00105855.json
LS ELECTRIC,010120,00105855,KOSPI,기계산업재,2020,사업보고서,11011,OFS,별도재무제표,000,정상,207,data\raw\opendart_financial\bsns_year=2020\reprt_code=11011\fs_div=OFS\010120_00105855.json
LS ELECTRIC,010120,00105855,KOSPI,기계산업재,2020,반기보고서,11012,CFS,연결재무제표,000,정상,244,data\raw\opendart_financial\bsns_year=2020\reprt_code=11012\fs_div=CFS\010120_00105855.json
LS ELECTRIC,010120,00105855,KOSPI,기계산업재,2020,반기보고서,11012,OFS,별도재무제표,000,정상,190,data\raw\opendart_financial\bsns_year=2020\reprt_code=11012\fs_div=OFS\010120_00105855.json
LS ELECTRIC,010120,00105855,KOSPI,기계산업재,2020,분기보고서_1분기,11013,CFS,연결재무제표,000,정상,237,data\raw\opendart_financial\bsns_year=2020\reprt_code=11013\fs_div=CFS\010120_00105855.json
LS ELECTRIC,010120,00105855,KOSPI,기계산업재,2020,분기보고서_1분기,11013,OFS,별도재무제표,000,정상,177,data\raw\opendart_financial\bsns_year=2020\reprt_code=11013\fs_div=OFS\010120_00105855.json
LS ELECTRIC,010120,00105855,KOSPI,기계산업재,2020,분기보고서_3분기,11014,CFS,연결재무제표,000,정상,246,data\raw\opendart_financial\bsns_year=2020\reprt_code=11014\fs_div=CFS\010120_00105855.json
LS ELECTRIC,010120,00105855,KOSPI,기계산업재,2020,분기보고서_3분기,11014,OFS,별도재무제표,000,정상,195,data\raw\opendart_financial\bsns_year=2020\reprt_code=11014\fs_div=OFS\010120_00105855.json
LS ELECTRIC,010120,00105855,KOSPI,기계산업재,2021,사업보고서,11011,CFS,연결재무제표,000,정상,260,data\raw\opendart_financial\bsns_year=2021\reprt_code=11011\fs_div=CFS\010120_00105855.json
LS ELECTRIC,010120,00105855,KOSPI,기계산업재,2021,사업보고서,11011,OFS,별도재무제표,000,정상,200,data\raw\opendart_financial\bsns_year=2021\reprt_code=11011\fs_div=OFS\010120_00105855.json
LS ELECTRIC,010120,00105855,KOSPI,기계산업재,2021,반기보고서,11012,CFS,연결재무제표,000,정상,252,data\raw\opendart_financial\bsns_year=2021\reprt_code=11012\fs_div=CFS\010120_00105855.json
LS ELECTRIC,010120,00105855,KOSPI,기계산업재,2021,반기보고서,11012,OFS,별도재무제표,000,정상,191,data\raw\opendart_financial\bsns_year=2021\reprt_code=11012\fs_div=OFS\010120_00105855.json
LS ELECTRIC,010120,00105855,KOSPI,기계산업재,2021,분기보고서_1분기,11013,CFS,연결재무제표,000,정상,241,data\raw\opendart_financial\bsns_year=2021\reprt_code=11013\fs_div=CFS\010120_00105855.json
LS ELECTRIC,010120,00105855,KOSPI,기계산업재,2021,분기보고서_1분기,11013,OFS,별도재무제표,000,정상,181,data\raw\opendart_financial\bsns_year=2021\reprt_code=11013\fs_div=OFS\010120_00105855.json
LS ELECTRIC,010120,00105855,KOSPI,기계산업재,2021,분기보고서_3분기,11014,CFS,연결재무제표,000,정상,257,data\raw\opendart_financial\bsns_year=2021\reprt_code=11014\fs_div=CFS\010120_00105855.json
LS ELECTRIC,010120,00105855,KOSPI,기계산업재,2021,분기보고서_3분기,11014,OFS,별도재무제표,000,정상,195,data\raw\opendart_financial\bsns_year=2021\reprt_code=11014\fs_div=OFS\010120_00105855.json
LS ELECTRIC,010120,00105855,KOSPI,기계산업재,2022,사업보고서,11011,CFS,연결재무제표,000,정상,330,data\raw\opendart_financial\bsns_year=2022\reprt_code=11011\fs_div=CFS\010120_00105855.json
LS ELECTRIC,010120,00105855,KOSPI,기계산업재,2022,사업보고서,11011,OFS,별도재무제표,000,정상,229,data\raw\opendart_financial\bsns_year=2022\reprt_code=11011\fs_div=OFS\010120_00105855.json
LS ELECTRIC,010120,00105855,KOSPI,기계산업재,2022,반기보고서,11012,CFS,연결재무제표,000,정상,309,data\raw\opendart_financial\bsns_year=2022\reprt_code=11012\fs_div=CFS\010120_00105855.json
LS ELECTRIC,010120,00105855,KOSPI,기계산업재,2022,반기보고서,11012,OFS,별도재무제표,000,정상,218,data\raw\opendart_financial\bsns_year=2022\reprt_code=11012\fs_div=OFS\010120_00105855.json
LS ELECTRIC,010120,00105855,KOSPI,기계산업재,2022,분기보고서_1분기,11013,CFS,연결재무제표,000,정상,249,data\raw\opendart_financial\bsns_year=2022\reprt_code=11013\fs_div=CFS\010120_00105855.json
LS ELECTRIC,010120,00105855,KOSPI,기계산업재,2022,분기보고서_1분기,11013,OFS,별도재무제표,000,정상,191,data\raw\opendart_financial\bsns_year=2022\reprt_code=11013\fs_div=OFS\010120_00105855.json
LS ELECTRIC,010120,00105855,KOSPI,기계산업재,2022,분기보고서_3분기,11014,CFS,연결재무제표,000,정상,313,data\raw\opendart_financial\bsns_year=2022\reprt_code=11014\fs_div=CFS\010120_00105855.json
LS ELECTRIC,010120,00105855,KOSPI,기계산업재,2022,분기보고서_3분기,11014,OFS,별도재무제표,000,정상,220,data\raw\opendart_financial\bsns_year=2022\reprt_code=11014\fs_div=OFS\010120_00105855.json
LS ELECTRIC,010120,00105855,KOSPI,기계산업재,2023,사업보고서,11011,CFS,연결재무제표,000,정상,275,data\raw\opendart_financial\bsns_year=2023\reprt_code=11011\fs_div=CFS\010120_00105855.json
LS ELECTRIC,010120,00105855,KOSPI,기계산업재,2023,사업보고서,11011,OFS,별도재무제표,000,정상,212,data\raw\opendart_financial\bsns_year=2023\reprt_code=11011\fs_div=OFS\010120_00105855.json
LS ELECTRIC,010120,00105855,KOSPI,기계산업재,2023,반기보고서,11012,CFS,연결재무제표,000,정상,310,data\raw\opendart_financial\bsns_year=2023\reprt_code=11012\fs_div=CFS\010120_00105855.json
LS ELECTRIC,010120,00105855,KOSPI,기계산업재,2023,반기보고서,11012,OFS,별도재무제표,000,정상,215,data\raw\opendart_financial\bsns_year=2023\reprt_code=11012\fs_div=OFS\010120_00105855.json
LS ELECTRIC,010120,00105855,KOSPI,기계산업재,2023,분기보고서_1분기,11013,CFS,연결재무제표,000,정상,313,data\raw\opendart_financial\bsns_year=2023\reprt_code=11013\fs_div=CFS\010120_00105855.json
LS ELECTRIC,010120,00105855,KOSPI,기계산업재,2023,분기보고서_1분기,11013,OFS,별도재무제표,000,정상,207,data\raw\opendart_financial\bsns_year=2023\reprt_code=11013\fs_div=OFS\010120_00105855.json
LS ELECTRIC,010120,00105855,KOSPI,기계산업재,2023,분기보고서_3분기,11014,CFS,연결재무제표,000,정상,313,data\raw\opendart_financial\bsns_year=2023\reprt_code=11014\fs_div=CFS\010120_00105855.json
LS ELECTRIC,010120,00105855,KOSPI,기계산업재,2023,분기보고서_3분기,11014,OFS,별도재무제표,000,정상,224,data\raw\opendart_financial\bsns_year=2023\reprt_code=11014\fs_div=OFS\010120_00105855.json
LS ELECTRIC,010120,00105855,KOSPI,기계산업재,2024,사업보고서,11011,CFS,연결재무제표,000,정상,357,data\raw\opendart_financial\bsns_year=2024\reprt_code=11011\fs_div=CFS\010120_00105855.json
LS ELECTRIC,010120,00105855,KOSPI,기계산업재,2024,사업보고서,11011,OFS,별도재무제표,000,정상,244,data\raw\opendart_financial\bsns_year=2024\reprt_code=11011\fs_div=OFS\010120_00105855.json
LS ELECTRIC,010120,00105855,KOSPI,기계산업재,2024,반기보고서,11012,CFS,연결재무제표,000,정상,316,data\raw\opendart_financial\bsns_year=2024\reprt_code=11012\fs_div=CFS\010120_00105855.json
LS ELECTRIC,010120,00105855,KOSPI,기계산업재,2024,반기보고서,11012,OFS,별도재무제표,000,정상,229,data\raw\opendart_financial\bsns_year=2024\reprt_code=11012\fs_div=OFS\010120_00105855.json
LS ELECTRIC,010120,00105855,KOSPI,기계산업재,2024,분기보고서_1분기,11013,CFS,연결재무제표,000,정상,293,data\raw\opendart_financial\bsns_year=2024\reprt_code=11013\fs_div=CFS\010120_00105855.json
LS ELECTRIC,010120,00105855,KOSPI,기계산업재,2024,분기보고서_1분기,11013,OFS,별도재무제표,000,정상,215,data\raw\opendart_financial\bsns_year=2024\reprt_code=11013\fs_div=OFS\010120_00105855.json
LS ELECTRIC,010120,00105855,KOSPI,기계산업재,2024,분기보고서_3분기,11014,CFS,연결재무제표,000,정상,325,data\raw\opendart_financial\bsns_year=2024\reprt_code=11014\fs_div=CFS\010120_00105855.json
LS ELECTRIC,010120,00105855,KOSPI,기계산업재,2024,분기보고서_3분기,11014,OFS,별도재무제표,000,정상,236,data\raw\opendart_financial\bsns_year=2024\reprt_code=11014\fs_div=OFS\010120_00105855.json
LS ELECTRIC,010120,00105855,KOSPI,기계산업재,2025,사업보고서,11011,CFS,연결재무제표,000,정상,343,data\raw\opendart_financial\bsns_year=2025\reprt_code=11011\fs_div=CFS\010120_00105855.json
LS ELECTRIC,010120,00105855,KOSPI,기계산업재,2025,사업보고서,11011,OFS,별도재무제표,000,정상,243,data\raw\opendart_financial\bsns_year=2025\reprt_code=11011\fs_div=OFS\010120_00105855.json
LS ELECTRIC,010120,00105855,KOSPI,기계산업재,2025,반기보고서,11012,CFS,연결재무제표,000,정상,320,data\raw\opendart_financial\bsns_year=2025\reprt_code=11012\fs_div=CFS\010120_00105855.json
LS ELECTRIC,010120,00105855,KOSPI,기계산업재,2025,반기보고서,11012,OFS,별도재무제표,000,정상,231,data\raw\opendart_financial\bsns_year=2025\reprt_code=11012\fs_div=OFS\010120_00105855.json
LS ELECTRIC,010120,00105855,KOSPI,기계산업재,2025,분기보고서_1분기,11013,CFS,연결재무제표,000,정상,265,data\raw\opendart_financial\bsns_year=2025\reprt_code=11013\fs_div=CFS\010120_00105855.json
LS ELECTRIC,010120,00105855,KOSPI,기계산업재,2025,분기보고서_1분기,11013,OFS,별도재무제표,000,정상,210,data\raw\opendart_financial\bsns_year=2025\reprt_code=11013\fs_div=OFS\010120_00105855.json
LS ELECTRIC,010120,00105855,KOSPI,기계산업재,2025,분기보고서_3분기,11014,CFS,연결재무제표,000,정상,325,data\raw\opendart_financial\bsns_year=2025\reprt_code=11014\fs_div=CFS\010120_00105855.json
LS ELECTRIC,010120,00105855,KOSPI,기계산업재,2025,분기보고서_3분기,11014,OFS,별도재무제표,000,정상,211,data\raw\opendart_financial\bsns_year=2025\reprt_code=11014\fs_div=OFS\010120_00105855.json
한국항공우주,047810,00309503,KOSPI,기계산업재,2017,사업보고서,11011,CFS,연결재무제표,000,정상,133,data\raw\opendart_financial\bsns_year=2017\reprt_code=11011\fs_div=CFS\047810_00309503.json
한국항공우주,047810,00309503,KOSPI,기계산업재,2017,사업보고서,11011,OFS,별도재무제표,000,정상,108,data\raw\opendart_financial\bsns_year=2017\reprt_code=11011\fs_div=OFS\047810_00309503.json
한국항공우주,047810,00309503,KOSPI,기계산업재,2017,반기보고서,11012,CFS,연결재무제표,000,정상,115,data\raw\opendart_financial\bsns_year=2017\reprt_code=11012\fs_div=CFS\047810_00309503.json
한국항공우주,047810,00309503,KOSPI,기계산업재,2017,반기보고서,11012,OFS,별도재무제표,000,정상,99,data\raw\opendart_financial\bsns_year=2017\reprt_code=11012\fs_div=OFS\047810_00309503.json
한국항공우주,047810,00309503,KOSPI,기계산업재,2017,분기보고서_1분기,11013,CFS,연결재무제표,000,정상,122,data\raw\opendart_financial\bsns_year=2017\reprt_code=11013\fs_div=CFS\047810_00309503.json
한국항공우주,047810,00309503,KOSPI,기계산업재,2017,분기보고서_1분기,11013,OFS,별도재무제표,000,정상,106,data\raw\opendart_financial\bsns_year=2017\reprt_code=11013\fs_div=OFS\047810_00309503.json
한국항공우주,047810,00309503,KOSPI,기계산업재,2017,분기보고서_3분기,11014,CFS,연결재무제표,000,정상,119,data\raw\opendart_financial\bsns_year=2017\reprt_code=11014\fs_div=CFS\047810_00309503.json
한국항공우주,047810,00309503,KOSPI,기계산업재,2017,분기보고서_3분기,11014,OFS,별도재무제표,000,정상,99,data\raw\opendart_financial\bsns_year=2017\reprt_code=11014\fs_div=OFS\047810_00309503.json
한국항공우주,047810,00309503,KOSPI,기계산업재,2018,사업보고서,11011,CFS,연결재무제표,000,정상,156,data\raw\opendart_financial\bsns_year=2018\reprt_code=11011\fs_div=CFS\047810_00309503.json
한국항공우주,047810,00309503,KOSPI,기계산업재,2018,사업보고서,11011,OFS,별도재무제표,000,정상,118,data\raw\opendart_financial\bsns_year=2018\reprt_code=11011\fs_div=OFS\047810_00309503.json
한국항공우주,047810,00309503,KOSPI,기계산업재,2018,반기보고서,11012,CFS,연결재무제표,000,정상,124,data\raw\opendart_financial\bsns_year=2018\reprt_code=11012\fs_div=CFS\047810_00309503.json
한국항공우주,047810,00309503,KOSPI,기계산업재,2018,반기보고서,11012,OFS,별도재무제표,000,정상,110,data\raw\opendart_financial\bsns_year=2018\reprt_code=11012\fs_div=OFS\047810_00309503.json
한국항공우주,047810,00309503,KOSPI,기계산업재,2018,분기보고서_1분기,11013,CFS,연결재무제표,000,정상,124,data\raw\opendart_financial\bsns_year=2018\reprt_code=11013\fs_div=CFS\047810_00309503.json
한국항공우주,047810,00309503,KOSPI,기계산업재,2018,분기보고서_1분기,11013,OFS,별도재무제표,000,정상,107,data\raw\opendart_financial\bsns_year=2018\reprt_code=11013\fs_div=OFS\047810_00309503.json
한국항공우주,047810,00309503,KOSPI,기계산업재,2018,분기보고서_3분기,11014,CFS,연결재무제표,000,정상,137,data\raw\opendart_financial\bsns_year=2018\reprt_code=11014\fs_div=CFS\047810_00309503.json
한국항공우주,047810,00309503,KOSPI,기계산업재,2018,분기보고서_3분기,11014,OFS,별도재무제표,000,정상,113,data\raw\opendart_financial\bsns_year=2018\reprt_code=11014\fs_div=OFS\047810_00309503.json
한국항공우주,047810,00309503,KOSPI,기계산업재,2019,사업보고서,11011,CFS,연결재무제표,000,정상,160,data\raw\opendart_financial\bsns_year=2019\reprt_code=11011\fs_div=CFS\047810_00309503.json
한국항공우주,047810,00309503,KOSPI,기계산업재,2019,사업보고서,11011,OFS,별도재무제표,000,정상,121,data\raw\opendart_financial\bsns_year=2019\reprt_code=11011\fs_div=OFS\047810_00309503.json
한국항공우주,047810,00309503,KOSPI,기계산업재,2019,반기보고서,11012,CFS,연결재무제표,000,정상,129,data\raw\opendart_financial\bsns_year=2019\reprt_code=11012\fs_div=CFS\047810_00309503.json
한국항공우주,047810,00309503,KOSPI,기계산업재,2019,반기보고서,11012,OFS,별도재무제표,000,정상,107,data\raw\opendart_financial\bsns_year=2019\reprt_code=11012\fs_div=OFS\047810_00309503.json
한국항공우주,047810,00309503,KOSPI,기계산업재,2019,분기보고서_1분기,11013,CFS,연결재무제표,000,정상,122,data\raw\opendart_financial\bsns_year=2019\reprt_code=11013\fs_div=CFS\047810_00309503.json
한국항공우주,047810,00309503,KOSPI,기계산업재,2019,분기보고서_1분기,11013,OFS,별도재무제표,000,정상,100,data\raw\opendart_financial\bsns_year=2019\reprt_code=11013\fs_div=OFS\047810_00309503.json
한국항공우주,047810,00309503,KOSPI,기계산업재,2019,분기보고서_3분기,11014,CFS,연결재무제표,000,정상,134,data\raw\opendart_financial\bsns_year=2019\reprt_code=11014\fs_div=CFS\047810_00309503.json
한국항공우주,047810,00309503,KOSPI,기계산업재,2019,분기보고서_3분기,11014,OFS,별도재무제표,000,정상,110,data\raw\opendart_financial\bsns_year=2019\reprt_code=11014\fs_div=OFS\047810_00309503.json
한국항공우주,047810,00309503,KOSPI,기계산업재,2020,사업보고서,11011,CFS,연결재무제표,000,정상,158,data\raw\opendart_financial\bsns_year=2020\reprt_code=11011\fs_div=CFS\047810_00309503.json
한국항공우주,047810,00309503,KOSPI,기계산업재,2020,사업보고서,11011,OFS,별도재무제표,000,정상,119,data\raw\opendart_financial\bsns_year=2020\reprt_code=11011\fs_div=OFS\047810_00309503.json
한국항공우주,047810,00309503,KOSPI,기계산업재,2020,반기보고서,11012,CFS,연결재무제표,000,정상,131,data\raw\opendart_financial\bsns_year=2020\reprt_code=11012\fs_div=CFS\047810_00309503.json
한국항공우주,047810,00309503,KOSPI,기계산업재,2020,반기보고서,11012,OFS,별도재무제표,000,정상,106,data\raw\opendart_financial\bsns_year=2020\reprt_code=11012\fs_div=OFS\047810_00309503.json
한국항공우주,047810,00309503,KOSPI,기계산업재,2020,분기보고서_1분기,11013,CFS,연결재무제표,000,정상,125,data\raw\opendart_financial\bsns_year=2020\reprt_code=11013\fs_div=CFS\047810_00309503.json
한국항공우주,047810,00309503,KOSPI,기계산업재,2020,분기보고서_1분기,11013,OFS,별도재무제표,000,정상,101,data\raw\opendart_financial\bsns_year=2020\reprt_code=11013\fs_div=OFS\047810_00309503.json
한국항공우주,047810,00309503,KOSPI,기계산업재,2020,분기보고서_3분기,11014,CFS,연결재무제표,000,정상,134,data\raw\opendart_financial\bsns_year=2020\reprt_code=11014\fs_div=CFS\047810_00309503.json
한국항공우주,047810,00309503,KOSPI,기계산업재,2020,분기보고서_3분기,11014,OFS,별도재무제표,000,정상,109,data\raw\opendart_financial\bsns_year=2020\reprt_code=11014\fs_div=OFS\047810_00309503.json
한국항공우주,047810,00309503,KOSPI,기계산업재,2021,사업보고서,11011,CFS,연결재무제표,000,정상,145,data\raw\opendart_financial\bsns_year=2021\reprt_code=11011\fs_div=CFS\047810_00309503.json
한국항공우주,047810,00309503,KOSPI,기계산업재,2021,사업보고서,11011,OFS,별도재무제표,000,정상,118,data\raw\opendart_financial\bsns_year=2021\reprt_code=11011\fs_div=OFS\047810_00309503.json
한국항공우주,047810,00309503,KOSPI,기계산업재,2021,반기보고서,11012,CFS,연결재무제표,000,정상,129,data\raw\opendart_financial\bsns_year=2021\reprt_code=11012\fs_div=CFS\047810_00309503.json
한국항공우주,047810,00309503,KOSPI,기계산업재,2021,반기보고서,11012,OFS,별도재무제표,000,정상,103,data\raw\opendart_financial\bsns_year=2021\reprt_code=11012\fs_div=OFS\047810_00309503.json
한국항공우주,047810,00309503,KOSPI,기계산업재,2021,분기보고서_1분기,11013,CFS,연결재무제표,000,정상,124,data\raw\opendart_financial\bsns_year=2021\reprt_code=11013\fs_div=CFS\047810_00309503.json
한국항공우주,047810,00309503,KOSPI,기계산업재,2021,분기보고서_1분기,11013,OFS,별도재무제표,000,정상,100,data\raw\opendart_financial\bsns_year=2021\reprt_code=11013\fs_div=OFS\047810_00309503.json
한국항공우주,047810,00309503,KOSPI,기계산업재,2021,분기보고서_3분기,11014,CFS,연결재무제표,000,정상,130,data\raw\opendart_financial\bsns_year=2021\reprt_code=11014\fs_div=CFS\047810_00309503.json
한국항공우주,047810,00309503,KOSPI,기계산업재,2021,분기보고서_3분기,11014,OFS,별도재무제표,000,정상,105,data\raw\opendart_financial\bsns_year=2021\reprt_code=11014\fs_div=OFS\047810_00309503.json
한국항공우주,047810,00309503,KOSPI,기계산업재,2022,사업보고서,11011,CFS,연결재무제표,000,정상,144,data\raw\opendart_financial\bsns_year=2022\reprt_code=11011\fs_div=CFS\047810_00309503.json
한국항공우주,047810,00309503,KOSPI,기계산업재,2022,사업보고서,11011,OFS,별도재무제표,000,정상,114,data\raw\opendart_financial\bsns_year=2022\reprt_code=11011\fs_div=OFS\047810_00309503.json
한국항공우주,047810,00309503,KOSPI,기계산업재,2022,반기보고서,11012,CFS,연결재무제표,000,정상,128,data\raw\opendart_financial\bsns_year=2022\reprt_code=11012\fs_div=CFS\047810_00309503.json
한국항공우주,047810,00309503,KOSPI,기계산업재,2022,반기보고서,11012,OFS,별도재무제표,000,정상,104,data\raw\opendart_financial\bsns_year=2022\reprt_code=11012\fs_div=OFS\047810_00309503.json
한국항공우주,047810,00309503,KOSPI,기계산업재,2022,분기보고서_1분기,11013,CFS,연결재무제표,000,정상,124,data\raw\opendart_financial\bsns_year=2022\reprt_code=11013\fs_div=CFS\047810_00309503.json
한국항공우주,047810,00309503,KOSPI,기계산업재,2022,분기보고서_1분기,11013,OFS,별도재무제표,000,정상,101,data\raw\opendart_financial\bsns_year=2022\reprt_code=11013\fs_div=OFS\047810_00309503.json
한국항공우주,047810,00309503,KOSPI,기계산업재,2022,분기보고서_3분기,11014,CFS,연결재무제표,000,정상,128,data\raw\opendart_financial\bsns_year=2022\reprt_code=11014\fs_div=CFS\047810_00309503.json
한국항공우주,047810,00309503,KOSPI,기계산업재,2022,분기보고서_3분기,11014,OFS,별도재무제표,000,정상,105,data\raw\opendart_financial\bsns_year=2022\reprt_code=11014\fs_div=OFS\047810_00309503.json
한국항공우주,047810,00309503,KOSPI,기계산업재,2023,사업보고서,11011,CFS,연결재무제표,000,정상,145,data\raw\opendart_financial\bsns_year=2023\reprt_code=11011\fs_div=CFS\047810_00309503.json
한국항공우주,047810,00309503,KOSPI,기계산업재,2023,사업보고서,11011,OFS,별도재무제표,000,정상,117,data\raw\opendart_financial\bsns_year=2023\reprt_code=11011\fs_div=OFS\047810_00309503.json
한국항공우주,047810,00309503,KOSPI,기계산업재,2023,반기보고서,11012,CFS,연결재무제표,000,정상,137,data\raw\opendart_financial\bsns_year=2023\reprt_code=11012\fs_div=CFS\047810_00309503.json
한국항공우주,047810,00309503,KOSPI,기계산업재,2023,반기보고서,11012,OFS,별도재무제표,000,정상,107,data\raw\opendart_financial\bsns_year=2023\reprt_code=11012\fs_div=OFS\047810_00309503.json
한국항공우주,047810,00309503,KOSPI,기계산업재,2023,분기보고서_1분기,11013,CFS,연결재무제표,000,정상,129,data\raw\opendart_financial\bsns_year=2023\reprt_code=11013\fs_div=CFS\047810_00309503.json
한국항공우주,047810,00309503,KOSPI,기계산업재,2023,분기보고서_1분기,11013,OFS,별도재무제표,000,정상,100,data\raw\opendart_financial\bsns_year=2023\reprt_code=11013\fs_div=OFS\047810_00309503.json
한국항공우주,047810,00309503,KOSPI,기계산업재,2023,분기보고서_3분기,11014,CFS,연결재무제표,000,정상,137,data\raw\opendart_financial\bsns_year=2023\reprt_code=11014\fs_div=CFS\047810_00309503.json
한국항공우주,047810,00309503,KOSPI,기계산업재,2023,분기보고서_3분기,11014,OFS,별도재무제표,000,정상,108,data\raw\opendart_financial\bsns_year=2023\reprt_code=11014\fs_div=OFS\047810_00309503.json
한국항공우주,047810,00309503,KOSPI,기계산업재,2024,사업보고서,11011,CFS,연결재무제표,000,정상,145,data\raw\opendart_financial\bsns_year=2024\reprt_code=11011\fs_div=CFS\047810_00309503.json
한국항공우주,047810,00309503,KOSPI,기계산업재,2024,사업보고서,11011,OFS,별도재무제표,000,정상,118,data\raw\opendart_financial\bsns_year=2024\reprt_code=11011\fs_div=OFS\047810_00309503.json
한국항공우주,047810,00309503,KOSPI,기계산업재,2024,반기보고서,11012,CFS,연결재무제표,000,정상,137,data\raw\opendart_financial\bsns_year=2024\reprt_code=11012\fs_div=CFS\047810_00309503.json
한국항공우주,047810,00309503,KOSPI,기계산업재,2024,반기보고서,11012,OFS,별도재무제표,000,정상,107,data\raw\opendart_financial\bsns_year=2024\reprt_code=11012\fs_div=OFS\047810_00309503.json
한국항공우주,047810,00309503,KOSPI,기계산업재,2024,분기보고서_1분기,11013,CFS,연결재무제표,000,정상,135,data\raw\opendart_financial\bsns_year=2024\reprt_code=11013\fs_div=CFS\047810_00309503.json
한국항공우주,047810,00309503,KOSPI,기계산업재,2024,분기보고서_1분기,11013,OFS,별도재무제표,000,정상,104,data\raw\opendart_financial\bsns_year=2024\reprt_code=11013\fs_div=OFS\047810_00309503.json
한국항공우주,047810,00309503,KOSPI,기계산업재,2024,분기보고서_3분기,11014,CFS,연결재무제표,000,정상,139,data\raw\opendart_financial\bsns_year=2024\reprt_code=11014\fs_div=CFS\047810_00309503.json
한국항공우주,047810,00309503,KOSPI,기계산업재,2024,분기보고서_3분기,11014,OFS,별도재무제표,000,정상,112,data\raw\opendart_financial\bsns_year=2024\reprt_code=11014\fs_div=OFS\047810_00309503.json
한국항공우주,047810,00309503,KOSPI,기계산업재,2025,사업보고서,11011,CFS,연결재무제표,000,정상,146,data\raw\opendart_financial\bsns_year=2025\reprt_code=11011\fs_div=CFS\047810_00309503.json
한국항공우주,047810,00309503,KOSPI,기계산업재,2025,사업보고서,11011,OFS,별도재무제표,000,정상,118,data\raw\opendart_financial\bsns_year=2025\reprt_code=11011\fs_div=OFS\047810_00309503.json
한국항공우주,047810,00309503,KOSPI,기계산업재,2025,반기보고서,11012,CFS,연결재무제표,000,정상,127,data\raw\opendart_financial\bsns_year=2025\reprt_code=11012\fs_div=CFS\047810_00309503.json
한국항공우주,047810,00309503,KOSPI,기계산업재,2025,반기보고서,11012,OFS,별도재무제표,000,정상,103,data\raw\opendart_financial\bsns_year=2025\reprt_code=11012\fs_div=OFS\047810_00309503.json
한국항공우주,047810,00309503,KOSPI,기계산업재,2025,분기보고서_1분기,11013,CFS,연결재무제표,000,정상,123,data\raw\opendart_financial\bsns_year=2025\reprt_code=11013\fs_div=CFS\047810_00309503.json
한국항공우주,047810,00309503,KOSPI,기계산업재,2025,분기보고서_1분기,11013,OFS,별도재무제표,000,정상,99,data\raw\opendart_financial\bsns_year=2025\reprt_code=11013\fs_div=OFS\047810_00309503.json
한국항공우주,047810,00309503,KOSPI,기계산업재,2025,분기보고서_3분기,11014,CFS,연결재무제표,000,정상,133,data\raw\opendart_financial\bsns_year=2025\reprt_code=11014\fs_div=CFS\047810_00309503.json
한국항공우주,047810,00309503,KOSPI,기계산업재,2025,분기보고서_3분기,11014,OFS,별도재무제표,000,정상,103,data\raw\opendart_financial\bsns_year=2025\reprt_code=11014\fs_div=OFS\047810_00309503.json
두산밥캣,241560,01032486,KOSPI,기계산업재,2017,사업보고서,11011,CFS,연결재무제표,000,정상,212,data\raw\opendart_financial\bsns_year=2017\reprt_code=11011\fs_div=CFS\241560_01032486.json
두산밥캣,241560,01032486,KOSPI,기계산업재,2017,사업보고서,11011,OFS,별도재무제표,000,정상,115,data\raw\opendart_financial\bsns_year=2017\reprt_code=11011\fs_div=OFS\241560_01032486.json
두산밥캣,241560,01032486,KOSPI,기계산업재,2017,반기보고서,11012,CFS,연결재무제표,000,정상,155,data\raw\opendart_financial\bsns_year=2017\reprt_code=11012\fs_div=CFS\241560_01032486.json
두산밥캣,241560,01032486,KOSPI,기계산업재,2017,반기보고서,11012,OFS,별도재무제표,000,정상,95,data\raw\opendart_financial\bsns_year=2017\reprt_code=11012\fs_div=OFS\241560_01032486.json
두산밥캣,241560,01032486,KOSPI,기계산업재,2017,분기보고서_1분기,11013,CFS,연결재무제표,000,정상,192,data\raw\opendart_financial\bsns_year=2017\reprt_code=11013\fs_div=CFS\241560_01032486.json
두산밥캣,241560,01032486,KOSPI,기계산업재,2017,분기보고서_1분기,11013,OFS,별도재무제표,000,정상,112,data\raw\opendart_financial\bsns_year=2017\reprt_code=11013\fs_div=OFS\241560_01032486.json
두산밥캣,241560,01032486,KOSPI,기계산업재,2017,분기보고서_3분기,11014,CFS,연결재무제표,000,정상,153,data\raw\opendart_financial\bsns_year=2017\reprt_code=11014\fs_div=CFS\241560_01032486.json
두산밥캣,241560,01032486,KOSPI,기계산업재,2017,분기보고서_3분기,11014,OFS,별도재무제표,000,정상,96,data\raw\opendart_financial\bsns_year=2017\reprt_code=11014\fs_div=OFS\241560_01032486.json
두산밥캣,241560,01032486,KOSPI,기계산업재,2018,사업보고서,11011,CFS,연결재무제표,000,정상,190,data\raw\opendart_financial\bsns_year=2018\reprt_code=11011\fs_div=CFS\241560_01032486.json
두산밥캣,241560,01032486,KOSPI,기계산업재,2018,사업보고서,11011,OFS,별도재무제표,000,정상,103,data\raw\opendart_financial\bsns_year=2018\reprt_code=11011\fs_div=OFS\241560_01032486.json
두산밥캣,241560,01032486,KOSPI,기계산업재,2018,반기보고서,11012,CFS,연결재무제표,000,정상,140,data\raw\opendart_financial\bsns_year=2018\reprt_code=11012\fs_div=CFS\241560_01032486.json
두산밥캣,241560,01032486,KOSPI,기계산업재,2018,반기보고서,11012,OFS,별도재무제표,000,정상,76,data\raw\opendart_financial\bsns_year=2018\reprt_code=11012\fs_div=OFS\241560_01032486.json
두산밥캣,241560,01032486,KOSPI,기계산업재,2018,분기보고서_1분기,11013,CFS,연결재무제표,000,정상,134,data\raw\opendart_financial\bsns_year=2018\reprt_code=11013\fs_div=CFS\241560_01032486.json
두산밥캣,241560,01032486,KOSPI,기계산업재,2018,분기보고서_1분기,11013,OFS,별도재무제표,000,정상,68,data\raw\opendart_financial\bsns_year=2018\reprt_code=11013\fs_div=OFS\241560_01032486.json
두산밥캣,241560,01032486,KOSPI,기계산업재,2018,분기보고서_3분기,11014,CFS,연결재무제표,000,정상,139,data\raw\opendart_financial\bsns_year=2018\reprt_code=11014\fs_div=CFS\241560_01032486.json
두산밥캣,241560,01032486,KOSPI,기계산업재,2018,분기보고서_3분기,11014,OFS,별도재무제표,000,정상,80,data\raw\opendart_financial\bsns_year=2018\reprt_code=11014\fs_div=OFS\241560_01032486.json
두산밥캣,241560,01032486,KOSPI,기계산업재,2019,사업보고서,11011,CFS,연결재무제표,000,정상,166,data\raw\opendart_financial\bsns_year=2019\reprt_code=11011\fs_div=CFS\241560_01032486.json
두산밥캣,241560,01032486,KOSPI,기계산업재,2019,사업보고서,11011,OFS,별도재무제표,000,정상,98,data\raw\opendart_financial\bsns_year=2019\reprt_code=11011\fs_div=OFS\241560_01032486.json
두산밥캣,241560,01032486,KOSPI,기계산업재,2019,반기보고서,11012,CFS,연결재무제표,000,정상,188,data\raw\opendart_financial\bsns_year=2019\reprt_code=11012\fs_div=CFS\241560_01032486.json
두산밥캣,241560,01032486,KOSPI,기계산업재,2019,반기보고서,11012,OFS,별도재무제표,000,정상,98,data\raw\opendart_financial\bsns_year=2019\reprt_code=11012\fs_div=OFS\241560_01032486.json
두산밥캣,241560,01032486,KOSPI,기계산업재,2019,분기보고서_1분기,11013,CFS,연결재무제표,000,정상,164,data\raw\opendart_financial\bsns_year=2019\reprt_code=11013\fs_div=CFS\241560_01032486.json
두산밥캣,241560,01032486,KOSPI,기계산업재,2019,분기보고서_1분기,11013,OFS,별도재무제표,000,정상,87,data\raw\opendart_financial\bsns_year=2019\reprt_code=11013\fs_div=OFS\241560_01032486.json
두산밥캣,241560,01032486,KOSPI,기계산업재,2019,분기보고서_3분기,11014,CFS,연결재무제표,000,정상,204,data\raw\opendart_financial\bsns_year=2019\reprt_code=11014\fs_div=CFS\241560_01032486.json
두산밥캣,241560,01032486,KOSPI,기계산업재,2019,분기보고서_3분기,11014,OFS,별도재무제표,000,정상,101,data\raw\opendart_financial\bsns_year=2019\reprt_code=11014\fs_div=OFS\241560_01032486.json
두산밥캣,241560,01032486,KOSPI,기계산업재,2020,사업보고서,11011,CFS,연결재무제표,000,정상,172,data\raw\opendart_financial\bsns_year=2020\reprt_code=11011\fs_div=CFS\241560_01032486.json
두산밥캣,241560,01032486,KOSPI,기계산업재,2020,사업보고서,11011,OFS,별도재무제표,000,정상,100,data\raw\opendart_financial\bsns_year=2020\reprt_code=11011\fs_div=OFS\241560_01032486.json
두산밥캣,241560,01032486,KOSPI,기계산업재,2020,반기보고서,11012,CFS,연결재무제표,000,정상,134,data\raw\opendart_financial\bsns_year=2020\reprt_code=11012\fs_div=CFS\241560_01032486.json
두산밥캣,241560,01032486,KOSPI,기계산업재,2020,반기보고서,11012,OFS,별도재무제표,000,정상,95,data\raw\opendart_financial\bsns_year=2020\reprt_code=11012\fs_div=OFS\241560_01032486.json
두산밥캣,241560,01032486,KOSPI,기계산업재,2020,분기보고서_1분기,11013,CFS,연결재무제표,000,정상,132,data\raw\opendart_financial\bsns_year=2020\reprt_code=11013\fs_div=CFS\241560_01032486.json
두산밥캣,241560,01032486,KOSPI,기계산업재,2020,분기보고서_1분기,11013,OFS,별도재무제표,000,정상,85,data\raw\opendart_financial\bsns_year=2020\reprt_code=11013\fs_div=OFS\241560_01032486.json
두산밥캣,241560,01032486,KOSPI,기계산업재,2020,분기보고서_3분기,11014,CFS,연결재무제표,000,정상,146,data\raw\opendart_financial\bsns_year=2020\reprt_code=11014\fs_div=CFS\241560_01032486.json
두산밥캣,241560,01032486,KOSPI,기계산업재,2020,분기보고서_3분기,11014,OFS,별도재무제표,000,정상,91,data\raw\opendart_financial\bsns_year=2020\reprt_code=11014\fs_div=OFS\241560_01032486.json
두산밥캣,241560,01032486,KOSPI,기계산업재,2021,사업보고서,11011,CFS,연결재무제표,000,정상,177,data\raw\opendart_financial\bsns_year=2021\reprt_code=11011\fs_div=CFS\241560_01032486.json
두산밥캣,241560,01032486,KOSPI,기계산업재,2021,사업보고서,11011,OFS,별도재무제표,000,정상,105,data\raw\opendart_financial\bsns_year=2021\reprt_code=11011\fs_div=OFS\241560_01032486.json
두산밥캣,241560,01032486,KOSPI,기계산업재,2021,반기보고서,11012,CFS,연결재무제표,000,정상,142,data\raw\opendart_financial\bsns_year=2021\reprt_code=11012\fs_div=CFS\241560_01032486.json
두산밥캣,241560,01032486,KOSPI,기계산업재,2021,반기보고서,11012,OFS,별도재무제표,000,정상,90,data\raw\opendart_financial\bsns_year=2021\reprt_code=11012\fs_div=OFS\241560_01032486.json
두산밥캣,241560,01032486,KOSPI,기계산업재,2021,분기보고서_1분기,11013,CFS,연결재무제표,000,정상,136,data\raw\opendart_financial\bsns_year=2021\reprt_code=11013\fs_div=CFS\241560_01032486.json
두산밥캣,241560,01032486,KOSPI,기계산업재,2021,분기보고서_1분기,11013,OFS,별도재무제표,000,정상,88,data\raw\opendart_financial\bsns_year=2021\reprt_code=11013\fs_div=OFS\241560_01032486.json
두산밥캣,241560,01032486,KOSPI,기계산업재,2021,분기보고서_3분기,11014,CFS,연결재무제표,000,정상,148,data\raw\opendart_financial\bsns_year=2021\reprt_code=11014\fs_div=CFS\241560_01032486.json
두산밥캣,241560,01032486,KOSPI,기계산업재,2021,분기보고서_3분기,11014,OFS,별도재무제표,000,정상,92,data\raw\opendart_financial\bsns_year=2021\reprt_code=11014\fs_div=OFS\241560_01032486.json
두산밥캣,241560,01032486,KOSPI,기계산업재,2022,사업보고서,11011,CFS,연결재무제표,000,정상,193,data\raw\opendart_financial\bsns_year=2022\reprt_code=11011\fs_div=CFS\241560_01032486.json
두산밥캣,241560,01032486,KOSPI,기계산업재,2022,사업보고서,11011,OFS,별도재무제표,000,정상,115,data\raw\opendart_financial\bsns_year=2022\reprt_code=11011\fs_div=OFS\241560_01032486.json
두산밥캣,241560,01032486,KOSPI,기계산업재,2022,반기보고서,11012,CFS,연결재무제표,000,정상,157,data\raw\opendart_financial\bsns_year=2022\reprt_code=11012\fs_div=CFS\241560_01032486.json
두산밥캣,241560,01032486,KOSPI,기계산업재,2022,반기보고서,11012,OFS,별도재무제표,000,정상,104,data\raw\opendart_financial\bsns_year=2022\reprt_code=11012\fs_div=OFS\241560_01032486.json
두산밥캣,241560,01032486,KOSPI,기계산업재,2022,분기보고서_1분기,11013,CFS,연결재무제표,000,정상,154,data\raw\opendart_financial\bsns_year=2022\reprt_code=11013\fs_div=CFS\241560_01032486.json
두산밥캣,241560,01032486,KOSPI,기계산업재,2022,분기보고서_1분기,11013,OFS,별도재무제표,000,정상,99,data\raw\opendart_financial\bsns_year=2022\reprt_code=11013\fs_div=OFS\241560_01032486.json
두산밥캣,241560,01032486,KOSPI,기계산업재,2022,분기보고서_3분기,11014,CFS,연결재무제표,000,정상,170,data\raw\opendart_financial\bsns_year=2022\reprt_code=11014\fs_div=CFS\241560_01032486.json
두산밥캣,241560,01032486,KOSPI,기계산업재,2022,분기보고서_3분기,11014,OFS,별도재무제표,000,정상,106,data\raw\opendart_financial\bsns_year=2022\reprt_code=11014\fs_div=OFS\241560_01032486.json
두산밥캣,241560,01032486,KOSPI,기계산업재,2023,사업보고서,11011,CFS,연결재무제표,000,정상,195,data\raw\opendart_financial\bsns_year=2023\reprt_code=11011\fs_div=CFS\241560_01032486.json
두산밥캣,241560,01032486,KOSPI,기계산업재,2023,사업보고서,11011,OFS,별도재무제표,013,조회된 데이타가 없습니다.,0,data\raw\opendart_financial\bsns_year=2023\reprt_code=11011\fs_div=OFS\241560_01032486.json
두산밥캣,241560,01032486,KOSPI,기계산업재,2023,반기보고서,11012,CFS,연결재무제표,000,정상,160,data\raw\opendart_financial\bsns_year=2023\reprt_code=11012\fs_div=CFS\241560_01032486.json
두산밥캣,241560,01032486,KOSPI,기계산업재,2023,반기보고서,11012,OFS,별도재무제표,000,정상,106,data\raw\opendart_financial\bsns_year=2023\reprt_code=11012\fs_div=OFS\241560_01032486.json
두산밥캣,241560,01032486,KOSPI,기계산업재,2023,분기보고서_1분기,11013,CFS,연결재무제표,000,정상,153,data\raw\opendart_financial\bsns_year=2023\reprt_code=11013\fs_div=CFS\241560_01032486.json
두산밥캣,241560,01032486,KOSPI,기계산업재,2023,분기보고서_1분기,11013,OFS,별도재무제표,000,정상,103,data\raw\opendart_financial\bsns_year=2023\reprt_code=11013\fs_div=OFS\241560_01032486.json
두산밥캣,241560,01032486,KOSPI,기계산업재,2023,분기보고서_3분기,11014,CFS,연결재무제표,000,정상,171,data\raw\opendart_financial\bsns_year=2023\reprt_code=11014\fs_div=CFS\241560_01032486.json
두산밥캣,241560,01032486,KOSPI,기계산업재,2023,분기보고서_3분기,11014,OFS,별도재무제표,000,정상,108,data\raw\opendart_financial\bsns_year=2023\reprt_code=11014\fs_div=OFS\241560_01032486.json
두산밥캣,241560,01032486,KOSPI,기계산업재,2024,사업보고서,11011,CFS,연결재무제표,000,정상,190,data\raw\opendart_financial\bsns_year=2024\reprt_code=11011\fs_div=CFS\241560_01032486.json
두산밥캣,241560,01032486,KOSPI,기계산업재,2024,사업보고서,11011,OFS,별도재무제표,013,조회된 데이타가 없습니다.,0,data\raw\opendart_financial\bsns_year=2024\reprt_code=11011\fs_div=OFS\241560_01032486.json
두산밥캣,241560,01032486,KOSPI,기계산업재,2024,반기보고서,11012,CFS,연결재무제표,000,정상,200,data\raw\opendart_financial\bsns_year=2024\reprt_code=11012\fs_div=CFS\241560_01032486.json
두산밥캣,241560,01032486,KOSPI,기계산업재,2024,반기보고서,11012,OFS,별도재무제표,013,조회된 데이타가 없습니다.,0,data\raw\opendart_financial\bsns_year=2024\reprt_code=11012\fs_div=OFS\241560_01032486.json
두산밥캣,241560,01032486,KOSPI,기계산업재,2024,분기보고서_1분기,11013,CFS,연결재무제표,000,정상,152,data\raw\opendart_financial\bsns_year=2024\reprt_code=11013\fs_div=CFS\241560_01032486.json
두산밥캣,241560,01032486,KOSPI,기계산업재,2024,분기보고서_1분기,11013,OFS,별도재무제표,013,조회된 데이타가 없습니다.,0,data\raw\opendart_financial\bsns_year=2024\reprt_code=11013\fs_div=OFS\241560_01032486.json
두산밥캣,241560,01032486,KOSPI,기계산업재,2024,분기보고서_3분기,11014,CFS,연결재무제표,000,정상,216,data\raw\opendart_financial\bsns_year=2024\reprt_code=11014\fs_div=CFS\241560_01032486.json
두산밥캣,241560,01032486,KOSPI,기계산업재,2024,분기보고서_3분기,11014,OFS,별도재무제표,013,조회된 데이타가 없습니다.,0,data\raw\opendart_financial\bsns_year=2024\reprt_code=11014\fs_div=OFS\241560_01032486.json
두산밥캣,241560,01032486,KOSPI,기계산업재,2025,사업보고서,11011,CFS,연결재무제표,000,정상,176,data\raw\opendart_financial\bsns_year=2025\reprt_code=11011\fs_div=CFS\241560_01032486.json
두산밥캣,241560,01032486,KOSPI,기계산업재,2025,사업보고서,11011,OFS,별도재무제표,013,조회된 데이타가 없습니다.,0,data\raw\opendart_financial\bsns_year=2025\reprt_code=11011\fs_div=OFS\241560_01032486.json
두산밥캣,241560,01032486,KOSPI,기계산업재,2025,반기보고서,11012,CFS,연결재무제표,000,정상,167,data\raw\opendart_financial\bsns_year=2025\reprt_code=11012\fs_div=CFS\241560_01032486.json
두산밥캣,241560,01032486,KOSPI,기계산업재,2025,반기보고서,11012,OFS,별도재무제표,013,조회된 데이타가 없습니다.,0,data\raw\opendart_financial\bsns_year=2025\reprt_code=11012\fs_div=OFS\241560_01032486.json
두산밥캣,241560,01032486,KOSPI,기계산업재,2025,분기보고서_1분기,11013,CFS,연결재무제표,000,정상,204,data\raw\opendart_financial\bsns_year=2025\reprt_code=11013\fs_div=CFS\241560_01032486.json
두산밥캣,241560,01032486,KOSPI,기계산업재,2025,분기보고서_1분기,11013,OFS,별도재무제표,013,조회된 데이타가 없습니다.,0,data\raw\opendart_financial\bsns_year=2025\reprt_code=11013\fs_div=OFS\241560_01032486.json
두산밥캣,241560,01032486,KOSPI,기계산업재,2025,분기보고서_3분기,11014,CFS,연결재무제표,000,정상,168,data\raw\opendart_financial\bsns_year=2025\reprt_code=11014\fs_div=CFS\241560_01032486.json
두산밥캣,241560,01032486,KOSPI,기계산업재,2025,분기보고서_3분기,11014,OFS,별도재무제표,013,조회된 데이타가 없습니다.,0,data\raw\opendart_financial\bsns_year=2025\reprt_code=11014\fs_div=OFS\241560_01032486.json
대동,000490,00109286,KOSPI,기계산업재,2017,사업보고서,11011,CFS,연결재무제표,000,정상,233,data\raw\opendart_financial\bsns_year=2017\reprt_code=11011\fs_div=CFS\000490_00109286.json
대동,000490,00109286,KOSPI,기계산업재,2017,사업보고서,11011,OFS,별도재무제표,000,정상,175,data\raw\opendart_financial\bsns_year=2017\reprt_code=11011\fs_div=OFS\000490_00109286.json
대동,000490,00109286,KOSPI,기계산업재,2017,반기보고서,11012,CFS,연결재무제표,000,정상,226,data\raw\opendart_financial\bsns_year=2017\reprt_code=11012\fs_div=CFS\000490_00109286.json
대동,000490,00109286,KOSPI,기계산업재,2017,반기보고서,11012,OFS,별도재무제표,000,정상,177,data\raw\opendart_financial\bsns_year=2017\reprt_code=11012\fs_div=OFS\000490_00109286.json
대동,000490,00109286,KOSPI,기계산업재,2017,분기보고서_1분기,11013,CFS,연결재무제표,000,정상,228,data\raw\opendart_financial\bsns_year=2017\reprt_code=11013\fs_div=CFS\000490_00109286.json
대동,000490,00109286,KOSPI,기계산업재,2017,분기보고서_1분기,11013,OFS,별도재무제표,000,정상,179,data\raw\opendart_financial\bsns_year=2017\reprt_code=11013\fs_div=OFS\000490_00109286.json
대동,000490,00109286,KOSPI,기계산업재,2017,분기보고서_3분기,11014,CFS,연결재무제표,000,정상,192,data\raw\opendart_financial\bsns_year=2017\reprt_code=11014\fs_div=CFS\000490_00109286.json
대동,000490,00109286,KOSPI,기계산업재,2017,분기보고서_3분기,11014,OFS,별도재무제표,000,정상,152,data\raw\opendart_financial\bsns_year=2017\reprt_code=11014\fs_div=OFS\000490_00109286.json
대동,000490,00109286,KOSPI,기계산업재,2018,사업보고서,11011,CFS,연결재무제표,000,정상,243,data\raw\opendart_financial\bsns_year=2018\reprt_code=11011\fs_div=CFS\000490_00109286.json
대동,000490,00109286,KOSPI,기계산업재,2018,사업보고서,11011,OFS,별도재무제표,000,정상,181,data\raw\opendart_financial\bsns_year=2018\reprt_code=11011\fs_div=OFS\000490_00109286.json
대동,000490,00109286,KOSPI,기계산업재,2018,반기보고서,11012,CFS,연결재무제표,000,정상,217,data\raw\opendart_financial\bsns_year=2018\reprt_code=11012\fs_div=CFS\000490_00109286.json
대동,000490,00109286,KOSPI,기계산업재,2018,반기보고서,11012,OFS,별도재무제표,000,정상,161,data\raw\opendart_financial\bsns_year=2018\reprt_code=11012\fs_div=OFS\000490_00109286.json
대동,000490,00109286,KOSPI,기계산업재,2018,분기보고서_1분기,11013,CFS,연결재무제표,000,정상,236,data\raw\opendart_financial\bsns_year=2018\reprt_code=11013\fs_div=CFS\000490_00109286.json
대동,000490,00109286,KOSPI,기계산업재,2018,분기보고서_1분기,11013,OFS,별도재무제표,000,정상,181,data\raw\opendart_financial\bsns_year=2018\reprt_code=11013\fs_div=OFS\000490_00109286.json
대동,000490,00109286,KOSPI,기계산업재,2018,분기보고서_3분기,11014,CFS,연결재무제표,000,정상,238,data\raw\opendart_financial\bsns_year=2018\reprt_code=11014\fs_div=CFS\000490_00109286.json
대동,000490,00109286,KOSPI,기계산업재,2018,분기보고서_3분기,11014,OFS,별도재무제표,000,정상,176,data\raw\opendart_financial\bsns_year=2018\reprt_code=11014\fs_div=OFS\000490_00109286.json
대동,000490,00109286,KOSPI,기계산업재,2019,사업보고서,11011,CFS,연결재무제표,000,정상,242,data\raw\opendart_financial\bsns_year=2019\reprt_code=11011\fs_div=CFS\000490_00109286.json
대동,000490,00109286,KOSPI,기계산업재,2019,사업보고서,11011,OFS,별도재무제표,000,정상,193,data\raw\opendart_financial\bsns_year=2019\reprt_code=11011\fs_div=OFS\000490_00109286.json
대동,000490,00109286,KOSPI,기계산업재,2019,반기보고서,11012,CFS,연결재무제표,000,정상,219,data\raw\opendart_financial\bsns_year=2019\reprt_code=11012\fs_div=CFS\000490_00109286.json
대동,000490,00109286,KOSPI,기계산업재,2019,반기보고서,11012,OFS,별도재무제표,000,정상,163,data\raw\opendart_financial\bsns_year=2019\reprt_code=11012\fs_div=OFS\000490_00109286.json
대동,000490,00109286,KOSPI,기계산업재,2019,분기보고서_1분기,11013,CFS,연결재무제표,000,정상,216,data\raw\opendart_financial\bsns_year=2019\reprt_code=11013\fs_div=CFS\000490_00109286.json
대동,000490,00109286,KOSPI,기계산업재,2019,분기보고서_1분기,11013,OFS,별도재무제표,000,정상,174,data\raw\opendart_financial\bsns_year=2019\reprt_code=11013\fs_div=OFS\000490_00109286.json
대동,000490,00109286,KOSPI,기계산업재,2019,분기보고서_3분기,11014,CFS,연결재무제표,000,정상,230,data\raw\opendart_financial\bsns_year=2019\reprt_code=11014\fs_div=CFS\000490_00109286.json
대동,000490,00109286,KOSPI,기계산업재,2019,분기보고서_3분기,11014,OFS,별도재무제표,000,정상,171,data\raw\opendart_financial\bsns_year=2019\reprt_code=11014\fs_div=OFS\000490_00109286.json
대동,000490,00109286,KOSPI,기계산업재,2020,사업보고서,11011,CFS,연결재무제표,000,정상,287,data\raw\opendart_financial\bsns_year=2020\reprt_code=11011\fs_div=CFS\000490_00109286.json
대동,000490,00109286,KOSPI,기계산업재,2020,사업보고서,11011,OFS,별도재무제표,000,정상,213,data\raw\opendart_financial\bsns_year=2020\reprt_code=11011\fs_div=OFS\000490_00109286.json
대동,000490,00109286,KOSPI,기계산업재,2020,반기보고서,11012,CFS,연결재무제표,000,정상,221,data\raw\opendart_financial\bsns_year=2020\reprt_code=11012\fs_div=CFS\000490_00109286.json
대동,000490,00109286,KOSPI,기계산업재,2020,반기보고서,11012,OFS,별도재무제표,000,정상,177,data\raw\opendart_financial\bsns_year=2020\reprt_code=11012\fs_div=OFS\000490_00109286.json
대동,000490,00109286,KOSPI,기계산업재,2020,분기보고서_1분기,11013,CFS,연결재무제표,000,정상,222,data\raw\opendart_financial\bsns_year=2020\reprt_code=11013\fs_div=CFS\000490_00109286.json
대동,000490,00109286,KOSPI,기계산업재,2020,분기보고서_1분기,11013,OFS,별도재무제표,000,정상,162,data\raw\opendart_financial\bsns_year=2020\reprt_code=11013\fs_div=OFS\000490_00109286.json
대동,000490,00109286,KOSPI,기계산업재,2020,분기보고서_3분기,11014,CFS,연결재무제표,000,정상,234,data\raw\opendart_financial\bsns_year=2020\reprt_code=11014\fs_div=CFS\000490_00109286.json
대동,000490,00109286,KOSPI,기계산업재,2020,분기보고서_3분기,11014,OFS,별도재무제표,000,정상,181,data\raw\opendart_financial\bsns_year=2020\reprt_code=11014\fs_div=OFS\000490_00109286.json
대동,000490,00109286,KOSPI,기계산업재,2021,사업보고서,11011,CFS,연결재무제표,000,정상,287,data\raw\opendart_financial\bsns_year=2021\reprt_code=11011\fs_div=CFS\000490_00109286.json
대동,000490,00109286,KOSPI,기계산업재,2021,사업보고서,11011,OFS,별도재무제표,000,정상,206,data\raw\opendart_financial\bsns_year=2021\reprt_code=11011\fs_div=OFS\000490_00109286.json
대동,000490,00109286,KOSPI,기계산업재,2021,반기보고서,11012,CFS,연결재무제표,000,정상,229,data\raw\opendart_financial\bsns_year=2021\reprt_code=11012\fs_div=CFS\000490_00109286.json
대동,000490,00109286,KOSPI,기계산업재,2021,반기보고서,11012,OFS,별도재무제표,000,정상,174,data\raw\opendart_financial\bsns_year=2021\reprt_code=11012\fs_div=OFS\000490_00109286.json
대동,000490,00109286,KOSPI,기계산업재,2021,분기보고서_1분기,11013,CFS,연결재무제표,000,정상,216,data\raw\opendart_financial\bsns_year=2021\reprt_code=11013\fs_div=CFS\000490_00109286.json
대동,000490,00109286,KOSPI,기계산업재,2021,분기보고서_1분기,11013,OFS,별도재무제표,000,정상,161,data\raw\opendart_financial\bsns_year=2021\reprt_code=11013\fs_div=OFS\000490_00109286.json
대동,000490,00109286,KOSPI,기계산업재,2021,분기보고서_3분기,11014,CFS,연결재무제표,000,정상,229,data\raw\opendart_financial\bsns_year=2021\reprt_code=11014\fs_div=CFS\000490_00109286.json
대동,000490,00109286,KOSPI,기계산업재,2021,분기보고서_3분기,11014,OFS,별도재무제표,000,정상,176,data\raw\opendart_financial\bsns_year=2021\reprt_code=11014\fs_div=OFS\000490_00109286.json
대동,000490,00109286,KOSPI,기계산업재,2022,사업보고서,11011,CFS,연결재무제표,000,정상,295,data\raw\opendart_financial\bsns_year=2022\reprt_code=11011\fs_div=CFS\000490_00109286.json
대동,000490,00109286,KOSPI,기계산업재,2022,사업보고서,11011,OFS,별도재무제표,000,정상,211,data\raw\opendart_financial\bsns_year=2022\reprt_code=11011\fs_div=OFS\000490_00109286.json
대동,000490,00109286,KOSPI,기계산업재,2022,반기보고서,11012,CFS,연결재무제표,000,정상,238,data\raw\opendart_financial\bsns_year=2022\reprt_code=11012\fs_div=CFS\000490_00109286.json
대동,000490,00109286,KOSPI,기계산업재,2022,반기보고서,11012,OFS,별도재무제표,000,정상,176,data\raw\opendart_financial\bsns_year=2022\reprt_code=11012\fs_div=OFS\000490_00109286.json
대동,000490,00109286,KOSPI,기계산업재,2022,분기보고서_1분기,11013,CFS,연결재무제표,000,정상,215,data\raw\opendart_financial\bsns_year=2022\reprt_code=11013\fs_div=CFS\000490_00109286.json
대동,000490,00109286,KOSPI,기계산업재,2022,분기보고서_1분기,11013,OFS,별도재무제표,000,정상,164,data\raw\opendart_financial\bsns_year=2022\reprt_code=11013\fs_div=OFS\000490_00109286.json
대동,000490,00109286,KOSPI,기계산업재,2022,분기보고서_3분기,11014,CFS,연결재무제표,000,정상,288,data\raw\opendart_financial\bsns_year=2022\reprt_code=11014\fs_div=CFS\000490_00109286.json
대동,000490,00109286,KOSPI,기계산업재,2022,분기보고서_3분기,11014,OFS,별도재무제표,000,정상,193,data\raw\opendart_financial\bsns_year=2022\reprt_code=11014\fs_div=OFS\000490_00109286.json
대동,000490,00109286,KOSPI,기계산업재,2023,사업보고서,11011,CFS,연결재무제표,000,정상,287,data\raw\opendart_financial\bsns_year=2023\reprt_code=11011\fs_div=CFS\000490_00109286.json
대동,000490,00109286,KOSPI,기계산업재,2023,사업보고서,11011,OFS,별도재무제표,000,정상,186,data\raw\opendart_financial\bsns_year=2023\reprt_code=11011\fs_div=OFS\000490_00109286.json
대동,000490,00109286,KOSPI,기계산업재,2023,반기보고서,11012,CFS,연결재무제표,000,정상,174,data\raw\opendart_financial\bsns_year=2023\reprt_code=11012\fs_div=CFS\000490_00109286.json
대동,000490,00109286,KOSPI,기계산업재,2023,반기보고서,11012,OFS,별도재무제표,000,정상,122,data\raw\opendart_financial\bsns_year=2023\reprt_code=11012\fs_div=OFS\000490_00109286.json
대동,000490,00109286,KOSPI,기계산업재,2023,분기보고서_1분기,11013,CFS,연결재무제표,000,정상,159,data\raw\opendart_financial\bsns_year=2023\reprt_code=11013\fs_div=CFS\000490_00109286.json
대동,000490,00109286,KOSPI,기계산업재,2023,분기보고서_1분기,11013,OFS,별도재무제표,000,정상,110,data\raw\opendart_financial\bsns_year=2023\reprt_code=11013\fs_div=OFS\000490_00109286.json
대동,000490,00109286,KOSPI,기계산업재,2023,분기보고서_3분기,11014,CFS,연결재무제표,000,정상,188,data\raw\opendart_financial\bsns_year=2023\reprt_code=11014\fs_div=CFS\000490_00109286.json
대동,000490,00109286,KOSPI,기계산업재,2023,분기보고서_3분기,11014,OFS,별도재무제표,000,정상,129,data\raw\opendart_financial\bsns_year=2023\reprt_code=11014\fs_div=OFS\000490_00109286.json
대동,000490,00109286,KOSPI,기계산업재,2024,사업보고서,11011,CFS,연결재무제표,000,정상,216,data\raw\opendart_financial\bsns_year=2024\reprt_code=11011\fs_div=CFS\000490_00109286.json
대동,000490,00109286,KOSPI,기계산업재,2024,사업보고서,11011,OFS,별도재무제표,000,정상,147,data\raw\opendart_financial\bsns_year=2024\reprt_code=11011\fs_div=OFS\000490_00109286.json
대동,000490,00109286,KOSPI,기계산업재,2024,반기보고서,11012,CFS,연결재무제표,000,정상,220,data\raw\opendart_financial\bsns_year=2024\reprt_code=11012\fs_div=CFS\000490_00109286.json
대동,000490,00109286,KOSPI,기계산업재,2024,반기보고서,11012,OFS,별도재무제표,000,정상,151,data\raw\opendart_financial\bsns_year=2024\reprt_code=11012\fs_div=OFS\000490_00109286.json
대동,000490,00109286,KOSPI,기계산업재,2024,분기보고서_1분기,11013,CFS,연결재무제표,000,정상,210,data\raw\opendart_financial\bsns_year=2024\reprt_code=11013\fs_div=CFS\000490_00109286.json
대동,000490,00109286,KOSPI,기계산업재,2024,분기보고서_1분기,11013,OFS,별도재무제표,000,정상,135,data\raw\opendart_financial\bsns_year=2024\reprt_code=11013\fs_div=OFS\000490_00109286.json
대동,000490,00109286,KOSPI,기계산업재,2024,분기보고서_3분기,11014,CFS,연결재무제표,000,정상,247,data\raw\opendart_financial\bsns_year=2024\reprt_code=11014\fs_div=CFS\000490_00109286.json
대동,000490,00109286,KOSPI,기계산업재,2024,분기보고서_3분기,11014,OFS,별도재무제표,000,정상,165,data\raw\opendart_financial\bsns_year=2024\reprt_code=11014\fs_div=OFS\000490_00109286.json
대동,000490,00109286,KOSPI,기계산업재,2025,사업보고서,11011,CFS,연결재무제표,000,정상,275,data\raw\opendart_financial\bsns_year=2025\reprt_code=11011\fs_div=CFS\000490_00109286.json
대동,000490,00109286,KOSPI,기계산업재,2025,사업보고서,11011,OFS,별도재무제표,000,정상,187,data\raw\opendart_financial\bsns_year=2025\reprt_code=11011\fs_div=OFS\000490_00109286.json
대동,000490,00109286,KOSPI,기계산업재,2025,반기보고서,11012,CFS,연결재무제표,000,정상,238,data\raw\opendart_financial\bsns_year=2025\reprt_code=11012\fs_div=CFS\000490_00109286.json
대동,000490,00109286,KOSPI,기계산업재,2025,반기보고서,11012,OFS,별도재무제표,000,정상,161,data\raw\opendart_financial\bsns_year=2025\reprt_code=11012\fs_div=OFS\000490_00109286.json
대동,000490,00109286,KOSPI,기계산업재,2025,분기보고서_1분기,11013,CFS,연결재무제표,000,정상,218,data\raw\opendart_financial\bsns_year=2025\reprt_code=11013\fs_div=CFS\000490_00109286.json
대동,000490,00109286,KOSPI,기계산업재,2025,분기보고서_1분기,11013,OFS,별도재무제표,000,정상,150,data\raw\opendart_financial\bsns_year=2025\reprt_code=11013\fs_div=OFS\000490_00109286.json
대동,000490,00109286,KOSPI,기계산업재,2025,분기보고서_3분기,11014,CFS,연결재무제표,000,정상,248,data\raw\opendart_financial\bsns_year=2025\reprt_code=11014\fs_div=CFS\000490_00109286.json
대동,000490,00109286,KOSPI,기계산업재,2025,분기보고서_3분기,11014,OFS,별도재무제표,000,정상,169,data\raw\opendart_financial\bsns_year=2025\reprt_code=11014\fs_div=OFS\000490_00109286.json
NC,036570,00261443,KOSPI,서비스콘텐츠,2017,사업보고서,11011,CFS,연결재무제표,000,정상,418,data\raw\opendart_financial\bsns_year=2017\reprt_code=11011\fs_div=CFS\036570_00261443.json
NC,036570,00261443,KOSPI,서비스콘텐츠,2017,사업보고서,11011,OFS,별도재무제표,000,정상,290,data\raw\opendart_financial\bsns_year=2017\reprt_code=11011\fs_div=OFS\036570_00261443.json
NC,036570,00261443,KOSPI,서비스콘텐츠,2017,반기보고서,11012,CFS,연결재무제표,000,정상,336,data\raw\opendart_financial\bsns_year=2017\reprt_code=11012\fs_div=CFS\036570_00261443.json
NC,036570,00261443,KOSPI,서비스콘텐츠,2017,반기보고서,11012,OFS,별도재무제표,000,정상,243,data\raw\opendart_financial\bsns_year=2017\reprt_code=11012\fs_div=OFS\036570_00261443.json
NC,036570,00261443,KOSPI,서비스콘텐츠,2017,분기보고서_1분기,11013,CFS,연결재무제표,000,정상,404,data\raw\opendart_financial\bsns_year=2017\reprt_code=11013\fs_div=CFS\036570_00261443.json
NC,036570,00261443,KOSPI,서비스콘텐츠,2017,분기보고서_1분기,11013,OFS,별도재무제표,000,정상,269,data\raw\opendart_financial\bsns_year=2017\reprt_code=11013\fs_div=OFS\036570_00261443.json
NC,036570,00261443,KOSPI,서비스콘텐츠,2017,분기보고서_3분기,11014,CFS,연결재무제표,000,정상,379,data\raw\opendart_financial\bsns_year=2017\reprt_code=11014\fs_div=CFS\036570_00261443.json
NC,036570,00261443,KOSPI,서비스콘텐츠,2017,분기보고서_3분기,11014,OFS,별도재무제표,000,정상,250,data\raw\opendart_financial\bsns_year=2017\reprt_code=11014\fs_div=OFS\036570_00261443.json
NC,036570,00261443,KOSPI,서비스콘텐츠,2018,사업보고서,11011,CFS,연결재무제표,000,정상,404,data\raw\opendart_financial\bsns_year=2018\reprt_code=11011\fs_div=CFS\036570_00261443.json
NC,036570,00261443,KOSPI,서비스콘텐츠,2018,사업보고서,11011,OFS,별도재무제표,000,정상,306,data\raw\opendart_financial\bsns_year=2018\reprt_code=11011\fs_div=OFS\036570_00261443.json
NC,036570,00261443,KOSPI,서비스콘텐츠,2018,반기보고서,11012,CFS,연결재무제표,000,정상,345,data\raw\opendart_financial\bsns_year=2018\reprt_code=11012\fs_div=CFS\036570_00261443.json
NC,036570,00261443,KOSPI,서비스콘텐츠,2018,반기보고서,11012,OFS,별도재무제표,000,정상,279,data\raw\opendart_financial\bsns_year=2018\reprt_code=11012\fs_div=OFS\036570_00261443.json
NC,036570,00261443,KOSPI,서비스콘텐츠,2018,분기보고서_1분기,11013,CFS,연결재무제표,000,정상,319,data\raw\opendart_financial\bsns_year=2018\reprt_code=11013\fs_div=CFS\036570_00261443.json
NC,036570,00261443,KOSPI,서비스콘텐츠,2018,분기보고서_1분기,11013,OFS,별도재무제표,000,정상,254,data\raw\opendart_financial\bsns_year=2018\reprt_code=11013\fs_div=OFS\036570_00261443.json
NC,036570,00261443,KOSPI,서비스콘텐츠,2018,분기보고서_3분기,11014,CFS,연결재무제표,000,정상,365,data\raw\opendart_financial\bsns_year=2018\reprt_code=11014\fs_div=CFS\036570_00261443.json
NC,036570,00261443,KOSPI,서비스콘텐츠,2018,분기보고서_3분기,11014,OFS,별도재무제표,000,정상,286,data\raw\opendart_financial\bsns_year=2018\reprt_code=11014\fs_div=OFS\036570_00261443.json
NC,036570,00261443,KOSPI,서비스콘텐츠,2019,사업보고서,11011,CFS,연결재무제표,000,정상,423,data\raw\opendart_financial\bsns_year=2019\reprt_code=11011\fs_div=CFS\036570_00261443.json
NC,036570,00261443,KOSPI,서비스콘텐츠,2019,사업보고서,11011,OFS,별도재무제표,000,정상,333,data\raw\opendart_financial\bsns_year=2019\reprt_code=11011\fs_div=OFS\036570_00261443.json
NC,036570,00261443,KOSPI,서비스콘텐츠,2019,반기보고서,11012,CFS,연결재무제표,000,정상,314,data\raw\opendart_financial\bsns_year=2019\reprt_code=11012\fs_div=CFS\036570_00261443.json
NC,036570,00261443,KOSPI,서비스콘텐츠,2019,반기보고서,11012,OFS,별도재무제표,000,정상,254,data\raw\opendart_financial\bsns_year=2019\reprt_code=11012\fs_div=OFS\036570_00261443.json
NC,036570,00261443,KOSPI,서비스콘텐츠,2019,분기보고서_1분기,11013,CFS,연결재무제표,000,정상,293,data\raw\opendart_financial\bsns_year=2019\reprt_code=11013\fs_div=CFS\036570_00261443.json
NC,036570,00261443,KOSPI,서비스콘텐츠,2019,분기보고서_1분기,11013,OFS,별도재무제표,000,정상,233,data\raw\opendart_financial\bsns_year=2019\reprt_code=11013\fs_div=OFS\036570_00261443.json
NC,036570,00261443,KOSPI,서비스콘텐츠,2019,분기보고서_3분기,11014,CFS,연결재무제표,000,정상,343,data\raw\opendart_financial\bsns_year=2019\reprt_code=11014\fs_div=CFS\036570_00261443.json
NC,036570,00261443,KOSPI,서비스콘텐츠,2019,분기보고서_3분기,11014,OFS,별도재무제표,000,정상,280,data\raw\opendart_financial\bsns_year=2019\reprt_code=11014\fs_div=OFS\036570_00261443.json
NC,036570,00261443,KOSPI,서비스콘텐츠,2020,사업보고서,11011,CFS,연결재무제표,000,정상,337,data\raw\opendart_financial\bsns_year=2020\reprt_code=11011\fs_div=CFS\036570_00261443.json
NC,036570,00261443,KOSPI,서비스콘텐츠,2020,사업보고서,11011,OFS,별도재무제표,000,정상,268,data\raw\opendart_financial\bsns_year=2020\reprt_code=11011\fs_div=OFS\036570_00261443.json
NC,036570,00261443,KOSPI,서비스콘텐츠,2020,반기보고서,11012,CFS,연결재무제표,000,정상,298,data\raw\opendart_financial\bsns_year=2020\reprt_code=11012\fs_div=CFS\036570_00261443.json
NC,036570,00261443,KOSPI,서비스콘텐츠,2020,반기보고서,11012,OFS,별도재무제표,000,정상,243,data\raw\opendart_financial\bsns_year=2020\reprt_code=11012\fs_div=OFS\036570_00261443.json
NC,036570,00261443,KOSPI,서비스콘텐츠,2020,분기보고서_1분기,11013,CFS,연결재무제표,000,정상,279,data\raw\opendart_financial\bsns_year=2020\reprt_code=11013\fs_div=CFS\036570_00261443.json
NC,036570,00261443,KOSPI,서비스콘텐츠,2020,분기보고서_1분기,11013,OFS,별도재무제표,000,정상,221,data\raw\opendart_financial\bsns_year=2020\reprt_code=11013\fs_div=OFS\036570_00261443.json
NC,036570,00261443,KOSPI,서비스콘텐츠,2020,분기보고서_3분기,11014,CFS,연결재무제표,000,정상,331,data\raw\opendart_financial\bsns_year=2020\reprt_code=11014\fs_div=CFS\036570_00261443.json
NC,036570,00261443,KOSPI,서비스콘텐츠,2020,분기보고서_3분기,11014,OFS,별도재무제표,000,정상,245,data\raw\opendart_financial\bsns_year=2020\reprt_code=11014\fs_div=OFS\036570_00261443.json
NC,036570,00261443,KOSPI,서비스콘텐츠,2021,사업보고서,11011,CFS,연결재무제표,000,정상,331,data\raw\opendart_financial\bsns_year=2021\reprt_code=11011\fs_div=CFS\036570_00261443.json
NC,036570,00261443,KOSPI,서비스콘텐츠,2021,사업보고서,11011,OFS,별도재무제표,000,정상,260,data\raw\opendart_financial\bsns_year=2021\reprt_code=11011\fs_div=OFS\036570_00261443.json
NC,036570,00261443,KOSPI,서비스콘텐츠,2021,반기보고서,11012,CFS,연결재무제표,000,정상,337,data\raw\opendart_financial\bsns_year=2021\reprt_code=11012\fs_div=CFS\036570_00261443.json
NC,036570,00261443,KOSPI,서비스콘텐츠,2021,반기보고서,11012,OFS,별도재무제표,000,정상,171,data\raw\opendart_financial\bsns_year=2021\reprt_code=11012\fs_div=OFS\036570_00261443.json
NC,036570,00261443,KOSPI,서비스콘텐츠,2021,분기보고서_1분기,11013,CFS,연결재무제표,000,정상,209,data\raw\opendart_financial\bsns_year=2021\reprt_code=11013\fs_div=CFS\036570_00261443.json
NC,036570,00261443,KOSPI,서비스콘텐츠,2021,분기보고서_1분기,11013,OFS,별도재무제표,000,정상,173,data\raw\opendart_financial\bsns_year=2021\reprt_code=11013\fs_div=OFS\036570_00261443.json
NC,036570,00261443,KOSPI,서비스콘텐츠,2021,분기보고서_3분기,11014,CFS,연결재무제표,000,정상,226,data\raw\opendart_financial\bsns_year=2021\reprt_code=11014\fs_div=CFS\036570_00261443.json
NC,036570,00261443,KOSPI,서비스콘텐츠,2021,분기보고서_3분기,11014,OFS,별도재무제표,000,정상,184,data\raw\opendart_financial\bsns_year=2021\reprt_code=11014\fs_div=OFS\036570_00261443.json
NC,036570,00261443,KOSPI,서비스콘텐츠,2022,사업보고서,11011,CFS,연결재무제표,000,정상,234,data\raw\opendart_financial\bsns_year=2022\reprt_code=11011\fs_div=CFS\036570_00261443.json
NC,036570,00261443,KOSPI,서비스콘텐츠,2022,사업보고서,11011,OFS,별도재무제표,000,정상,184,data\raw\opendart_financial\bsns_year=2022\reprt_code=11011\fs_div=OFS\036570_00261443.json
NC,036570,00261443,KOSPI,서비스콘텐츠,2022,반기보고서,11012,CFS,연결재무제표,000,정상,209,data\raw\opendart_financial\bsns_year=2022\reprt_code=11012\fs_div=CFS\036570_00261443.json
NC,036570,00261443,KOSPI,서비스콘텐츠,2022,반기보고서,11012,OFS,별도재무제표,000,정상,180,data\raw\opendart_financial\bsns_year=2022\reprt_code=11012\fs_div=OFS\036570_00261443.json
NC,036570,00261443,KOSPI,서비스콘텐츠,2022,분기보고서_1분기,11013,CFS,연결재무제표,000,정상,210,data\raw\opendart_financial\bsns_year=2022\reprt_code=11013\fs_div=CFS\036570_00261443.json
NC,036570,00261443,KOSPI,서비스콘텐츠,2022,분기보고서_1분기,11013,OFS,별도재무제표,000,정상,181,data\raw\opendart_financial\bsns_year=2022\reprt_code=11013\fs_div=OFS\036570_00261443.json
NC,036570,00261443,KOSPI,서비스콘텐츠,2022,분기보고서_3분기,11014,CFS,연결재무제표,000,정상,311,data\raw\opendart_financial\bsns_year=2022\reprt_code=11014\fs_div=CFS\036570_00261443.json
NC,036570,00261443,KOSPI,서비스콘텐츠,2022,분기보고서_3분기,11014,OFS,별도재무제표,000,정상,233,data\raw\opendart_financial\bsns_year=2022\reprt_code=11014\fs_div=OFS\036570_00261443.json
NC,036570,00261443,KOSPI,서비스콘텐츠,2023,사업보고서,11011,CFS,연결재무제표,000,정상,325,data\raw\opendart_financial\bsns_year=2023\reprt_code=11011\fs_div=CFS\036570_00261443.json
NC,036570,00261443,KOSPI,서비스콘텐츠,2023,사업보고서,11011,OFS,별도재무제표,000,정상,222,data\raw\opendart_financial\bsns_year=2023\reprt_code=11011\fs_div=OFS\036570_00261443.json
NC,036570,00261443,KOSPI,서비스콘텐츠,2023,반기보고서,11012,CFS,연결재무제표,000,정상,204,data\raw\opendart_financial\bsns_year=2023\reprt_code=11012\fs_div=CFS\036570_00261443.json
NC,036570,00261443,KOSPI,서비스콘텐츠,2023,반기보고서,11012,OFS,별도재무제표,000,정상,168,data\raw\opendart_financial\bsns_year=2023\reprt_code=11012\fs_div=OFS\036570_00261443.json
NC,036570,00261443,KOSPI,서비스콘텐츠,2023,분기보고서_1분기,11013,CFS,연결재무제표,000,정상,190,data\raw\opendart_financial\bsns_year=2023\reprt_code=11013\fs_div=CFS\036570_00261443.json
NC,036570,00261443,KOSPI,서비스콘텐츠,2023,분기보고서_1분기,11013,OFS,별도재무제표,000,정상,159,data\raw\opendart_financial\bsns_year=2023\reprt_code=11013\fs_div=OFS\036570_00261443.json
NC,036570,00261443,KOSPI,서비스콘텐츠,2023,분기보고서_3분기,11014,CFS,연결재무제표,000,정상,206,data\raw\opendart_financial\bsns_year=2023\reprt_code=11014\fs_div=CFS\036570_00261443.json
NC,036570,00261443,KOSPI,서비스콘텐츠,2023,분기보고서_3분기,11014,OFS,별도재무제표,000,정상,172,data\raw\opendart_financial\bsns_year=2023\reprt_code=11014\fs_div=OFS\036570_00261443.json
NC,036570,00261443,KOSPI,서비스콘텐츠,2024,사업보고서,11011,CFS,연결재무제표,000,정상,302,data\raw\opendart_financial\bsns_year=2024\reprt_code=11011\fs_div=CFS\036570_00261443.json
NC,036570,00261443,KOSPI,서비스콘텐츠,2024,사업보고서,11011,OFS,별도재무제표,000,정상,223,data\raw\opendart_financial\bsns_year=2024\reprt_code=11011\fs_div=OFS\036570_00261443.json
NC,036570,00261443,KOSPI,서비스콘텐츠,2024,반기보고서,11012,CFS,연결재무제표,000,정상,282,data\raw\opendart_financial\bsns_year=2024\reprt_code=11012\fs_div=CFS\036570_00261443.json
NC,036570,00261443,KOSPI,서비스콘텐츠,2024,반기보고서,11012,OFS,별도재무제표,000,정상,208,data\raw\opendart_financial\bsns_year=2024\reprt_code=11012\fs_div=OFS\036570_00261443.json
NC,036570,00261443,KOSPI,서비스콘텐츠,2024,분기보고서_1분기,11013,CFS,연결재무제표,000,정상,240,data\raw\opendart_financial\bsns_year=2024\reprt_code=11013\fs_div=CFS\036570_00261443.json
NC,036570,00261443,KOSPI,서비스콘텐츠,2024,분기보고서_1분기,11013,OFS,별도재무제표,000,정상,186,data\raw\opendart_financial\bsns_year=2024\reprt_code=11013\fs_div=OFS\036570_00261443.json
NC,036570,00261443,KOSPI,서비스콘텐츠,2024,분기보고서_3분기,11014,CFS,연결재무제표,000,정상,289,data\raw\opendart_financial\bsns_year=2024\reprt_code=11014\fs_div=CFS\036570_00261443.json
NC,036570,00261443,KOSPI,서비스콘텐츠,2024,분기보고서_3분기,11014,OFS,별도재무제표,000,정상,222,data\raw\opendart_financial\bsns_year=2024\reprt_code=11014\fs_div=OFS\036570_00261443.json
NC,036570,00261443,KOSPI,서비스콘텐츠,2025,사업보고서,11011,CFS,연결재무제표,000,정상,350,data\raw\opendart_financial\bsns_year=2025\reprt_code=11011\fs_div=CFS\036570_00261443.json
NC,036570,00261443,KOSPI,서비스콘텐츠,2025,사업보고서,11011,OFS,별도재무제표,000,정상,245,data\raw\opendart_financial\bsns_year=2025\reprt_code=11011\fs_div=OFS\036570_00261443.json
NC,036570,00261443,KOSPI,서비스콘텐츠,2025,반기보고서,11012,CFS,연결재무제표,000,정상,298,data\raw\opendart_financial\bsns_year=2025\reprt_code=11012\fs_div=CFS\036570_00261443.json
NC,036570,00261443,KOSPI,서비스콘텐츠,2025,반기보고서,11012,OFS,별도재무제표,000,정상,219,data\raw\opendart_financial\bsns_year=2025\reprt_code=11012\fs_div=OFS\036570_00261443.json
NC,036570,00261443,KOSPI,서비스콘텐츠,2025,분기보고서_1분기,11013,CFS,연결재무제표,000,정상,268,data\raw\opendart_financial\bsns_year=2025\reprt_code=11013\fs_div=CFS\036570_00261443.json
NC,036570,00261443,KOSPI,서비스콘텐츠,2025,분기보고서_1분기,11013,OFS,별도재무제표,000,정상,214,data\raw\opendart_financial\bsns_year=2025\reprt_code=11013\fs_div=OFS\036570_00261443.json
NC,036570,00261443,KOSPI,서비스콘텐츠,2025,분기보고서_3분기,11014,CFS,연결재무제표,000,정상,315,data\raw\opendart_financial\bsns_year=2025\reprt_code=11014\fs_div=CFS\036570_00261443.json
NC,036570,00261443,KOSPI,서비스콘텐츠,2025,분기보고서_3분기,11014,OFS,별도재무제표,000,정상,237,data\raw\opendart_financial\bsns_year=2025\reprt_code=11014\fs_div=OFS\036570_00261443.json
넷마블,251270,00904672,KOSPI,서비스콘텐츠,2017,사업보고서,11011,CFS,연결재무제표,000,정상,177,data\raw\opendart_financial\bsns_year=2017\reprt_code=11011\fs_div=CFS\251270_00904672.json
넷마블,251270,00904672,KOSPI,서비스콘텐츠,2017,사업보고서,11011,OFS,별도재무제표,000,정상,130,data\raw\opendart_financial\bsns_year=2017\reprt_code=11011\fs_div=OFS\251270_00904672.json
넷마블,251270,00904672,KOSPI,서비스콘텐츠,2017,반기보고서,11012,CFS,연결재무제표,000,정상,197,data\raw\opendart_financial\bsns_year=2017\reprt_code=11012\fs_div=CFS\251270_00904672.json
넷마블,251270,00904672,KOSPI,서비스콘텐츠,2017,반기보고서,11012,OFS,별도재무제표,000,정상,153,data\raw\opendart_financial\bsns_year=2017\reprt_code=11012\fs_div=OFS\251270_00904672.json
넷마블,251270,00904672,KOSPI,서비스콘텐츠,2017,분기보고서_1분기,11013,CFS,연결재무제표,013,조회된 데이타가 없습니다.,0,data\raw\opendart_financial\bsns_year=2017\reprt_code=11013\fs_div=CFS\251270_00904672.json
넷마블,251270,00904672,KOSPI,서비스콘텐츠,2017,분기보고서_1분기,11013,OFS,별도재무제표,013,조회된 데이타가 없습니다.,0,data\raw\opendart_financial\bsns_year=2017\reprt_code=11013\fs_div=OFS\251270_00904672.json
넷마블,251270,00904672,KOSPI,서비스콘텐츠,2017,분기보고서_3분기,11014,CFS,연결재무제표,000,정상,168,data\raw\opendart_financial\bsns_year=2017\reprt_code=11014\fs_div=CFS\251270_00904672.json
넷마블,251270,00904672,KOSPI,서비스콘텐츠,2017,분기보고서_3분기,11014,OFS,별도재무제표,000,정상,127,data\raw\opendart_financial\bsns_year=2017\reprt_code=11014\fs_div=OFS\251270_00904672.json
넷마블,251270,00904672,KOSPI,서비스콘텐츠,2018,사업보고서,11011,CFS,연결재무제표,000,정상,207,data\raw\opendart_financial\bsns_year=2018\reprt_code=11011\fs_div=CFS\251270_00904672.json
넷마블,251270,00904672,KOSPI,서비스콘텐츠,2018,사업보고서,11011,OFS,별도재무제표,000,정상,158,data\raw\opendart_financial\bsns_year=2018\reprt_code=11011\fs_div=OFS\251270_00904672.json
넷마블,251270,00904672,KOSPI,서비스콘텐츠,2018,반기보고서,11012,CFS,연결재무제표,000,정상,186,data\raw\opendart_financial\bsns_year=2018\reprt_code=11012\fs_div=CFS\251270_00904672.json
넷마블,251270,00904672,KOSPI,서비스콘텐츠,2018,반기보고서,11012,OFS,별도재무제표,000,정상,134,data\raw\opendart_financial\bsns_year=2018\reprt_code=11012\fs_div=OFS\251270_00904672.json
넷마블,251270,00904672,KOSPI,서비스콘텐츠,2018,분기보고서_1분기,11013,CFS,연결재무제표,000,정상,168,data\raw\opendart_financial\bsns_year=2018\reprt_code=11013\fs_div=CFS\251270_00904672.json
넷마블,251270,00904672,KOSPI,서비스콘텐츠,2018,분기보고서_1분기,11013,OFS,별도재무제표,000,정상,124,data\raw\opendart_financial\bsns_year=2018\reprt_code=11013\fs_div=OFS\251270_00904672.json
넷마블,251270,00904672,KOSPI,서비스콘텐츠,2018,분기보고서_3분기,11014,CFS,연결재무제표,000,정상,184,data\raw\opendart_financial\bsns_year=2018\reprt_code=11014\fs_div=CFS\251270_00904672.json
넷마블,251270,00904672,KOSPI,서비스콘텐츠,2018,분기보고서_3분기,11014,OFS,별도재무제표,000,정상,134,data\raw\opendart_financial\bsns_year=2018\reprt_code=11014\fs_div=OFS\251270_00904672.json
넷마블,251270,00904672,KOSPI,서비스콘텐츠,2019,사업보고서,11011,CFS,연결재무제표,000,정상,210,data\raw\opendart_financial\bsns_year=2019\reprt_code=11011\fs_div=CFS\251270_00904672.json
넷마블,251270,00904672,KOSPI,서비스콘텐츠,2019,사업보고서,11011,OFS,별도재무제표,000,정상,164,data\raw\opendart_financial\bsns_year=2019\reprt_code=11011\fs_div=OFS\251270_00904672.json
넷마블,251270,00904672,KOSPI,서비스콘텐츠,2019,반기보고서,11012,CFS,연결재무제표,000,정상,179,data\raw\opendart_financial\bsns_year=2019\reprt_code=11012\fs_div=CFS\251270_00904672.json
넷마블,251270,00904672,KOSPI,서비스콘텐츠,2019,반기보고서,11012,OFS,별도재무제표,000,정상,137,data\raw\opendart_financial\bsns_year=2019\reprt_code=11012\fs_div=OFS\251270_00904672.json
넷마블,251270,00904672,KOSPI,서비스콘텐츠,2019,분기보고서_1분기,11013,CFS,연결재무제표,000,정상,173,data\raw\opendart_financial\bsns_year=2019\reprt_code=11013\fs_div=CFS\251270_00904672.json
넷마블,251270,00904672,KOSPI,서비스콘텐츠,2019,분기보고서_1분기,11013,OFS,별도재무제표,000,정상,128,data\raw\opendart_financial\bsns_year=2019\reprt_code=11013\fs_div=OFS\251270_00904672.json
넷마블,251270,00904672,KOSPI,서비스콘텐츠,2019,분기보고서_3분기,11014,CFS,연결재무제표,000,정상,183,data\raw\opendart_financial\bsns_year=2019\reprt_code=11014\fs_div=CFS\251270_00904672.json
넷마블,251270,00904672,KOSPI,서비스콘텐츠,2019,분기보고서_3분기,11014,OFS,별도재무제표,000,정상,139,data\raw\opendart_financial\bsns_year=2019\reprt_code=11014\fs_div=OFS\251270_00904672.json
넷마블,251270,00904672,KOSPI,서비스콘텐츠,2020,사업보고서,11011,CFS,연결재무제표,000,정상,200,data\raw\opendart_financial\bsns_year=2020\reprt_code=11011\fs_div=CFS\251270_00904672.json
넷마블,251270,00904672,KOSPI,서비스콘텐츠,2020,사업보고서,11011,OFS,별도재무제표,000,정상,158,data\raw\opendart_financial\bsns_year=2020\reprt_code=11011\fs_div=OFS\251270_00904672.json
넷마블,251270,00904672,KOSPI,서비스콘텐츠,2020,반기보고서,11012,CFS,연결재무제표,000,정상,175,data\raw\opendart_financial\bsns_year=2020\reprt_code=11012\fs_div=CFS\251270_00904672.json
넷마블,251270,00904672,KOSPI,서비스콘텐츠,2020,반기보고서,11012,OFS,별도재무제표,000,정상,128,data\raw\opendart_financial\bsns_year=2020\reprt_code=11012\fs_div=OFS\251270_00904672.json
넷마블,251270,00904672,KOSPI,서비스콘텐츠,2020,분기보고서_1분기,11013,CFS,연결재무제표,000,정상,173,data\raw\opendart_financial\bsns_year=2020\reprt_code=11013\fs_div=CFS\251270_00904672.json
넷마블,251270,00904672,KOSPI,서비스콘텐츠,2020,분기보고서_1분기,11013,OFS,별도재무제표,000,정상,123,data\raw\opendart_financial\bsns_year=2020\reprt_code=11013\fs_div=OFS\251270_00904672.json
넷마블,251270,00904672,KOSPI,서비스콘텐츠,2020,분기보고서_3분기,11014,CFS,연결재무제표,000,정상,177,data\raw\opendart_financial\bsns_year=2020\reprt_code=11014\fs_div=CFS\251270_00904672.json
넷마블,251270,00904672,KOSPI,서비스콘텐츠,2020,분기보고서_3분기,11014,OFS,별도재무제표,000,정상,133,data\raw\opendart_financial\bsns_year=2020\reprt_code=11014\fs_div=OFS\251270_00904672.json
넷마블,251270,00904672,KOSPI,서비스콘텐츠,2021,사업보고서,11011,CFS,연결재무제표,000,정상,199,data\raw\opendart_financial\bsns_year=2021\reprt_code=11011\fs_div=CFS\251270_00904672.json
넷마블,251270,00904672,KOSPI,서비스콘텐츠,2021,사업보고서,11011,OFS,별도재무제표,000,정상,156,data\raw\opendart_financial\bsns_year=2021\reprt_code=11011\fs_div=OFS\251270_00904672.json
넷마블,251270,00904672,KOSPI,서비스콘텐츠,2021,반기보고서,11012,CFS,연결재무제표,000,정상,186,data\raw\opendart_financial\bsns_year=2021\reprt_code=11012\fs_div=CFS\251270_00904672.json
넷마블,251270,00904672,KOSPI,서비스콘텐츠,2021,반기보고서,11012,OFS,별도재무제표,000,정상,138,data\raw\opendart_financial\bsns_year=2021\reprt_code=11012\fs_div=OFS\251270_00904672.json
넷마블,251270,00904672,KOSPI,서비스콘텐츠,2021,분기보고서_1분기,11013,CFS,연결재무제표,000,정상,176,data\raw\opendart_financial\bsns_year=2021\reprt_code=11013\fs_div=CFS\251270_00904672.json
넷마블,251270,00904672,KOSPI,서비스콘텐츠,2021,분기보고서_1분기,11013,OFS,별도재무제표,000,정상,124,data\raw\opendart_financial\bsns_year=2021\reprt_code=11013\fs_div=OFS\251270_00904672.json
넷마블,251270,00904672,KOSPI,서비스콘텐츠,2021,분기보고서_3분기,11014,CFS,연결재무제표,000,정상,190,data\raw\opendart_financial\bsns_year=2021\reprt_code=11014\fs_div=CFS\251270_00904672.json
넷마블,251270,00904672,KOSPI,서비스콘텐츠,2021,분기보고서_3분기,11014,OFS,별도재무제표,000,정상,147,data\raw\opendart_financial\bsns_year=2021\reprt_code=11014\fs_div=OFS\251270_00904672.json
넷마블,251270,00904672,KOSPI,서비스콘텐츠,2022,사업보고서,11011,CFS,연결재무제표,000,정상,202,data\raw\opendart_financial\bsns_year=2022\reprt_code=11011\fs_div=CFS\251270_00904672.json
넷마블,251270,00904672,KOSPI,서비스콘텐츠,2022,사업보고서,11011,OFS,별도재무제표,000,정상,181,data\raw\opendart_financial\bsns_year=2022\reprt_code=11011\fs_div=OFS\251270_00904672.json
넷마블,251270,00904672,KOSPI,서비스콘텐츠,2022,반기보고서,11012,CFS,연결재무제표,000,정상,189,data\raw\opendart_financial\bsns_year=2022\reprt_code=11012\fs_div=CFS\251270_00904672.json
넷마블,251270,00904672,KOSPI,서비스콘텐츠,2022,반기보고서,11012,OFS,별도재무제표,000,정상,140,data\raw\opendart_financial\bsns_year=2022\reprt_code=11012\fs_div=OFS\251270_00904672.json
넷마블,251270,00904672,KOSPI,서비스콘텐츠,2022,분기보고서_1분기,11013,CFS,연결재무제표,000,정상,183,data\raw\opendart_financial\bsns_year=2022\reprt_code=11013\fs_div=CFS\251270_00904672.json
넷마블,251270,00904672,KOSPI,서비스콘텐츠,2022,분기보고서_1분기,11013,OFS,별도재무제표,000,정상,127,data\raw\opendart_financial\bsns_year=2022\reprt_code=11013\fs_div=OFS\251270_00904672.json
넷마블,251270,00904672,KOSPI,서비스콘텐츠,2022,분기보고서_3분기,11014,CFS,연결재무제표,000,정상,196,data\raw\opendart_financial\bsns_year=2022\reprt_code=11014\fs_div=CFS\251270_00904672.json
넷마블,251270,00904672,KOSPI,서비스콘텐츠,2022,분기보고서_3분기,11014,OFS,별도재무제표,000,정상,150,data\raw\opendart_financial\bsns_year=2022\reprt_code=11014\fs_div=OFS\251270_00904672.json
넷마블,251270,00904672,KOSPI,서비스콘텐츠,2023,사업보고서,11011,CFS,연결재무제표,000,정상,286,data\raw\opendart_financial\bsns_year=2023\reprt_code=11011\fs_div=CFS\251270_00904672.json
넷마블,251270,00904672,KOSPI,서비스콘텐츠,2023,사업보고서,11011,OFS,별도재무제표,000,정상,181,data\raw\opendart_financial\bsns_year=2023\reprt_code=11011\fs_div=OFS\251270_00904672.json
넷마블,251270,00904672,KOSPI,서비스콘텐츠,2023,반기보고서,11012,CFS,연결재무제표,000,정상,179,data\raw\opendart_financial\bsns_year=2023\reprt_code=11012\fs_div=CFS\251270_00904672.json
넷마블,251270,00904672,KOSPI,서비스콘텐츠,2023,반기보고서,11012,OFS,별도재무제표,000,정상,123,data\raw\opendart_financial\bsns_year=2023\reprt_code=11012\fs_div=OFS\251270_00904672.json
넷마블,251270,00904672,KOSPI,서비스콘텐츠,2023,분기보고서_1분기,11013,CFS,연결재무제표,000,정상,177,data\raw\opendart_financial\bsns_year=2023\reprt_code=11013\fs_div=CFS\251270_00904672.json
넷마블,251270,00904672,KOSPI,서비스콘텐츠,2023,분기보고서_1분기,11013,OFS,별도재무제표,000,정상,120,data\raw\opendart_financial\bsns_year=2023\reprt_code=11013\fs_div=OFS\251270_00904672.json
넷마블,251270,00904672,KOSPI,서비스콘텐츠,2023,분기보고서_3분기,11014,CFS,연결재무제표,000,정상,226,data\raw\opendart_financial\bsns_year=2023\reprt_code=11014\fs_div=CFS\251270_00904672.json
넷마블,251270,00904672,KOSPI,서비스콘텐츠,2023,분기보고서_3분기,11014,OFS,별도재무제표,000,정상,143,data\raw\opendart_financial\bsns_year=2023\reprt_code=11014\fs_div=OFS\251270_00904672.json
넷마블,251270,00904672,KOSPI,서비스콘텐츠,2024,사업보고서,11011,CFS,연결재무제표,000,정상,291,data\raw\opendart_financial\bsns_year=2024\reprt_code=11011\fs_div=CFS\251270_00904672.json
넷마블,251270,00904672,KOSPI,서비스콘텐츠,2024,사업보고서,11011,OFS,별도재무제표,000,정상,165,data\raw\opendart_financial\bsns_year=2024\reprt_code=11011\fs_div=OFS\251270_00904672.json
넷마블,251270,00904672,KOSPI,서비스콘텐츠,2024,반기보고서,11012,CFS,연결재무제표,000,정상,236,data\raw\opendart_financial\bsns_year=2024\reprt_code=11012\fs_div=CFS\251270_00904672.json
넷마블,251270,00904672,KOSPI,서비스콘텐츠,2024,반기보고서,11012,OFS,별도재무제표,000,정상,125,data\raw\opendart_financial\bsns_year=2024\reprt_code=11012\fs_div=OFS\251270_00904672.json
넷마블,251270,00904672,KOSPI,서비스콘텐츠,2024,분기보고서_1분기,11013,CFS,연결재무제표,000,정상,213,data\raw\opendart_financial\bsns_year=2024\reprt_code=11013\fs_div=CFS\251270_00904672.json
넷마블,251270,00904672,KOSPI,서비스콘텐츠,2024,분기보고서_1분기,11013,OFS,별도재무제표,000,정상,118,data\raw\opendart_financial\bsns_year=2024\reprt_code=11013\fs_div=OFS\251270_00904672.json
넷마블,251270,00904672,KOSPI,서비스콘텐츠,2024,분기보고서_3분기,11014,CFS,연결재무제표,000,정상,238,data\raw\opendart_financial\bsns_year=2024\reprt_code=11014\fs_div=CFS\251270_00904672.json
넷마블,251270,00904672,KOSPI,서비스콘텐츠,2024,분기보고서_3분기,11014,OFS,별도재무제표,000,정상,126,data\raw\opendart_financial\bsns_year=2024\reprt_code=11014\fs_div=OFS\251270_00904672.json
넷마블,251270,00904672,KOSPI,서비스콘텐츠,2025,사업보고서,11011,CFS,연결재무제표,000,정상,285,data\raw\opendart_financial\bsns_year=2025\reprt_code=11011\fs_div=CFS\251270_00904672.json
넷마블,251270,00904672,KOSPI,서비스콘텐츠,2025,사업보고서,11011,OFS,별도재무제표,000,정상,164,data\raw\opendart_financial\bsns_year=2025\reprt_code=11011\fs_div=OFS\251270_00904672.json
넷마블,251270,00904672,KOSPI,서비스콘텐츠,2025,반기보고서,11012,CFS,연결재무제표,000,정상,232,data\raw\opendart_financial\bsns_year=2025\reprt_code=11012\fs_div=CFS\251270_00904672.json
넷마블,251270,00904672,KOSPI,서비스콘텐츠,2025,반기보고서,11012,OFS,별도재무제표,000,정상,145,data\raw\opendart_financial\bsns_year=2025\reprt_code=11012\fs_div=OFS\251270_00904672.json
넷마블,251270,00904672,KOSPI,서비스콘텐츠,2025,분기보고서_1분기,11013,CFS,연결재무제표,000,정상,220,data\raw\opendart_financial\bsns_year=2025\reprt_code=11013\fs_div=CFS\251270_00904672.json
넷마블,251270,00904672,KOSPI,서비스콘텐츠,2025,분기보고서_1분기,11013,OFS,별도재무제표,000,정상,133,data\raw\opendart_financial\bsns_year=2025\reprt_code=11013\fs_div=OFS\251270_00904672.json
넷마블,251270,00904672,KOSPI,서비스콘텐츠,2025,분기보고서_3분기,11014,CFS,연결재무제표,000,정상,240,data\raw\opendart_financial\bsns_year=2025\reprt_code=11014\fs_div=CFS\251270_00904672.json
넷마블,251270,00904672,KOSPI,서비스콘텐츠,2025,분기보고서_3분기,11014,OFS,별도재무제표,000,정상,152,data\raw\opendart_financial\bsns_year=2025\reprt_code=11014\fs_div=OFS\251270_00904672.json
CJ ENM,035760,00265324,KOSDAQ,서비스콘텐츠,2017,사업보고서,11011,CFS,연결재무제표,000,정상,176,data\raw\opendart_financial\bsns_year=2017\reprt_code=11011\fs_div=CFS\035760_00265324.json
CJ ENM,035760,00265324,KOSDAQ,서비스콘텐츠,2017,사업보고서,11011,OFS,별도재무제표,000,정상,118,data\raw\opendart_financial\bsns_year=2017\reprt_code=11011\fs_div=OFS\035760_00265324.json
CJ ENM,035760,00265324,KOSDAQ,서비스콘텐츠,2017,반기보고서,11012,CFS,연결재무제표,000,정상,149,data\raw\opendart_financial\bsns_year=2017\reprt_code=11012\fs_div=CFS\035760_00265324.json
CJ ENM,035760,00265324,KOSDAQ,서비스콘텐츠,2017,반기보고서,11012,OFS,별도재무제표,000,정상,97,data\raw\opendart_financial\bsns_year=2017\reprt_code=11012\fs_div=OFS\035760_00265324.json
CJ ENM,035760,00265324,KOSDAQ,서비스콘텐츠,2017,분기보고서_1분기,11013,CFS,연결재무제표,000,정상,174,data\raw\opendart_financial\bsns_year=2017\reprt_code=11013\fs_div=CFS\035760_00265324.json
CJ ENM,035760,00265324,KOSDAQ,서비스콘텐츠,2017,분기보고서_1분기,11013,OFS,별도재무제표,000,정상,112,data\raw\opendart_financial\bsns_year=2017\reprt_code=11013\fs_div=OFS\035760_00265324.json
CJ ENM,035760,00265324,KOSDAQ,서비스콘텐츠,2017,분기보고서_3분기,11014,CFS,연결재무제표,000,정상,154,data\raw\opendart_financial\bsns_year=2017\reprt_code=11014\fs_div=CFS\035760_00265324.json
CJ ENM,035760,00265324,KOSDAQ,서비스콘텐츠,2017,분기보고서_3분기,11014,OFS,별도재무제표,000,정상,98,data\raw\opendart_financial\bsns_year=2017\reprt_code=11014\fs_div=OFS\035760_00265324.json
CJ ENM,035760,00265324,KOSDAQ,서비스콘텐츠,2018,사업보고서,11011,CFS,연결재무제표,000,정상,251,data\raw\opendart_financial\bsns_year=2018\reprt_code=11011\fs_div=CFS\035760_00265324.json
CJ ENM,035760,00265324,KOSDAQ,서비스콘텐츠,2018,사업보고서,11011,OFS,별도재무제표,000,정상,156,data\raw\opendart_financial\bsns_year=2018\reprt_code=11011\fs_div=OFS\035760_00265324.json
CJ ENM,035760,00265324,KOSDAQ,서비스콘텐츠,2018,반기보고서,11012,CFS,연결재무제표,000,정상,170,data\raw\opendart_financial\bsns_year=2018\reprt_code=11012\fs_div=CFS\035760_00265324.json
CJ ENM,035760,00265324,KOSDAQ,서비스콘텐츠,2018,반기보고서,11012,OFS,별도재무제표,000,정상,113,data\raw\opendart_financial\bsns_year=2018\reprt_code=11012\fs_div=OFS\035760_00265324.json
CJ ENM,035760,00265324,KOSDAQ,서비스콘텐츠,2018,분기보고서_1분기,11013,CFS,연결재무제표,000,정상,159,data\raw\opendart_financial\bsns_year=2018\reprt_code=11013\fs_div=CFS\035760_00265324.json
CJ ENM,035760,00265324,KOSDAQ,서비스콘텐츠,2018,분기보고서_1분기,11013,OFS,별도재무제표,000,정상,98,data\raw\opendart_financial\bsns_year=2018\reprt_code=11013\fs_div=OFS\035760_00265324.json
CJ ENM,035760,00265324,KOSDAQ,서비스콘텐츠,2018,분기보고서_3분기,11014,CFS,연결재무제표,000,정상,252,data\raw\opendart_financial\bsns_year=2018\reprt_code=11014\fs_div=CFS\035760_00265324.json
CJ ENM,035760,00265324,KOSDAQ,서비스콘텐츠,2018,분기보고서_3분기,11014,OFS,별도재무제표,000,정상,157,data\raw\opendart_financial\bsns_year=2018\reprt_code=11014\fs_div=OFS\035760_00265324.json
CJ ENM,035760,00265324,KOSDAQ,서비스콘텐츠,2019,사업보고서,11011,CFS,연결재무제표,000,정상,230,data\raw\opendart_financial\bsns_year=2019\reprt_code=11011\fs_div=CFS\035760_00265324.json
CJ ENM,035760,00265324,KOSDAQ,서비스콘텐츠,2019,사업보고서,11011,OFS,별도재무제표,000,정상,145,data\raw\opendart_financial\bsns_year=2019\reprt_code=11011\fs_div=OFS\035760_00265324.json
CJ ENM,035760,00265324,KOSDAQ,서비스콘텐츠,2019,반기보고서,11012,CFS,연결재무제표,000,정상,178,data\raw\opendart_financial\bsns_year=2019\reprt_code=11012\fs_div=CFS\035760_00265324.json
CJ ENM,035760,00265324,KOSDAQ,서비스콘텐츠,2019,반기보고서,11012,OFS,별도재무제표,000,정상,121,data\raw\opendart_financial\bsns_year=2019\reprt_code=11012\fs_div=OFS\035760_00265324.json
CJ ENM,035760,00265324,KOSDAQ,서비스콘텐츠,2019,분기보고서_1분기,11013,CFS,연결재무제표,000,정상,170,data\raw\opendart_financial\bsns_year=2019\reprt_code=11013\fs_div=CFS\035760_00265324.json
CJ ENM,035760,00265324,KOSDAQ,서비스콘텐츠,2019,분기보고서_1분기,11013,OFS,별도재무제표,000,정상,118,data\raw\opendart_financial\bsns_year=2019\reprt_code=11013\fs_div=OFS\035760_00265324.json
CJ ENM,035760,00265324,KOSDAQ,서비스콘텐츠,2019,분기보고서_3분기,11014,CFS,연결재무제표,000,정상,193,data\raw\opendart_financial\bsns_year=2019\reprt_code=11014\fs_div=CFS\035760_00265324.json
CJ ENM,035760,00265324,KOSDAQ,서비스콘텐츠,2019,분기보고서_3분기,11014,OFS,별도재무제표,000,정상,131,data\raw\opendart_financial\bsns_year=2019\reprt_code=11014\fs_div=OFS\035760_00265324.json
CJ ENM,035760,00265324,KOSDAQ,서비스콘텐츠,2020,사업보고서,11011,CFS,연결재무제표,000,정상,233,data\raw\opendart_financial\bsns_year=2020\reprt_code=11011\fs_div=CFS\035760_00265324.json
CJ ENM,035760,00265324,KOSDAQ,서비스콘텐츠,2020,사업보고서,11011,OFS,별도재무제표,000,정상,149,data\raw\opendart_financial\bsns_year=2020\reprt_code=11011\fs_div=OFS\035760_00265324.json
CJ ENM,035760,00265324,KOSDAQ,서비스콘텐츠,2020,반기보고서,11012,CFS,연결재무제표,000,정상,188,data\raw\opendart_financial\bsns_year=2020\reprt_code=11012\fs_div=CFS\035760_00265324.json
CJ ENM,035760,00265324,KOSDAQ,서비스콘텐츠,2020,반기보고서,11012,OFS,별도재무제표,000,정상,122,data\raw\opendart_financial\bsns_year=2020\reprt_code=11012\fs_div=OFS\035760_00265324.json
CJ ENM,035760,00265324,KOSDAQ,서비스콘텐츠,2020,분기보고서_1분기,11013,CFS,연결재무제표,000,정상,183,data\raw\opendart_financial\bsns_year=2020\reprt_code=11013\fs_div=CFS\035760_00265324.json
CJ ENM,035760,00265324,KOSDAQ,서비스콘텐츠,2020,분기보고서_1분기,11013,OFS,별도재무제표,000,정상,117,data\raw\opendart_financial\bsns_year=2020\reprt_code=11013\fs_div=OFS\035760_00265324.json
CJ ENM,035760,00265324,KOSDAQ,서비스콘텐츠,2020,분기보고서_3분기,11014,CFS,연결재무제표,000,정상,194,data\raw\opendart_financial\bsns_year=2020\reprt_code=11014\fs_div=CFS\035760_00265324.json
CJ ENM,035760,00265324,KOSDAQ,서비스콘텐츠,2020,분기보고서_3분기,11014,OFS,별도재무제표,000,정상,124,data\raw\opendart_financial\bsns_year=2020\reprt_code=11014\fs_div=OFS\035760_00265324.json
CJ ENM,035760,00265324,KOSDAQ,서비스콘텐츠,2021,사업보고서,11011,CFS,연결재무제표,000,정상,214,data\raw\opendart_financial\bsns_year=2021\reprt_code=11011\fs_div=CFS\035760_00265324.json
CJ ENM,035760,00265324,KOSDAQ,서비스콘텐츠,2021,사업보고서,11011,OFS,별도재무제표,000,정상,136,data\raw\opendart_financial\bsns_year=2021\reprt_code=11011\fs_div=OFS\035760_00265324.json
CJ ENM,035760,00265324,KOSDAQ,서비스콘텐츠,2021,반기보고서,11012,CFS,연결재무제표,000,정상,183,data\raw\opendart_financial\bsns_year=2021\reprt_code=11012\fs_div=CFS\035760_00265324.json
CJ ENM,035760,00265324,KOSDAQ,서비스콘텐츠,2021,반기보고서,11012,OFS,별도재무제표,000,정상,118,data\raw\opendart_financial\bsns_year=2021\reprt_code=11012\fs_div=OFS\035760_00265324.json
CJ ENM,035760,00265324,KOSDAQ,서비스콘텐츠,2021,분기보고서_1분기,11013,CFS,연결재무제표,000,정상,178,data\raw\opendart_financial\bsns_year=2021\reprt_code=11013\fs_div=CFS\035760_00265324.json
CJ ENM,035760,00265324,KOSDAQ,서비스콘텐츠,2021,분기보고서_1분기,11013,OFS,별도재무제표,000,정상,110,data\raw\opendart_financial\bsns_year=2021\reprt_code=11013\fs_div=OFS\035760_00265324.json
CJ ENM,035760,00265324,KOSDAQ,서비스콘텐츠,2021,분기보고서_3분기,11014,CFS,연결재무제표,000,정상,187,data\raw\opendart_financial\bsns_year=2021\reprt_code=11014\fs_div=CFS\035760_00265324.json
CJ ENM,035760,00265324,KOSDAQ,서비스콘텐츠,2021,분기보고서_3분기,11014,OFS,별도재무제표,000,정상,118,data\raw\opendart_financial\bsns_year=2021\reprt_code=11014\fs_div=OFS\035760_00265324.json
CJ ENM,035760,00265324,KOSDAQ,서비스콘텐츠,2022,사업보고서,11011,CFS,연결재무제표,000,정상,194,data\raw\opendart_financial\bsns_year=2022\reprt_code=11011\fs_div=CFS\035760_00265324.json
CJ ENM,035760,00265324,KOSDAQ,서비스콘텐츠,2022,사업보고서,11011,OFS,별도재무제표,000,정상,134,data\raw\opendart_financial\bsns_year=2022\reprt_code=11011\fs_div=OFS\035760_00265324.json
CJ ENM,035760,00265324,KOSDAQ,서비스콘텐츠,2022,반기보고서,11012,CFS,연결재무제표,000,정상,193,data\raw\opendart_financial\bsns_year=2022\reprt_code=11012\fs_div=CFS\035760_00265324.json
CJ ENM,035760,00265324,KOSDAQ,서비스콘텐츠,2022,반기보고서,11012,OFS,별도재무제표,000,정상,121,data\raw\opendart_financial\bsns_year=2022\reprt_code=11012\fs_div=OFS\035760_00265324.json
CJ ENM,035760,00265324,KOSDAQ,서비스콘텐츠,2022,분기보고서_1분기,11013,CFS,연결재무제표,000,정상,185,data\raw\opendart_financial\bsns_year=2022\reprt_code=11013\fs_div=CFS\035760_00265324.json
CJ ENM,035760,00265324,KOSDAQ,서비스콘텐츠,2022,분기보고서_1분기,11013,OFS,별도재무제표,000,정상,116,data\raw\opendart_financial\bsns_year=2022\reprt_code=11013\fs_div=OFS\035760_00265324.json
CJ ENM,035760,00265324,KOSDAQ,서비스콘텐츠,2022,분기보고서_3분기,11014,CFS,연결재무제표,000,정상,184,data\raw\opendart_financial\bsns_year=2022\reprt_code=11014\fs_div=CFS\035760_00265324.json
CJ ENM,035760,00265324,KOSDAQ,서비스콘텐츠,2022,분기보고서_3분기,11014,OFS,별도재무제표,000,정상,124,data\raw\opendart_financial\bsns_year=2022\reprt_code=11014\fs_div=OFS\035760_00265324.json
CJ ENM,035760,00265324,KOSDAQ,서비스콘텐츠,2023,사업보고서,11011,CFS,연결재무제표,000,정상,246,data\raw\opendart_financial\bsns_year=2023\reprt_code=11011\fs_div=CFS\035760_00265324.json
CJ ENM,035760,00265324,KOSDAQ,서비스콘텐츠,2023,사업보고서,11011,OFS,별도재무제표,000,정상,150,data\raw\opendart_financial\bsns_year=2023\reprt_code=11011\fs_div=OFS\035760_00265324.json
CJ ENM,035760,00265324,KOSDAQ,서비스콘텐츠,2023,반기보고서,11012,CFS,연결재무제표,000,정상,179,data\raw\opendart_financial\bsns_year=2023\reprt_code=11012\fs_div=CFS\035760_00265324.json
CJ ENM,035760,00265324,KOSDAQ,서비스콘텐츠,2023,반기보고서,11012,OFS,별도재무제표,000,정상,128,data\raw\opendart_financial\bsns_year=2023\reprt_code=11012\fs_div=OFS\035760_00265324.json
CJ ENM,035760,00265324,KOSDAQ,서비스콘텐츠,2023,분기보고서_1분기,11013,CFS,연결재무제표,000,정상,173,data\raw\opendart_financial\bsns_year=2023\reprt_code=11013\fs_div=CFS\035760_00265324.json
CJ ENM,035760,00265324,KOSDAQ,서비스콘텐츠,2023,분기보고서_1분기,11013,OFS,별도재무제표,000,정상,123,data\raw\opendart_financial\bsns_year=2023\reprt_code=11013\fs_div=OFS\035760_00265324.json
CJ ENM,035760,00265324,KOSDAQ,서비스콘텐츠,2023,분기보고서_3분기,11014,CFS,연결재무제표,000,정상,227,data\raw\opendart_financial\bsns_year=2023\reprt_code=11014\fs_div=CFS\035760_00265324.json
CJ ENM,035760,00265324,KOSDAQ,서비스콘텐츠,2023,분기보고서_3분기,11014,OFS,별도재무제표,000,정상,147,data\raw\opendart_financial\bsns_year=2023\reprt_code=11014\fs_div=OFS\035760_00265324.json
CJ ENM,035760,00265324,KOSDAQ,서비스콘텐츠,2024,사업보고서,11011,CFS,연결재무제표,000,정상,230,data\raw\opendart_financial\bsns_year=2024\reprt_code=11011\fs_div=CFS\035760_00265324.json
CJ ENM,035760,00265324,KOSDAQ,서비스콘텐츠,2024,사업보고서,11011,OFS,별도재무제표,000,정상,150,data\raw\opendart_financial\bsns_year=2024\reprt_code=11011\fs_div=OFS\035760_00265324.json
CJ ENM,035760,00265324,KOSDAQ,서비스콘텐츠,2024,반기보고서,11012,CFS,연결재무제표,000,정상,200,data\raw\opendart_financial\bsns_year=2024\reprt_code=11012\fs_div=CFS\035760_00265324.json
CJ ENM,035760,00265324,KOSDAQ,서비스콘텐츠,2024,반기보고서,11012,OFS,별도재무제표,000,정상,138,data\raw\opendart_financial\bsns_year=2024\reprt_code=11012\fs_div=OFS\035760_00265324.json
CJ ENM,035760,00265324,KOSDAQ,서비스콘텐츠,2024,분기보고서_1분기,11013,CFS,연결재무제표,000,정상,233,data\raw\opendart_financial\bsns_year=2024\reprt_code=11013\fs_div=CFS\035760_00265324.json
CJ ENM,035760,00265324,KOSDAQ,서비스콘텐츠,2024,분기보고서_1분기,11013,OFS,별도재무제표,000,정상,135,data\raw\opendart_financial\bsns_year=2024\reprt_code=11013\fs_div=OFS\035760_00265324.json
CJ ENM,035760,00265324,KOSDAQ,서비스콘텐츠,2024,분기보고서_3분기,11014,CFS,연결재무제표,000,정상,209,data\raw\opendart_financial\bsns_year=2024\reprt_code=11014\fs_div=CFS\035760_00265324.json
CJ ENM,035760,00265324,KOSDAQ,서비스콘텐츠,2024,분기보고서_3분기,11014,OFS,별도재무제표,000,정상,141,data\raw\opendart_financial\bsns_year=2024\reprt_code=11014\fs_div=OFS\035760_00265324.json
CJ ENM,035760,00265324,KOSDAQ,서비스콘텐츠,2025,사업보고서,11011,CFS,연결재무제표,000,정상,235,data\raw\opendart_financial\bsns_year=2025\reprt_code=11011\fs_div=CFS\035760_00265324.json
CJ ENM,035760,00265324,KOSDAQ,서비스콘텐츠,2025,사업보고서,11011,OFS,별도재무제표,000,정상,151,data\raw\opendart_financial\bsns_year=2025\reprt_code=11011\fs_div=OFS\035760_00265324.json
CJ ENM,035760,00265324,KOSDAQ,서비스콘텐츠,2025,반기보고서,11012,CFS,연결재무제표,000,정상,218,data\raw\opendart_financial\bsns_year=2025\reprt_code=11012\fs_div=CFS\035760_00265324.json
CJ ENM,035760,00265324,KOSDAQ,서비스콘텐츠,2025,반기보고서,11012,OFS,별도재무제표,000,정상,142,data\raw\opendart_financial\bsns_year=2025\reprt_code=11012\fs_div=OFS\035760_00265324.json
CJ ENM,035760,00265324,KOSDAQ,서비스콘텐츠,2025,분기보고서_1분기,11013,CFS,연결재무제표,000,정상,216,data\raw\opendart_financial\bsns_year=2025\reprt_code=11013\fs_div=CFS\035760_00265324.json
CJ ENM,035760,00265324,KOSDAQ,서비스콘텐츠,2025,분기보고서_1분기,11013,OFS,별도재무제표,000,정상,138,data\raw\opendart_financial\bsns_year=2025\reprt_code=11013\fs_div=OFS\035760_00265324.json
CJ ENM,035760,00265324,KOSDAQ,서비스콘텐츠,2025,분기보고서_3분기,11014,CFS,연결재무제표,000,정상,226,data\raw\opendart_financial\bsns_year=2025\reprt_code=11014\fs_div=CFS\035760_00265324.json
CJ ENM,035760,00265324,KOSDAQ,서비스콘텐츠,2025,분기보고서_3분기,11014,OFS,별도재무제표,000,정상,145,data\raw\opendart_financial\bsns_year=2025\reprt_code=11014\fs_div=OFS\035760_00265324.json
에스엠,041510,00260930,KOSDAQ,서비스콘텐츠,2017,사업보고서,11011,CFS,연결재무제표,000,정상,233,data\raw\opendart_financial\bsns_year=2017\reprt_code=11011\fs_div=CFS\041510_00260930.json
에스엠,041510,00260930,KOSDAQ,서비스콘텐츠,2017,사업보고서,11011,OFS,별도재무제표,000,정상,150,data\raw\opendart_financial\bsns_year=2017\reprt_code=11011\fs_div=OFS\041510_00260930.json
에스엠,041510,00260930,KOSDAQ,서비스콘텐츠,2017,반기보고서,11012,CFS,연결재무제표,000,정상,230,data\raw\opendart_financial\bsns_year=2017\reprt_code=11012\fs_div=CFS\041510_00260930.json
에스엠,041510,00260930,KOSDAQ,서비스콘텐츠,2017,반기보고서,11012,OFS,별도재무제표,000,정상,165,data\raw\opendart_financial\bsns_year=2017\reprt_code=11012\fs_div=OFS\041510_00260930.json
에스엠,041510,00260930,KOSDAQ,서비스콘텐츠,2017,분기보고서_1분기,11013,CFS,연결재무제표,000,정상,256,data\raw\opendart_financial\bsns_year=2017\reprt_code=11013\fs_div=CFS\041510_00260930.json
에스엠,041510,00260930,KOSDAQ,서비스콘텐츠,2017,분기보고서_1분기,11013,OFS,별도재무제표,000,정상,177,data\raw\opendart_financial\bsns_year=2017\reprt_code=11013\fs_div=OFS\041510_00260930.json
에스엠,041510,00260930,KOSDAQ,서비스콘텐츠,2017,분기보고서_3분기,11014,CFS,연결재무제표,000,정상,246,data\raw\opendart_financial\bsns_year=2017\reprt_code=11014\fs_div=CFS\041510_00260930.json
에스엠,041510,00260930,KOSDAQ,서비스콘텐츠,2017,분기보고서_3분기,11014,OFS,별도재무제표,000,정상,131,data\raw\opendart_financial\bsns_year=2017\reprt_code=11014\fs_div=OFS\041510_00260930.json
에스엠,041510,00260930,KOSDAQ,서비스콘텐츠,2018,사업보고서,11011,CFS,연결재무제표,000,정상,249,data\raw\opendart_financial\bsns_year=2018\reprt_code=11011\fs_div=CFS\041510_00260930.json
에스엠,041510,00260930,KOSDAQ,서비스콘텐츠,2018,사업보고서,11011,OFS,별도재무제표,000,정상,163,data\raw\opendart_financial\bsns_year=2018\reprt_code=11011\fs_div=OFS\041510_00260930.json
에스엠,041510,00260930,KOSDAQ,서비스콘텐츠,2018,반기보고서,11012,CFS,연결재무제표,000,정상,219,data\raw\opendart_financial\bsns_year=2018\reprt_code=11012\fs_div=CFS\041510_00260930.json
에스엠,041510,00260930,KOSDAQ,서비스콘텐츠,2018,반기보고서,11012,OFS,별도재무제표,000,정상,150,data\raw\opendart_financial\bsns_year=2018\reprt_code=11012\fs_div=OFS\041510_00260930.json
에스엠,041510,00260930,KOSDAQ,서비스콘텐츠,2018,분기보고서_1분기,11013,CFS,연결재무제표,000,정상,186,data\raw\opendart_financial\bsns_year=2018\reprt_code=11013\fs_div=CFS\041510_00260930.json
에스엠,041510,00260930,KOSDAQ,서비스콘텐츠,2018,분기보고서_1분기,11013,OFS,별도재무제표,000,정상,135,data\raw\opendart_financial\bsns_year=2018\reprt_code=11013\fs_div=OFS\041510_00260930.json
에스엠,041510,00260930,KOSDAQ,서비스콘텐츠,2018,분기보고서_3분기,11014,CFS,연결재무제표,000,정상,229,data\raw\opendart_financial\bsns_year=2018\reprt_code=11014\fs_div=CFS\041510_00260930.json
에스엠,041510,00260930,KOSDAQ,서비스콘텐츠,2018,분기보고서_3분기,11014,OFS,별도재무제표,000,정상,154,data\raw\opendart_financial\bsns_year=2018\reprt_code=11014\fs_div=OFS\041510_00260930.json
에스엠,041510,00260930,KOSDAQ,서비스콘텐츠,2019,사업보고서,11011,CFS,연결재무제표,000,정상,248,data\raw\opendart_financial\bsns_year=2019\reprt_code=11011\fs_div=CFS\041510_00260930.json
에스엠,041510,00260930,KOSDAQ,서비스콘텐츠,2019,사업보고서,11011,OFS,별도재무제표,000,정상,165,data\raw\opendart_financial\bsns_year=2019\reprt_code=11011\fs_div=OFS\041510_00260930.json
에스엠,041510,00260930,KOSDAQ,서비스콘텐츠,2019,반기보고서,11012,CFS,연결재무제표,000,정상,213,data\raw\opendart_financial\bsns_year=2019\reprt_code=11012\fs_div=CFS\041510_00260930.json
에스엠,041510,00260930,KOSDAQ,서비스콘텐츠,2019,반기보고서,11012,OFS,별도재무제표,000,정상,149,data\raw\opendart_financial\bsns_year=2019\reprt_code=11012\fs_div=OFS\041510_00260930.json
에스엠,041510,00260930,KOSDAQ,서비스콘텐츠,2019,분기보고서_1분기,11013,CFS,연결재무제표,000,정상,192,data\raw\opendart_financial\bsns_year=2019\reprt_code=11013\fs_div=CFS\041510_00260930.json
에스엠,041510,00260930,KOSDAQ,서비스콘텐츠,2019,분기보고서_1분기,11013,OFS,별도재무제표,000,정상,133,data\raw\opendart_financial\bsns_year=2019\reprt_code=11013\fs_div=OFS\041510_00260930.json
에스엠,041510,00260930,KOSDAQ,서비스콘텐츠,2019,분기보고서_3분기,11014,CFS,연결재무제표,000,정상,221,data\raw\opendart_financial\bsns_year=2019\reprt_code=11014\fs_div=CFS\041510_00260930.json
에스엠,041510,00260930,KOSDAQ,서비스콘텐츠,2019,분기보고서_3분기,11014,OFS,별도재무제표,000,정상,152,data\raw\opendart_financial\bsns_year=2019\reprt_code=11014\fs_div=OFS\041510_00260930.json
에스엠,041510,00260930,KOSDAQ,서비스콘텐츠,2020,사업보고서,11011,CFS,연결재무제표,000,정상,230,data\raw\opendart_financial\bsns_year=2020\reprt_code=11011\fs_div=CFS\041510_00260930.json
에스엠,041510,00260930,KOSDAQ,서비스콘텐츠,2020,사업보고서,11011,OFS,별도재무제표,000,정상,160,data\raw\opendart_financial\bsns_year=2020\reprt_code=11011\fs_div=OFS\041510_00260930.json
에스엠,041510,00260930,KOSDAQ,서비스콘텐츠,2020,반기보고서,11012,CFS,연결재무제표,000,정상,194,data\raw\opendart_financial\bsns_year=2020\reprt_code=11012\fs_div=CFS\041510_00260930.json
에스엠,041510,00260930,KOSDAQ,서비스콘텐츠,2020,반기보고서,11012,OFS,별도재무제표,000,정상,141,data\raw\opendart_financial\bsns_year=2020\reprt_code=11012\fs_div=OFS\041510_00260930.json
에스엠,041510,00260930,KOSDAQ,서비스콘텐츠,2020,분기보고서_1분기,11013,CFS,연결재무제표,000,정상,188,data\raw\opendart_financial\bsns_year=2020\reprt_code=11013\fs_div=CFS\041510_00260930.json
에스엠,041510,00260930,KOSDAQ,서비스콘텐츠,2020,분기보고서_1분기,11013,OFS,별도재무제표,000,정상,127,data\raw\opendart_financial\bsns_year=2020\reprt_code=11013\fs_div=OFS\041510_00260930.json
에스엠,041510,00260930,KOSDAQ,서비스콘텐츠,2020,분기보고서_3분기,11014,CFS,연결재무제표,000,정상,204,data\raw\opendart_financial\bsns_year=2020\reprt_code=11014\fs_div=CFS\041510_00260930.json
에스엠,041510,00260930,KOSDAQ,서비스콘텐츠,2020,분기보고서_3분기,11014,OFS,별도재무제표,000,정상,142,data\raw\opendart_financial\bsns_year=2020\reprt_code=11014\fs_div=OFS\041510_00260930.json
에스엠,041510,00260930,KOSDAQ,서비스콘텐츠,2021,사업보고서,11011,CFS,연결재무제표,000,정상,220,data\raw\opendart_financial\bsns_year=2021\reprt_code=11011\fs_div=CFS\041510_00260930.json
에스엠,041510,00260930,KOSDAQ,서비스콘텐츠,2021,사업보고서,11011,OFS,별도재무제표,000,정상,152,data\raw\opendart_financial\bsns_year=2021\reprt_code=11011\fs_div=OFS\041510_00260930.json
에스엠,041510,00260930,KOSDAQ,서비스콘텐츠,2021,반기보고서,11012,CFS,연결재무제표,000,정상,198,data\raw\opendart_financial\bsns_year=2021\reprt_code=11012\fs_div=CFS\041510_00260930.json
에스엠,041510,00260930,KOSDAQ,서비스콘텐츠,2021,반기보고서,11012,OFS,별도재무제표,000,정상,145,data\raw\opendart_financial\bsns_year=2021\reprt_code=11012\fs_div=OFS\041510_00260930.json
에스엠,041510,00260930,KOSDAQ,서비스콘텐츠,2021,분기보고서_1분기,11013,CFS,연결재무제표,000,정상,190,data\raw\opendart_financial\bsns_year=2021\reprt_code=11013\fs_div=CFS\041510_00260930.json
에스엠,041510,00260930,KOSDAQ,서비스콘텐츠,2021,분기보고서_1분기,11013,OFS,별도재무제표,000,정상,137,data\raw\opendart_financial\bsns_year=2021\reprt_code=11013\fs_div=OFS\041510_00260930.json
에스엠,041510,00260930,KOSDAQ,서비스콘텐츠,2021,분기보고서_3분기,11014,CFS,연결재무제표,000,정상,199,data\raw\opendart_financial\bsns_year=2021\reprt_code=11014\fs_div=CFS\041510_00260930.json
에스엠,041510,00260930,KOSDAQ,서비스콘텐츠,2021,분기보고서_3분기,11014,OFS,별도재무제표,000,정상,148,data\raw\opendart_financial\bsns_year=2021\reprt_code=11014\fs_div=OFS\041510_00260930.json
에스엠,041510,00260930,KOSDAQ,서비스콘텐츠,2022,사업보고서,11011,CFS,연결재무제표,000,정상,231,data\raw\opendart_financial\bsns_year=2022\reprt_code=11011\fs_div=CFS\041510_00260930.json
에스엠,041510,00260930,KOSDAQ,서비스콘텐츠,2022,사업보고서,11011,OFS,별도재무제표,000,정상,162,data\raw\opendart_financial\bsns_year=2022\reprt_code=11011\fs_div=OFS\041510_00260930.json
에스엠,041510,00260930,KOSDAQ,서비스콘텐츠,2022,반기보고서,11012,CFS,연결재무제표,000,정상,217,data\raw\opendart_financial\bsns_year=2022\reprt_code=11012\fs_div=CFS\041510_00260930.json
에스엠,041510,00260930,KOSDAQ,서비스콘텐츠,2022,반기보고서,11012,OFS,별도재무제표,000,정상,148,data\raw\opendart_financial\bsns_year=2022\reprt_code=11012\fs_div=OFS\041510_00260930.json
에스엠,041510,00260930,KOSDAQ,서비스콘텐츠,2022,분기보고서_1분기,11013,CFS,연결재무제표,000,정상,208,data\raw\opendart_financial\bsns_year=2022\reprt_code=11013\fs_div=CFS\041510_00260930.json
에스엠,041510,00260930,KOSDAQ,서비스콘텐츠,2022,분기보고서_1분기,11013,OFS,별도재무제표,000,정상,145,data\raw\opendart_financial\bsns_year=2022\reprt_code=11013\fs_div=OFS\041510_00260930.json
에스엠,041510,00260930,KOSDAQ,서비스콘텐츠,2022,분기보고서_3분기,11014,CFS,연결재무제표,000,정상,220,data\raw\opendart_financial\bsns_year=2022\reprt_code=11014\fs_div=CFS\041510_00260930.json
에스엠,041510,00260930,KOSDAQ,서비스콘텐츠,2022,분기보고서_3분기,11014,OFS,별도재무제표,000,정상,153,data\raw\opendart_financial\bsns_year=2022\reprt_code=11014\fs_div=OFS\041510_00260930.json
에스엠,041510,00260930,KOSDAQ,서비스콘텐츠,2023,사업보고서,11011,CFS,연결재무제표,000,정상,241,data\raw\opendart_financial\bsns_year=2023\reprt_code=11011\fs_div=CFS\041510_00260930.json
에스엠,041510,00260930,KOSDAQ,서비스콘텐츠,2023,사업보고서,11011,OFS,별도재무제표,000,정상,163,data\raw\opendart_financial\bsns_year=2023\reprt_code=11011\fs_div=OFS\041510_00260930.json
에스엠,041510,00260930,KOSDAQ,서비스콘텐츠,2023,반기보고서,11012,CFS,연결재무제표,000,정상,221,data\raw\opendart_financial\bsns_year=2023\reprt_code=11012\fs_div=CFS\041510_00260930.json
에스엠,041510,00260930,KOSDAQ,서비스콘텐츠,2023,반기보고서,11012,OFS,별도재무제표,000,정상,147,data\raw\opendart_financial\bsns_year=2023\reprt_code=11012\fs_div=OFS\041510_00260930.json
에스엠,041510,00260930,KOSDAQ,서비스콘텐츠,2023,분기보고서_1분기,11013,CFS,연결재무제표,000,정상,208,data\raw\opendart_financial\bsns_year=2023\reprt_code=11013\fs_div=CFS\041510_00260930.json
에스엠,041510,00260930,KOSDAQ,서비스콘텐츠,2023,분기보고서_1분기,11013,OFS,별도재무제표,000,정상,142,data\raw\opendart_financial\bsns_year=2023\reprt_code=11013\fs_div=OFS\041510_00260930.json
에스엠,041510,00260930,KOSDAQ,서비스콘텐츠,2023,분기보고서_3분기,11014,CFS,연결재무제표,000,정상,226,data\raw\opendart_financial\bsns_year=2023\reprt_code=11014\fs_div=CFS\041510_00260930.json
에스엠,041510,00260930,KOSDAQ,서비스콘텐츠,2023,분기보고서_3분기,11014,OFS,별도재무제표,000,정상,154,data\raw\opendart_financial\bsns_year=2023\reprt_code=11014\fs_div=OFS\041510_00260930.json
에스엠,041510,00260930,KOSDAQ,서비스콘텐츠,2024,사업보고서,11011,CFS,연결재무제표,000,정상,312,data\raw\opendart_financial\bsns_year=2024\reprt_code=11011\fs_div=CFS\041510_00260930.json
에스엠,041510,00260930,KOSDAQ,서비스콘텐츠,2024,사업보고서,11011,OFS,별도재무제표,000,정상,203,data\raw\opendart_financial\bsns_year=2024\reprt_code=11011\fs_div=OFS\041510_00260930.json
에스엠,041510,00260930,KOSDAQ,서비스콘텐츠,2024,반기보고서,11012,CFS,연결재무제표,000,정상,209,data\raw\opendart_financial\bsns_year=2024\reprt_code=11012\fs_div=CFS\041510_00260930.json
에스엠,041510,00260930,KOSDAQ,서비스콘텐츠,2024,반기보고서,11012,OFS,별도재무제표,000,정상,142,data\raw\opendart_financial\bsns_year=2024\reprt_code=11012\fs_div=OFS\041510_00260930.json
에스엠,041510,00260930,KOSDAQ,서비스콘텐츠,2024,분기보고서_1분기,11013,CFS,연결재무제표,000,정상,210,data\raw\opendart_financial\bsns_year=2024\reprt_code=11013\fs_div=CFS\041510_00260930.json
에스엠,041510,00260930,KOSDAQ,서비스콘텐츠,2024,분기보고서_1분기,11013,OFS,별도재무제표,000,정상,139,data\raw\opendart_financial\bsns_year=2024\reprt_code=11013\fs_div=OFS\041510_00260930.json
에스엠,041510,00260930,KOSDAQ,서비스콘텐츠,2024,분기보고서_3분기,11014,CFS,연결재무제표,000,정상,217,data\raw\opendart_financial\bsns_year=2024\reprt_code=11014\fs_div=CFS\041510_00260930.json
에스엠,041510,00260930,KOSDAQ,서비스콘텐츠,2024,분기보고서_3분기,11014,OFS,별도재무제표,000,정상,145,data\raw\opendart_financial\bsns_year=2024\reprt_code=11014\fs_div=OFS\041510_00260930.json
에스엠,041510,00260930,KOSDAQ,서비스콘텐츠,2025,사업보고서,11011,CFS,연결재무제표,000,정상,325,data\raw\opendart_financial\bsns_year=2025\reprt_code=11011\fs_div=CFS\041510_00260930.json
에스엠,041510,00260930,KOSDAQ,서비스콘텐츠,2025,사업보고서,11011,OFS,별도재무제표,000,정상,201,data\raw\opendart_financial\bsns_year=2025\reprt_code=11011\fs_div=OFS\041510_00260930.json
에스엠,041510,00260930,KOSDAQ,서비스콘텐츠,2025,반기보고서,11012,CFS,연결재무제표,000,정상,267,data\raw\opendart_financial\bsns_year=2025\reprt_code=11012\fs_div=CFS\041510_00260930.json
에스엠,041510,00260930,KOSDAQ,서비스콘텐츠,2025,반기보고서,11012,OFS,별도재무제표,000,정상,154,data\raw\opendart_financial\bsns_year=2025\reprt_code=11012\fs_div=OFS\041510_00260930.json
에스엠,041510,00260930,KOSDAQ,서비스콘텐츠,2025,분기보고서_1분기,11013,CFS,연결재무제표,000,정상,263,data\raw\opendart_financial\bsns_year=2025\reprt_code=11013\fs_div=CFS\041510_00260930.json
에스엠,041510,00260930,KOSDAQ,서비스콘텐츠,2025,분기보고서_1분기,11013,OFS,별도재무제표,000,정상,152,data\raw\opendart_financial\bsns_year=2025\reprt_code=11013\fs_div=OFS\041510_00260930.json
에스엠,041510,00260930,KOSDAQ,서비스콘텐츠,2025,분기보고서_3분기,11014,CFS,연결재무제표,000,정상,285,data\raw\opendart_financial\bsns_year=2025\reprt_code=11014\fs_div=CFS\041510_00260930.json
에스엠,041510,00260930,KOSDAQ,서비스콘텐츠,2025,분기보고서_3분기,11014,OFS,별도재무제표,000,정상,161,data\raw\opendart_financial\bsns_year=2025\reprt_code=11014\fs_div=OFS\041510_00260930.json
JYP Ent.,035900,00258689,KOSDAQ,서비스콘텐츠,2017,사업보고서,11011,CFS,연결재무제표,000,정상,161,data\raw\opendart_financial\bsns_year=2017\reprt_code=11011\fs_div=CFS\035900_00258689.json
JYP Ent.,035900,00258689,KOSDAQ,서비스콘텐츠,2017,사업보고서,11011,OFS,별도재무제표,000,정상,141,data\raw\opendart_financial\bsns_year=2017\reprt_code=11011\fs_div=OFS\035900_00258689.json
JYP Ent.,035900,00258689,KOSDAQ,서비스콘텐츠,2017,반기보고서,11012,CFS,연결재무제표,000,정상,146,data\raw\opendart_financial\bsns_year=2017\reprt_code=11012\fs_div=CFS\035900_00258689.json
JYP Ent.,035900,00258689,KOSDAQ,서비스콘텐츠,2017,반기보고서,11012,OFS,별도재무제표,000,정상,118,data\raw\opendart_financial\bsns_year=2017\reprt_code=11012\fs_div=OFS\035900_00258689.json
JYP Ent.,035900,00258689,KOSDAQ,서비스콘텐츠,2017,분기보고서_1분기,11013,CFS,연결재무제표,000,정상,163,data\raw\opendart_financial\bsns_year=2017\reprt_code=11013\fs_div=CFS\035900_00258689.json
JYP Ent.,035900,00258689,KOSDAQ,서비스콘텐츠,2017,분기보고서_1분기,11013,OFS,별도재무제표,000,정상,135,data\raw\opendart_financial\bsns_year=2017\reprt_code=11013\fs_div=OFS\035900_00258689.json
JYP Ent.,035900,00258689,KOSDAQ,서비스콘텐츠,2017,분기보고서_3분기,11014,CFS,연결재무제표,000,정상,144,data\raw\opendart_financial\bsns_year=2017\reprt_code=11014\fs_div=CFS\035900_00258689.json
JYP Ent.,035900,00258689,KOSDAQ,서비스콘텐츠,2017,분기보고서_3분기,11014,OFS,별도재무제표,000,정상,118,data\raw\opendart_financial\bsns_year=2017\reprt_code=11014\fs_div=OFS\035900_00258689.json
JYP Ent.,035900,00258689,KOSDAQ,서비스콘텐츠,2018,사업보고서,11011,CFS,연결재무제표,000,정상,180,data\raw\opendart_financial\bsns_year=2018\reprt_code=11011\fs_div=CFS\035900_00258689.json
JYP Ent.,035900,00258689,KOSDAQ,서비스콘텐츠,2018,사업보고서,11011,OFS,별도재무제표,000,정상,138,data\raw\opendart_financial\bsns_year=2018\reprt_code=11011\fs_div=OFS\035900_00258689.json
JYP Ent.,035900,00258689,KOSDAQ,서비스콘텐츠,2018,반기보고서,11012,CFS,연결재무제표,000,정상,155,data\raw\opendart_financial\bsns_year=2018\reprt_code=11012\fs_div=CFS\035900_00258689.json
JYP Ent.,035900,00258689,KOSDAQ,서비스콘텐츠,2018,반기보고서,11012,OFS,별도재무제표,000,정상,128,data\raw\opendart_financial\bsns_year=2018\reprt_code=11012\fs_div=OFS\035900_00258689.json
JYP Ent.,035900,00258689,KOSDAQ,서비스콘텐츠,2018,분기보고서_1분기,11013,CFS,연결재무제표,000,정상,131,data\raw\opendart_financial\bsns_year=2018\reprt_code=11013\fs_div=CFS\035900_00258689.json
JYP Ent.,035900,00258689,KOSDAQ,서비스콘텐츠,2018,분기보고서_1분기,11013,OFS,별도재무제표,000,정상,115,data\raw\opendart_financial\bsns_year=2018\reprt_code=11013\fs_div=OFS\035900_00258689.json
JYP Ent.,035900,00258689,KOSDAQ,서비스콘텐츠,2018,분기보고서_3분기,11014,CFS,연결재무제표,000,정상,157,data\raw\opendart_financial\bsns_year=2018\reprt_code=11014\fs_div=CFS\035900_00258689.json
JYP Ent.,035900,00258689,KOSDAQ,서비스콘텐츠,2018,분기보고서_3분기,11014,OFS,별도재무제표,000,정상,128,data\raw\opendart_financial\bsns_year=2018\reprt_code=11014\fs_div=OFS\035900_00258689.json
JYP Ent.,035900,00258689,KOSDAQ,서비스콘텐츠,2019,사업보고서,11011,CFS,연결재무제표,000,정상,191,data\raw\opendart_financial\bsns_year=2019\reprt_code=11011\fs_div=CFS\035900_00258689.json
JYP Ent.,035900,00258689,KOSDAQ,서비스콘텐츠,2019,사업보고서,11011,OFS,별도재무제표,000,정상,152,data\raw\opendart_financial\bsns_year=2019\reprt_code=11011\fs_div=OFS\035900_00258689.json
JYP Ent.,035900,00258689,KOSDAQ,서비스콘텐츠,2019,반기보고서,11012,CFS,연결재무제표,000,정상,162,data\raw\opendart_financial\bsns_year=2019\reprt_code=11012\fs_div=CFS\035900_00258689.json
JYP Ent.,035900,00258689,KOSDAQ,서비스콘텐츠,2019,반기보고서,11012,OFS,별도재무제표,000,정상,148,data\raw\opendart_financial\bsns_year=2019\reprt_code=11012\fs_div=OFS\035900_00258689.json
JYP Ent.,035900,00258689,KOSDAQ,서비스콘텐츠,2019,분기보고서_1분기,11013,CFS,연결재무제표,000,정상,139,data\raw\opendart_financial\bsns_year=2019\reprt_code=11013\fs_div=CFS\035900_00258689.json
JYP Ent.,035900,00258689,KOSDAQ,서비스콘텐츠,2019,분기보고서_1분기,11013,OFS,별도재무제표,000,정상,113,data\raw\opendart_financial\bsns_year=2019\reprt_code=11013\fs_div=OFS\035900_00258689.json
JYP Ent.,035900,00258689,KOSDAQ,서비스콘텐츠,2019,분기보고서_3분기,11014,CFS,연결재무제표,000,정상,161,data\raw\opendart_financial\bsns_year=2019\reprt_code=11014\fs_div=CFS\035900_00258689.json
JYP Ent.,035900,00258689,KOSDAQ,서비스콘텐츠,2019,분기보고서_3분기,11014,OFS,별도재무제표,000,정상,126,data\raw\opendart_financial\bsns_year=2019\reprt_code=11014\fs_div=OFS\035900_00258689.json
JYP Ent.,035900,00258689,KOSDAQ,서비스콘텐츠,2020,사업보고서,11011,CFS,연결재무제표,000,정상,228,data\raw\opendart_financial\bsns_year=2020\reprt_code=11011\fs_div=CFS\035900_00258689.json
JYP Ent.,035900,00258689,KOSDAQ,서비스콘텐츠,2020,사업보고서,11011,OFS,별도재무제표,000,정상,181,data\raw\opendart_financial\bsns_year=2020\reprt_code=11011\fs_div=OFS\035900_00258689.json
JYP Ent.,035900,00258689,KOSDAQ,서비스콘텐츠,2020,반기보고서,11012,CFS,연결재무제표,000,정상,225,data\raw\opendart_financial\bsns_year=2020\reprt_code=11012\fs_div=CFS\035900_00258689.json
JYP Ent.,035900,00258689,KOSDAQ,서비스콘텐츠,2020,반기보고서,11012,OFS,별도재무제표,000,정상,179,data\raw\opendart_financial\bsns_year=2020\reprt_code=11012\fs_div=OFS\035900_00258689.json
JYP Ent.,035900,00258689,KOSDAQ,서비스콘텐츠,2020,분기보고서_1분기,11013,CFS,연결재무제표,000,정상,221,data\raw\opendart_financial\bsns_year=2020\reprt_code=11013\fs_div=CFS\035900_00258689.json
JYP Ent.,035900,00258689,KOSDAQ,서비스콘텐츠,2020,분기보고서_1분기,11013,OFS,별도재무제표,000,정상,175,data\raw\opendart_financial\bsns_year=2020\reprt_code=11013\fs_div=OFS\035900_00258689.json
JYP Ent.,035900,00258689,KOSDAQ,서비스콘텐츠,2020,분기보고서_3분기,11014,CFS,연결재무제표,000,정상,226,data\raw\opendart_financial\bsns_year=2020\reprt_code=11014\fs_div=CFS\035900_00258689.json
JYP Ent.,035900,00258689,KOSDAQ,서비스콘텐츠,2020,분기보고서_3분기,11014,OFS,별도재무제표,000,정상,180,data\raw\opendart_financial\bsns_year=2020\reprt_code=11014\fs_div=OFS\035900_00258689.json
JYP Ent.,035900,00258689,KOSDAQ,서비스콘텐츠,2021,사업보고서,11011,CFS,연결재무제표,000,정상,195,data\raw\opendart_financial\bsns_year=2021\reprt_code=11011\fs_div=CFS\035900_00258689.json
JYP Ent.,035900,00258689,KOSDAQ,서비스콘텐츠,2021,사업보고서,11011,OFS,별도재무제표,000,정상,156,data\raw\opendart_financial\bsns_year=2021\reprt_code=11011\fs_div=OFS\035900_00258689.json
JYP Ent.,035900,00258689,KOSDAQ,서비스콘텐츠,2021,반기보고서,11012,CFS,연결재무제표,000,정상,250,data\raw\opendart_financial\bsns_year=2021\reprt_code=11012\fs_div=CFS\035900_00258689.json
JYP Ent.,035900,00258689,KOSDAQ,서비스콘텐츠,2021,반기보고서,11012,OFS,별도재무제표,000,정상,185,data\raw\opendart_financial\bsns_year=2021\reprt_code=11012\fs_div=OFS\035900_00258689.json
JYP Ent.,035900,00258689,KOSDAQ,서비스콘텐츠,2021,분기보고서_1분기,11013,CFS,연결재무제표,000,정상,241,data\raw\opendart_financial\bsns_year=2021\reprt_code=11013\fs_div=CFS\035900_00258689.json
JYP Ent.,035900,00258689,KOSDAQ,서비스콘텐츠,2021,분기보고서_1분기,11013,OFS,별도재무제표,000,정상,184,data\raw\opendart_financial\bsns_year=2021\reprt_code=11013\fs_div=OFS\035900_00258689.json
JYP Ent.,035900,00258689,KOSDAQ,서비스콘텐츠,2021,분기보고서_3분기,11014,CFS,연결재무제표,000,정상,167,data\raw\opendart_financial\bsns_year=2021\reprt_code=11014\fs_div=CFS\035900_00258689.json
JYP Ent.,035900,00258689,KOSDAQ,서비스콘텐츠,2021,분기보고서_3분기,11014,OFS,별도재무제표,000,정상,144,data\raw\opendart_financial\bsns_year=2021\reprt_code=11014\fs_div=OFS\035900_00258689.json
JYP Ent.,035900,00258689,KOSDAQ,서비스콘텐츠,2022,사업보고서,11011,CFS,연결재무제표,000,정상,204,data\raw\opendart_financial\bsns_year=2022\reprt_code=11011\fs_div=CFS\035900_00258689.json
JYP Ent.,035900,00258689,KOSDAQ,서비스콘텐츠,2022,사업보고서,11011,OFS,별도재무제표,000,정상,156,data\raw\opendart_financial\bsns_year=2022\reprt_code=11011\fs_div=OFS\035900_00258689.json
JYP Ent.,035900,00258689,KOSDAQ,서비스콘텐츠,2022,반기보고서,11012,CFS,연결재무제표,000,정상,202,data\raw\opendart_financial\bsns_year=2022\reprt_code=11012\fs_div=CFS\035900_00258689.json
JYP Ent.,035900,00258689,KOSDAQ,서비스콘텐츠,2022,반기보고서,11012,OFS,별도재무제표,000,정상,156,data\raw\opendart_financial\bsns_year=2022\reprt_code=11012\fs_div=OFS\035900_00258689.json
JYP Ent.,035900,00258689,KOSDAQ,서비스콘텐츠,2022,분기보고서_1분기,11013,CFS,연결재무제표,000,정상,157,data\raw\opendart_financial\bsns_year=2022\reprt_code=11013\fs_div=CFS\035900_00258689.json
JYP Ent.,035900,00258689,KOSDAQ,서비스콘텐츠,2022,분기보고서_1분기,11013,OFS,별도재무제표,000,정상,124,data\raw\opendart_financial\bsns_year=2022\reprt_code=11013\fs_div=OFS\035900_00258689.json
JYP Ent.,035900,00258689,KOSDAQ,서비스콘텐츠,2022,분기보고서_3분기,11014,CFS,연결재무제표,000,정상,204,data\raw\opendart_financial\bsns_year=2022\reprt_code=11014\fs_div=CFS\035900_00258689.json
JYP Ent.,035900,00258689,KOSDAQ,서비스콘텐츠,2022,분기보고서_3분기,11014,OFS,별도재무제표,000,정상,159,data\raw\opendart_financial\bsns_year=2022\reprt_code=11014\fs_div=OFS\035900_00258689.json
JYP Ent.,035900,00258689,KOSDAQ,서비스콘텐츠,2023,사업보고서,11011,CFS,연결재무제표,000,정상,196,data\raw\opendart_financial\bsns_year=2023\reprt_code=11011\fs_div=CFS\035900_00258689.json
JYP Ent.,035900,00258689,KOSDAQ,서비스콘텐츠,2023,사업보고서,11011,OFS,별도재무제표,000,정상,158,data\raw\opendart_financial\bsns_year=2023\reprt_code=11011\fs_div=OFS\035900_00258689.json
JYP Ent.,035900,00258689,KOSDAQ,서비스콘텐츠,2023,반기보고서,11012,CFS,연결재무제표,000,정상,170,data\raw\opendart_financial\bsns_year=2023\reprt_code=11012\fs_div=CFS\035900_00258689.json
JYP Ent.,035900,00258689,KOSDAQ,서비스콘텐츠,2023,반기보고서,11012,OFS,별도재무제표,000,정상,132,data\raw\opendart_financial\bsns_year=2023\reprt_code=11012\fs_div=OFS\035900_00258689.json
JYP Ent.,035900,00258689,KOSDAQ,서비스콘텐츠,2023,분기보고서_1분기,11013,CFS,연결재무제표,000,정상,156,data\raw\opendart_financial\bsns_year=2023\reprt_code=11013\fs_div=CFS\035900_00258689.json
JYP Ent.,035900,00258689,KOSDAQ,서비스콘텐츠,2023,분기보고서_1분기,11013,OFS,별도재무제표,000,정상,119,data\raw\opendart_financial\bsns_year=2023\reprt_code=11013\fs_div=OFS\035900_00258689.json
JYP Ent.,035900,00258689,KOSDAQ,서비스콘텐츠,2023,분기보고서_3분기,11014,CFS,연결재무제표,000,정상,184,data\raw\opendart_financial\bsns_year=2023\reprt_code=11014\fs_div=CFS\035900_00258689.json
JYP Ent.,035900,00258689,KOSDAQ,서비스콘텐츠,2023,분기보고서_3분기,11014,OFS,별도재무제표,000,정상,140,data\raw\opendart_financial\bsns_year=2023\reprt_code=11014\fs_div=OFS\035900_00258689.json
JYP Ent.,035900,00258689,KOSDAQ,서비스콘텐츠,2024,사업보고서,11011,CFS,연결재무제표,000,정상,202,data\raw\opendart_financial\bsns_year=2024\reprt_code=11011\fs_div=CFS\035900_00258689.json
JYP Ent.,035900,00258689,KOSDAQ,서비스콘텐츠,2024,사업보고서,11011,OFS,별도재무제표,000,정상,151,data\raw\opendart_financial\bsns_year=2024\reprt_code=11011\fs_div=OFS\035900_00258689.json
JYP Ent.,035900,00258689,KOSDAQ,서비스콘텐츠,2024,반기보고서,11012,CFS,연결재무제표,000,정상,185,data\raw\opendart_financial\bsns_year=2024\reprt_code=11012\fs_div=CFS\035900_00258689.json
JYP Ent.,035900,00258689,KOSDAQ,서비스콘텐츠,2024,반기보고서,11012,OFS,별도재무제표,000,정상,141,data\raw\opendart_financial\bsns_year=2024\reprt_code=11012\fs_div=OFS\035900_00258689.json
JYP Ent.,035900,00258689,KOSDAQ,서비스콘텐츠,2024,분기보고서_1분기,11013,CFS,연결재무제표,000,정상,174,data\raw\opendart_financial\bsns_year=2024\reprt_code=11013\fs_div=CFS\035900_00258689.json
JYP Ent.,035900,00258689,KOSDAQ,서비스콘텐츠,2024,분기보고서_1분기,11013,OFS,별도재무제표,000,정상,130,data\raw\opendart_financial\bsns_year=2024\reprt_code=11013\fs_div=OFS\035900_00258689.json
JYP Ent.,035900,00258689,KOSDAQ,서비스콘텐츠,2024,분기보고서_3분기,11014,CFS,연결재무제표,000,정상,190,data\raw\opendart_financial\bsns_year=2024\reprt_code=11014\fs_div=CFS\035900_00258689.json
JYP Ent.,035900,00258689,KOSDAQ,서비스콘텐츠,2024,분기보고서_3분기,11014,OFS,별도재무제표,000,정상,144,data\raw\opendart_financial\bsns_year=2024\reprt_code=11014\fs_div=OFS\035900_00258689.json
JYP Ent.,035900,00258689,KOSDAQ,서비스콘텐츠,2025,사업보고서,11011,CFS,연결재무제표,000,정상,271,data\raw\opendart_financial\bsns_year=2025\reprt_code=11011\fs_div=CFS\035900_00258689.json
JYP Ent.,035900,00258689,KOSDAQ,서비스콘텐츠,2025,사업보고서,11011,OFS,별도재무제표,000,정상,197,data\raw\opendart_financial\bsns_year=2025\reprt_code=11011\fs_div=OFS\035900_00258689.json
JYP Ent.,035900,00258689,KOSDAQ,서비스콘텐츠,2025,반기보고서,11012,CFS,연결재무제표,000,정상,226,data\raw\opendart_financial\bsns_year=2025\reprt_code=11012\fs_div=CFS\035900_00258689.json
JYP Ent.,035900,00258689,KOSDAQ,서비스콘텐츠,2025,반기보고서,11012,OFS,별도재무제표,000,정상,168,data\raw\opendart_financial\bsns_year=2025\reprt_code=11012\fs_div=OFS\035900_00258689.json
JYP Ent.,035900,00258689,KOSDAQ,서비스콘텐츠,2025,분기보고서_1분기,11013,CFS,연결재무제표,000,정상,211,data\raw\opendart_financial\bsns_year=2025\reprt_code=11013\fs_div=CFS\035900_00258689.json
JYP Ent.,035900,00258689,KOSDAQ,서비스콘텐츠,2025,분기보고서_1분기,11013,OFS,별도재무제표,000,정상,164,data\raw\opendart_financial\bsns_year=2025\reprt_code=11013\fs_div=OFS\035900_00258689.json
JYP Ent.,035900,00258689,KOSDAQ,서비스콘텐츠,2025,분기보고서_3분기,11014,CFS,연결재무제표,000,정상,230,data\raw\opendart_financial\bsns_year=2025\reprt_code=11014\fs_div=CFS\035900_00258689.json
JYP Ent.,035900,00258689,KOSDAQ,서비스콘텐츠,2025,분기보고서_3분기,11014,OFS,별도재무제표,000,정상,180,data\raw\opendart_financial\bsns_year=2025\reprt_code=11014\fs_div=OFS\035900_00258689.json
KT&G,033780,00244455,KOSPI,필수소비재,2017,사업보고서,11011,CFS,연결재무제표,000,정상,221,data\raw\opendart_financial\bsns_year=2017\reprt_code=11011\fs_div=CFS\033780_00244455.json
KT&G,033780,00244455,KOSPI,필수소비재,2017,사업보고서,11011,OFS,별도재무제표,000,정상,150,data\raw\opendart_financial\bsns_year=2017\reprt_code=11011\fs_div=OFS\033780_00244455.json
KT&G,033780,00244455,KOSPI,필수소비재,2017,반기보고서,11012,CFS,연결재무제표,000,정상,347,data\raw\opendart_financial\bsns_year=2017\reprt_code=11012\fs_div=CFS\033780_00244455.json
KT&G,033780,00244455,KOSPI,필수소비재,2017,반기보고서,11012,OFS,별도재무제표,000,정상,244,data\raw\opendart_financial\bsns_year=2017\reprt_code=11012\fs_div=OFS\033780_00244455.json
KT&G,033780,00244455,KOSPI,필수소비재,2017,분기보고서_1분기,11013,CFS,연결재무제표,000,정상,339,data\raw\opendart_financial\bsns_year=2017\reprt_code=11013\fs_div=CFS\033780_00244455.json
KT&G,033780,00244455,KOSPI,필수소비재,2017,분기보고서_1분기,11013,OFS,별도재무제표,000,정상,234,data\raw\opendart_financial\bsns_year=2017\reprt_code=11013\fs_div=OFS\033780_00244455.json
KT&G,033780,00244455,KOSPI,필수소비재,2017,분기보고서_3분기,11014,CFS,연결재무제표,000,정상,198,data\raw\opendart_financial\bsns_year=2017\reprt_code=11014\fs_div=CFS\033780_00244455.json
KT&G,033780,00244455,KOSPI,필수소비재,2017,분기보고서_3분기,11014,OFS,별도재무제표,000,정상,145,data\raw\opendart_financial\bsns_year=2017\reprt_code=11014\fs_div=OFS\033780_00244455.json
KT&G,033780,00244455,KOSPI,필수소비재,2018,사업보고서,11011,CFS,연결재무제표,000,정상,227,data\raw\opendart_financial\bsns_year=2018\reprt_code=11011\fs_div=CFS\033780_00244455.json
KT&G,033780,00244455,KOSPI,필수소비재,2018,사업보고서,11011,OFS,별도재무제표,000,정상,169,data\raw\opendart_financial\bsns_year=2018\reprt_code=11011\fs_div=OFS\033780_00244455.json
KT&G,033780,00244455,KOSPI,필수소비재,2018,반기보고서,11012,CFS,연결재무제표,000,정상,198,data\raw\opendart_financial\bsns_year=2018\reprt_code=11012\fs_div=CFS\033780_00244455.json
KT&G,033780,00244455,KOSPI,필수소비재,2018,반기보고서,11012,OFS,별도재무제표,000,정상,160,data\raw\opendart_financial\bsns_year=2018\reprt_code=11012\fs_div=OFS\033780_00244455.json
KT&G,033780,00244455,KOSPI,필수소비재,2018,분기보고서_1분기,11013,CFS,연결재무제표,000,정상,187,data\raw\opendart_financial\bsns_year=2018\reprt_code=11013\fs_div=CFS\033780_00244455.json
KT&G,033780,00244455,KOSPI,필수소비재,2018,분기보고서_1분기,11013,OFS,별도재무제표,000,정상,156,data\raw\opendart_financial\bsns_year=2018\reprt_code=11013\fs_div=OFS\033780_00244455.json
KT&G,033780,00244455,KOSPI,필수소비재,2018,분기보고서_3분기,11014,CFS,연결재무제표,000,정상,197,data\raw\opendart_financial\bsns_year=2018\reprt_code=11014\fs_div=CFS\033780_00244455.json
KT&G,033780,00244455,KOSPI,필수소비재,2018,분기보고서_3분기,11014,OFS,별도재무제표,000,정상,159,data\raw\opendart_financial\bsns_year=2018\reprt_code=11014\fs_div=OFS\033780_00244455.json
KT&G,033780,00244455,KOSPI,필수소비재,2019,사업보고서,11011,CFS,연결재무제표,000,정상,216,data\raw\opendart_financial\bsns_year=2019\reprt_code=11011\fs_div=CFS\033780_00244455.json
KT&G,033780,00244455,KOSPI,필수소비재,2019,사업보고서,11011,OFS,별도재무제표,000,정상,177,data\raw\opendart_financial\bsns_year=2019\reprt_code=11011\fs_div=OFS\033780_00244455.json
KT&G,033780,00244455,KOSPI,필수소비재,2019,반기보고서,11012,CFS,연결재무제표,000,정상,191,data\raw\opendart_financial\bsns_year=2019\reprt_code=11012\fs_div=CFS\033780_00244455.json
KT&G,033780,00244455,KOSPI,필수소비재,2019,반기보고서,11012,OFS,별도재무제표,000,정상,158,data\raw\opendart_financial\bsns_year=2019\reprt_code=11012\fs_div=OFS\033780_00244455.json
KT&G,033780,00244455,KOSPI,필수소비재,2019,분기보고서_1분기,11013,CFS,연결재무제표,000,정상,177,data\raw\opendart_financial\bsns_year=2019\reprt_code=11013\fs_div=CFS\033780_00244455.json
KT&G,033780,00244455,KOSPI,필수소비재,2019,분기보고서_1분기,11013,OFS,별도재무제표,000,정상,153,data\raw\opendart_financial\bsns_year=2019\reprt_code=11013\fs_div=OFS\033780_00244455.json
KT&G,033780,00244455,KOSPI,필수소비재,2019,분기보고서_3분기,11014,CFS,연결재무제표,000,정상,194,data\raw\opendart_financial\bsns_year=2019\reprt_code=11014\fs_div=CFS\033780_00244455.json
KT&G,033780,00244455,KOSPI,필수소비재,2019,분기보고서_3분기,11014,OFS,별도재무제표,000,정상,161,data\raw\opendart_financial\bsns_year=2019\reprt_code=11014\fs_div=OFS\033780_00244455.json
KT&G,033780,00244455,KOSPI,필수소비재,2020,사업보고서,11011,CFS,연결재무제표,000,정상,215,data\raw\opendart_financial\bsns_year=2020\reprt_code=11011\fs_div=CFS\033780_00244455.json
KT&G,033780,00244455,KOSPI,필수소비재,2020,사업보고서,11011,OFS,별도재무제표,000,정상,172,data\raw\opendart_financial\bsns_year=2020\reprt_code=11011\fs_div=OFS\033780_00244455.json
KT&G,033780,00244455,KOSPI,필수소비재,2020,반기보고서,11012,CFS,연결재무제표,000,정상,187,data\raw\opendart_financial\bsns_year=2020\reprt_code=11012\fs_div=CFS\033780_00244455.json
KT&G,033780,00244455,KOSPI,필수소비재,2020,반기보고서,11012,OFS,별도재무제표,000,정상,154,data\raw\opendart_financial\bsns_year=2020\reprt_code=11012\fs_div=OFS\033780_00244455.json
KT&G,033780,00244455,KOSPI,필수소비재,2020,분기보고서_1분기,11013,CFS,연결재무제표,000,정상,174,data\raw\opendart_financial\bsns_year=2020\reprt_code=11013\fs_div=CFS\033780_00244455.json
KT&G,033780,00244455,KOSPI,필수소비재,2020,분기보고서_1분기,11013,OFS,별도재무제표,000,정상,151,data\raw\opendart_financial\bsns_year=2020\reprt_code=11013\fs_div=OFS\033780_00244455.json
KT&G,033780,00244455,KOSPI,필수소비재,2020,분기보고서_3분기,11014,CFS,연결재무제표,000,정상,197,data\raw\opendart_financial\bsns_year=2020\reprt_code=11014\fs_div=CFS\033780_00244455.json
KT&G,033780,00244455,KOSPI,필수소비재,2020,분기보고서_3분기,11014,OFS,별도재무제표,000,정상,162,data\raw\opendart_financial\bsns_year=2020\reprt_code=11014\fs_div=OFS\033780_00244455.json
KT&G,033780,00244455,KOSPI,필수소비재,2021,사업보고서,11011,CFS,연결재무제표,000,정상,224,data\raw\opendart_financial\bsns_year=2021\reprt_code=11011\fs_div=CFS\033780_00244455.json
KT&G,033780,00244455,KOSPI,필수소비재,2021,사업보고서,11011,OFS,별도재무제표,000,정상,172,data\raw\opendart_financial\bsns_year=2021\reprt_code=11011\fs_div=OFS\033780_00244455.json
KT&G,033780,00244455,KOSPI,필수소비재,2021,반기보고서,11012,CFS,연결재무제표,000,정상,183,data\raw\opendart_financial\bsns_year=2021\reprt_code=11012\fs_div=CFS\033780_00244455.json
KT&G,033780,00244455,KOSPI,필수소비재,2021,반기보고서,11012,OFS,별도재무제표,000,정상,155,data\raw\opendart_financial\bsns_year=2021\reprt_code=11012\fs_div=OFS\033780_00244455.json
KT&G,033780,00244455,KOSPI,필수소비재,2021,분기보고서_1분기,11013,CFS,연결재무제표,000,정상,178,data\raw\opendart_financial\bsns_year=2021\reprt_code=11013\fs_div=CFS\033780_00244455.json
KT&G,033780,00244455,KOSPI,필수소비재,2021,분기보고서_1분기,11013,OFS,별도재무제표,000,정상,150,data\raw\opendart_financial\bsns_year=2021\reprt_code=11013\fs_div=OFS\033780_00244455.json
KT&G,033780,00244455,KOSPI,필수소비재,2021,분기보고서_3분기,11014,CFS,연결재무제표,000,정상,193,data\raw\opendart_financial\bsns_year=2021\reprt_code=11014\fs_div=CFS\033780_00244455.json
KT&G,033780,00244455,KOSPI,필수소비재,2021,분기보고서_3분기,11014,OFS,별도재무제표,000,정상,164,data\raw\opendart_financial\bsns_year=2021\reprt_code=11014\fs_div=OFS\033780_00244455.json
KT&G,033780,00244455,KOSPI,필수소비재,2022,사업보고서,11011,CFS,연결재무제표,000,정상,208,data\raw\opendart_financial\bsns_year=2022\reprt_code=11011\fs_div=CFS\033780_00244455.json
KT&G,033780,00244455,KOSPI,필수소비재,2022,사업보고서,11011,OFS,별도재무제표,000,정상,166,data\raw\opendart_financial\bsns_year=2022\reprt_code=11011\fs_div=OFS\033780_00244455.json
KT&G,033780,00244455,KOSPI,필수소비재,2022,반기보고서,11012,CFS,연결재무제표,000,정상,191,data\raw\opendart_financial\bsns_year=2022\reprt_code=11012\fs_div=CFS\033780_00244455.json
KT&G,033780,00244455,KOSPI,필수소비재,2022,반기보고서,11012,OFS,별도재무제표,000,정상,153,data\raw\opendart_financial\bsns_year=2022\reprt_code=11012\fs_div=OFS\033780_00244455.json
KT&G,033780,00244455,KOSPI,필수소비재,2022,분기보고서_1분기,11013,CFS,연결재무제표,000,정상,188,data\raw\opendart_financial\bsns_year=2022\reprt_code=11013\fs_div=CFS\033780_00244455.json
KT&G,033780,00244455,KOSPI,필수소비재,2022,분기보고서_1분기,11013,OFS,별도재무제표,000,정상,150,data\raw\opendart_financial\bsns_year=2022\reprt_code=11013\fs_div=OFS\033780_00244455.json
KT&G,033780,00244455,KOSPI,필수소비재,2022,분기보고서_3분기,11014,CFS,연결재무제표,000,정상,192,data\raw\opendart_financial\bsns_year=2022\reprt_code=11014\fs_div=CFS\033780_00244455.json
KT&G,033780,00244455,KOSPI,필수소비재,2022,분기보고서_3분기,11014,OFS,별도재무제표,000,정상,155,data\raw\opendart_financial\bsns_year=2022\reprt_code=11014\fs_div=OFS\033780_00244455.json
KT&G,033780,00244455,KOSPI,필수소비재,2023,사업보고서,11011,CFS,연결재무제표,000,정상,298,data\raw\opendart_financial\bsns_year=2023\reprt_code=11011\fs_div=CFS\033780_00244455.json
KT&G,033780,00244455,KOSPI,필수소비재,2023,사업보고서,11011,OFS,별도재무제표,000,정상,216,data\raw\opendart_financial\bsns_year=2023\reprt_code=11011\fs_div=OFS\033780_00244455.json
KT&G,033780,00244455,KOSPI,필수소비재,2023,반기보고서,11012,CFS,연결재무제표,000,정상,211,data\raw\opendart_financial\bsns_year=2023\reprt_code=11012\fs_div=CFS\033780_00244455.json
KT&G,033780,00244455,KOSPI,필수소비재,2023,반기보고서,11012,OFS,별도재무제표,000,정상,161,data\raw\opendart_financial\bsns_year=2023\reprt_code=11012\fs_div=OFS\033780_00244455.json
KT&G,033780,00244455,KOSPI,필수소비재,2023,분기보고서_1분기,11013,CFS,연결재무제표,000,정상,197,data\raw\opendart_financial\bsns_year=2023\reprt_code=11013\fs_div=CFS\033780_00244455.json
KT&G,033780,00244455,KOSPI,필수소비재,2023,분기보고서_1분기,11013,OFS,별도재무제표,000,정상,150,data\raw\opendart_financial\bsns_year=2023\reprt_code=11013\fs_div=OFS\033780_00244455.json
KT&G,033780,00244455,KOSPI,필수소비재,2023,분기보고서_3분기,11014,CFS,연결재무제표,000,정상,221,data\raw\opendart_financial\bsns_year=2023\reprt_code=11014\fs_div=CFS\033780_00244455.json
KT&G,033780,00244455,KOSPI,필수소비재,2023,분기보고서_3분기,11014,OFS,별도재무제표,000,정상,171,data\raw\opendart_financial\bsns_year=2023\reprt_code=11014\fs_div=OFS\033780_00244455.json
KT&G,033780,00244455,KOSPI,필수소비재,2024,사업보고서,11011,CFS,연결재무제표,000,정상,303,data\raw\opendart_financial\bsns_year=2024\reprt_code=11011\fs_div=CFS\033780_00244455.json
KT&G,033780,00244455,KOSPI,필수소비재,2024,사업보고서,11011,OFS,별도재무제표,000,정상,219,data\raw\opendart_financial\bsns_year=2024\reprt_code=11011\fs_div=OFS\033780_00244455.json
KT&G,033780,00244455,KOSPI,필수소비재,2024,반기보고서,11012,CFS,연결재무제표,000,정상,284,data\raw\opendart_financial\bsns_year=2024\reprt_code=11012\fs_div=CFS\033780_00244455.json
KT&G,033780,00244455,KOSPI,필수소비재,2024,반기보고서,11012,OFS,별도재무제표,000,정상,206,data\raw\opendart_financial\bsns_year=2024\reprt_code=11012\fs_div=OFS\033780_00244455.json
KT&G,033780,00244455,KOSPI,필수소비재,2024,분기보고서_1분기,11013,CFS,연결재무제표,000,정상,267,data\raw\opendart_financial\bsns_year=2024\reprt_code=11013\fs_div=CFS\033780_00244455.json
KT&G,033780,00244455,KOSPI,필수소비재,2024,분기보고서_1분기,11013,OFS,별도재무제표,000,정상,193,data\raw\opendart_financial\bsns_year=2024\reprt_code=11013\fs_div=OFS\033780_00244455.json
KT&G,033780,00244455,KOSPI,필수소비재,2024,분기보고서_3분기,11014,CFS,연결재무제표,000,정상,303,data\raw\opendart_financial\bsns_year=2024\reprt_code=11014\fs_div=CFS\033780_00244455.json
KT&G,033780,00244455,KOSPI,필수소비재,2024,분기보고서_3분기,11014,OFS,별도재무제표,000,정상,214,data\raw\opendart_financial\bsns_year=2024\reprt_code=11014\fs_div=OFS\033780_00244455.json
KT&G,033780,00244455,KOSPI,필수소비재,2025,사업보고서,11011,CFS,연결재무제표,000,정상,315,data\raw\opendart_financial\bsns_year=2025\reprt_code=11011\fs_div=CFS\033780_00244455.json
KT&G,033780,00244455,KOSPI,필수소비재,2025,사업보고서,11011,OFS,별도재무제표,000,정상,223,data\raw\opendart_financial\bsns_year=2025\reprt_code=11011\fs_div=OFS\033780_00244455.json
KT&G,033780,00244455,KOSPI,필수소비재,2025,반기보고서,11012,CFS,연결재무제표,000,정상,290,data\raw\opendart_financial\bsns_year=2025\reprt_code=11012\fs_div=CFS\033780_00244455.json
KT&G,033780,00244455,KOSPI,필수소비재,2025,반기보고서,11012,OFS,별도재무제표,000,정상,211,data\raw\opendart_financial\bsns_year=2025\reprt_code=11012\fs_div=OFS\033780_00244455.json
KT&G,033780,00244455,KOSPI,필수소비재,2025,분기보고서_1분기,11013,CFS,연결재무제표,000,정상,262,data\raw\opendart_financial\bsns_year=2025\reprt_code=11013\fs_div=CFS\033780_00244455.json
KT&G,033780,00244455,KOSPI,필수소비재,2025,분기보고서_1분기,11013,OFS,별도재무제표,000,정상,194,data\raw\opendart_financial\bsns_year=2025\reprt_code=11013\fs_div=OFS\033780_00244455.json
KT&G,033780,00244455,KOSPI,필수소비재,2025,분기보고서_3분기,11014,CFS,연결재무제표,000,정상,302,data\raw\opendart_financial\bsns_year=2025\reprt_code=11014\fs_div=CFS\033780_00244455.json
KT&G,033780,00244455,KOSPI,필수소비재,2025,분기보고서_3분기,11014,OFS,별도재무제표,000,정상,222,data\raw\opendart_financial\bsns_year=2025\reprt_code=11014\fs_div=OFS\033780_00244455.json
CJ제일제당,097950,00635134,KOSPI,필수소비재,2017,사업보고서,11011,CFS,연결재무제표,000,정상,182,data\raw\opendart_financial\bsns_year=2017\reprt_code=11011\fs_div=CFS\097950_00635134.json
CJ제일제당,097950,00635134,KOSPI,필수소비재,2017,사업보고서,11011,OFS,별도재무제표,000,정상,138,data\raw\opendart_financial\bsns_year=2017\reprt_code=11011\fs_div=OFS\097950_00635134.json
CJ제일제당,097950,00635134,KOSPI,필수소비재,2017,반기보고서,11012,CFS,연결재무제표,000,정상,193,data\raw\opendart_financial\bsns_year=2017\reprt_code=11012\fs_div=CFS\097950_00635134.json
CJ제일제당,097950,00635134,KOSPI,필수소비재,2017,반기보고서,11012,OFS,별도재무제표,000,정상,120,data\raw\opendart_financial\bsns_year=2017\reprt_code=11012\fs_div=OFS\097950_00635134.json
CJ제일제당,097950,00635134,KOSPI,필수소비재,2017,분기보고서_1분기,11013,CFS,연결재무제표,000,정상,192,data\raw\opendart_financial\bsns_year=2017\reprt_code=11013\fs_div=CFS\097950_00635134.json
CJ제일제당,097950,00635134,KOSPI,필수소비재,2017,분기보고서_1분기,11013,OFS,별도재무제표,000,정상,134,data\raw\opendart_financial\bsns_year=2017\reprt_code=11013\fs_div=OFS\097950_00635134.json
CJ제일제당,097950,00635134,KOSPI,필수소비재,2017,분기보고서_3분기,11014,CFS,연결재무제표,000,정상,174,data\raw\opendart_financial\bsns_year=2017\reprt_code=11014\fs_div=CFS\097950_00635134.json
CJ제일제당,097950,00635134,KOSPI,필수소비재,2017,분기보고서_3분기,11014,OFS,별도재무제표,000,정상,126,data\raw\opendart_financial\bsns_year=2017\reprt_code=11014\fs_div=OFS\097950_00635134.json
CJ제일제당,097950,00635134,KOSPI,필수소비재,2018,사업보고서,11011,CFS,연결재무제표,000,정상,209,data\raw\opendart_financial\bsns_year=2018\reprt_code=11011\fs_div=CFS\097950_00635134.json
CJ제일제당,097950,00635134,KOSPI,필수소비재,2018,사업보고서,11011,OFS,별도재무제표,000,정상,150,data\raw\opendart_financial\bsns_year=2018\reprt_code=11011\fs_div=OFS\097950_00635134.json
CJ제일제당,097950,00635134,KOSPI,필수소비재,2018,반기보고서,11012,CFS,연결재무제표,000,정상,207,data\raw\opendart_financial\bsns_year=2018\reprt_code=11012\fs_div=CFS\097950_00635134.json
CJ제일제당,097950,00635134,KOSPI,필수소비재,2018,반기보고서,11012,OFS,별도재무제표,000,정상,150,data\raw\opendart_financial\bsns_year=2018\reprt_code=11012\fs_div=OFS\097950_00635134.json
CJ제일제당,097950,00635134,KOSPI,필수소비재,2018,분기보고서_1분기,11013,CFS,연결재무제표,000,정상,179,data\raw\opendart_financial\bsns_year=2018\reprt_code=11013\fs_div=CFS\097950_00635134.json
CJ제일제당,097950,00635134,KOSPI,필수소비재,2018,분기보고서_1분기,11013,OFS,별도재무제표,000,정상,127,data\raw\opendart_financial\bsns_year=2018\reprt_code=11013\fs_div=OFS\097950_00635134.json
CJ제일제당,097950,00635134,KOSPI,필수소비재,2018,분기보고서_3분기,11014,CFS,연결재무제표,000,정상,208,data\raw\opendart_financial\bsns_year=2018\reprt_code=11014\fs_div=CFS\097950_00635134.json
CJ제일제당,097950,00635134,KOSPI,필수소비재,2018,분기보고서_3분기,11014,OFS,별도재무제표,000,정상,156,data\raw\opendart_financial\bsns_year=2018\reprt_code=11014\fs_div=OFS\097950_00635134.json
CJ제일제당,097950,00635134,KOSPI,필수소비재,2019,사업보고서,11011,CFS,연결재무제표,000,정상,213,data\raw\opendart_financial\bsns_year=2019\reprt_code=11011\fs_div=CFS\097950_00635134.json
CJ제일제당,097950,00635134,KOSPI,필수소비재,2019,사업보고서,11011,OFS,별도재무제표,000,정상,153,data\raw\opendart_financial\bsns_year=2019\reprt_code=11011\fs_div=OFS\097950_00635134.json
CJ제일제당,097950,00635134,KOSPI,필수소비재,2019,반기보고서,11012,CFS,연결재무제표,000,정상,256,data\raw\opendart_financial\bsns_year=2019\reprt_code=11012\fs_div=CFS\097950_00635134.json
CJ제일제당,097950,00635134,KOSPI,필수소비재,2019,반기보고서,11012,OFS,별도재무제표,000,정상,144,data\raw\opendart_financial\bsns_year=2019\reprt_code=11012\fs_div=OFS\097950_00635134.json
CJ제일제당,097950,00635134,KOSPI,필수소비재,2019,분기보고서_1분기,11013,CFS,연결재무제표,000,정상,257,data\raw\opendart_financial\bsns_year=2019\reprt_code=11013\fs_div=CFS\097950_00635134.json
CJ제일제당,097950,00635134,KOSPI,필수소비재,2019,분기보고서_1분기,11013,OFS,별도재무제표,000,정상,152,data\raw\opendart_financial\bsns_year=2019\reprt_code=11013\fs_div=OFS\097950_00635134.json
CJ제일제당,097950,00635134,KOSPI,필수소비재,2019,분기보고서_3분기,11014,CFS,연결재무제표,000,정상,258,data\raw\opendart_financial\bsns_year=2019\reprt_code=11014\fs_div=CFS\097950_00635134.json
CJ제일제당,097950,00635134,KOSPI,필수소비재,2019,분기보고서_3분기,11014,OFS,별도재무제표,000,정상,149,data\raw\opendart_financial\bsns_year=2019\reprt_code=11014\fs_div=OFS\097950_00635134.json
CJ제일제당,097950,00635134,KOSPI,필수소비재,2020,사업보고서,11011,CFS,연결재무제표,000,정상,268,data\raw\opendart_financial\bsns_year=2020\reprt_code=11011\fs_div=CFS\097950_00635134.json
CJ제일제당,097950,00635134,KOSPI,필수소비재,2020,사업보고서,11011,OFS,별도재무제표,000,정상,182,data\raw\opendart_financial\bsns_year=2020\reprt_code=11011\fs_div=OFS\097950_00635134.json
CJ제일제당,097950,00635134,KOSPI,필수소비재,2020,반기보고서,11012,CFS,연결재무제표,000,정상,227,data\raw\opendart_financial\bsns_year=2020\reprt_code=11012\fs_div=CFS\097950_00635134.json
CJ제일제당,097950,00635134,KOSPI,필수소비재,2020,반기보고서,11012,OFS,별도재무제표,000,정상,129,data\raw\opendart_financial\bsns_year=2020\reprt_code=11012\fs_div=OFS\097950_00635134.json
CJ제일제당,097950,00635134,KOSPI,필수소비재,2020,분기보고서_1분기,11013,CFS,연결재무제표,000,정상,247,data\raw\opendart_financial\bsns_year=2020\reprt_code=11013\fs_div=CFS\097950_00635134.json
CJ제일제당,097950,00635134,KOSPI,필수소비재,2020,분기보고서_1분기,11013,OFS,별도재무제표,000,정상,142,data\raw\opendart_financial\bsns_year=2020\reprt_code=11013\fs_div=OFS\097950_00635134.json
CJ제일제당,097950,00635134,KOSPI,필수소비재,2020,분기보고서_3분기,11014,CFS,연결재무제표,000,정상,250,data\raw\opendart_financial\bsns_year=2020\reprt_code=11014\fs_div=CFS\097950_00635134.json
CJ제일제당,097950,00635134,KOSPI,필수소비재,2020,분기보고서_3분기,11014,OFS,별도재무제표,000,정상,132,data\raw\opendart_financial\bsns_year=2020\reprt_code=11014\fs_div=OFS\097950_00635134.json
CJ제일제당,097950,00635134,KOSPI,필수소비재,2021,사업보고서,11011,CFS,연결재무제표,000,정상,190,data\raw\opendart_financial\bsns_year=2021\reprt_code=11011\fs_div=CFS\097950_00635134.json
CJ제일제당,097950,00635134,KOSPI,필수소비재,2021,사업보고서,11011,OFS,별도재무제표,000,정상,139,data\raw\opendart_financial\bsns_year=2021\reprt_code=11011\fs_div=OFS\097950_00635134.json
CJ제일제당,097950,00635134,KOSPI,필수소비재,2021,반기보고서,11012,CFS,연결재무제표,000,정상,182,data\raw\opendart_financial\bsns_year=2021\reprt_code=11012\fs_div=CFS\097950_00635134.json
CJ제일제당,097950,00635134,KOSPI,필수소비재,2021,반기보고서,11012,OFS,별도재무제표,000,정상,126,data\raw\opendart_financial\bsns_year=2021\reprt_code=11012\fs_div=OFS\097950_00635134.json
CJ제일제당,097950,00635134,KOSPI,필수소비재,2021,분기보고서_1분기,11013,CFS,연결재무제표,000,정상,234,data\raw\opendart_financial\bsns_year=2021\reprt_code=11013\fs_div=CFS\097950_00635134.json
CJ제일제당,097950,00635134,KOSPI,필수소비재,2021,분기보고서_1분기,11013,OFS,별도재무제표,000,정상,122,data\raw\opendart_financial\bsns_year=2021\reprt_code=11013\fs_div=OFS\097950_00635134.json
CJ제일제당,097950,00635134,KOSPI,필수소비재,2021,분기보고서_3분기,11014,CFS,연결재무제표,000,정상,187,data\raw\opendart_financial\bsns_year=2021\reprt_code=11014\fs_div=CFS\097950_00635134.json
CJ제일제당,097950,00635134,KOSPI,필수소비재,2021,분기보고서_3분기,11014,OFS,별도재무제표,000,정상,126,data\raw\opendart_financial\bsns_year=2021\reprt_code=11014\fs_div=OFS\097950_00635134.json
CJ제일제당,097950,00635134,KOSPI,필수소비재,2022,사업보고서,11011,CFS,연결재무제표,000,정상,192,data\raw\opendart_financial\bsns_year=2022\reprt_code=11011\fs_div=CFS\097950_00635134.json
CJ제일제당,097950,00635134,KOSPI,필수소비재,2022,사업보고서,11011,OFS,별도재무제표,000,정상,134,data\raw\opendart_financial\bsns_year=2022\reprt_code=11011\fs_div=OFS\097950_00635134.json
CJ제일제당,097950,00635134,KOSPI,필수소비재,2022,반기보고서,11012,CFS,연결재무제표,000,정상,190,data\raw\opendart_financial\bsns_year=2022\reprt_code=11012\fs_div=CFS\097950_00635134.json
CJ제일제당,097950,00635134,KOSPI,필수소비재,2022,반기보고서,11012,OFS,별도재무제표,000,정상,123,data\raw\opendart_financial\bsns_year=2022\reprt_code=11012\fs_div=OFS\097950_00635134.json
CJ제일제당,097950,00635134,KOSPI,필수소비재,2022,분기보고서_1분기,11013,CFS,연결재무제표,000,정상,177,data\raw\opendart_financial\bsns_year=2022\reprt_code=11013\fs_div=CFS\097950_00635134.json
CJ제일제당,097950,00635134,KOSPI,필수소비재,2022,분기보고서_1분기,11013,OFS,별도재무제표,000,정상,124,data\raw\opendart_financial\bsns_year=2022\reprt_code=11013\fs_div=OFS\097950_00635134.json
CJ제일제당,097950,00635134,KOSPI,필수소비재,2022,분기보고서_3분기,11014,CFS,연결재무제표,000,정상,190,data\raw\opendart_financial\bsns_year=2022\reprt_code=11014\fs_div=CFS\097950_00635134.json
CJ제일제당,097950,00635134,KOSPI,필수소비재,2022,분기보고서_3분기,11014,OFS,별도재무제표,000,정상,127,data\raw\opendart_financial\bsns_year=2022\reprt_code=11014\fs_div=OFS\097950_00635134.json
CJ제일제당,097950,00635134,KOSPI,필수소비재,2023,사업보고서,11011,CFS,연결재무제표,000,정상,216,data\raw\opendart_financial\bsns_year=2023\reprt_code=11011\fs_div=CFS\097950_00635134.json
CJ제일제당,097950,00635134,KOSPI,필수소비재,2023,사업보고서,11011,OFS,별도재무제표,000,정상,142,data\raw\opendart_financial\bsns_year=2023\reprt_code=11011\fs_div=OFS\097950_00635134.json
CJ제일제당,097950,00635134,KOSPI,필수소비재,2023,반기보고서,11012,CFS,연결재무제표,000,정상,184,data\raw\opendart_financial\bsns_year=2023\reprt_code=11012\fs_div=CFS\097950_00635134.json
CJ제일제당,097950,00635134,KOSPI,필수소비재,2023,반기보고서,11012,OFS,별도재무제표,000,정상,126,data\raw\opendart_financial\bsns_year=2023\reprt_code=11012\fs_div=OFS\097950_00635134.json
CJ제일제당,097950,00635134,KOSPI,필수소비재,2023,분기보고서_1분기,11013,CFS,연결재무제표,000,정상,167,data\raw\opendart_financial\bsns_year=2023\reprt_code=11013\fs_div=CFS\097950_00635134.json
CJ제일제당,097950,00635134,KOSPI,필수소비재,2023,분기보고서_1분기,11013,OFS,별도재무제표,000,정상,121,data\raw\opendart_financial\bsns_year=2023\reprt_code=11013\fs_div=OFS\097950_00635134.json
CJ제일제당,097950,00635134,KOSPI,필수소비재,2023,분기보고서_3분기,11014,CFS,연결재무제표,000,정상,199,data\raw\opendart_financial\bsns_year=2023\reprt_code=11014\fs_div=CFS\097950_00635134.json
CJ제일제당,097950,00635134,KOSPI,필수소비재,2023,분기보고서_3분기,11014,OFS,별도재무제표,000,정상,132,data\raw\opendart_financial\bsns_year=2023\reprt_code=11014\fs_div=OFS\097950_00635134.json
CJ제일제당,097950,00635134,KOSPI,필수소비재,2024,사업보고서,11011,CFS,연결재무제표,000,정상,277,data\raw\opendart_financial\bsns_year=2024\reprt_code=11011\fs_div=CFS\097950_00635134.json
CJ제일제당,097950,00635134,KOSPI,필수소비재,2024,사업보고서,11011,OFS,별도재무제표,000,정상,170,data\raw\opendart_financial\bsns_year=2024\reprt_code=11011\fs_div=OFS\097950_00635134.json
CJ제일제당,097950,00635134,KOSPI,필수소비재,2024,반기보고서,11012,CFS,연결재무제표,000,정상,282,data\raw\opendart_financial\bsns_year=2024\reprt_code=11012\fs_div=CFS\097950_00635134.json
CJ제일제당,097950,00635134,KOSPI,필수소비재,2024,반기보고서,11012,OFS,별도재무제표,000,정상,175,data\raw\opendart_financial\bsns_year=2024\reprt_code=11012\fs_div=OFS\097950_00635134.json
CJ제일제당,097950,00635134,KOSPI,필수소비재,2024,분기보고서_1분기,11013,CFS,연결재무제표,000,정상,288,data\raw\opendart_financial\bsns_year=2024\reprt_code=11013\fs_div=CFS\097950_00635134.json
CJ제일제당,097950,00635134,KOSPI,필수소비재,2024,분기보고서_1분기,11013,OFS,별도재무제표,000,정상,176,data\raw\opendart_financial\bsns_year=2024\reprt_code=11013\fs_div=OFS\097950_00635134.json
CJ제일제당,097950,00635134,KOSPI,필수소비재,2024,분기보고서_3분기,11014,CFS,연결재무제표,000,정상,287,data\raw\opendart_financial\bsns_year=2024\reprt_code=11014\fs_div=CFS\097950_00635134.json
CJ제일제당,097950,00635134,KOSPI,필수소비재,2024,분기보고서_3분기,11014,OFS,별도재무제표,000,정상,175,data\raw\opendart_financial\bsns_year=2024\reprt_code=11014\fs_div=OFS\097950_00635134.json
CJ제일제당,097950,00635134,KOSPI,필수소비재,2025,사업보고서,11011,CFS,연결재무제표,000,정상,280,data\raw\opendart_financial\bsns_year=2025\reprt_code=11011\fs_div=CFS\097950_00635134.json
CJ제일제당,097950,00635134,KOSPI,필수소비재,2025,사업보고서,11011,OFS,별도재무제표,000,정상,174,data\raw\opendart_financial\bsns_year=2025\reprt_code=11011\fs_div=OFS\097950_00635134.json
CJ제일제당,097950,00635134,KOSPI,필수소비재,2025,반기보고서,11012,CFS,연결재무제표,000,정상,265,data\raw\opendart_financial\bsns_year=2025\reprt_code=11012\fs_div=CFS\097950_00635134.json
CJ제일제당,097950,00635134,KOSPI,필수소비재,2025,반기보고서,11012,OFS,별도재무제표,000,정상,159,data\raw\opendart_financial\bsns_year=2025\reprt_code=11012\fs_div=OFS\097950_00635134.json
CJ제일제당,097950,00635134,KOSPI,필수소비재,2025,분기보고서_1분기,11013,CFS,연결재무제표,000,정상,264,data\raw\opendart_financial\bsns_year=2025\reprt_code=11013\fs_div=CFS\097950_00635134.json
CJ제일제당,097950,00635134,KOSPI,필수소비재,2025,분기보고서_1분기,11013,OFS,별도재무제표,000,정상,151,data\raw\opendart_financial\bsns_year=2025\reprt_code=11013\fs_div=OFS\097950_00635134.json
CJ제일제당,097950,00635134,KOSPI,필수소비재,2025,분기보고서_3분기,11014,CFS,연결재무제표,000,정상,265,data\raw\opendart_financial\bsns_year=2025\reprt_code=11014\fs_div=CFS\097950_00635134.json
CJ제일제당,097950,00635134,KOSPI,필수소비재,2025,분기보고서_3분기,11014,OFS,별도재무제표,000,정상,158,data\raw\opendart_financial\bsns_year=2025\reprt_code=11014\fs_div=OFS\097950_00635134.json
오리온,271560,01238169,KOSPI,필수소비재,2017,사업보고서,11011,CFS,연결재무제표,000,정상,167,data\raw\opendart_financial\bsns_year=2017\reprt_code=11011\fs_div=CFS\271560_01238169.json
오리온,271560,01238169,KOSPI,필수소비재,2017,사업보고서,11011,OFS,별도재무제표,000,정상,132,data\raw\opendart_financial\bsns_year=2017\reprt_code=11011\fs_div=OFS\271560_01238169.json
오리온,271560,01238169,KOSPI,필수소비재,2017,반기보고서,11012,CFS,연결재무제표,000,정상,153,data\raw\opendart_financial\bsns_year=2017\reprt_code=11012\fs_div=CFS\271560_01238169.json
오리온,271560,01238169,KOSPI,필수소비재,2017,반기보고서,11012,OFS,별도재무제표,000,정상,116,data\raw\opendart_financial\bsns_year=2017\reprt_code=11012\fs_div=OFS\271560_01238169.json
오리온,271560,01238169,KOSPI,필수소비재,2017,분기보고서_1분기,11013,CFS,연결재무제표,013,조회된 데이타가 없습니다.,0,data\raw\opendart_financial\bsns_year=2017\reprt_code=11013\fs_div=CFS\271560_01238169.json
오리온,271560,01238169,KOSPI,필수소비재,2017,분기보고서_1분기,11013,OFS,별도재무제표,013,조회된 데이타가 없습니다.,0,data\raw\opendart_financial\bsns_year=2017\reprt_code=11013\fs_div=OFS\271560_01238169.json
오리온,271560,01238169,KOSPI,필수소비재,2017,분기보고서_3분기,11014,CFS,연결재무제표,000,정상,159,data\raw\opendart_financial\bsns_year=2017\reprt_code=11014\fs_div=CFS\271560_01238169.json
오리온,271560,01238169,KOSPI,필수소비재,2017,분기보고서_3분기,11014,OFS,별도재무제표,000,정상,128,data\raw\opendart_financial\bsns_year=2017\reprt_code=11014\fs_div=OFS\271560_01238169.json
오리온,271560,01238169,KOSPI,필수소비재,2018,사업보고서,11011,CFS,연결재무제표,000,정상,195,data\raw\opendart_financial\bsns_year=2018\reprt_code=11011\fs_div=CFS\271560_01238169.json
오리온,271560,01238169,KOSPI,필수소비재,2018,사업보고서,11011,OFS,별도재무제표,000,정상,156,data\raw\opendart_financial\bsns_year=2018\reprt_code=11011\fs_div=OFS\271560_01238169.json
오리온,271560,01238169,KOSPI,필수소비재,2018,반기보고서,11012,CFS,연결재무제표,000,정상,169,data\raw\opendart_financial\bsns_year=2018\reprt_code=11012\fs_div=CFS\271560_01238169.json
오리온,271560,01238169,KOSPI,필수소비재,2018,반기보고서,11012,OFS,별도재무제표,000,정상,137,data\raw\opendart_financial\bsns_year=2018\reprt_code=11012\fs_div=OFS\271560_01238169.json
오리온,271560,01238169,KOSPI,필수소비재,2018,분기보고서_1분기,11013,CFS,연결재무제표,000,정상,160,data\raw\opendart_financial\bsns_year=2018\reprt_code=11013\fs_div=CFS\271560_01238169.json
오리온,271560,01238169,KOSPI,필수소비재,2018,분기보고서_1분기,11013,OFS,별도재무제표,000,정상,131,data\raw\opendart_financial\bsns_year=2018\reprt_code=11013\fs_div=OFS\271560_01238169.json
오리온,271560,01238169,KOSPI,필수소비재,2018,분기보고서_3분기,11014,CFS,연결재무제표,000,정상,187,data\raw\opendart_financial\bsns_year=2018\reprt_code=11014\fs_div=CFS\271560_01238169.json
오리온,271560,01238169,KOSPI,필수소비재,2018,분기보고서_3분기,11014,OFS,별도재무제표,000,정상,150,data\raw\opendart_financial\bsns_year=2018\reprt_code=11014\fs_div=OFS\271560_01238169.json
오리온,271560,01238169,KOSPI,필수소비재,2019,사업보고서,11011,CFS,연결재무제표,000,정상,236,data\raw\opendart_financial\bsns_year=2019\reprt_code=11011\fs_div=CFS\271560_01238169.json
오리온,271560,01238169,KOSPI,필수소비재,2019,사업보고서,11011,OFS,별도재무제표,000,정상,180,data\raw\opendart_financial\bsns_year=2019\reprt_code=11011\fs_div=OFS\271560_01238169.json
오리온,271560,01238169,KOSPI,필수소비재,2019,반기보고서,11012,CFS,연결재무제표,000,정상,197,data\raw\opendart_financial\bsns_year=2019\reprt_code=11012\fs_div=CFS\271560_01238169.json
오리온,271560,01238169,KOSPI,필수소비재,2019,반기보고서,11012,OFS,별도재무제표,000,정상,162,data\raw\opendart_financial\bsns_year=2019\reprt_code=11012\fs_div=OFS\271560_01238169.json
오리온,271560,01238169,KOSPI,필수소비재,2019,분기보고서_1분기,11013,CFS,연결재무제표,000,정상,195,data\raw\opendart_financial\bsns_year=2019\reprt_code=11013\fs_div=CFS\271560_01238169.json
오리온,271560,01238169,KOSPI,필수소비재,2019,분기보고서_1분기,11013,OFS,별도재무제표,000,정상,156,data\raw\opendart_financial\bsns_year=2019\reprt_code=11013\fs_div=OFS\271560_01238169.json
오리온,271560,01238169,KOSPI,필수소비재,2019,분기보고서_3분기,11014,CFS,연결재무제표,000,정상,211,data\raw\opendart_financial\bsns_year=2019\reprt_code=11014\fs_div=CFS\271560_01238169.json
오리온,271560,01238169,KOSPI,필수소비재,2019,분기보고서_3분기,11014,OFS,별도재무제표,000,정상,167,data\raw\opendart_financial\bsns_year=2019\reprt_code=11014\fs_div=OFS\271560_01238169.json
오리온,271560,01238169,KOSPI,필수소비재,2020,사업보고서,11011,CFS,연결재무제표,000,정상,232,data\raw\opendart_financial\bsns_year=2020\reprt_code=11011\fs_div=CFS\271560_01238169.json
오리온,271560,01238169,KOSPI,필수소비재,2020,사업보고서,11011,OFS,별도재무제표,000,정상,177,data\raw\opendart_financial\bsns_year=2020\reprt_code=11011\fs_div=OFS\271560_01238169.json
오리온,271560,01238169,KOSPI,필수소비재,2020,반기보고서,11012,CFS,연결재무제표,000,정상,208,data\raw\opendart_financial\bsns_year=2020\reprt_code=11012\fs_div=CFS\271560_01238169.json
오리온,271560,01238169,KOSPI,필수소비재,2020,반기보고서,11012,OFS,별도재무제표,000,정상,164,data\raw\opendart_financial\bsns_year=2020\reprt_code=11012\fs_div=OFS\271560_01238169.json
오리온,271560,01238169,KOSPI,필수소비재,2020,분기보고서_1분기,11013,CFS,연결재무제표,000,정상,204,data\raw\opendart_financial\bsns_year=2020\reprt_code=11013\fs_div=CFS\271560_01238169.json
오리온,271560,01238169,KOSPI,필수소비재,2020,분기보고서_1분기,11013,OFS,별도재무제표,000,정상,161,data\raw\opendart_financial\bsns_year=2020\reprt_code=11013\fs_div=OFS\271560_01238169.json
오리온,271560,01238169,KOSPI,필수소비재,2020,분기보고서_3분기,11014,CFS,연결재무제표,000,정상,214,data\raw\opendart_financial\bsns_year=2020\reprt_code=11014\fs_div=CFS\271560_01238169.json
오리온,271560,01238169,KOSPI,필수소비재,2020,분기보고서_3분기,11014,OFS,별도재무제표,000,정상,164,data\raw\opendart_financial\bsns_year=2020\reprt_code=11014\fs_div=OFS\271560_01238169.json
오리온,271560,01238169,KOSPI,필수소비재,2021,사업보고서,11011,CFS,연결재무제표,000,정상,238,data\raw\opendart_financial\bsns_year=2021\reprt_code=11011\fs_div=CFS\271560_01238169.json
오리온,271560,01238169,KOSPI,필수소비재,2021,사업보고서,11011,OFS,별도재무제표,000,정상,175,data\raw\opendart_financial\bsns_year=2021\reprt_code=11011\fs_div=OFS\271560_01238169.json
오리온,271560,01238169,KOSPI,필수소비재,2021,반기보고서,11012,CFS,연결재무제표,000,정상,206,data\raw\opendart_financial\bsns_year=2021\reprt_code=11012\fs_div=CFS\271560_01238169.json
오리온,271560,01238169,KOSPI,필수소비재,2021,반기보고서,11012,OFS,별도재무제표,000,정상,158,data\raw\opendart_financial\bsns_year=2021\reprt_code=11012\fs_div=OFS\271560_01238169.json
오리온,271560,01238169,KOSPI,필수소비재,2021,분기보고서_1분기,11013,CFS,연결재무제표,000,정상,200,data\raw\opendart_financial\bsns_year=2021\reprt_code=11013\fs_div=CFS\271560_01238169.json
오리온,271560,01238169,KOSPI,필수소비재,2021,분기보고서_1분기,11013,OFS,별도재무제표,000,정상,151,data\raw\opendart_financial\bsns_year=2021\reprt_code=11013\fs_div=OFS\271560_01238169.json
오리온,271560,01238169,KOSPI,필수소비재,2021,분기보고서_3분기,11014,CFS,연결재무제표,000,정상,210,data\raw\opendart_financial\bsns_year=2021\reprt_code=11014\fs_div=CFS\271560_01238169.json
오리온,271560,01238169,KOSPI,필수소비재,2021,분기보고서_3분기,11014,OFS,별도재무제표,000,정상,159,data\raw\opendart_financial\bsns_year=2021\reprt_code=11014\fs_div=OFS\271560_01238169.json
오리온,271560,01238169,KOSPI,필수소비재,2022,사업보고서,11011,CFS,연결재무제표,000,정상,235,data\raw\opendart_financial\bsns_year=2022\reprt_code=11011\fs_div=CFS\271560_01238169.json
오리온,271560,01238169,KOSPI,필수소비재,2022,사업보고서,11011,OFS,별도재무제표,000,정상,171,data\raw\opendart_financial\bsns_year=2022\reprt_code=11011\fs_div=OFS\271560_01238169.json
오리온,271560,01238169,KOSPI,필수소비재,2022,반기보고서,11012,CFS,연결재무제표,000,정상,212,data\raw\opendart_financial\bsns_year=2022\reprt_code=11012\fs_div=CFS\271560_01238169.json
오리온,271560,01238169,KOSPI,필수소비재,2022,반기보고서,11012,OFS,별도재무제표,000,정상,161,data\raw\opendart_financial\bsns_year=2022\reprt_code=11012\fs_div=OFS\271560_01238169.json
오리온,271560,01238169,KOSPI,필수소비재,2022,분기보고서_1분기,11013,CFS,연결재무제표,000,정상,205,data\raw\opendart_financial\bsns_year=2022\reprt_code=11013\fs_div=CFS\271560_01238169.json
오리온,271560,01238169,KOSPI,필수소비재,2022,분기보고서_1분기,11013,OFS,별도재무제표,000,정상,157,data\raw\opendart_financial\bsns_year=2022\reprt_code=11013\fs_div=OFS\271560_01238169.json
오리온,271560,01238169,KOSPI,필수소비재,2022,분기보고서_3분기,11014,CFS,연결재무제표,000,정상,217,data\raw\opendart_financial\bsns_year=2022\reprt_code=11014\fs_div=CFS\271560_01238169.json
오리온,271560,01238169,KOSPI,필수소비재,2022,분기보고서_3분기,11014,OFS,별도재무제표,000,정상,164,data\raw\opendart_financial\bsns_year=2022\reprt_code=11014\fs_div=OFS\271560_01238169.json
오리온,271560,01238169,KOSPI,필수소비재,2023,사업보고서,11011,CFS,연결재무제표,000,정상,209,data\raw\opendart_financial\bsns_year=2023\reprt_code=11011\fs_div=CFS\271560_01238169.json
오리온,271560,01238169,KOSPI,필수소비재,2023,사업보고서,11011,OFS,별도재무제표,000,정상,159,data\raw\opendart_financial\bsns_year=2023\reprt_code=11011\fs_div=OFS\271560_01238169.json
오리온,271560,01238169,KOSPI,필수소비재,2023,반기보고서,11012,CFS,연결재무제표,000,정상,193,data\raw\opendart_financial\bsns_year=2023\reprt_code=11012\fs_div=CFS\271560_01238169.json
오리온,271560,01238169,KOSPI,필수소비재,2023,반기보고서,11012,OFS,별도재무제표,000,정상,150,data\raw\opendart_financial\bsns_year=2023\reprt_code=11012\fs_div=OFS\271560_01238169.json
오리온,271560,01238169,KOSPI,필수소비재,2023,분기보고서_1분기,11013,CFS,연결재무제표,000,정상,186,data\raw\opendart_financial\bsns_year=2023\reprt_code=11013\fs_div=CFS\271560_01238169.json
오리온,271560,01238169,KOSPI,필수소비재,2023,분기보고서_1분기,11013,OFS,별도재무제표,000,정상,145,data\raw\opendart_financial\bsns_year=2023\reprt_code=11013\fs_div=OFS\271560_01238169.json
오리온,271560,01238169,KOSPI,필수소비재,2023,분기보고서_3분기,11014,CFS,연결재무제표,000,정상,204,data\raw\opendart_financial\bsns_year=2023\reprt_code=11014\fs_div=CFS\271560_01238169.json
오리온,271560,01238169,KOSPI,필수소비재,2023,분기보고서_3분기,11014,OFS,별도재무제표,000,정상,161,data\raw\opendart_financial\bsns_year=2023\reprt_code=11014\fs_div=OFS\271560_01238169.json
오리온,271560,01238169,KOSPI,필수소비재,2024,사업보고서,11011,CFS,연결재무제표,000,정상,319,data\raw\opendart_financial\bsns_year=2024\reprt_code=11011\fs_div=CFS\271560_01238169.json
오리온,271560,01238169,KOSPI,필수소비재,2024,사업보고서,11011,OFS,별도재무제표,000,정상,208,data\raw\opendart_financial\bsns_year=2024\reprt_code=11011\fs_div=OFS\271560_01238169.json
오리온,271560,01238169,KOSPI,필수소비재,2024,반기보고서,11012,CFS,연결재무제표,000,정상,241,data\raw\opendart_financial\bsns_year=2024\reprt_code=11012\fs_div=CFS\271560_01238169.json
오리온,271560,01238169,KOSPI,필수소비재,2024,반기보고서,11012,OFS,별도재무제표,000,정상,173,data\raw\opendart_financial\bsns_year=2024\reprt_code=11012\fs_div=OFS\271560_01238169.json
오리온,271560,01238169,KOSPI,필수소비재,2024,분기보고서_1분기,11013,CFS,연결재무제표,000,정상,222,data\raw\opendart_financial\bsns_year=2024\reprt_code=11013\fs_div=CFS\271560_01238169.json
오리온,271560,01238169,KOSPI,필수소비재,2024,분기보고서_1분기,11013,OFS,별도재무제표,000,정상,161,data\raw\opendart_financial\bsns_year=2024\reprt_code=11013\fs_div=OFS\271560_01238169.json
오리온,271560,01238169,KOSPI,필수소비재,2024,분기보고서_3분기,11014,CFS,연결재무제표,000,정상,254,data\raw\opendart_financial\bsns_year=2024\reprt_code=11014\fs_div=CFS\271560_01238169.json
오리온,271560,01238169,KOSPI,필수소비재,2024,분기보고서_3분기,11014,OFS,별도재무제표,000,정상,182,data\raw\opendart_financial\bsns_year=2024\reprt_code=11014\fs_div=OFS\271560_01238169.json
오리온,271560,01238169,KOSPI,필수소비재,2025,사업보고서,11011,CFS,연결재무제표,000,정상,310,data\raw\opendart_financial\bsns_year=2025\reprt_code=11011\fs_div=CFS\271560_01238169.json
오리온,271560,01238169,KOSPI,필수소비재,2025,사업보고서,11011,OFS,별도재무제표,000,정상,212,data\raw\opendart_financial\bsns_year=2025\reprt_code=11011\fs_div=OFS\271560_01238169.json
오리온,271560,01238169,KOSPI,필수소비재,2025,반기보고서,11012,CFS,연결재무제표,000,정상,271,data\raw\opendart_financial\bsns_year=2025\reprt_code=11012\fs_div=CFS\271560_01238169.json
오리온,271560,01238169,KOSPI,필수소비재,2025,반기보고서,11012,OFS,별도재무제표,000,정상,204,data\raw\opendart_financial\bsns_year=2025\reprt_code=11012\fs_div=OFS\271560_01238169.json
오리온,271560,01238169,KOSPI,필수소비재,2025,분기보고서_1분기,11013,CFS,연결재무제표,000,정상,256,data\raw\opendart_financial\bsns_year=2025\reprt_code=11013\fs_div=CFS\271560_01238169.json
오리온,271560,01238169,KOSPI,필수소비재,2025,분기보고서_1분기,11013,OFS,별도재무제표,000,정상,196,data\raw\opendart_financial\bsns_year=2025\reprt_code=11013\fs_div=OFS\271560_01238169.json
오리온,271560,01238169,KOSPI,필수소비재,2025,분기보고서_3분기,11014,CFS,연결재무제표,000,정상,273,data\raw\opendart_financial\bsns_year=2025\reprt_code=11014\fs_div=CFS\271560_01238169.json
오리온,271560,01238169,KOSPI,필수소비재,2025,분기보고서_3분기,11014,OFS,별도재무제표,000,정상,207,data\raw\opendart_financial\bsns_year=2025\reprt_code=11014\fs_div=OFS\271560_01238169.json
삼양식품,003230,00126955,KOSPI,필수소비재,2017,사업보고서,11011,CFS,연결재무제표,000,정상,135,data\raw\opendart_financial\bsns_year=2017\reprt_code=11011\fs_div=CFS\003230_00126955.json
삼양식품,003230,00126955,KOSPI,필수소비재,2017,사업보고서,11011,OFS,별도재무제표,000,정상,109,data\raw\opendart_financial\bsns_year=2017\reprt_code=11011\fs_div=OFS\003230_00126955.json
삼양식품,003230,00126955,KOSPI,필수소비재,2017,반기보고서,11012,CFS,연결재무제표,000,정상,123,data\raw\opendart_financial\bsns_year=2017\reprt_code=11012\fs_div=CFS\003230_00126955.json
삼양식품,003230,00126955,KOSPI,필수소비재,2017,반기보고서,11012,OFS,별도재무제표,000,정상,106,data\raw\opendart_financial\bsns_year=2017\reprt_code=11012\fs_div=OFS\003230_00126955.json
삼양식품,003230,00126955,KOSPI,필수소비재,2017,분기보고서_1분기,11013,CFS,연결재무제표,000,정상,126,data\raw\opendart_financial\bsns_year=2017\reprt_code=11013\fs_div=CFS\003230_00126955.json
삼양식품,003230,00126955,KOSPI,필수소비재,2017,분기보고서_1분기,11013,OFS,별도재무제표,000,정상,102,data\raw\opendart_financial\bsns_year=2017\reprt_code=11013\fs_div=OFS\003230_00126955.json
삼양식품,003230,00126955,KOSPI,필수소비재,2017,분기보고서_3분기,11014,CFS,연결재무제표,000,정상,134,data\raw\opendart_financial\bsns_year=2017\reprt_code=11014\fs_div=CFS\003230_00126955.json
삼양식품,003230,00126955,KOSPI,필수소비재,2017,분기보고서_3분기,11014,OFS,별도재무제표,000,정상,103,data\raw\opendart_financial\bsns_year=2017\reprt_code=11014\fs_div=OFS\003230_00126955.json
삼양식품,003230,00126955,KOSPI,필수소비재,2018,사업보고서,11011,CFS,연결재무제표,000,정상,141,data\raw\opendart_financial\bsns_year=2018\reprt_code=11011\fs_div=CFS\003230_00126955.json
삼양식품,003230,00126955,KOSPI,필수소비재,2018,사업보고서,11011,OFS,별도재무제표,000,정상,114,data\raw\opendart_financial\bsns_year=2018\reprt_code=11011\fs_div=OFS\003230_00126955.json
삼양식품,003230,00126955,KOSPI,필수소비재,2018,반기보고서,11012,CFS,연결재무제표,000,정상,129,data\raw\opendart_financial\bsns_year=2018\reprt_code=11012\fs_div=CFS\003230_00126955.json
삼양식품,003230,00126955,KOSPI,필수소비재,2018,반기보고서,11012,OFS,별도재무제표,000,정상,105,data\raw\opendart_financial\bsns_year=2018\reprt_code=11012\fs_div=OFS\003230_00126955.json
삼양식품,003230,00126955,KOSPI,필수소비재,2018,분기보고서_1분기,11013,CFS,연결재무제표,000,정상,116,data\raw\opendart_financial\bsns_year=2018\reprt_code=11013\fs_div=CFS\003230_00126955.json
삼양식품,003230,00126955,KOSPI,필수소비재,2018,분기보고서_1분기,11013,OFS,별도재무제표,000,정상,100,data\raw\opendart_financial\bsns_year=2018\reprt_code=11013\fs_div=OFS\003230_00126955.json
삼양식품,003230,00126955,KOSPI,필수소비재,2018,분기보고서_3분기,11014,CFS,연결재무제표,000,정상,131,data\raw\opendart_financial\bsns_year=2018\reprt_code=11014\fs_div=CFS\003230_00126955.json
삼양식품,003230,00126955,KOSPI,필수소비재,2018,분기보고서_3분기,11014,OFS,별도재무제표,000,정상,109,data\raw\opendart_financial\bsns_year=2018\reprt_code=11014\fs_div=OFS\003230_00126955.json
삼양식품,003230,00126955,KOSPI,필수소비재,2019,사업보고서,11011,CFS,연결재무제표,000,정상,146,data\raw\opendart_financial\bsns_year=2019\reprt_code=11011\fs_div=CFS\003230_00126955.json
삼양식품,003230,00126955,KOSPI,필수소비재,2019,사업보고서,11011,OFS,별도재무제표,000,정상,117,data\raw\opendart_financial\bsns_year=2019\reprt_code=11011\fs_div=OFS\003230_00126955.json
삼양식품,003230,00126955,KOSPI,필수소비재,2019,반기보고서,11012,CFS,연결재무제표,000,정상,136,data\raw\opendart_financial\bsns_year=2019\reprt_code=11012\fs_div=CFS\003230_00126955.json
삼양식품,003230,00126955,KOSPI,필수소비재,2019,반기보고서,11012,OFS,별도재무제표,000,정상,106,data\raw\opendart_financial\bsns_year=2019\reprt_code=11012\fs_div=OFS\003230_00126955.json
삼양식품,003230,00126955,KOSPI,필수소비재,2019,분기보고서_1분기,11013,CFS,연결재무제표,000,정상,129,data\raw\opendart_financial\bsns_year=2019\reprt_code=11013\fs_div=CFS\003230_00126955.json
삼양식품,003230,00126955,KOSPI,필수소비재,2019,분기보고서_1분기,11013,OFS,별도재무제표,000,정상,106,data\raw\opendart_financial\bsns_year=2019\reprt_code=11013\fs_div=OFS\003230_00126955.json
삼양식품,003230,00126955,KOSPI,필수소비재,2019,분기보고서_3분기,11014,CFS,연결재무제표,000,정상,139,data\raw\opendart_financial\bsns_year=2019\reprt_code=11014\fs_div=CFS\003230_00126955.json
삼양식품,003230,00126955,KOSPI,필수소비재,2019,분기보고서_3분기,11014,OFS,별도재무제표,000,정상,107,data\raw\opendart_financial\bsns_year=2019\reprt_code=11014\fs_div=OFS\003230_00126955.json
삼양식품,003230,00126955,KOSPI,필수소비재,2020,사업보고서,11011,CFS,연결재무제표,000,정상,146,data\raw\opendart_financial\bsns_year=2020\reprt_code=11011\fs_div=CFS\003230_00126955.json
삼양식품,003230,00126955,KOSPI,필수소비재,2020,사업보고서,11011,OFS,별도재무제표,000,정상,118,data\raw\opendart_financial\bsns_year=2020\reprt_code=11011\fs_div=OFS\003230_00126955.json
삼양식품,003230,00126955,KOSPI,필수소비재,2020,반기보고서,11012,CFS,연결재무제표,000,정상,134,data\raw\opendart_financial\bsns_year=2020\reprt_code=11012\fs_div=CFS\003230_00126955.json
삼양식품,003230,00126955,KOSPI,필수소비재,2020,반기보고서,11012,OFS,별도재무제표,000,정상,107,data\raw\opendart_financial\bsns_year=2020\reprt_code=11012\fs_div=OFS\003230_00126955.json
삼양식품,003230,00126955,KOSPI,필수소비재,2020,분기보고서_1분기,11013,CFS,연결재무제표,000,정상,130,data\raw\opendart_financial\bsns_year=2020\reprt_code=11013\fs_div=CFS\003230_00126955.json
삼양식품,003230,00126955,KOSPI,필수소비재,2020,분기보고서_1분기,11013,OFS,별도재무제표,000,정상,106,data\raw\opendart_financial\bsns_year=2020\reprt_code=11013\fs_div=OFS\003230_00126955.json
삼양식품,003230,00126955,KOSPI,필수소비재,2020,분기보고서_3분기,11014,CFS,연결재무제표,000,정상,138,data\raw\opendart_financial\bsns_year=2020\reprt_code=11014\fs_div=CFS\003230_00126955.json
삼양식품,003230,00126955,KOSPI,필수소비재,2020,분기보고서_3분기,11014,OFS,별도재무제표,000,정상,109,data\raw\opendart_financial\bsns_year=2020\reprt_code=11014\fs_div=OFS\003230_00126955.json
삼양식품,003230,00126955,KOSPI,필수소비재,2021,사업보고서,11011,CFS,연결재무제표,000,정상,144,data\raw\opendart_financial\bsns_year=2021\reprt_code=11011\fs_div=CFS\003230_00126955.json
삼양식품,003230,00126955,KOSPI,필수소비재,2021,사업보고서,11011,OFS,별도재무제표,000,정상,117,data\raw\opendart_financial\bsns_year=2021\reprt_code=11011\fs_div=OFS\003230_00126955.json
삼양식품,003230,00126955,KOSPI,필수소비재,2021,반기보고서,11012,CFS,연결재무제표,000,정상,130,data\raw\opendart_financial\bsns_year=2021\reprt_code=11012\fs_div=CFS\003230_00126955.json
삼양식품,003230,00126955,KOSPI,필수소비재,2021,반기보고서,11012,OFS,별도재무제표,000,정상,106,data\raw\opendart_financial\bsns_year=2021\reprt_code=11012\fs_div=OFS\003230_00126955.json
삼양식품,003230,00126955,KOSPI,필수소비재,2021,분기보고서_1분기,11013,CFS,연결재무제표,000,정상,125,data\raw\opendart_financial\bsns_year=2021\reprt_code=11013\fs_div=CFS\003230_00126955.json
삼양식품,003230,00126955,KOSPI,필수소비재,2021,분기보고서_1분기,11013,OFS,별도재무제표,000,정상,103,data\raw\opendart_financial\bsns_year=2021\reprt_code=11013\fs_div=OFS\003230_00126955.json
삼양식품,003230,00126955,KOSPI,필수소비재,2021,분기보고서_3분기,11014,CFS,연결재무제표,000,정상,130,data\raw\opendart_financial\bsns_year=2021\reprt_code=11014\fs_div=CFS\003230_00126955.json
삼양식품,003230,00126955,KOSPI,필수소비재,2021,분기보고서_3분기,11014,OFS,별도재무제표,000,정상,107,data\raw\opendart_financial\bsns_year=2021\reprt_code=11014\fs_div=OFS\003230_00126955.json
삼양식품,003230,00126955,KOSPI,필수소비재,2022,사업보고서,11011,CFS,연결재무제표,000,정상,156,data\raw\opendart_financial\bsns_year=2022\reprt_code=11011\fs_div=CFS\003230_00126955.json
삼양식품,003230,00126955,KOSPI,필수소비재,2022,사업보고서,11011,OFS,별도재무제표,000,정상,124,data\raw\opendart_financial\bsns_year=2022\reprt_code=11011\fs_div=OFS\003230_00126955.json
삼양식품,003230,00126955,KOSPI,필수소비재,2022,반기보고서,11012,CFS,연결재무제표,000,정상,140,data\raw\opendart_financial\bsns_year=2022\reprt_code=11012\fs_div=CFS\003230_00126955.json
삼양식품,003230,00126955,KOSPI,필수소비재,2022,반기보고서,11012,OFS,별도재무제표,000,정상,112,data\raw\opendart_financial\bsns_year=2022\reprt_code=11012\fs_div=OFS\003230_00126955.json
삼양식품,003230,00126955,KOSPI,필수소비재,2022,분기보고서_1분기,11013,CFS,연결재무제표,000,정상,128,data\raw\opendart_financial\bsns_year=2022\reprt_code=11013\fs_div=CFS\003230_00126955.json
삼양식품,003230,00126955,KOSPI,필수소비재,2022,분기보고서_1분기,11013,OFS,별도재무제표,000,정상,104,data\raw\opendart_financial\bsns_year=2022\reprt_code=11013\fs_div=OFS\003230_00126955.json
삼양식품,003230,00126955,KOSPI,필수소비재,2022,분기보고서_3분기,11014,CFS,연결재무제표,000,정상,142,data\raw\opendart_financial\bsns_year=2022\reprt_code=11014\fs_div=CFS\003230_00126955.json
삼양식품,003230,00126955,KOSPI,필수소비재,2022,분기보고서_3분기,11014,OFS,별도재무제표,000,정상,114,data\raw\opendart_financial\bsns_year=2022\reprt_code=11014\fs_div=OFS\003230_00126955.json
삼양식품,003230,00126955,KOSPI,필수소비재,2023,사업보고서,11011,CFS,연결재무제표,000,정상,171,data\raw\opendart_financial\bsns_year=2023\reprt_code=11011\fs_div=CFS\003230_00126955.json
삼양식품,003230,00126955,KOSPI,필수소비재,2023,사업보고서,11011,OFS,별도재무제표,000,정상,121,data\raw\opendart_financial\bsns_year=2023\reprt_code=11011\fs_div=OFS\003230_00126955.json
삼양식품,003230,00126955,KOSPI,필수소비재,2023,반기보고서,11012,CFS,연결재무제표,000,정상,147,data\raw\opendart_financial\bsns_year=2023\reprt_code=11012\fs_div=CFS\003230_00126955.json
삼양식품,003230,00126955,KOSPI,필수소비재,2023,반기보고서,11012,OFS,별도재무제표,000,정상,113,data\raw\opendart_financial\bsns_year=2023\reprt_code=11012\fs_div=OFS\003230_00126955.json
삼양식품,003230,00126955,KOSPI,필수소비재,2023,분기보고서_1분기,11013,CFS,연결재무제표,000,정상,130,data\raw\opendart_financial\bsns_year=2023\reprt_code=11013\fs_div=CFS\003230_00126955.json
삼양식품,003230,00126955,KOSPI,필수소비재,2023,분기보고서_1분기,11013,OFS,별도재무제표,000,정상,107,data\raw\opendart_financial\bsns_year=2023\reprt_code=11013\fs_div=OFS\003230_00126955.json
삼양식품,003230,00126955,KOSPI,필수소비재,2023,분기보고서_3분기,11014,CFS,연결재무제표,000,정상,155,data\raw\opendart_financial\bsns_year=2023\reprt_code=11014\fs_div=CFS\003230_00126955.json
삼양식품,003230,00126955,KOSPI,필수소비재,2023,분기보고서_3분기,11014,OFS,별도재무제표,000,정상,118,data\raw\opendart_financial\bsns_year=2023\reprt_code=11014\fs_div=OFS\003230_00126955.json
삼양식품,003230,00126955,KOSPI,필수소비재,2024,사업보고서,11011,CFS,연결재무제표,000,정상,194,data\raw\opendart_financial\bsns_year=2024\reprt_code=11011\fs_div=CFS\003230_00126955.json
삼양식품,003230,00126955,KOSPI,필수소비재,2024,사업보고서,11011,OFS,별도재무제표,000,정상,134,data\raw\opendart_financial\bsns_year=2024\reprt_code=11011\fs_div=OFS\003230_00126955.json
삼양식품,003230,00126955,KOSPI,필수소비재,2024,반기보고서,11012,CFS,연결재무제표,000,정상,145,data\raw\opendart_financial\bsns_year=2024\reprt_code=11012\fs_div=CFS\003230_00126955.json
삼양식품,003230,00126955,KOSPI,필수소비재,2024,반기보고서,11012,OFS,별도재무제표,000,정상,111,data\raw\opendart_financial\bsns_year=2024\reprt_code=11012\fs_div=OFS\003230_00126955.json
삼양식품,003230,00126955,KOSPI,필수소비재,2024,분기보고서_1분기,11013,CFS,연결재무제표,000,정상,137,data\raw\opendart_financial\bsns_year=2024\reprt_code=11013\fs_div=CFS\003230_00126955.json
삼양식품,003230,00126955,KOSPI,필수소비재,2024,분기보고서_1분기,11013,OFS,별도재무제표,000,정상,107,data\raw\opendart_financial\bsns_year=2024\reprt_code=11013\fs_div=OFS\003230_00126955.json
삼양식품,003230,00126955,KOSPI,필수소비재,2024,분기보고서_3분기,11014,CFS,연결재무제표,000,정상,151,data\raw\opendart_financial\bsns_year=2024\reprt_code=11014\fs_div=CFS\003230_00126955.json
삼양식품,003230,00126955,KOSPI,필수소비재,2024,분기보고서_3분기,11014,OFS,별도재무제표,000,정상,112,data\raw\opendart_financial\bsns_year=2024\reprt_code=11014\fs_div=OFS\003230_00126955.json
삼양식품,003230,00126955,KOSPI,필수소비재,2025,사업보고서,11011,CFS,연결재무제표,000,정상,205,data\raw\opendart_financial\bsns_year=2025\reprt_code=11011\fs_div=CFS\003230_00126955.json
삼양식품,003230,00126955,KOSPI,필수소비재,2025,사업보고서,11011,OFS,별도재무제표,000,정상,145,data\raw\opendart_financial\bsns_year=2025\reprt_code=11011\fs_div=OFS\003230_00126955.json
삼양식품,003230,00126955,KOSPI,필수소비재,2025,반기보고서,11012,CFS,연결재무제표,000,정상,183,data\raw\opendart_financial\bsns_year=2025\reprt_code=11012\fs_div=CFS\003230_00126955.json
삼양식품,003230,00126955,KOSPI,필수소비재,2025,반기보고서,11012,OFS,별도재무제표,000,정상,123,data\raw\opendart_financial\bsns_year=2025\reprt_code=11012\fs_div=OFS\003230_00126955.json
삼양식품,003230,00126955,KOSPI,필수소비재,2025,분기보고서_1분기,11013,CFS,연결재무제표,000,정상,160,data\raw\opendart_financial\bsns_year=2025\reprt_code=11013\fs_div=CFS\003230_00126955.json
삼양식품,003230,00126955,KOSPI,필수소비재,2025,분기보고서_1분기,11013,OFS,별도재무제표,000,정상,117,data\raw\opendart_financial\bsns_year=2025\reprt_code=11013\fs_div=OFS\003230_00126955.json
삼양식품,003230,00126955,KOSPI,필수소비재,2025,분기보고서_3분기,11014,CFS,연결재무제표,000,정상,185,data\raw\opendart_financial\bsns_year=2025\reprt_code=11014\fs_div=CFS\003230_00126955.json
삼양식품,003230,00126955,KOSPI,필수소비재,2025,분기보고서_3분기,11014,OFS,별도재무제표,000,정상,129,data\raw\opendart_financial\bsns_year=2025\reprt_code=11014\fs_div=OFS\003230_00126955.json
하림지주,003380,00148364,KOSDAQ,필수소비재,2017,사업보고서,11011,CFS,연결재무제표,000,정상,236,data\raw\opendart_financial\bsns_year=2017\reprt_code=11011\fs_div=CFS\003380_00148364.json
하림지주,003380,00148364,KOSDAQ,필수소비재,2017,사업보고서,11011,OFS,별도재무제표,000,정상,116,data\raw\opendart_financial\bsns_year=2017\reprt_code=11011\fs_div=OFS\003380_00148364.json
하림지주,003380,00148364,KOSDAQ,필수소비재,2017,반기보고서,11012,CFS,연결재무제표,000,정상,270,data\raw\opendart_financial\bsns_year=2017\reprt_code=11012\fs_div=CFS\003380_00148364.json
하림지주,003380,00148364,KOSDAQ,필수소비재,2017,반기보고서,11012,OFS,별도재무제표,000,정상,113,data\raw\opendart_financial\bsns_year=2017\reprt_code=11012\fs_div=OFS\003380_00148364.json
하림지주,003380,00148364,KOSDAQ,필수소비재,2017,분기보고서_1분기,11013,CFS,연결재무제표,013,조회된 데이타가 없습니다.,0,data\raw\opendart_financial\bsns_year=2017\reprt_code=11013\fs_div=CFS\003380_00148364.json
하림지주,003380,00148364,KOSDAQ,필수소비재,2017,분기보고서_1분기,11013,OFS,별도재무제표,013,조회된 데이타가 없습니다.,0,data\raw\opendart_financial\bsns_year=2017\reprt_code=11013\fs_div=OFS\003380_00148364.json
하림지주,003380,00148364,KOSDAQ,필수소비재,2017,분기보고서_3분기,11014,CFS,연결재무제표,000,정상,228,data\raw\opendart_financial\bsns_year=2017\reprt_code=11014\fs_div=CFS\003380_00148364.json
하림지주,003380,00148364,KOSDAQ,필수소비재,2017,분기보고서_3분기,11014,OFS,별도재무제표,000,정상,105,data\raw\opendart_financial\bsns_year=2017\reprt_code=11014\fs_div=OFS\003380_00148364.json
하림지주,003380,00148364,KOSDAQ,필수소비재,2018,사업보고서,11011,CFS,연결재무제표,000,정상,261,data\raw\opendart_financial\bsns_year=2018\reprt_code=11011\fs_div=CFS\003380_00148364.json
하림지주,003380,00148364,KOSDAQ,필수소비재,2018,사업보고서,11011,OFS,별도재무제표,000,정상,136,data\raw\opendart_financial\bsns_year=2018\reprt_code=11011\fs_div=OFS\003380_00148364.json
하림지주,003380,00148364,KOSDAQ,필수소비재,2018,반기보고서,11012,CFS,연결재무제표,000,정상,275,data\raw\opendart_financial\bsns_year=2018\reprt_code=11012\fs_div=CFS\003380_00148364.json
하림지주,003380,00148364,KOSDAQ,필수소비재,2018,반기보고서,11012,OFS,별도재무제표,000,정상,108,data\raw\opendart_financial\bsns_year=2018\reprt_code=11012\fs_div=OFS\003380_00148364.json
하림지주,003380,00148364,KOSDAQ,필수소비재,2018,분기보고서_1분기,11013,CFS,연결재무제표,000,정상,243,data\raw\opendart_financial\bsns_year=2018\reprt_code=11013\fs_div=CFS\003380_00148364.json
하림지주,003380,00148364,KOSDAQ,필수소비재,2018,분기보고서_1분기,11013,OFS,별도재무제표,000,정상,87,data\raw\opendart_financial\bsns_year=2018\reprt_code=11013\fs_div=OFS\003380_00148364.json
하림지주,003380,00148364,KOSDAQ,필수소비재,2018,분기보고서_3분기,11014,CFS,연결재무제표,000,정상,289,data\raw\opendart_financial\bsns_year=2018\reprt_code=11014\fs_div=CFS\003380_00148364.json
하림지주,003380,00148364,KOSDAQ,필수소비재,2018,분기보고서_3분기,11014,OFS,별도재무제표,000,정상,132,data\raw\opendart_financial\bsns_year=2018\reprt_code=11014\fs_div=OFS\003380_00148364.json
하림지주,003380,00148364,KOSDAQ,필수소비재,2019,사업보고서,11011,CFS,연결재무제표,000,정상,296,data\raw\opendart_financial\bsns_year=2019\reprt_code=11011\fs_div=CFS\003380_00148364.json
하림지주,003380,00148364,KOSDAQ,필수소비재,2019,사업보고서,11011,OFS,별도재무제표,000,정상,138,data\raw\opendart_financial\bsns_year=2019\reprt_code=11011\fs_div=OFS\003380_00148364.json
하림지주,003380,00148364,KOSDAQ,필수소비재,2019,반기보고서,11012,CFS,연결재무제표,000,정상,219,data\raw\opendart_financial\bsns_year=2019\reprt_code=11012\fs_div=CFS\003380_00148364.json
하림지주,003380,00148364,KOSDAQ,필수소비재,2019,반기보고서,11012,OFS,별도재무제표,000,정상,113,data\raw\opendart_financial\bsns_year=2019\reprt_code=11012\fs_div=OFS\003380_00148364.json
하림지주,003380,00148364,KOSDAQ,필수소비재,2019,분기보고서_1분기,11013,CFS,연결재무제표,000,정상,208,data\raw\opendart_financial\bsns_year=2019\reprt_code=11013\fs_div=CFS\003380_00148364.json
하림지주,003380,00148364,KOSDAQ,필수소비재,2019,분기보고서_1분기,11013,OFS,별도재무제표,000,정상,96,data\raw\opendart_financial\bsns_year=2019\reprt_code=11013\fs_div=OFS\003380_00148364.json
하림지주,003380,00148364,KOSDAQ,필수소비재,2019,분기보고서_3분기,11014,CFS,연결재무제표,000,정상,227,data\raw\opendart_financial\bsns_year=2019\reprt_code=11014\fs_div=CFS\003380_00148364.json
하림지주,003380,00148364,KOSDAQ,필수소비재,2019,분기보고서_3분기,11014,OFS,별도재무제표,000,정상,122,data\raw\opendart_financial\bsns_year=2019\reprt_code=11014\fs_div=OFS\003380_00148364.json
하림지주,003380,00148364,KOSDAQ,필수소비재,2020,사업보고서,11011,CFS,연결재무제표,000,정상,244,data\raw\opendart_financial\bsns_year=2020\reprt_code=11011\fs_div=CFS\003380_00148364.json
하림지주,003380,00148364,KOSDAQ,필수소비재,2020,사업보고서,11011,OFS,별도재무제표,000,정상,138,data\raw\opendart_financial\bsns_year=2020\reprt_code=11011\fs_div=OFS\003380_00148364.json
하림지주,003380,00148364,KOSDAQ,필수소비재,2020,반기보고서,11012,CFS,연결재무제표,000,정상,212,data\raw\opendart_financial\bsns_year=2020\reprt_code=11012\fs_div=CFS\003380_00148364.json
하림지주,003380,00148364,KOSDAQ,필수소비재,2020,반기보고서,11012,OFS,별도재무제표,000,정상,118,data\raw\opendart_financial\bsns_year=2020\reprt_code=11012\fs_div=OFS\003380_00148364.json
하림지주,003380,00148364,KOSDAQ,필수소비재,2020,분기보고서_1분기,11013,CFS,연결재무제표,000,정상,202,data\raw\opendart_financial\bsns_year=2020\reprt_code=11013\fs_div=CFS\003380_00148364.json
하림지주,003380,00148364,KOSDAQ,필수소비재,2020,분기보고서_1분기,11013,OFS,별도재무제표,000,정상,108,data\raw\opendart_financial\bsns_year=2020\reprt_code=11013\fs_div=OFS\003380_00148364.json
하림지주,003380,00148364,KOSDAQ,필수소비재,2020,분기보고서_3분기,11014,CFS,연결재무제표,000,정상,216,data\raw\opendart_financial\bsns_year=2020\reprt_code=11014\fs_div=CFS\003380_00148364.json
하림지주,003380,00148364,KOSDAQ,필수소비재,2020,분기보고서_3분기,11014,OFS,별도재무제표,000,정상,125,data\raw\opendart_financial\bsns_year=2020\reprt_code=11014\fs_div=OFS\003380_00148364.json
하림지주,003380,00148364,KOSDAQ,필수소비재,2021,사업보고서,11011,CFS,연결재무제표,000,정상,228,data\raw\opendart_financial\bsns_year=2021\reprt_code=11011\fs_div=CFS\003380_00148364.json
하림지주,003380,00148364,KOSDAQ,필수소비재,2021,사업보고서,11011,OFS,별도재무제표,000,정상,132,data\raw\opendart_financial\bsns_year=2021\reprt_code=11011\fs_div=OFS\003380_00148364.json
하림지주,003380,00148364,KOSDAQ,필수소비재,2021,반기보고서,11012,CFS,연결재무제표,000,정상,204,data\raw\opendart_financial\bsns_year=2021\reprt_code=11012\fs_div=CFS\003380_00148364.json
하림지주,003380,00148364,KOSDAQ,필수소비재,2021,반기보고서,11012,OFS,별도재무제표,000,정상,118,data\raw\opendart_financial\bsns_year=2021\reprt_code=11012\fs_div=OFS\003380_00148364.json
하림지주,003380,00148364,KOSDAQ,필수소비재,2021,분기보고서_1분기,11013,CFS,연결재무제표,000,정상,190,data\raw\opendart_financial\bsns_year=2021\reprt_code=11013\fs_div=CFS\003380_00148364.json
하림지주,003380,00148364,KOSDAQ,필수소비재,2021,분기보고서_1분기,11013,OFS,별도재무제표,000,정상,107,data\raw\opendart_financial\bsns_year=2021\reprt_code=11013\fs_div=OFS\003380_00148364.json
하림지주,003380,00148364,KOSDAQ,필수소비재,2021,분기보고서_3분기,11014,CFS,연결재무제표,000,정상,209,data\raw\opendart_financial\bsns_year=2021\reprt_code=11014\fs_div=CFS\003380_00148364.json
하림지주,003380,00148364,KOSDAQ,필수소비재,2021,분기보고서_3분기,11014,OFS,별도재무제표,000,정상,123,data\raw\opendart_financial\bsns_year=2021\reprt_code=11014\fs_div=OFS\003380_00148364.json
하림지주,003380,00148364,KOSDAQ,필수소비재,2022,사업보고서,11011,CFS,연결재무제표,000,정상,235,data\raw\opendart_financial\bsns_year=2022\reprt_code=11011\fs_div=CFS\003380_00148364.json
하림지주,003380,00148364,KOSDAQ,필수소비재,2022,사업보고서,11011,OFS,별도재무제표,000,정상,146,data\raw\opendart_financial\bsns_year=2022\reprt_code=11011\fs_div=OFS\003380_00148364.json
하림지주,003380,00148364,KOSDAQ,필수소비재,2022,반기보고서,11012,CFS,연결재무제표,000,정상,220,data\raw\opendart_financial\bsns_year=2022\reprt_code=11012\fs_div=CFS\003380_00148364.json
하림지주,003380,00148364,KOSDAQ,필수소비재,2022,반기보고서,11012,OFS,별도재무제표,000,정상,133,data\raw\opendart_financial\bsns_year=2022\reprt_code=11012\fs_div=OFS\003380_00148364.json
하림지주,003380,00148364,KOSDAQ,필수소비재,2022,분기보고서_1분기,11013,CFS,연결재무제표,000,정상,209,data\raw\opendart_financial\bsns_year=2022\reprt_code=11013\fs_div=CFS\003380_00148364.json
하림지주,003380,00148364,KOSDAQ,필수소비재,2022,분기보고서_1분기,11013,OFS,별도재무제표,000,정상,118,data\raw\opendart_financial\bsns_year=2022\reprt_code=11013\fs_div=OFS\003380_00148364.json
하림지주,003380,00148364,KOSDAQ,필수소비재,2022,분기보고서_3분기,11014,CFS,연결재무제표,000,정상,224,data\raw\opendart_financial\bsns_year=2022\reprt_code=11014\fs_div=CFS\003380_00148364.json
하림지주,003380,00148364,KOSDAQ,필수소비재,2022,분기보고서_3분기,11014,OFS,별도재무제표,000,정상,136,data\raw\opendart_financial\bsns_year=2022\reprt_code=11014\fs_div=OFS\003380_00148364.json
하림지주,003380,00148364,KOSDAQ,필수소비재,2023,사업보고서,11011,CFS,연결재무제표,000,정상,235,data\raw\opendart_financial\bsns_year=2023\reprt_code=11011\fs_div=CFS\003380_00148364.json
하림지주,003380,00148364,KOSDAQ,필수소비재,2023,사업보고서,11011,OFS,별도재무제표,000,정상,147,data\raw\opendart_financial\bsns_year=2023\reprt_code=11011\fs_div=OFS\003380_00148364.json
하림지주,003380,00148364,KOSDAQ,필수소비재,2023,반기보고서,11012,CFS,연결재무제표,000,정상,219,data\raw\opendart_financial\bsns_year=2023\reprt_code=11012\fs_div=CFS\003380_00148364.json
하림지주,003380,00148364,KOSDAQ,필수소비재,2023,반기보고서,11012,OFS,별도재무제표,000,정상,133,data\raw\opendart_financial\bsns_year=2023\reprt_code=11012\fs_div=OFS\003380_00148364.json
하림지주,003380,00148364,KOSDAQ,필수소비재,2023,분기보고서_1분기,11013,CFS,연결재무제표,000,정상,210,data\raw\opendart_financial\bsns_year=2023\reprt_code=11013\fs_div=CFS\003380_00148364.json
하림지주,003380,00148364,KOSDAQ,필수소비재,2023,분기보고서_1분기,11013,OFS,별도재무제표,000,정상,119,data\raw\opendart_financial\bsns_year=2023\reprt_code=11013\fs_div=OFS\003380_00148364.json
하림지주,003380,00148364,KOSDAQ,필수소비재,2023,분기보고서_3분기,11014,CFS,연결재무제표,000,정상,218,data\raw\opendart_financial\bsns_year=2023\reprt_code=11014\fs_div=CFS\003380_00148364.json
하림지주,003380,00148364,KOSDAQ,필수소비재,2023,분기보고서_3분기,11014,OFS,별도재무제표,000,정상,133,data\raw\opendart_financial\bsns_year=2023\reprt_code=11014\fs_div=OFS\003380_00148364.json
하림지주,003380,00148364,KOSDAQ,필수소비재,2024,사업보고서,11011,CFS,연결재무제표,000,정상,235,data\raw\opendart_financial\bsns_year=2024\reprt_code=11011\fs_div=CFS\003380_00148364.json
하림지주,003380,00148364,KOSDAQ,필수소비재,2024,사업보고서,11011,OFS,별도재무제표,000,정상,154,data\raw\opendart_financial\bsns_year=2024\reprt_code=11011\fs_div=OFS\003380_00148364.json
하림지주,003380,00148364,KOSDAQ,필수소비재,2024,반기보고서,11012,CFS,연결재무제표,000,정상,203,data\raw\opendart_financial\bsns_year=2024\reprt_code=11012\fs_div=CFS\003380_00148364.json
하림지주,003380,00148364,KOSDAQ,필수소비재,2024,반기보고서,11012,OFS,별도재무제표,000,정상,125,data\raw\opendart_financial\bsns_year=2024\reprt_code=11012\fs_div=OFS\003380_00148364.json
하림지주,003380,00148364,KOSDAQ,필수소비재,2024,분기보고서_1분기,11013,CFS,연결재무제표,000,정상,197,data\raw\opendart_financial\bsns_year=2024\reprt_code=11013\fs_div=CFS\003380_00148364.json
하림지주,003380,00148364,KOSDAQ,필수소비재,2024,분기보고서_1분기,11013,OFS,별도재무제표,000,정상,117,data\raw\opendart_financial\bsns_year=2024\reprt_code=11013\fs_div=OFS\003380_00148364.json
하림지주,003380,00148364,KOSDAQ,필수소비재,2024,분기보고서_3분기,11014,CFS,연결재무제표,000,정상,208,data\raw\opendart_financial\bsns_year=2024\reprt_code=11014\fs_div=CFS\003380_00148364.json
하림지주,003380,00148364,KOSDAQ,필수소비재,2024,분기보고서_3분기,11014,OFS,별도재무제표,000,정상,131,data\raw\opendart_financial\bsns_year=2024\reprt_code=11014\fs_div=OFS\003380_00148364.json
하림지주,003380,00148364,KOSDAQ,필수소비재,2025,사업보고서,11011,CFS,연결재무제표,000,정상,225,data\raw\opendart_financial\bsns_year=2025\reprt_code=11011\fs_div=CFS\003380_00148364.json
하림지주,003380,00148364,KOSDAQ,필수소비재,2025,사업보고서,11011,OFS,별도재무제표,000,정상,147,data\raw\opendart_financial\bsns_year=2025\reprt_code=11011\fs_div=OFS\003380_00148364.json
하림지주,003380,00148364,KOSDAQ,필수소비재,2025,반기보고서,11012,CFS,연결재무제표,000,정상,210,data\raw\opendart_financial\bsns_year=2025\reprt_code=11012\fs_div=CFS\003380_00148364.json
하림지주,003380,00148364,KOSDAQ,필수소비재,2025,반기보고서,11012,OFS,별도재무제표,000,정상,117,data\raw\opendart_financial\bsns_year=2025\reprt_code=11012\fs_div=OFS\003380_00148364.json
하림지주,003380,00148364,KOSDAQ,필수소비재,2025,분기보고서_1분기,11013,CFS,연결재무제표,000,정상,202,data\raw\opendart_financial\bsns_year=2025\reprt_code=11013\fs_div=CFS\003380_00148364.json
하림지주,003380,00148364,KOSDAQ,필수소비재,2025,분기보고서_1분기,11013,OFS,별도재무제표,000,정상,112,data\raw\opendart_financial\bsns_year=2025\reprt_code=11013\fs_div=OFS\003380_00148364.json
하림지주,003380,00148364,KOSDAQ,필수소비재,2025,분기보고서_3분기,11014,CFS,연결재무제표,000,정상,217,data\raw\opendart_financial\bsns_year=2025\reprt_code=11014\fs_div=CFS\003380_00148364.json
하림지주,003380,00148364,KOSDAQ,필수소비재,2025,분기보고서_3분기,11014,OFS,별도재무제표,000,정상,129,data\raw\opendart_financial\bsns_year=2025\reprt_code=11014\fs_div=OFS\003380_00148364.json
삼성물산,028260,00149655,KOSPI,건설부동산,2017,사업보고서,11011,CFS,연결재무제표,000,정상,209,data\raw\opendart_financial\bsns_year=2017\reprt_code=11011\fs_div=CFS\028260_00149655.json
삼성물산,028260,00149655,KOSPI,건설부동산,2017,사업보고서,11011,OFS,별도재무제표,000,정상,156,data\raw\opendart_financial\bsns_year=2017\reprt_code=11011\fs_div=OFS\028260_00149655.json
삼성물산,028260,00149655,KOSPI,건설부동산,2017,반기보고서,11012,CFS,연결재무제표,000,정상,169,data\raw\opendart_financial\bsns_year=2017\reprt_code=11012\fs_div=CFS\028260_00149655.json
삼성물산,028260,00149655,KOSPI,건설부동산,2017,반기보고서,11012,OFS,별도재무제표,000,정상,123,data\raw\opendart_financial\bsns_year=2017\reprt_code=11012\fs_div=OFS\028260_00149655.json
삼성물산,028260,00149655,KOSPI,건설부동산,2017,분기보고서_1분기,11013,CFS,연결재무제표,000,정상,163,data\raw\opendart_financial\bsns_year=2017\reprt_code=11013\fs_div=CFS\028260_00149655.json
삼성물산,028260,00149655,KOSPI,건설부동산,2017,분기보고서_1분기,11013,OFS,별도재무제표,000,정상,119,data\raw\opendart_financial\bsns_year=2017\reprt_code=11013\fs_div=OFS\028260_00149655.json
삼성물산,028260,00149655,KOSPI,건설부동산,2017,분기보고서_3분기,11014,CFS,연결재무제표,000,정상,175,data\raw\opendart_financial\bsns_year=2017\reprt_code=11014\fs_div=CFS\028260_00149655.json
삼성물산,028260,00149655,KOSPI,건설부동산,2017,분기보고서_3분기,11014,OFS,별도재무제표,000,정상,124,data\raw\opendart_financial\bsns_year=2017\reprt_code=11014\fs_div=OFS\028260_00149655.json
삼성물산,028260,00149655,KOSPI,건설부동산,2018,사업보고서,11011,CFS,연결재무제표,000,정상,198,data\raw\opendart_financial\bsns_year=2018\reprt_code=11011\fs_div=CFS\028260_00149655.json
삼성물산,028260,00149655,KOSPI,건설부동산,2018,사업보고서,11011,OFS,별도재무제표,000,정상,144,data\raw\opendart_financial\bsns_year=2018\reprt_code=11011\fs_div=OFS\028260_00149655.json
삼성물산,028260,00149655,KOSPI,건설부동산,2018,반기보고서,11012,CFS,연결재무제표,000,정상,172,data\raw\opendart_financial\bsns_year=2018\reprt_code=11012\fs_div=CFS\028260_00149655.json
삼성물산,028260,00149655,KOSPI,건설부동산,2018,반기보고서,11012,OFS,별도재무제표,000,정상,126,data\raw\opendart_financial\bsns_year=2018\reprt_code=11012\fs_div=OFS\028260_00149655.json
삼성물산,028260,00149655,KOSPI,건설부동산,2018,분기보고서_1분기,11013,CFS,연결재무제표,000,정상,169,data\raw\opendart_financial\bsns_year=2018\reprt_code=11013\fs_div=CFS\028260_00149655.json
삼성물산,028260,00149655,KOSPI,건설부동산,2018,분기보고서_1분기,11013,OFS,별도재무제표,000,정상,121,data\raw\opendart_financial\bsns_year=2018\reprt_code=11013\fs_div=OFS\028260_00149655.json
삼성물산,028260,00149655,KOSPI,건설부동산,2018,분기보고서_3분기,11014,CFS,연결재무제표,000,정상,176,data\raw\opendart_financial\bsns_year=2018\reprt_code=11014\fs_div=CFS\028260_00149655.json
삼성물산,028260,00149655,KOSPI,건설부동산,2018,분기보고서_3분기,11014,OFS,별도재무제표,000,정상,127,data\raw\opendart_financial\bsns_year=2018\reprt_code=11014\fs_div=OFS\028260_00149655.json
삼성물산,028260,00149655,KOSPI,건설부동산,2019,사업보고서,11011,CFS,연결재무제표,000,정상,192,data\raw\opendart_financial\bsns_year=2019\reprt_code=11011\fs_div=CFS\028260_00149655.json
삼성물산,028260,00149655,KOSPI,건설부동산,2019,사업보고서,11011,OFS,별도재무제표,000,정상,139,data\raw\opendart_financial\bsns_year=2019\reprt_code=11011\fs_div=OFS\028260_00149655.json
삼성물산,028260,00149655,KOSPI,건설부동산,2019,반기보고서,11012,CFS,연결재무제표,000,정상,171,data\raw\opendart_financial\bsns_year=2019\reprt_code=11012\fs_div=CFS\028260_00149655.json
삼성물산,028260,00149655,KOSPI,건설부동산,2019,반기보고서,11012,OFS,별도재무제표,000,정상,123,data\raw\opendart_financial\bsns_year=2019\reprt_code=11012\fs_div=OFS\028260_00149655.json
삼성물산,028260,00149655,KOSPI,건설부동산,2019,분기보고서_1분기,11013,CFS,연결재무제표,000,정상,169,data\raw\opendart_financial\bsns_year=2019\reprt_code=11013\fs_div=CFS\028260_00149655.json
삼성물산,028260,00149655,KOSPI,건설부동산,2019,분기보고서_1분기,11013,OFS,별도재무제표,000,정상,120,data\raw\opendart_financial\bsns_year=2019\reprt_code=11013\fs_div=OFS\028260_00149655.json
삼성물산,028260,00149655,KOSPI,건설부동산,2019,분기보고서_3분기,11014,CFS,연결재무제표,000,정상,173,data\raw\opendart_financial\bsns_year=2019\reprt_code=11014\fs_div=CFS\028260_00149655.json
삼성물산,028260,00149655,KOSPI,건설부동산,2019,분기보고서_3분기,11014,OFS,별도재무제표,000,정상,126,data\raw\opendart_financial\bsns_year=2019\reprt_code=11014\fs_div=OFS\028260_00149655.json
삼성물산,028260,00149655,KOSPI,건설부동산,2020,사업보고서,11011,CFS,연결재무제표,000,정상,197,data\raw\opendart_financial\bsns_year=2020\reprt_code=11011\fs_div=CFS\028260_00149655.json
삼성물산,028260,00149655,KOSPI,건설부동산,2020,사업보고서,11011,OFS,별도재무제표,000,정상,140,data\raw\opendart_financial\bsns_year=2020\reprt_code=11011\fs_div=OFS\028260_00149655.json
삼성물산,028260,00149655,KOSPI,건설부동산,2020,반기보고서,11012,CFS,연결재무제표,000,정상,186,data\raw\opendart_financial\bsns_year=2020\reprt_code=11012\fs_div=CFS\028260_00149655.json
삼성물산,028260,00149655,KOSPI,건설부동산,2020,반기보고서,11012,OFS,별도재무제표,000,정상,128,data\raw\opendart_financial\bsns_year=2020\reprt_code=11012\fs_div=OFS\028260_00149655.json
삼성물산,028260,00149655,KOSPI,건설부동산,2020,분기보고서_1분기,11013,CFS,연결재무제표,000,정상,169,data\raw\opendart_financial\bsns_year=2020\reprt_code=11013\fs_div=CFS\028260_00149655.json
삼성물산,028260,00149655,KOSPI,건설부동산,2020,분기보고서_1분기,11013,OFS,별도재무제표,000,정상,123,data\raw\opendart_financial\bsns_year=2020\reprt_code=11013\fs_div=OFS\028260_00149655.json
삼성물산,028260,00149655,KOSPI,건설부동산,2020,분기보고서_3분기,11014,CFS,연결재무제표,000,정상,185,data\raw\opendart_financial\bsns_year=2020\reprt_code=11014\fs_div=CFS\028260_00149655.json
삼성물산,028260,00149655,KOSPI,건설부동산,2020,분기보고서_3분기,11014,OFS,별도재무제표,000,정상,128,data\raw\opendart_financial\bsns_year=2020\reprt_code=11014\fs_div=OFS\028260_00149655.json
삼성물산,028260,00149655,KOSPI,건설부동산,2021,사업보고서,11011,CFS,연결재무제표,000,정상,203,data\raw\opendart_financial\bsns_year=2021\reprt_code=11011\fs_div=CFS\028260_00149655.json
삼성물산,028260,00149655,KOSPI,건설부동산,2021,사업보고서,11011,OFS,별도재무제표,000,정상,142,data\raw\opendart_financial\bsns_year=2021\reprt_code=11011\fs_div=OFS\028260_00149655.json
삼성물산,028260,00149655,KOSPI,건설부동산,2021,반기보고서,11012,CFS,연결재무제표,000,정상,185,data\raw\opendart_financial\bsns_year=2021\reprt_code=11012\fs_div=CFS\028260_00149655.json
삼성물산,028260,00149655,KOSPI,건설부동산,2021,반기보고서,11012,OFS,별도재무제표,000,정상,130,data\raw\opendart_financial\bsns_year=2021\reprt_code=11012\fs_div=OFS\028260_00149655.json
삼성물산,028260,00149655,KOSPI,건설부동산,2021,분기보고서_1분기,11013,CFS,연결재무제표,000,정상,178,data\raw\opendart_financial\bsns_year=2021\reprt_code=11013\fs_div=CFS\028260_00149655.json
삼성물산,028260,00149655,KOSPI,건설부동산,2021,분기보고서_1분기,11013,OFS,별도재무제표,000,정상,121,data\raw\opendart_financial\bsns_year=2021\reprt_code=11013\fs_div=OFS\028260_00149655.json
삼성물산,028260,00149655,KOSPI,건설부동산,2021,분기보고서_3분기,11014,CFS,연결재무제표,000,정상,190,data\raw\opendart_financial\bsns_year=2021\reprt_code=11014\fs_div=CFS\028260_00149655.json
삼성물산,028260,00149655,KOSPI,건설부동산,2021,분기보고서_3분기,11014,OFS,별도재무제표,000,정상,132,data\raw\opendart_financial\bsns_year=2021\reprt_code=11014\fs_div=OFS\028260_00149655.json
삼성물산,028260,00149655,KOSPI,건설부동산,2022,사업보고서,11011,CFS,연결재무제표,000,정상,205,data\raw\opendart_financial\bsns_year=2022\reprt_code=11011\fs_div=CFS\028260_00149655.json
삼성물산,028260,00149655,KOSPI,건설부동산,2022,사업보고서,11011,OFS,별도재무제표,000,정상,142,data\raw\opendart_financial\bsns_year=2022\reprt_code=11011\fs_div=OFS\028260_00149655.json
삼성물산,028260,00149655,KOSPI,건설부동산,2022,반기보고서,11012,CFS,연결재무제표,000,정상,191,data\raw\opendart_financial\bsns_year=2022\reprt_code=11012\fs_div=CFS\028260_00149655.json
삼성물산,028260,00149655,KOSPI,건설부동산,2022,반기보고서,11012,OFS,별도재무제표,000,정상,130,data\raw\opendart_financial\bsns_year=2022\reprt_code=11012\fs_div=OFS\028260_00149655.json
삼성물산,028260,00149655,KOSPI,건설부동산,2022,분기보고서_1분기,11013,CFS,연결재무제표,000,정상,179,data\raw\opendart_financial\bsns_year=2022\reprt_code=11013\fs_div=CFS\028260_00149655.json
삼성물산,028260,00149655,KOSPI,건설부동산,2022,분기보고서_1분기,11013,OFS,별도재무제표,000,정상,121,data\raw\opendart_financial\bsns_year=2022\reprt_code=11013\fs_div=OFS\028260_00149655.json
삼성물산,028260,00149655,KOSPI,건설부동산,2022,분기보고서_3분기,11014,CFS,연결재무제표,000,정상,191,data\raw\opendart_financial\bsns_year=2022\reprt_code=11014\fs_div=CFS\028260_00149655.json
삼성물산,028260,00149655,KOSPI,건설부동산,2022,분기보고서_3분기,11014,OFS,별도재무제표,000,정상,132,data\raw\opendart_financial\bsns_year=2022\reprt_code=11014\fs_div=OFS\028260_00149655.json
삼성물산,028260,00149655,KOSPI,건설부동산,2023,사업보고서,11011,CFS,연결재무제표,000,정상,200,data\raw\opendart_financial\bsns_year=2023\reprt_code=11011\fs_div=CFS\028260_00149655.json
삼성물산,028260,00149655,KOSPI,건설부동산,2023,사업보고서,11011,OFS,별도재무제표,000,정상,139,data\raw\opendart_financial\bsns_year=2023\reprt_code=11011\fs_div=OFS\028260_00149655.json
삼성물산,028260,00149655,KOSPI,건설부동산,2023,반기보고서,11012,CFS,연결재무제표,000,정상,178,data\raw\opendart_financial\bsns_year=2023\reprt_code=11012\fs_div=CFS\028260_00149655.json
삼성물산,028260,00149655,KOSPI,건설부동산,2023,반기보고서,11012,OFS,별도재무제표,000,정상,130,data\raw\opendart_financial\bsns_year=2023\reprt_code=11012\fs_div=OFS\028260_00149655.json
삼성물산,028260,00149655,KOSPI,건설부동산,2023,분기보고서_1분기,11013,CFS,연결재무제표,000,정상,177,data\raw\opendart_financial\bsns_year=2023\reprt_code=11013\fs_div=CFS\028260_00149655.json
삼성물산,028260,00149655,KOSPI,건설부동산,2023,분기보고서_1분기,11013,OFS,별도재무제표,000,정상,124,data\raw\opendart_financial\bsns_year=2023\reprt_code=11013\fs_div=OFS\028260_00149655.json
삼성물산,028260,00149655,KOSPI,건설부동산,2023,분기보고서_3분기,11014,CFS,연결재무제표,000,정상,180,data\raw\opendart_financial\bsns_year=2023\reprt_code=11014\fs_div=CFS\028260_00149655.json
삼성물산,028260,00149655,KOSPI,건설부동산,2023,분기보고서_3분기,11014,OFS,별도재무제표,000,정상,134,data\raw\opendart_financial\bsns_year=2023\reprt_code=11014\fs_div=OFS\028260_00149655.json
삼성물산,028260,00149655,KOSPI,건설부동산,2024,사업보고서,11011,CFS,연결재무제표,000,정상,233,data\raw\opendart_financial\bsns_year=2024\reprt_code=11011\fs_div=CFS\028260_00149655.json
삼성물산,028260,00149655,KOSPI,건설부동산,2024,사업보고서,11011,OFS,별도재무제표,000,정상,161,data\raw\opendart_financial\bsns_year=2024\reprt_code=11011\fs_div=OFS\028260_00149655.json
삼성물산,028260,00149655,KOSPI,건설부동산,2024,반기보고서,11012,CFS,연결재무제표,000,정상,170,data\raw\opendart_financial\bsns_year=2024\reprt_code=11012\fs_div=CFS\028260_00149655.json
삼성물산,028260,00149655,KOSPI,건설부동산,2024,반기보고서,11012,OFS,별도재무제표,000,정상,124,data\raw\opendart_financial\bsns_year=2024\reprt_code=11012\fs_div=OFS\028260_00149655.json
삼성물산,028260,00149655,KOSPI,건설부동산,2024,분기보고서_1분기,11013,CFS,연결재무제표,000,정상,161,data\raw\opendart_financial\bsns_year=2024\reprt_code=11013\fs_div=CFS\028260_00149655.json
삼성물산,028260,00149655,KOSPI,건설부동산,2024,분기보고서_1분기,11013,OFS,별도재무제표,000,정상,120,data\raw\opendart_financial\bsns_year=2024\reprt_code=11013\fs_div=OFS\028260_00149655.json
삼성물산,028260,00149655,KOSPI,건설부동산,2024,분기보고서_3분기,11014,CFS,연결재무제표,000,정상,172,data\raw\opendart_financial\bsns_year=2024\reprt_code=11014\fs_div=CFS\028260_00149655.json
삼성물산,028260,00149655,KOSPI,건설부동산,2024,분기보고서_3분기,11014,OFS,별도재무제표,000,정상,128,data\raw\opendart_financial\bsns_year=2024\reprt_code=11014\fs_div=OFS\028260_00149655.json
삼성물산,028260,00149655,KOSPI,건설부동산,2025,사업보고서,11011,CFS,연결재무제표,000,정상,209,data\raw\opendart_financial\bsns_year=2025\reprt_code=11011\fs_div=CFS\028260_00149655.json
삼성물산,028260,00149655,KOSPI,건설부동산,2025,사업보고서,11011,OFS,별도재무제표,000,정상,152,data\raw\opendart_financial\bsns_year=2025\reprt_code=11011\fs_div=OFS\028260_00149655.json
삼성물산,028260,00149655,KOSPI,건설부동산,2025,반기보고서,11012,CFS,연결재무제표,000,정상,188,data\raw\opendart_financial\bsns_year=2025\reprt_code=11012\fs_div=CFS\028260_00149655.json
삼성물산,028260,00149655,KOSPI,건설부동산,2025,반기보고서,11012,OFS,별도재무제표,000,정상,135,data\raw\opendart_financial\bsns_year=2025\reprt_code=11012\fs_div=OFS\028260_00149655.json
삼성물산,028260,00149655,KOSPI,건설부동산,2025,분기보고서_1분기,11013,CFS,연결재무제표,000,정상,193,data\raw\opendart_financial\bsns_year=2025\reprt_code=11013\fs_div=CFS\028260_00149655.json
삼성물산,028260,00149655,KOSPI,건설부동산,2025,분기보고서_1분기,11013,OFS,별도재무제표,000,정상,132,data\raw\opendart_financial\bsns_year=2025\reprt_code=11013\fs_div=OFS\028260_00149655.json
삼성물산,028260,00149655,KOSPI,건설부동산,2025,분기보고서_3분기,11014,CFS,연결재무제표,000,정상,190,data\raw\opendart_financial\bsns_year=2025\reprt_code=11014\fs_div=CFS\028260_00149655.json
삼성물산,028260,00149655,KOSPI,건설부동산,2025,분기보고서_3분기,11014,OFS,별도재무제표,000,정상,136,data\raw\opendart_financial\bsns_year=2025\reprt_code=11014\fs_div=OFS\028260_00149655.json
현대건설,000720,00164478,KOSPI,건설부동산,2017,사업보고서,11011,CFS,연결재무제표,000,정상,188,data\raw\opendart_financial\bsns_year=2017\reprt_code=11011\fs_div=CFS\000720_00164478.json
현대건설,000720,00164478,KOSPI,건설부동산,2017,사업보고서,11011,OFS,별도재무제표,000,정상,134,data\raw\opendart_financial\bsns_year=2017\reprt_code=11011\fs_div=OFS\000720_00164478.json
현대건설,000720,00164478,KOSPI,건설부동산,2017,반기보고서,11012,CFS,연결재무제표,000,정상,168,data\raw\opendart_financial\bsns_year=2017\reprt_code=11012\fs_div=CFS\000720_00164478.json
현대건설,000720,00164478,KOSPI,건설부동산,2017,반기보고서,11012,OFS,별도재무제표,000,정상,129,data\raw\opendart_financial\bsns_year=2017\reprt_code=11012\fs_div=OFS\000720_00164478.json
현대건설,000720,00164478,KOSPI,건설부동산,2017,분기보고서_1분기,11013,CFS,연결재무제표,000,정상,184,data\raw\opendart_financial\bsns_year=2017\reprt_code=11013\fs_div=CFS\000720_00164478.json
현대건설,000720,00164478,KOSPI,건설부동산,2017,분기보고서_1분기,11013,OFS,별도재무제표,000,정상,133,data\raw\opendart_financial\bsns_year=2017\reprt_code=11013\fs_div=OFS\000720_00164478.json
현대건설,000720,00164478,KOSPI,건설부동산,2017,분기보고서_3분기,11014,CFS,연결재무제표,000,정상,171,data\raw\opendart_financial\bsns_year=2017\reprt_code=11014\fs_div=CFS\000720_00164478.json
현대건설,000720,00164478,KOSPI,건설부동산,2017,분기보고서_3분기,11014,OFS,별도재무제표,000,정상,129,data\raw\opendart_financial\bsns_year=2017\reprt_code=11014\fs_div=OFS\000720_00164478.json
현대건설,000720,00164478,KOSPI,건설부동산,2018,사업보고서,11011,CFS,연결재무제표,000,정상,206,data\raw\opendart_financial\bsns_year=2018\reprt_code=11011\fs_div=CFS\000720_00164478.json
현대건설,000720,00164478,KOSPI,건설부동산,2018,사업보고서,11011,OFS,별도재무제표,000,정상,156,data\raw\opendart_financial\bsns_year=2018\reprt_code=11011\fs_div=OFS\000720_00164478.json
현대건설,000720,00164478,KOSPI,건설부동산,2018,반기보고서,11012,CFS,연결재무제표,000,정상,195,data\raw\opendart_financial\bsns_year=2018\reprt_code=11012\fs_div=CFS\000720_00164478.json
현대건설,000720,00164478,KOSPI,건설부동산,2018,반기보고서,11012,OFS,별도재무제표,000,정상,148,data\raw\opendart_financial\bsns_year=2018\reprt_code=11012\fs_div=OFS\000720_00164478.json
현대건설,000720,00164478,KOSPI,건설부동산,2018,분기보고서_1분기,11013,CFS,연결재무제표,000,정상,192,data\raw\opendart_financial\bsns_year=2018\reprt_code=11013\fs_div=CFS\000720_00164478.json
현대건설,000720,00164478,KOSPI,건설부동산,2018,분기보고서_1분기,11013,OFS,별도재무제표,000,정상,144,data\raw\opendart_financial\bsns_year=2018\reprt_code=11013\fs_div=OFS\000720_00164478.json
현대건설,000720,00164478,KOSPI,건설부동산,2018,분기보고서_3분기,11014,CFS,연결재무제표,000,정상,203,data\raw\opendart_financial\bsns_year=2018\reprt_code=11014\fs_div=CFS\000720_00164478.json
현대건설,000720,00164478,KOSPI,건설부동산,2018,분기보고서_3분기,11014,OFS,별도재무제표,000,정상,150,data\raw\opendart_financial\bsns_year=2018\reprt_code=11014\fs_div=OFS\000720_00164478.json
현대건설,000720,00164478,KOSPI,건설부동산,2019,사업보고서,11011,CFS,연결재무제표,000,정상,210,data\raw\opendart_financial\bsns_year=2019\reprt_code=11011\fs_div=CFS\000720_00164478.json
현대건설,000720,00164478,KOSPI,건설부동산,2019,사업보고서,11011,OFS,별도재무제표,000,정상,160,data\raw\opendart_financial\bsns_year=2019\reprt_code=11011\fs_div=OFS\000720_00164478.json
현대건설,000720,00164478,KOSPI,건설부동산,2019,반기보고서,11012,CFS,연결재무제표,000,정상,186,data\raw\opendart_financial\bsns_year=2019\reprt_code=11012\fs_div=CFS\000720_00164478.json
현대건설,000720,00164478,KOSPI,건설부동산,2019,반기보고서,11012,OFS,별도재무제표,000,정상,146,data\raw\opendart_financial\bsns_year=2019\reprt_code=11012\fs_div=OFS\000720_00164478.json
현대건설,000720,00164478,KOSPI,건설부동산,2019,분기보고서_1분기,11013,CFS,연결재무제표,000,정상,188,data\raw\opendart_financial\bsns_year=2019\reprt_code=11013\fs_div=CFS\000720_00164478.json
현대건설,000720,00164478,KOSPI,건설부동산,2019,분기보고서_1분기,11013,OFS,별도재무제표,000,정상,143,data\raw\opendart_financial\bsns_year=2019\reprt_code=11013\fs_div=OFS\000720_00164478.json
현대건설,000720,00164478,KOSPI,건설부동산,2019,분기보고서_3분기,11014,CFS,연결재무제표,000,정상,194,data\raw\opendart_financial\bsns_year=2019\reprt_code=11014\fs_div=CFS\000720_00164478.json
현대건설,000720,00164478,KOSPI,건설부동산,2019,분기보고서_3분기,11014,OFS,별도재무제표,000,정상,146,data\raw\opendart_financial\bsns_year=2019\reprt_code=11014\fs_div=OFS\000720_00164478.json
현대건설,000720,00164478,KOSPI,건설부동산,2020,사업보고서,11011,CFS,연결재무제표,000,정상,196,data\raw\opendart_financial\bsns_year=2020\reprt_code=11011\fs_div=CFS\000720_00164478.json
현대건설,000720,00164478,KOSPI,건설부동산,2020,사업보고서,11011,OFS,별도재무제표,000,정상,151,data\raw\opendart_financial\bsns_year=2020\reprt_code=11011\fs_div=OFS\000720_00164478.json
현대건설,000720,00164478,KOSPI,건설부동산,2020,반기보고서,11012,CFS,연결재무제표,000,정상,184,data\raw\opendart_financial\bsns_year=2020\reprt_code=11012\fs_div=CFS\000720_00164478.json
현대건설,000720,00164478,KOSPI,건설부동산,2020,반기보고서,11012,OFS,별도재무제표,000,정상,145,data\raw\opendart_financial\bsns_year=2020\reprt_code=11012\fs_div=OFS\000720_00164478.json
현대건설,000720,00164478,KOSPI,건설부동산,2020,분기보고서_1분기,11013,CFS,연결재무제표,000,정상,181,data\raw\opendart_financial\bsns_year=2020\reprt_code=11013\fs_div=CFS\000720_00164478.json
현대건설,000720,00164478,KOSPI,건설부동산,2020,분기보고서_1분기,11013,OFS,별도재무제표,000,정상,140,data\raw\opendart_financial\bsns_year=2020\reprt_code=11013\fs_div=OFS\000720_00164478.json
현대건설,000720,00164478,KOSPI,건설부동산,2020,분기보고서_3분기,11014,CFS,연결재무제표,000,정상,182,data\raw\opendart_financial\bsns_year=2020\reprt_code=11014\fs_div=CFS\000720_00164478.json
현대건설,000720,00164478,KOSPI,건설부동산,2020,분기보고서_3분기,11014,OFS,별도재무제표,000,정상,142,data\raw\opendart_financial\bsns_year=2020\reprt_code=11014\fs_div=OFS\000720_00164478.json
현대건설,000720,00164478,KOSPI,건설부동산,2021,사업보고서,11011,CFS,연결재무제표,000,정상,195,data\raw\opendart_financial\bsns_year=2021\reprt_code=11011\fs_div=CFS\000720_00164478.json
현대건설,000720,00164478,KOSPI,건설부동산,2021,사업보고서,11011,OFS,별도재무제표,000,정상,153,data\raw\opendart_financial\bsns_year=2021\reprt_code=11011\fs_div=OFS\000720_00164478.json
현대건설,000720,00164478,KOSPI,건설부동산,2021,반기보고서,11012,CFS,연결재무제표,000,정상,180,data\raw\opendart_financial\bsns_year=2021\reprt_code=11012\fs_div=CFS\000720_00164478.json
현대건설,000720,00164478,KOSPI,건설부동산,2021,반기보고서,11012,OFS,별도재무제표,000,정상,143,data\raw\opendart_financial\bsns_year=2021\reprt_code=11012\fs_div=OFS\000720_00164478.json
현대건설,000720,00164478,KOSPI,건설부동산,2021,분기보고서_1분기,11013,CFS,연결재무제표,000,정상,176,data\raw\opendart_financial\bsns_year=2021\reprt_code=11013\fs_div=CFS\000720_00164478.json
현대건설,000720,00164478,KOSPI,건설부동산,2021,분기보고서_1분기,11013,OFS,별도재무제표,000,정상,136,data\raw\opendart_financial\bsns_year=2021\reprt_code=11013\fs_div=OFS\000720_00164478.json
현대건설,000720,00164478,KOSPI,건설부동산,2021,분기보고서_3분기,11014,CFS,연결재무제표,000,정상,190,data\raw\opendart_financial\bsns_year=2021\reprt_code=11014\fs_div=CFS\000720_00164478.json
현대건설,000720,00164478,KOSPI,건설부동산,2021,분기보고서_3분기,11014,OFS,별도재무제표,000,정상,150,data\raw\opendart_financial\bsns_year=2021\reprt_code=11014\fs_div=OFS\000720_00164478.json
현대건설,000720,00164478,KOSPI,건설부동산,2022,사업보고서,11011,CFS,연결재무제표,000,정상,196,data\raw\opendart_financial\bsns_year=2022\reprt_code=11011\fs_div=CFS\000720_00164478.json
현대건설,000720,00164478,KOSPI,건설부동산,2022,사업보고서,11011,OFS,별도재무제표,000,정상,155,data\raw\opendart_financial\bsns_year=2022\reprt_code=11011\fs_div=OFS\000720_00164478.json
현대건설,000720,00164478,KOSPI,건설부동산,2022,반기보고서,11012,CFS,연결재무제표,000,정상,168,data\raw\opendart_financial\bsns_year=2022\reprt_code=11012\fs_div=CFS\000720_00164478.json
현대건설,000720,00164478,KOSPI,건설부동산,2022,반기보고서,11012,OFS,별도재무제표,000,정상,139,data\raw\opendart_financial\bsns_year=2022\reprt_code=11012\fs_div=OFS\000720_00164478.json
현대건설,000720,00164478,KOSPI,건설부동산,2022,분기보고서_1분기,11013,CFS,연결재무제표,000,정상,169,data\raw\opendart_financial\bsns_year=2022\reprt_code=11013\fs_div=CFS\000720_00164478.json
현대건설,000720,00164478,KOSPI,건설부동산,2022,분기보고서_1분기,11013,OFS,별도재무제표,000,정상,136,data\raw\opendart_financial\bsns_year=2022\reprt_code=11013\fs_div=OFS\000720_00164478.json
현대건설,000720,00164478,KOSPI,건설부동산,2022,분기보고서_3분기,11014,CFS,연결재무제표,000,정상,193,data\raw\opendart_financial\bsns_year=2022\reprt_code=11014\fs_div=CFS\000720_00164478.json
현대건설,000720,00164478,KOSPI,건설부동산,2022,분기보고서_3분기,11014,OFS,별도재무제표,000,정상,147,data\raw\opendart_financial\bsns_year=2022\reprt_code=11014\fs_div=OFS\000720_00164478.json
현대건설,000720,00164478,KOSPI,건설부동산,2023,사업보고서,11011,CFS,연결재무제표,000,정상,216,data\raw\opendart_financial\bsns_year=2023\reprt_code=11011\fs_div=CFS\000720_00164478.json
현대건설,000720,00164478,KOSPI,건설부동산,2023,사업보고서,11011,OFS,별도재무제표,000,정상,175,data\raw\opendart_financial\bsns_year=2023\reprt_code=11011\fs_div=OFS\000720_00164478.json
현대건설,000720,00164478,KOSPI,건설부동산,2023,반기보고서,11012,CFS,연결재무제표,000,정상,170,data\raw\opendart_financial\bsns_year=2023\reprt_code=11012\fs_div=CFS\000720_00164478.json
현대건설,000720,00164478,KOSPI,건설부동산,2023,반기보고서,11012,OFS,별도재무제표,000,정상,137,data\raw\opendart_financial\bsns_year=2023\reprt_code=11012\fs_div=OFS\000720_00164478.json
현대건설,000720,00164478,KOSPI,건설부동산,2023,분기보고서_1분기,11013,CFS,연결재무제표,000,정상,165,data\raw\opendart_financial\bsns_year=2023\reprt_code=11013\fs_div=CFS\000720_00164478.json
현대건설,000720,00164478,KOSPI,건설부동산,2023,분기보고서_1분기,11013,OFS,별도재무제표,000,정상,132,data\raw\opendart_financial\bsns_year=2023\reprt_code=11013\fs_div=OFS\000720_00164478.json
현대건설,000720,00164478,KOSPI,건설부동산,2023,분기보고서_3분기,11014,CFS,연결재무제표,000,정상,181,data\raw\opendart_financial\bsns_year=2023\reprt_code=11014\fs_div=CFS\000720_00164478.json
현대건설,000720,00164478,KOSPI,건설부동산,2023,분기보고서_3분기,11014,OFS,별도재무제표,000,정상,140,data\raw\opendart_financial\bsns_year=2023\reprt_code=11014\fs_div=OFS\000720_00164478.json
현대건설,000720,00164478,KOSPI,건설부동산,2024,사업보고서,11011,CFS,연결재무제표,000,정상,213,data\raw\opendart_financial\bsns_year=2024\reprt_code=11011\fs_div=CFS\000720_00164478.json
현대건설,000720,00164478,KOSPI,건설부동산,2024,사업보고서,11011,OFS,별도재무제표,000,정상,153,data\raw\opendart_financial\bsns_year=2024\reprt_code=11011\fs_div=OFS\000720_00164478.json
현대건설,000720,00164478,KOSPI,건설부동산,2024,반기보고서,11012,CFS,연결재무제표,000,정상,231,data\raw\opendart_financial\bsns_year=2024\reprt_code=11012\fs_div=CFS\000720_00164478.json
현대건설,000720,00164478,KOSPI,건설부동산,2024,반기보고서,11012,OFS,별도재무제표,000,정상,170,data\raw\opendart_financial\bsns_year=2024\reprt_code=11012\fs_div=OFS\000720_00164478.json
현대건설,000720,00164478,KOSPI,건설부동산,2024,분기보고서_1분기,11013,CFS,연결재무제표,000,정상,214,data\raw\opendart_financial\bsns_year=2024\reprt_code=11013\fs_div=CFS\000720_00164478.json
현대건설,000720,00164478,KOSPI,건설부동산,2024,분기보고서_1분기,11013,OFS,별도재무제표,000,정상,165,data\raw\opendart_financial\bsns_year=2024\reprt_code=11013\fs_div=OFS\000720_00164478.json
현대건설,000720,00164478,KOSPI,건설부동산,2024,분기보고서_3분기,11014,CFS,연결재무제표,000,정상,233,data\raw\opendart_financial\bsns_year=2024\reprt_code=11014\fs_div=CFS\000720_00164478.json
현대건설,000720,00164478,KOSPI,건설부동산,2024,분기보고서_3분기,11014,OFS,별도재무제표,000,정상,173,data\raw\opendart_financial\bsns_year=2024\reprt_code=11014\fs_div=OFS\000720_00164478.json
현대건설,000720,00164478,KOSPI,건설부동산,2025,사업보고서,11011,CFS,연결재무제표,000,정상,209,data\raw\opendart_financial\bsns_year=2025\reprt_code=11011\fs_div=CFS\000720_00164478.json
현대건설,000720,00164478,KOSPI,건설부동산,2025,사업보고서,11011,OFS,별도재무제표,000,정상,155,data\raw\opendart_financial\bsns_year=2025\reprt_code=11011\fs_div=OFS\000720_00164478.json
현대건설,000720,00164478,KOSPI,건설부동산,2025,반기보고서,11012,CFS,연결재무제표,000,정상,203,data\raw\opendart_financial\bsns_year=2025\reprt_code=11012\fs_div=CFS\000720_00164478.json
현대건설,000720,00164478,KOSPI,건설부동산,2025,반기보고서,11012,OFS,별도재무제표,000,정상,152,data\raw\opendart_financial\bsns_year=2025\reprt_code=11012\fs_div=OFS\000720_00164478.json
현대건설,000720,00164478,KOSPI,건설부동산,2025,분기보고서_1분기,11013,CFS,연결재무제표,000,정상,198,data\raw\opendart_financial\bsns_year=2025\reprt_code=11013\fs_div=CFS\000720_00164478.json
현대건설,000720,00164478,KOSPI,건설부동산,2025,분기보고서_1분기,11013,OFS,별도재무제표,000,정상,146,data\raw\opendart_financial\bsns_year=2025\reprt_code=11013\fs_div=OFS\000720_00164478.json
현대건설,000720,00164478,KOSPI,건설부동산,2025,분기보고서_3분기,11014,CFS,연결재무제표,000,정상,202,data\raw\opendart_financial\bsns_year=2025\reprt_code=11014\fs_div=CFS\000720_00164478.json
현대건설,000720,00164478,KOSPI,건설부동산,2025,분기보고서_3분기,11014,OFS,별도재무제표,000,정상,153,data\raw\opendart_financial\bsns_year=2025\reprt_code=11014\fs_div=OFS\000720_00164478.json
KCC,002380,00105271,KOSPI,건설부동산,2017,사업보고서,11011,CFS,연결재무제표,000,정상,219,data\raw\opendart_financial\bsns_year=2017\reprt_code=11011\fs_div=CFS\002380_00105271.json
KCC,002380,00105271,KOSPI,건설부동산,2017,사업보고서,11011,OFS,별도재무제표,000,정상,186,data\raw\opendart_financial\bsns_year=2017\reprt_code=11011\fs_div=OFS\002380_00105271.json
KCC,002380,00105271,KOSPI,건설부동산,2017,반기보고서,11012,CFS,연결재무제표,000,정상,194,data\raw\opendart_financial\bsns_year=2017\reprt_code=11012\fs_div=CFS\002380_00105271.json
KCC,002380,00105271,KOSPI,건설부동산,2017,반기보고서,11012,OFS,별도재무제표,000,정상,167,data\raw\opendart_financial\bsns_year=2017\reprt_code=11012\fs_div=OFS\002380_00105271.json
KCC,002380,00105271,KOSPI,건설부동산,2017,분기보고서_1분기,11013,CFS,연결재무제표,000,정상,210,data\raw\opendart_financial\bsns_year=2017\reprt_code=11013\fs_div=CFS\002380_00105271.json
KCC,002380,00105271,KOSPI,건설부동산,2017,분기보고서_1분기,11013,OFS,별도재무제표,000,정상,184,data\raw\opendart_financial\bsns_year=2017\reprt_code=11013\fs_div=OFS\002380_00105271.json
KCC,002380,00105271,KOSPI,건설부동산,2017,분기보고서_3분기,11014,CFS,연결재무제표,000,정상,195,data\raw\opendart_financial\bsns_year=2017\reprt_code=11014\fs_div=CFS\002380_00105271.json
KCC,002380,00105271,KOSPI,건설부동산,2017,분기보고서_3분기,11014,OFS,별도재무제표,000,정상,163,data\raw\opendart_financial\bsns_year=2017\reprt_code=11014\fs_div=OFS\002380_00105271.json
KCC,002380,00105271,KOSPI,건설부동산,2018,사업보고서,11011,CFS,연결재무제표,000,정상,216,data\raw\opendart_financial\bsns_year=2018\reprt_code=11011\fs_div=CFS\002380_00105271.json
KCC,002380,00105271,KOSPI,건설부동산,2018,사업보고서,11011,OFS,별도재무제표,000,정상,192,data\raw\opendart_financial\bsns_year=2018\reprt_code=11011\fs_div=OFS\002380_00105271.json
KCC,002380,00105271,KOSPI,건설부동산,2018,반기보고서,11012,CFS,연결재무제표,000,정상,191,data\raw\opendart_financial\bsns_year=2018\reprt_code=11012\fs_div=CFS\002380_00105271.json
KCC,002380,00105271,KOSPI,건설부동산,2018,반기보고서,11012,OFS,별도재무제표,000,정상,167,data\raw\opendart_financial\bsns_year=2018\reprt_code=11012\fs_div=OFS\002380_00105271.json
KCC,002380,00105271,KOSPI,건설부동산,2018,분기보고서_1분기,11013,CFS,연결재무제표,000,정상,187,data\raw\opendart_financial\bsns_year=2018\reprt_code=11013\fs_div=CFS\002380_00105271.json
KCC,002380,00105271,KOSPI,건설부동산,2018,분기보고서_1분기,11013,OFS,별도재무제표,000,정상,159,data\raw\opendart_financial\bsns_year=2018\reprt_code=11013\fs_div=OFS\002380_00105271.json
KCC,002380,00105271,KOSPI,건설부동산,2018,분기보고서_3분기,11014,CFS,연결재무제표,000,정상,196,data\raw\opendart_financial\bsns_year=2018\reprt_code=11014\fs_div=CFS\002380_00105271.json
KCC,002380,00105271,KOSPI,건설부동산,2018,분기보고서_3분기,11014,OFS,별도재무제표,000,정상,170,data\raw\opendart_financial\bsns_year=2018\reprt_code=11014\fs_div=OFS\002380_00105271.json
KCC,002380,00105271,KOSPI,건설부동산,2019,사업보고서,11011,CFS,연결재무제표,000,정상,232,data\raw\opendart_financial\bsns_year=2019\reprt_code=11011\fs_div=CFS\002380_00105271.json
KCC,002380,00105271,KOSPI,건설부동산,2019,사업보고서,11011,OFS,별도재무제표,000,정상,203,data\raw\opendart_financial\bsns_year=2019\reprt_code=11011\fs_div=OFS\002380_00105271.json
KCC,002380,00105271,KOSPI,건설부동산,2019,반기보고서,11012,CFS,연결재무제표,000,정상,197,data\raw\opendart_financial\bsns_year=2019\reprt_code=11012\fs_div=CFS\002380_00105271.json
KCC,002380,00105271,KOSPI,건설부동산,2019,반기보고서,11012,OFS,별도재무제표,000,정상,170,data\raw\opendart_financial\bsns_year=2019\reprt_code=11012\fs_div=OFS\002380_00105271.json
KCC,002380,00105271,KOSPI,건설부동산,2019,분기보고서_1분기,11013,CFS,연결재무제표,000,정상,189,data\raw\opendart_financial\bsns_year=2019\reprt_code=11013\fs_div=CFS\002380_00105271.json
KCC,002380,00105271,KOSPI,건설부동산,2019,분기보고서_1분기,11013,OFS,별도재무제표,000,정상,160,data\raw\opendart_financial\bsns_year=2019\reprt_code=11013\fs_div=OFS\002380_00105271.json
KCC,002380,00105271,KOSPI,건설부동산,2019,분기보고서_3분기,11014,CFS,연결재무제표,000,정상,200,data\raw\opendart_financial\bsns_year=2019\reprt_code=11014\fs_div=CFS\002380_00105271.json
KCC,002380,00105271,KOSPI,건설부동산,2019,분기보고서_3분기,11014,OFS,별도재무제표,000,정상,175,data\raw\opendart_financial\bsns_year=2019\reprt_code=11014\fs_div=OFS\002380_00105271.json
KCC,002380,00105271,KOSPI,건설부동산,2020,사업보고서,11011,CFS,연결재무제표,000,정상,267,data\raw\opendart_financial\bsns_year=2020\reprt_code=11011\fs_div=CFS\002380_00105271.json
KCC,002380,00105271,KOSPI,건설부동산,2020,사업보고서,11011,OFS,별도재무제표,000,정상,220,data\raw\opendart_financial\bsns_year=2020\reprt_code=11011\fs_div=OFS\002380_00105271.json
KCC,002380,00105271,KOSPI,건설부동산,2020,반기보고서,11012,CFS,연결재무제표,000,정상,222,data\raw\opendart_financial\bsns_year=2020\reprt_code=11012\fs_div=CFS\002380_00105271.json
KCC,002380,00105271,KOSPI,건설부동산,2020,반기보고서,11012,OFS,별도재무제표,000,정상,198,data\raw\opendart_financial\bsns_year=2020\reprt_code=11012\fs_div=OFS\002380_00105271.json
KCC,002380,00105271,KOSPI,건설부동산,2020,분기보고서_1분기,11013,CFS,연결재무제표,000,정상,214,data\raw\opendart_financial\bsns_year=2020\reprt_code=11013\fs_div=CFS\002380_00105271.json
KCC,002380,00105271,KOSPI,건설부동산,2020,분기보고서_1분기,11013,OFS,별도재무제표,000,정상,181,data\raw\opendart_financial\bsns_year=2020\reprt_code=11013\fs_div=OFS\002380_00105271.json
KCC,002380,00105271,KOSPI,건설부동산,2020,분기보고서_3분기,11014,CFS,연결재무제표,000,정상,234,data\raw\opendart_financial\bsns_year=2020\reprt_code=11014\fs_div=CFS\002380_00105271.json
KCC,002380,00105271,KOSPI,건설부동산,2020,분기보고서_3분기,11014,OFS,별도재무제표,000,정상,204,data\raw\opendart_financial\bsns_year=2020\reprt_code=11014\fs_div=OFS\002380_00105271.json
KCC,002380,00105271,KOSPI,건설부동산,2021,사업보고서,11011,CFS,연결재무제표,000,정상,273,data\raw\opendart_financial\bsns_year=2021\reprt_code=11011\fs_div=CFS\002380_00105271.json
KCC,002380,00105271,KOSPI,건설부동산,2021,사업보고서,11011,OFS,별도재무제표,000,정상,224,data\raw\opendart_financial\bsns_year=2021\reprt_code=11011\fs_div=OFS\002380_00105271.json
KCC,002380,00105271,KOSPI,건설부동산,2021,반기보고서,11012,CFS,연결재무제표,000,정상,234,data\raw\opendart_financial\bsns_year=2021\reprt_code=11012\fs_div=CFS\002380_00105271.json
KCC,002380,00105271,KOSPI,건설부동산,2021,반기보고서,11012,OFS,별도재무제표,000,정상,195,data\raw\opendart_financial\bsns_year=2021\reprt_code=11012\fs_div=OFS\002380_00105271.json
KCC,002380,00105271,KOSPI,건설부동산,2021,분기보고서_1분기,11013,CFS,연결재무제표,000,정상,230,data\raw\opendart_financial\bsns_year=2021\reprt_code=11013\fs_div=CFS\002380_00105271.json
KCC,002380,00105271,KOSPI,건설부동산,2021,분기보고서_1분기,11013,OFS,별도재무제표,000,정상,193,data\raw\opendart_financial\bsns_year=2021\reprt_code=11013\fs_div=OFS\002380_00105271.json
KCC,002380,00105271,KOSPI,건설부동산,2021,분기보고서_3분기,11014,CFS,연결재무제표,000,정상,240,data\raw\opendart_financial\bsns_year=2021\reprt_code=11014\fs_div=CFS\002380_00105271.json
KCC,002380,00105271,KOSPI,건설부동산,2021,분기보고서_3분기,11014,OFS,별도재무제표,000,정상,201,data\raw\opendart_financial\bsns_year=2021\reprt_code=11014\fs_div=OFS\002380_00105271.json
KCC,002380,00105271,KOSPI,건설부동산,2022,사업보고서,11011,CFS,연결재무제표,000,정상,264,data\raw\opendart_financial\bsns_year=2022\reprt_code=11011\fs_div=CFS\002380_00105271.json
KCC,002380,00105271,KOSPI,건설부동산,2022,사업보고서,11011,OFS,별도재무제표,000,정상,216,data\raw\opendart_financial\bsns_year=2022\reprt_code=11011\fs_div=OFS\002380_00105271.json
KCC,002380,00105271,KOSPI,건설부동산,2022,반기보고서,11012,CFS,연결재무제표,000,정상,224,data\raw\opendart_financial\bsns_year=2022\reprt_code=11012\fs_div=CFS\002380_00105271.json
KCC,002380,00105271,KOSPI,건설부동산,2022,반기보고서,11012,OFS,별도재무제표,000,정상,190,data\raw\opendart_financial\bsns_year=2022\reprt_code=11012\fs_div=OFS\002380_00105271.json
KCC,002380,00105271,KOSPI,건설부동산,2022,분기보고서_1분기,11013,CFS,연결재무제표,000,정상,220,data\raw\opendart_financial\bsns_year=2022\reprt_code=11013\fs_div=CFS\002380_00105271.json
KCC,002380,00105271,KOSPI,건설부동산,2022,분기보고서_1분기,11013,OFS,별도재무제표,000,정상,184,data\raw\opendart_financial\bsns_year=2022\reprt_code=11013\fs_div=OFS\002380_00105271.json
KCC,002380,00105271,KOSPI,건설부동산,2022,분기보고서_3분기,11014,CFS,연결재무제표,000,정상,226,data\raw\opendart_financial\bsns_year=2022\reprt_code=11014\fs_div=CFS\002380_00105271.json
KCC,002380,00105271,KOSPI,건설부동산,2022,분기보고서_3분기,11014,OFS,별도재무제표,000,정상,192,data\raw\opendart_financial\bsns_year=2022\reprt_code=11014\fs_div=OFS\002380_00105271.json
KCC,002380,00105271,KOSPI,건설부동산,2023,사업보고서,11011,CFS,연결재무제표,000,정상,257,data\raw\opendart_financial\bsns_year=2023\reprt_code=11011\fs_div=CFS\002380_00105271.json
KCC,002380,00105271,KOSPI,건설부동산,2023,사업보고서,11011,OFS,별도재무제표,000,정상,203,data\raw\opendart_financial\bsns_year=2023\reprt_code=11011\fs_div=OFS\002380_00105271.json
KCC,002380,00105271,KOSPI,건설부동산,2023,반기보고서,11012,CFS,연결재무제표,000,정상,218,data\raw\opendart_financial\bsns_year=2023\reprt_code=11012\fs_div=CFS\002380_00105271.json
KCC,002380,00105271,KOSPI,건설부동산,2023,반기보고서,11012,OFS,별도재무제표,000,정상,179,data\raw\opendart_financial\bsns_year=2023\reprt_code=11012\fs_div=OFS\002380_00105271.json
KCC,002380,00105271,KOSPI,건설부동산,2023,분기보고서_1분기,11013,CFS,연결재무제표,000,정상,212,data\raw\opendart_financial\bsns_year=2023\reprt_code=11013\fs_div=CFS\002380_00105271.json
KCC,002380,00105271,KOSPI,건설부동산,2023,분기보고서_1분기,11013,OFS,별도재무제표,000,정상,174,data\raw\opendart_financial\bsns_year=2023\reprt_code=11013\fs_div=OFS\002380_00105271.json
KCC,002380,00105271,KOSPI,건설부동산,2023,분기보고서_3분기,11014,CFS,연결재무제표,000,정상,284,data\raw\opendart_financial\bsns_year=2023\reprt_code=11014\fs_div=CFS\002380_00105271.json
KCC,002380,00105271,KOSPI,건설부동산,2023,분기보고서_3분기,11014,OFS,별도재무제표,000,정상,202,data\raw\opendart_financial\bsns_year=2023\reprt_code=11014\fs_div=OFS\002380_00105271.json
KCC,002380,00105271,KOSPI,건설부동산,2024,사업보고서,11011,CFS,연결재무제표,000,정상,265,data\raw\opendart_financial\bsns_year=2024\reprt_code=11011\fs_div=CFS\002380_00105271.json
KCC,002380,00105271,KOSPI,건설부동산,2024,사업보고서,11011,OFS,별도재무제표,000,정상,200,data\raw\opendart_financial\bsns_year=2024\reprt_code=11011\fs_div=OFS\002380_00105271.json
KCC,002380,00105271,KOSPI,건설부동산,2024,반기보고서,11012,CFS,연결재무제표,000,정상,278,data\raw\opendart_financial\bsns_year=2024\reprt_code=11012\fs_div=CFS\002380_00105271.json
KCC,002380,00105271,KOSPI,건설부동산,2024,반기보고서,11012,OFS,별도재무제표,000,정상,187,data\raw\opendart_financial\bsns_year=2024\reprt_code=11012\fs_div=OFS\002380_00105271.json
KCC,002380,00105271,KOSPI,건설부동산,2024,분기보고서_1분기,11013,CFS,연결재무제표,000,정상,223,data\raw\opendart_financial\bsns_year=2024\reprt_code=11013\fs_div=CFS\002380_00105271.json
KCC,002380,00105271,KOSPI,건설부동산,2024,분기보고서_1분기,11013,OFS,별도재무제표,000,정상,168,data\raw\opendart_financial\bsns_year=2024\reprt_code=11013\fs_div=OFS\002380_00105271.json
KCC,002380,00105271,KOSPI,건설부동산,2024,분기보고서_3분기,11014,CFS,연결재무제표,000,정상,245,data\raw\opendart_financial\bsns_year=2024\reprt_code=11014\fs_div=CFS\002380_00105271.json
KCC,002380,00105271,KOSPI,건설부동산,2024,분기보고서_3분기,11014,OFS,별도재무제표,000,정상,178,data\raw\opendart_financial\bsns_year=2024\reprt_code=11014\fs_div=OFS\002380_00105271.json
KCC,002380,00105271,KOSPI,건설부동산,2025,사업보고서,11011,CFS,연결재무제표,000,정상,276,data\raw\opendart_financial\bsns_year=2025\reprt_code=11011\fs_div=CFS\002380_00105271.json
KCC,002380,00105271,KOSPI,건설부동산,2025,사업보고서,11011,OFS,별도재무제표,000,정상,203,data\raw\opendart_financial\bsns_year=2025\reprt_code=11011\fs_div=OFS\002380_00105271.json
KCC,002380,00105271,KOSPI,건설부동산,2025,반기보고서,11012,CFS,연결재무제표,000,정상,248,data\raw\opendart_financial\bsns_year=2025\reprt_code=11012\fs_div=CFS\002380_00105271.json
KCC,002380,00105271,KOSPI,건설부동산,2025,반기보고서,11012,OFS,별도재무제표,000,정상,184,data\raw\opendart_financial\bsns_year=2025\reprt_code=11012\fs_div=OFS\002380_00105271.json
KCC,002380,00105271,KOSPI,건설부동산,2025,분기보고서_1분기,11013,CFS,연결재무제표,000,정상,240,data\raw\opendart_financial\bsns_year=2025\reprt_code=11013\fs_div=CFS\002380_00105271.json
KCC,002380,00105271,KOSPI,건설부동산,2025,분기보고서_1분기,11013,OFS,별도재무제표,000,정상,176,data\raw\opendart_financial\bsns_year=2025\reprt_code=11013\fs_div=OFS\002380_00105271.json
KCC,002380,00105271,KOSPI,건설부동산,2025,분기보고서_3분기,11014,CFS,연결재무제표,000,정상,253,data\raw\opendart_financial\bsns_year=2025\reprt_code=11014\fs_div=CFS\002380_00105271.json
KCC,002380,00105271,KOSPI,건설부동산,2025,분기보고서_3분기,11014,OFS,별도재무제표,000,정상,188,data\raw\opendart_financial\bsns_year=2025\reprt_code=11014\fs_div=OFS\002380_00105271.json
IPARK현대산업개발,294870,01310269,KOSPI,건설부동산,2017,사업보고서,11011,CFS,연결재무제표,013,조회된 데이타가 없습니다.,0,data\raw\opendart_financial\bsns_year=2017\reprt_code=11011\fs_div=CFS\294870_01310269.json
IPARK현대산업개발,294870,01310269,KOSPI,건설부동산,2017,사업보고서,11011,OFS,별도재무제표,013,조회된 데이타가 없습니다.,0,data\raw\opendart_financial\bsns_year=2017\reprt_code=11011\fs_div=OFS\294870_01310269.json
IPARK현대산업개발,294870,01310269,KOSPI,건설부동산,2017,반기보고서,11012,CFS,연결재무제표,013,조회된 데이타가 없습니다.,0,data\raw\opendart_financial\bsns_year=2017\reprt_code=11012\fs_div=CFS\294870_01310269.json
IPARK현대산업개발,294870,01310269,KOSPI,건설부동산,2017,반기보고서,11012,OFS,별도재무제표,013,조회된 데이타가 없습니다.,0,data\raw\opendart_financial\bsns_year=2017\reprt_code=11012\fs_div=OFS\294870_01310269.json
IPARK현대산업개발,294870,01310269,KOSPI,건설부동산,2017,분기보고서_1분기,11013,CFS,연결재무제표,013,조회된 데이타가 없습니다.,0,data\raw\opendart_financial\bsns_year=2017\reprt_code=11013\fs_div=CFS\294870_01310269.json
IPARK현대산업개발,294870,01310269,KOSPI,건설부동산,2017,분기보고서_1분기,11013,OFS,별도재무제표,013,조회된 데이타가 없습니다.,0,data\raw\opendart_financial\bsns_year=2017\reprt_code=11013\fs_div=OFS\294870_01310269.json
IPARK현대산업개발,294870,01310269,KOSPI,건설부동산,2017,분기보고서_3분기,11014,CFS,연결재무제표,013,조회된 데이타가 없습니다.,0,data\raw\opendart_financial\bsns_year=2017\reprt_code=11014\fs_div=CFS\294870_01310269.json
IPARK현대산업개발,294870,01310269,KOSPI,건설부동산,2017,분기보고서_3분기,11014,OFS,별도재무제표,013,조회된 데이타가 없습니다.,0,data\raw\opendart_financial\bsns_year=2017\reprt_code=11014\fs_div=OFS\294870_01310269.json
IPARK현대산업개발,294870,01310269,KOSPI,건설부동산,2018,사업보고서,11011,CFS,연결재무제표,000,정상,144,data\raw\opendart_financial\bsns_year=2018\reprt_code=11011\fs_div=CFS\294870_01310269.json
IPARK현대산업개발,294870,01310269,KOSPI,건설부동산,2018,사업보고서,11011,OFS,별도재무제표,000,정상,130,data\raw\opendart_financial\bsns_year=2018\reprt_code=11011\fs_div=OFS\294870_01310269.json
IPARK현대산업개발,294870,01310269,KOSPI,건설부동산,2018,반기보고서,11012,CFS,연결재무제표,000,정상,133,data\raw\opendart_financial\bsns_year=2018\reprt_code=11012\fs_div=CFS\294870_01310269.json
IPARK현대산업개발,294870,01310269,KOSPI,건설부동산,2018,반기보고서,11012,OFS,별도재무제표,000,정상,121,data\raw\opendart_financial\bsns_year=2018\reprt_code=11012\fs_div=OFS\294870_01310269.json
IPARK현대산업개발,294870,01310269,KOSPI,건설부동산,2018,분기보고서_1분기,11013,CFS,연결재무제표,013,조회된 데이타가 없습니다.,0,data\raw\opendart_financial\bsns_year=2018\reprt_code=11013\fs_div=CFS\294870_01310269.json
IPARK현대산업개발,294870,01310269,KOSPI,건설부동산,2018,분기보고서_1분기,11013,OFS,별도재무제표,013,조회된 데이타가 없습니다.,0,data\raw\opendart_financial\bsns_year=2018\reprt_code=11013\fs_div=OFS\294870_01310269.json
IPARK현대산업개발,294870,01310269,KOSPI,건설부동산,2018,분기보고서_3분기,11014,CFS,연결재무제표,000,정상,136,data\raw\opendart_financial\bsns_year=2018\reprt_code=11014\fs_div=CFS\294870_01310269.json
IPARK현대산업개발,294870,01310269,KOSPI,건설부동산,2018,분기보고서_3분기,11014,OFS,별도재무제표,000,정상,124,data\raw\opendart_financial\bsns_year=2018\reprt_code=11014\fs_div=OFS\294870_01310269.json
IPARK현대산업개발,294870,01310269,KOSPI,건설부동산,2019,사업보고서,11011,CFS,연결재무제표,000,정상,160,data\raw\opendart_financial\bsns_year=2019\reprt_code=11011\fs_div=CFS\294870_01310269.json
IPARK현대산업개발,294870,01310269,KOSPI,건설부동산,2019,사업보고서,11011,OFS,별도재무제표,000,정상,141,data\raw\opendart_financial\bsns_year=2019\reprt_code=11011\fs_div=OFS\294870_01310269.json
IPARK현대산업개발,294870,01310269,KOSPI,건설부동산,2019,반기보고서,11012,CFS,연결재무제표,000,정상,148,data\raw\opendart_financial\bsns_year=2019\reprt_code=11012\fs_div=CFS\294870_01310269.json
IPARK현대산업개발,294870,01310269,KOSPI,건설부동산,2019,반기보고서,11012,OFS,별도재무제표,000,정상,135,data\raw\opendart_financial\bsns_year=2019\reprt_code=11012\fs_div=OFS\294870_01310269.json
IPARK현대산업개발,294870,01310269,KOSPI,건설부동산,2019,분기보고서_1분기,11013,CFS,연결재무제표,000,정상,136,data\raw\opendart_financial\bsns_year=2019\reprt_code=11013\fs_div=CFS\294870_01310269.json
IPARK현대산업개발,294870,01310269,KOSPI,건설부동산,2019,분기보고서_1분기,11013,OFS,별도재무제표,000,정상,127,data\raw\opendart_financial\bsns_year=2019\reprt_code=11013\fs_div=OFS\294870_01310269.json
IPARK현대산업개발,294870,01310269,KOSPI,건설부동산,2019,분기보고서_3분기,11014,CFS,연결재무제표,000,정상,151,data\raw\opendart_financial\bsns_year=2019\reprt_code=11014\fs_div=CFS\294870_01310269.json
IPARK현대산업개발,294870,01310269,KOSPI,건설부동산,2019,분기보고서_3분기,11014,OFS,별도재무제표,000,정상,137,data\raw\opendart_financial\bsns_year=2019\reprt_code=11014\fs_div=OFS\294870_01310269.json
IPARK현대산업개발,294870,01310269,KOSPI,건설부동산,2020,사업보고서,11011,CFS,연결재무제표,000,정상,162,data\raw\opendart_financial\bsns_year=2020\reprt_code=11011\fs_div=CFS\294870_01310269.json
IPARK현대산업개발,294870,01310269,KOSPI,건설부동산,2020,사업보고서,11011,OFS,별도재무제표,000,정상,150,data\raw\opendart_financial\bsns_year=2020\reprt_code=11011\fs_div=OFS\294870_01310269.json
IPARK현대산업개발,294870,01310269,KOSPI,건설부동산,2020,반기보고서,11012,CFS,연결재무제표,000,정상,158,data\raw\opendart_financial\bsns_year=2020\reprt_code=11012\fs_div=CFS\294870_01310269.json
IPARK현대산업개발,294870,01310269,KOSPI,건설부동산,2020,반기보고서,11012,OFS,별도재무제표,000,정상,141,data\raw\opendart_financial\bsns_year=2020\reprt_code=11012\fs_div=OFS\294870_01310269.json
IPARK현대산업개발,294870,01310269,KOSPI,건설부동산,2020,분기보고서_1분기,11013,CFS,연결재무제표,000,정상,152,data\raw\opendart_financial\bsns_year=2020\reprt_code=11013\fs_div=CFS\294870_01310269.json
IPARK현대산업개발,294870,01310269,KOSPI,건설부동산,2020,분기보고서_1분기,11013,OFS,별도재무제표,000,정상,136,data\raw\opendart_financial\bsns_year=2020\reprt_code=11013\fs_div=OFS\294870_01310269.json
IPARK현대산업개발,294870,01310269,KOSPI,건설부동산,2020,분기보고서_3분기,11014,CFS,연결재무제표,000,정상,160,data\raw\opendart_financial\bsns_year=2020\reprt_code=11014\fs_div=CFS\294870_01310269.json
IPARK현대산업개발,294870,01310269,KOSPI,건설부동산,2020,분기보고서_3분기,11014,OFS,별도재무제표,000,정상,143,data\raw\opendart_financial\bsns_year=2020\reprt_code=11014\fs_div=OFS\294870_01310269.json
IPARK현대산업개발,294870,01310269,KOSPI,건설부동산,2021,사업보고서,11011,CFS,연결재무제표,000,정상,183,data\raw\opendart_financial\bsns_year=2021\reprt_code=11011\fs_div=CFS\294870_01310269.json
IPARK현대산업개발,294870,01310269,KOSPI,건설부동산,2021,사업보고서,11011,OFS,별도재무제표,000,정상,151,data\raw\opendart_financial\bsns_year=2021\reprt_code=11011\fs_div=OFS\294870_01310269.json
IPARK현대산업개발,294870,01310269,KOSPI,건설부동산,2021,반기보고서,11012,CFS,연결재무제표,000,정상,172,data\raw\opendart_financial\bsns_year=2021\reprt_code=11012\fs_div=CFS\294870_01310269.json
IPARK현대산업개발,294870,01310269,KOSPI,건설부동산,2021,반기보고서,11012,OFS,별도재무제표,000,정상,143,data\raw\opendart_financial\bsns_year=2021\reprt_code=11012\fs_div=OFS\294870_01310269.json
IPARK현대산업개발,294870,01310269,KOSPI,건설부동산,2021,분기보고서_1분기,11013,CFS,연결재무제표,000,정상,178,data\raw\opendart_financial\bsns_year=2021\reprt_code=11013\fs_div=CFS\294870_01310269.json
IPARK현대산업개발,294870,01310269,KOSPI,건설부동산,2021,분기보고서_1분기,11013,OFS,별도재무제표,000,정상,146,data\raw\opendart_financial\bsns_year=2021\reprt_code=11013\fs_div=OFS\294870_01310269.json
IPARK현대산업개발,294870,01310269,KOSPI,건설부동산,2021,분기보고서_3분기,11014,CFS,연결재무제표,000,정상,186,data\raw\opendart_financial\bsns_year=2021\reprt_code=11014\fs_div=CFS\294870_01310269.json
IPARK현대산업개발,294870,01310269,KOSPI,건설부동산,2021,분기보고서_3분기,11014,OFS,별도재무제표,000,정상,146,data\raw\opendart_financial\bsns_year=2021\reprt_code=11014\fs_div=OFS\294870_01310269.json
IPARK현대산업개발,294870,01310269,KOSPI,건설부동산,2022,사업보고서,11011,CFS,연결재무제표,000,정상,186,data\raw\opendart_financial\bsns_year=2022\reprt_code=11011\fs_div=CFS\294870_01310269.json
IPARK현대산업개발,294870,01310269,KOSPI,건설부동산,2022,사업보고서,11011,OFS,별도재무제표,000,정상,154,data\raw\opendart_financial\bsns_year=2022\reprt_code=11011\fs_div=OFS\294870_01310269.json
IPARK현대산업개발,294870,01310269,KOSPI,건설부동산,2022,반기보고서,11012,CFS,연결재무제표,000,정상,165,data\raw\opendart_financial\bsns_year=2022\reprt_code=11012\fs_div=CFS\294870_01310269.json
IPARK현대산업개발,294870,01310269,KOSPI,건설부동산,2022,반기보고서,11012,OFS,별도재무제표,000,정상,138,data\raw\opendart_financial\bsns_year=2022\reprt_code=11012\fs_div=OFS\294870_01310269.json
IPARK현대산업개발,294870,01310269,KOSPI,건설부동산,2022,분기보고서_1분기,11013,CFS,연결재무제표,000,정상,169,data\raw\opendart_financial\bsns_year=2022\reprt_code=11013\fs_div=CFS\294870_01310269.json
IPARK현대산업개발,294870,01310269,KOSPI,건설부동산,2022,분기보고서_1분기,11013,OFS,별도재무제표,000,정상,135,data\raw\opendart_financial\bsns_year=2022\reprt_code=11013\fs_div=OFS\294870_01310269.json
IPARK현대산업개발,294870,01310269,KOSPI,건설부동산,2022,분기보고서_3분기,11014,CFS,연결재무제표,000,정상,175,data\raw\opendart_financial\bsns_year=2022\reprt_code=11014\fs_div=CFS\294870_01310269.json
IPARK현대산업개발,294870,01310269,KOSPI,건설부동산,2022,분기보고서_3분기,11014,OFS,별도재무제표,000,정상,139,data\raw\opendart_financial\bsns_year=2022\reprt_code=11014\fs_div=OFS\294870_01310269.json
IPARK현대산업개발,294870,01310269,KOSPI,건설부동산,2023,사업보고서,11011,CFS,연결재무제표,000,정상,190,data\raw\opendart_financial\bsns_year=2023\reprt_code=11011\fs_div=CFS\294870_01310269.json
IPARK현대산업개발,294870,01310269,KOSPI,건설부동산,2023,사업보고서,11011,OFS,별도재무제표,000,정상,154,data\raw\opendart_financial\bsns_year=2023\reprt_code=11011\fs_div=OFS\294870_01310269.json
IPARK현대산업개발,294870,01310269,KOSPI,건설부동산,2023,반기보고서,11012,CFS,연결재무제표,000,정상,172,data\raw\opendart_financial\bsns_year=2023\reprt_code=11012\fs_div=CFS\294870_01310269.json
IPARK현대산업개발,294870,01310269,KOSPI,건설부동산,2023,반기보고서,11012,OFS,별도재무제표,000,정상,146,data\raw\opendart_financial\bsns_year=2023\reprt_code=11012\fs_div=OFS\294870_01310269.json
IPARK현대산업개발,294870,01310269,KOSPI,건설부동산,2023,분기보고서_1분기,11013,CFS,연결재무제표,000,정상,182,data\raw\opendart_financial\bsns_year=2023\reprt_code=11013\fs_div=CFS\294870_01310269.json
IPARK현대산업개발,294870,01310269,KOSPI,건설부동산,2023,분기보고서_1분기,11013,OFS,별도재무제표,000,정상,154,data\raw\opendart_financial\bsns_year=2023\reprt_code=11013\fs_div=OFS\294870_01310269.json
IPARK현대산업개발,294870,01310269,KOSPI,건설부동산,2023,분기보고서_3분기,11014,CFS,연결재무제표,000,정상,169,data\raw\opendart_financial\bsns_year=2023\reprt_code=11014\fs_div=CFS\294870_01310269.json
IPARK현대산업개발,294870,01310269,KOSPI,건설부동산,2023,분기보고서_3분기,11014,OFS,별도재무제표,000,정상,146,data\raw\opendart_financial\bsns_year=2023\reprt_code=11014\fs_div=OFS\294870_01310269.json
IPARK현대산업개발,294870,01310269,KOSPI,건설부동산,2024,사업보고서,11011,CFS,연결재무제표,000,정상,213,data\raw\opendart_financial\bsns_year=2024\reprt_code=11011\fs_div=CFS\294870_01310269.json
IPARK현대산업개발,294870,01310269,KOSPI,건설부동산,2024,사업보고서,11011,OFS,별도재무제표,000,정상,160,data\raw\opendart_financial\bsns_year=2024\reprt_code=11011\fs_div=OFS\294870_01310269.json
IPARK현대산업개발,294870,01310269,KOSPI,건설부동산,2024,반기보고서,11012,CFS,연결재무제표,000,정상,182,data\raw\opendart_financial\bsns_year=2024\reprt_code=11012\fs_div=CFS\294870_01310269.json
IPARK현대산업개발,294870,01310269,KOSPI,건설부동산,2024,반기보고서,11012,OFS,별도재무제표,000,정상,152,data\raw\opendart_financial\bsns_year=2024\reprt_code=11012\fs_div=OFS\294870_01310269.json
IPARK현대산업개발,294870,01310269,KOSPI,건설부동산,2024,분기보고서_1분기,11013,CFS,연결재무제표,000,정상,176,data\raw\opendart_financial\bsns_year=2024\reprt_code=11013\fs_div=CFS\294870_01310269.json
IPARK현대산업개발,294870,01310269,KOSPI,건설부동산,2024,분기보고서_1분기,11013,OFS,별도재무제표,000,정상,145,data\raw\opendart_financial\bsns_year=2024\reprt_code=11013\fs_div=OFS\294870_01310269.json
IPARK현대산업개발,294870,01310269,KOSPI,건설부동산,2024,분기보고서_3분기,11014,CFS,연결재무제표,000,정상,183,data\raw\opendart_financial\bsns_year=2024\reprt_code=11014\fs_div=CFS\294870_01310269.json
IPARK현대산업개발,294870,01310269,KOSPI,건설부동산,2024,분기보고서_3분기,11014,OFS,별도재무제표,000,정상,159,data\raw\opendart_financial\bsns_year=2024\reprt_code=11014\fs_div=OFS\294870_01310269.json
IPARK현대산업개발,294870,01310269,KOSPI,건설부동산,2025,사업보고서,11011,CFS,연결재무제표,000,정상,221,data\raw\opendart_financial\bsns_year=2025\reprt_code=11011\fs_div=CFS\294870_01310269.json
IPARK현대산업개발,294870,01310269,KOSPI,건설부동산,2025,사업보고서,11011,OFS,별도재무제표,000,정상,181,data\raw\opendart_financial\bsns_year=2025\reprt_code=11011\fs_div=OFS\294870_01310269.json
IPARK현대산업개발,294870,01310269,KOSPI,건설부동산,2025,반기보고서,11012,CFS,연결재무제표,000,정상,220,data\raw\opendart_financial\bsns_year=2025\reprt_code=11012\fs_div=CFS\294870_01310269.json
IPARK현대산업개발,294870,01310269,KOSPI,건설부동산,2025,반기보고서,11012,OFS,별도재무제표,000,정상,173,data\raw\opendart_financial\bsns_year=2025\reprt_code=11012\fs_div=OFS\294870_01310269.json
IPARK현대산업개발,294870,01310269,KOSPI,건설부동산,2025,분기보고서_1분기,11013,CFS,연결재무제표,000,정상,214,data\raw\opendart_financial\bsns_year=2025\reprt_code=11013\fs_div=CFS\294870_01310269.json
IPARK현대산업개발,294870,01310269,KOSPI,건설부동산,2025,분기보고서_1분기,11013,OFS,별도재무제표,000,정상,162,data\raw\opendart_financial\bsns_year=2025\reprt_code=11013\fs_div=OFS\294870_01310269.json
IPARK현대산업개발,294870,01310269,KOSPI,건설부동산,2025,분기보고서_3분기,11014,CFS,연결재무제표,000,정상,217,data\raw\opendart_financial\bsns_year=2025\reprt_code=11014\fs_div=CFS\294870_01310269.json
IPARK현대산업개발,294870,01310269,KOSPI,건설부동산,2025,분기보고서_3분기,11014,OFS,별도재무제표,000,정상,172,data\raw\opendart_financial\bsns_year=2025\reprt_code=11014\fs_div=OFS\294870_01310269.json
SK디앤디,210980,00508344,KOSPI,건설부동산,2017,사업보고서,11011,CFS,연결재무제표,000,정상,220,data\raw\opendart_financial\bsns_year=2017\reprt_code=11011\fs_div=CFS\210980_00508344.json
SK디앤디,210980,00508344,KOSPI,건설부동산,2017,사업보고서,11011,OFS,별도재무제표,000,정상,196,data\raw\opendart_financial\bsns_year=2017\reprt_code=11011\fs_div=OFS\210980_00508344.json
SK디앤디,210980,00508344,KOSPI,건설부동산,2017,반기보고서,11012,CFS,연결재무제표,000,정상,184,data\raw\opendart_financial\bsns_year=2017\reprt_code=11012\fs_div=CFS\210980_00508344.json
SK디앤디,210980,00508344,KOSPI,건설부동산,2017,반기보고서,11012,OFS,별도재무제표,000,정상,168,data\raw\opendart_financial\bsns_year=2017\reprt_code=11012\fs_div=OFS\210980_00508344.json
SK디앤디,210980,00508344,KOSPI,건설부동산,2017,분기보고서_1분기,11013,CFS,연결재무제표,000,정상,204,data\raw\opendart_financial\bsns_year=2017\reprt_code=11013\fs_div=CFS\210980_00508344.json
SK디앤디,210980,00508344,KOSPI,건설부동산,2017,분기보고서_1분기,11013,OFS,별도재무제표,000,정상,183,data\raw\opendart_financial\bsns_year=2017\reprt_code=11013\fs_div=OFS\210980_00508344.json
SK디앤디,210980,00508344,KOSPI,건설부동산,2017,분기보고서_3분기,11014,CFS,연결재무제표,000,정상,200,data\raw\opendart_financial\bsns_year=2017\reprt_code=11014\fs_div=CFS\210980_00508344.json
SK디앤디,210980,00508344,KOSPI,건설부동산,2017,분기보고서_3분기,11014,OFS,별도재무제표,000,정상,178,data\raw\opendart_financial\bsns_year=2017\reprt_code=11014\fs_div=OFS\210980_00508344.json
SK디앤디,210980,00508344,KOSPI,건설부동산,2018,사업보고서,11011,CFS,연결재무제표,000,정상,255,data\raw\opendart_financial\bsns_year=2018\reprt_code=11011\fs_div=CFS\210980_00508344.json
SK디앤디,210980,00508344,KOSPI,건설부동산,2018,사업보고서,11011,OFS,별도재무제표,000,정상,226,data\raw\opendart_financial\bsns_year=2018\reprt_code=11011\fs_div=OFS\210980_00508344.json
SK디앤디,210980,00508344,KOSPI,건설부동산,2018,반기보고서,11012,CFS,연결재무제표,000,정상,215,data\raw\opendart_financial\bsns_year=2018\reprt_code=11012\fs_div=CFS\210980_00508344.json
SK디앤디,210980,00508344,KOSPI,건설부동산,2018,반기보고서,11012,OFS,별도재무제표,000,정상,191,data\raw\opendart_financial\bsns_year=2018\reprt_code=11012\fs_div=OFS\210980_00508344.json
SK디앤디,210980,00508344,KOSPI,건설부동산,2018,분기보고서_1분기,11013,CFS,연결재무제표,000,정상,178,data\raw\opendart_financial\bsns_year=2018\reprt_code=11013\fs_div=CFS\210980_00508344.json
SK디앤디,210980,00508344,KOSPI,건설부동산,2018,분기보고서_1분기,11013,OFS,별도재무제표,000,정상,156,data\raw\opendart_financial\bsns_year=2018\reprt_code=11013\fs_div=OFS\210980_00508344.json
SK디앤디,210980,00508344,KOSPI,건설부동산,2018,분기보고서_3분기,11014,CFS,연결재무제표,000,정상,262,data\raw\opendart_financial\bsns_year=2018\reprt_code=11014\fs_div=CFS\210980_00508344.json
SK디앤디,210980,00508344,KOSPI,건설부동산,2018,분기보고서_3분기,11014,OFS,별도재무제표,000,정상,222,data\raw\opendart_financial\bsns_year=2018\reprt_code=11014\fs_div=OFS\210980_00508344.json
SK디앤디,210980,00508344,KOSPI,건설부동산,2019,사업보고서,11011,CFS,연결재무제표,000,정상,269,data\raw\opendart_financial\bsns_year=2019\reprt_code=11011\fs_div=CFS\210980_00508344.json
SK디앤디,210980,00508344,KOSPI,건설부동산,2019,사업보고서,11011,OFS,별도재무제표,000,정상,235,data\raw\opendart_financial\bsns_year=2019\reprt_code=11011\fs_div=OFS\210980_00508344.json
SK디앤디,210980,00508344,KOSPI,건설부동산,2019,반기보고서,11012,CFS,연결재무제표,000,정상,266,data\raw\opendart_financial\bsns_year=2019\reprt_code=11012\fs_div=CFS\210980_00508344.json
SK디앤디,210980,00508344,KOSPI,건설부동산,2019,반기보고서,11012,OFS,별도재무제표,000,정상,228,data\raw\opendart_financial\bsns_year=2019\reprt_code=11012\fs_div=OFS\210980_00508344.json
SK디앤디,210980,00508344,KOSPI,건설부동산,2019,분기보고서_1분기,11013,CFS,연결재무제표,000,정상,195,data\raw\opendart_financial\bsns_year=2019\reprt_code=11013\fs_div=CFS\210980_00508344.json
SK디앤디,210980,00508344,KOSPI,건설부동산,2019,분기보고서_1분기,11013,OFS,별도재무제표,000,정상,176,data\raw\opendart_financial\bsns_year=2019\reprt_code=11013\fs_div=OFS\210980_00508344.json
SK디앤디,210980,00508344,KOSPI,건설부동산,2019,분기보고서_3분기,11014,CFS,연결재무제표,000,정상,270,data\raw\opendart_financial\bsns_year=2019\reprt_code=11014\fs_div=CFS\210980_00508344.json
SK디앤디,210980,00508344,KOSPI,건설부동산,2019,분기보고서_3분기,11014,OFS,별도재무제표,000,정상,232,data\raw\opendart_financial\bsns_year=2019\reprt_code=11014\fs_div=OFS\210980_00508344.json
SK디앤디,210980,00508344,KOSPI,건설부동산,2020,사업보고서,11011,CFS,연결재무제표,000,정상,268,data\raw\opendart_financial\bsns_year=2020\reprt_code=11011\fs_div=CFS\210980_00508344.json
SK디앤디,210980,00508344,KOSPI,건설부동산,2020,사업보고서,11011,OFS,별도재무제표,000,정상,225,data\raw\opendart_financial\bsns_year=2020\reprt_code=11011\fs_div=OFS\210980_00508344.json
SK디앤디,210980,00508344,KOSPI,건설부동산,2020,반기보고서,11012,CFS,연결재무제표,000,정상,230,data\raw\opendart_financial\bsns_year=2020\reprt_code=11012\fs_div=CFS\210980_00508344.json
SK디앤디,210980,00508344,KOSPI,건설부동산,2020,반기보고서,11012,OFS,별도재무제표,000,정상,191,data\raw\opendart_financial\bsns_year=2020\reprt_code=11012\fs_div=OFS\210980_00508344.json
SK디앤디,210980,00508344,KOSPI,건설부동산,2020,분기보고서_1분기,11013,CFS,연결재무제표,000,정상,242,data\raw\opendart_financial\bsns_year=2020\reprt_code=11013\fs_div=CFS\210980_00508344.json
SK디앤디,210980,00508344,KOSPI,건설부동산,2020,분기보고서_1분기,11013,OFS,별도재무제표,000,정상,204,data\raw\opendart_financial\bsns_year=2020\reprt_code=11013\fs_div=OFS\210980_00508344.json
SK디앤디,210980,00508344,KOSPI,건설부동산,2020,분기보고서_3분기,11014,CFS,연결재무제표,000,정상,232,data\raw\opendart_financial\bsns_year=2020\reprt_code=11014\fs_div=CFS\210980_00508344.json
SK디앤디,210980,00508344,KOSPI,건설부동산,2020,분기보고서_3분기,11014,OFS,별도재무제표,000,정상,190,data\raw\opendart_financial\bsns_year=2020\reprt_code=11014\fs_div=OFS\210980_00508344.json
SK디앤디,210980,00508344,KOSPI,건설부동산,2021,사업보고서,11011,CFS,연결재무제표,000,정상,214,data\raw\opendart_financial\bsns_year=2021\reprt_code=11011\fs_div=CFS\210980_00508344.json
SK디앤디,210980,00508344,KOSPI,건설부동산,2021,사업보고서,11011,OFS,별도재무제표,000,정상,180,data\raw\opendart_financial\bsns_year=2021\reprt_code=11011\fs_div=OFS\210980_00508344.json
SK디앤디,210980,00508344,KOSPI,건설부동산,2021,반기보고서,11012,CFS,연결재무제표,000,정상,191,data\raw\opendart_financial\bsns_year=2021\reprt_code=11012\fs_div=CFS\210980_00508344.json
SK디앤디,210980,00508344,KOSPI,건설부동산,2021,반기보고서,11012,OFS,별도재무제표,000,정상,165,data\raw\opendart_financial\bsns_year=2021\reprt_code=11012\fs_div=OFS\210980_00508344.json
SK디앤디,210980,00508344,KOSPI,건설부동산,2021,분기보고서_1분기,11013,CFS,연결재무제표,000,정상,203,data\raw\opendart_financial\bsns_year=2021\reprt_code=11013\fs_div=CFS\210980_00508344.json
SK디앤디,210980,00508344,KOSPI,건설부동산,2021,분기보고서_1분기,11013,OFS,별도재무제표,000,정상,169,data\raw\opendart_financial\bsns_year=2021\reprt_code=11013\fs_div=OFS\210980_00508344.json
SK디앤디,210980,00508344,KOSPI,건설부동산,2021,분기보고서_3분기,11014,CFS,연결재무제표,000,정상,194,data\raw\opendart_financial\bsns_year=2021\reprt_code=11014\fs_div=CFS\210980_00508344.json
SK디앤디,210980,00508344,KOSPI,건설부동산,2021,분기보고서_3분기,11014,OFS,별도재무제표,000,정상,166,data\raw\opendart_financial\bsns_year=2021\reprt_code=11014\fs_div=OFS\210980_00508344.json
SK디앤디,210980,00508344,KOSPI,건설부동산,2022,사업보고서,11011,CFS,연결재무제표,000,정상,203,data\raw\opendart_financial\bsns_year=2022\reprt_code=11011\fs_div=CFS\210980_00508344.json
SK디앤디,210980,00508344,KOSPI,건설부동산,2022,사업보고서,11011,OFS,별도재무제표,000,정상,175,data\raw\opendart_financial\bsns_year=2022\reprt_code=11011\fs_div=OFS\210980_00508344.json
SK디앤디,210980,00508344,KOSPI,건설부동산,2022,반기보고서,11012,CFS,연결재무제표,000,정상,178,data\raw\opendart_financial\bsns_year=2022\reprt_code=11012\fs_div=CFS\210980_00508344.json
SK디앤디,210980,00508344,KOSPI,건설부동산,2022,반기보고서,11012,OFS,별도재무제표,000,정상,153,data\raw\opendart_financial\bsns_year=2022\reprt_code=11012\fs_div=OFS\210980_00508344.json
SK디앤디,210980,00508344,KOSPI,건설부동산,2022,분기보고서_1분기,11013,CFS,연결재무제표,000,정상,173,data\raw\opendart_financial\bsns_year=2022\reprt_code=11013\fs_div=CFS\210980_00508344.json
SK디앤디,210980,00508344,KOSPI,건설부동산,2022,분기보고서_1분기,11013,OFS,별도재무제표,000,정상,145,data\raw\opendart_financial\bsns_year=2022\reprt_code=11013\fs_div=OFS\210980_00508344.json
SK디앤디,210980,00508344,KOSPI,건설부동산,2022,분기보고서_3분기,11014,CFS,연결재무제표,000,정상,181,data\raw\opendart_financial\bsns_year=2022\reprt_code=11014\fs_div=CFS\210980_00508344.json
SK디앤디,210980,00508344,KOSPI,건설부동산,2022,분기보고서_3분기,11014,OFS,별도재무제표,000,정상,154,data\raw\opendart_financial\bsns_year=2022\reprt_code=11014\fs_div=OFS\210980_00508344.json
SK디앤디,210980,00508344,KOSPI,건설부동산,2023,사업보고서,11011,CFS,연결재무제표,000,정상,201,data\raw\opendart_financial\bsns_year=2023\reprt_code=11011\fs_div=CFS\210980_00508344.json
SK디앤디,210980,00508344,KOSPI,건설부동산,2023,사업보고서,11011,OFS,별도재무제표,000,정상,174,data\raw\opendart_financial\bsns_year=2023\reprt_code=11011\fs_div=OFS\210980_00508344.json
SK디앤디,210980,00508344,KOSPI,건설부동산,2023,반기보고서,11012,CFS,연결재무제표,000,정상,175,data\raw\opendart_financial\bsns_year=2023\reprt_code=11012\fs_div=CFS\210980_00508344.json
SK디앤디,210980,00508344,KOSPI,건설부동산,2023,반기보고서,11012,OFS,별도재무제표,000,정상,150,data\raw\opendart_financial\bsns_year=2023\reprt_code=11012\fs_div=OFS\210980_00508344.json
SK디앤디,210980,00508344,KOSPI,건설부동산,2023,분기보고서_1분기,11013,CFS,연결재무제표,000,정상,171,data\raw\opendart_financial\bsns_year=2023\reprt_code=11013\fs_div=CFS\210980_00508344.json
SK디앤디,210980,00508344,KOSPI,건설부동산,2023,분기보고서_1분기,11013,OFS,별도재무제표,000,정상,147,data\raw\opendart_financial\bsns_year=2023\reprt_code=11013\fs_div=OFS\210980_00508344.json
SK디앤디,210980,00508344,KOSPI,건설부동산,2023,분기보고서_3분기,11014,CFS,연결재무제표,000,정상,184,data\raw\opendart_financial\bsns_year=2023\reprt_code=11014\fs_div=CFS\210980_00508344.json
SK디앤디,210980,00508344,KOSPI,건설부동산,2023,분기보고서_3분기,11014,OFS,별도재무제표,000,정상,157,data\raw\opendart_financial\bsns_year=2023\reprt_code=11014\fs_div=OFS\210980_00508344.json
SK디앤디,210980,00508344,KOSPI,건설부동산,2024,사업보고서,11011,CFS,연결재무제표,000,정상,298,data\raw\opendart_financial\bsns_year=2024\reprt_code=11011\fs_div=CFS\210980_00508344.json
SK디앤디,210980,00508344,KOSPI,건설부동산,2024,사업보고서,11011,OFS,별도재무제표,000,정상,242,data\raw\opendart_financial\bsns_year=2024\reprt_code=11011\fs_div=OFS\210980_00508344.json
SK디앤디,210980,00508344,KOSPI,건설부동산,2024,반기보고서,11012,CFS,연결재무제표,000,정상,275,data\raw\opendart_financial\bsns_year=2024\reprt_code=11012\fs_div=CFS\210980_00508344.json
SK디앤디,210980,00508344,KOSPI,건설부동산,2024,반기보고서,11012,OFS,별도재무제표,000,정상,204,data\raw\opendart_financial\bsns_year=2024\reprt_code=11012\fs_div=OFS\210980_00508344.json
SK디앤디,210980,00508344,KOSPI,건설부동산,2024,분기보고서_1분기,11013,CFS,연결재무제표,000,정상,243,data\raw\opendart_financial\bsns_year=2024\reprt_code=11013\fs_div=CFS\210980_00508344.json
SK디앤디,210980,00508344,KOSPI,건설부동산,2024,분기보고서_1분기,11013,OFS,별도재무제표,000,정상,193,data\raw\opendart_financial\bsns_year=2024\reprt_code=11013\fs_div=OFS\210980_00508344.json
SK디앤디,210980,00508344,KOSPI,건설부동산,2024,분기보고서_3분기,11014,CFS,연결재무제표,000,정상,284,data\raw\opendart_financial\bsns_year=2024\reprt_code=11014\fs_div=CFS\210980_00508344.json
SK디앤디,210980,00508344,KOSPI,건설부동산,2024,분기보고서_3분기,11014,OFS,별도재무제표,000,정상,223,data\raw\opendart_financial\bsns_year=2024\reprt_code=11014\fs_div=OFS\210980_00508344.json
SK디앤디,210980,00508344,KOSPI,건설부동산,2025,사업보고서,11011,CFS,연결재무제표,000,정상,305,data\raw\opendart_financial\bsns_year=2025\reprt_code=11011\fs_div=CFS\210980_00508344.json
SK디앤디,210980,00508344,KOSPI,건설부동산,2025,사업보고서,11011,OFS,별도재무제표,000,정상,241,data\raw\opendart_financial\bsns_year=2025\reprt_code=11011\fs_div=OFS\210980_00508344.json
SK디앤디,210980,00508344,KOSPI,건설부동산,2025,반기보고서,11012,CFS,연결재무제표,000,정상,272,data\raw\opendart_financial\bsns_year=2025\reprt_code=11012\fs_div=CFS\210980_00508344.json
SK디앤디,210980,00508344,KOSPI,건설부동산,2025,반기보고서,11012,OFS,별도재무제표,000,정상,209,data\raw\opendart_financial\bsns_year=2025\reprt_code=11012\fs_div=OFS\210980_00508344.json
SK디앤디,210980,00508344,KOSPI,건설부동산,2025,분기보고서_1분기,11013,CFS,연결재무제표,000,정상,249,data\raw\opendart_financial\bsns_year=2025\reprt_code=11013\fs_div=CFS\210980_00508344.json
SK디앤디,210980,00508344,KOSPI,건설부동산,2025,분기보고서_1분기,11013,OFS,별도재무제표,000,정상,194,data\raw\opendart_financial\bsns_year=2025\reprt_code=11013\fs_div=OFS\210980_00508344.json
SK디앤디,210980,00508344,KOSPI,건설부동산,2025,분기보고서_3분기,11014,CFS,연결재무제표,000,정상,276,data\raw\opendart_financial\bsns_year=2025\reprt_code=11014\fs_div=CFS\210980_00508344.json
SK디앤디,210980,00508344,KOSPI,건설부동산,2025,분기보고서_3분기,11014,OFS,별도재무제표,000,정상,212,data\raw\opendart_financial\bsns_year=2025\reprt_code=11014\fs_div=OFS\210980_00508344.json
SK텔레콤,017670,00159023,KOSPI,통신,2017,사업보고서,11011,CFS,연결재무제표,000,정상,248,data\raw\opendart_financial\bsns_year=2017\reprt_code=11011\fs_div=CFS\017670_00159023.json
SK텔레콤,017670,00159023,KOSPI,통신,2017,사업보고서,11011,OFS,별도재무제표,000,정상,256,data\raw\opendart_financial\bsns_year=2017\reprt_code=11011\fs_div=OFS\017670_00159023.json
SK텔레콤,017670,00159023,KOSPI,통신,2017,반기보고서,11012,CFS,연결재무제표,000,정상,232,data\raw\opendart_financial\bsns_year=2017\reprt_code=11012\fs_div=CFS\017670_00159023.json
SK텔레콤,017670,00159023,KOSPI,통신,2017,반기보고서,11012,OFS,별도재무제표,000,정상,227,data\raw\opendart_financial\bsns_year=2017\reprt_code=11012\fs_div=OFS\017670_00159023.json
SK텔레콤,017670,00159023,KOSPI,통신,2017,분기보고서_1분기,11013,CFS,연결재무제표,000,정상,241,data\raw\opendart_financial\bsns_year=2017\reprt_code=11013\fs_div=CFS\017670_00159023.json
SK텔레콤,017670,00159023,KOSPI,통신,2017,분기보고서_1분기,11013,OFS,별도재무제표,000,정상,245,data\raw\opendart_financial\bsns_year=2017\reprt_code=11013\fs_div=OFS\017670_00159023.json
SK텔레콤,017670,00159023,KOSPI,통신,2017,분기보고서_3분기,11014,CFS,연결재무제표,000,정상,222,data\raw\opendart_financial\bsns_year=2017\reprt_code=11014\fs_div=CFS\017670_00159023.json
SK텔레콤,017670,00159023,KOSPI,통신,2017,분기보고서_3분기,11014,OFS,별도재무제표,000,정상,217,data\raw\opendart_financial\bsns_year=2017\reprt_code=11014\fs_div=OFS\017670_00159023.json
SK텔레콤,017670,00159023,KOSPI,통신,2018,사업보고서,11011,CFS,연결재무제표,000,정상,243,data\raw\opendart_financial\bsns_year=2018\reprt_code=11011\fs_div=CFS\017670_00159023.json
SK텔레콤,017670,00159023,KOSPI,통신,2018,사업보고서,11011,OFS,별도재무제표,000,정상,246,data\raw\opendart_financial\bsns_year=2018\reprt_code=11011\fs_div=OFS\017670_00159023.json
SK텔레콤,017670,00159023,KOSPI,통신,2018,반기보고서,11012,CFS,연결재무제표,000,정상,238,data\raw\opendart_financial\bsns_year=2018\reprt_code=11012\fs_div=CFS\017670_00159023.json
SK텔레콤,017670,00159023,KOSPI,통신,2018,반기보고서,11012,OFS,별도재무제표,000,정상,233,data\raw\opendart_financial\bsns_year=2018\reprt_code=11012\fs_div=OFS\017670_00159023.json
SK텔레콤,017670,00159023,KOSPI,통신,2018,분기보고서_1분기,11013,CFS,연결재무제표,000,정상,216,data\raw\opendart_financial\bsns_year=2018\reprt_code=11013\fs_div=CFS\017670_00159023.json
SK텔레콤,017670,00159023,KOSPI,통신,2018,분기보고서_1분기,11013,OFS,별도재무제표,000,정상,213,data\raw\opendart_financial\bsns_year=2018\reprt_code=11013\fs_div=OFS\017670_00159023.json
SK텔레콤,017670,00159023,KOSPI,통신,2018,분기보고서_3분기,11014,CFS,연결재무제표,000,정상,241,data\raw\opendart_financial\bsns_year=2018\reprt_code=11014\fs_div=CFS\017670_00159023.json
SK텔레콤,017670,00159023,KOSPI,통신,2018,분기보고서_3분기,11014,OFS,별도재무제표,000,정상,231,data\raw\opendart_financial\bsns_year=2018\reprt_code=11014\fs_div=OFS\017670_00159023.json
SK텔레콤,017670,00159023,KOSPI,통신,2019,사업보고서,11011,CFS,연결재무제표,000,정상,265,data\raw\opendart_financial\bsns_year=2019\reprt_code=11011\fs_div=CFS\017670_00159023.json
SK텔레콤,017670,00159023,KOSPI,통신,2019,사업보고서,11011,OFS,별도재무제표,000,정상,264,data\raw\opendart_financial\bsns_year=2019\reprt_code=11011\fs_div=OFS\017670_00159023.json
SK텔레콤,017670,00159023,KOSPI,통신,2019,반기보고서,11012,CFS,연결재무제표,000,정상,236,data\raw\opendart_financial\bsns_year=2019\reprt_code=11012\fs_div=CFS\017670_00159023.json
SK텔레콤,017670,00159023,KOSPI,통신,2019,반기보고서,11012,OFS,별도재무제표,000,정상,230,data\raw\opendart_financial\bsns_year=2019\reprt_code=11012\fs_div=OFS\017670_00159023.json
SK텔레콤,017670,00159023,KOSPI,통신,2019,분기보고서_1분기,11013,CFS,연결재무제표,000,정상,213,data\raw\opendart_financial\bsns_year=2019\reprt_code=11013\fs_div=CFS\017670_00159023.json
SK텔레콤,017670,00159023,KOSPI,통신,2019,분기보고서_1분기,11013,OFS,별도재무제표,000,정상,202,data\raw\opendart_financial\bsns_year=2019\reprt_code=11013\fs_div=OFS\017670_00159023.json
SK텔레콤,017670,00159023,KOSPI,통신,2019,분기보고서_3분기,11014,CFS,연결재무제표,000,정상,247,data\raw\opendart_financial\bsns_year=2019\reprt_code=11014\fs_div=CFS\017670_00159023.json
SK텔레콤,017670,00159023,KOSPI,통신,2019,분기보고서_3분기,11014,OFS,별도재무제표,000,정상,243,data\raw\opendart_financial\bsns_year=2019\reprt_code=11014\fs_div=OFS\017670_00159023.json
SK텔레콤,017670,00159023,KOSPI,통신,2020,사업보고서,11011,CFS,연결재무제표,000,정상,262,data\raw\opendart_financial\bsns_year=2020\reprt_code=11011\fs_div=CFS\017670_00159023.json
SK텔레콤,017670,00159023,KOSPI,통신,2020,사업보고서,11011,OFS,별도재무제표,000,정상,260,data\raw\opendart_financial\bsns_year=2020\reprt_code=11011\fs_div=OFS\017670_00159023.json
SK텔레콤,017670,00159023,KOSPI,통신,2020,반기보고서,11012,CFS,연결재무제표,000,정상,223,data\raw\opendart_financial\bsns_year=2020\reprt_code=11012\fs_div=CFS\017670_00159023.json
SK텔레콤,017670,00159023,KOSPI,통신,2020,반기보고서,11012,OFS,별도재무제표,000,정상,221,data\raw\opendart_financial\bsns_year=2020\reprt_code=11012\fs_div=OFS\017670_00159023.json
SK텔레콤,017670,00159023,KOSPI,통신,2020,분기보고서_1분기,11013,CFS,연결재무제표,000,정상,220,data\raw\opendart_financial\bsns_year=2020\reprt_code=11013\fs_div=CFS\017670_00159023.json
SK텔레콤,017670,00159023,KOSPI,통신,2020,분기보고서_1분기,11013,OFS,별도재무제표,000,정상,208,data\raw\opendart_financial\bsns_year=2020\reprt_code=11013\fs_div=OFS\017670_00159023.json
SK텔레콤,017670,00159023,KOSPI,통신,2020,분기보고서_3분기,11014,CFS,연결재무제표,000,정상,234,data\raw\opendart_financial\bsns_year=2020\reprt_code=11014\fs_div=CFS\017670_00159023.json
SK텔레콤,017670,00159023,KOSPI,통신,2020,분기보고서_3분기,11014,OFS,별도재무제표,000,정상,225,data\raw\opendart_financial\bsns_year=2020\reprt_code=11014\fs_div=OFS\017670_00159023.json
SK텔레콤,017670,00159023,KOSPI,통신,2021,사업보고서,11011,CFS,연결재무제표,000,정상,271,data\raw\opendart_financial\bsns_year=2021\reprt_code=11011\fs_div=CFS\017670_00159023.json
SK텔레콤,017670,00159023,KOSPI,통신,2021,사업보고서,11011,OFS,별도재무제표,000,정상,192,data\raw\opendart_financial\bsns_year=2021\reprt_code=11011\fs_div=OFS\017670_00159023.json
SK텔레콤,017670,00159023,KOSPI,통신,2021,반기보고서,11012,CFS,연결재무제표,000,정상,209,data\raw\opendart_financial\bsns_year=2021\reprt_code=11012\fs_div=CFS\017670_00159023.json
SK텔레콤,017670,00159023,KOSPI,통신,2021,반기보고서,11012,OFS,별도재무제표,000,정상,175,data\raw\opendart_financial\bsns_year=2021\reprt_code=11012\fs_div=OFS\017670_00159023.json
SK텔레콤,017670,00159023,KOSPI,통신,2021,분기보고서_1분기,11013,CFS,연결재무제표,000,정상,200,data\raw\opendart_financial\bsns_year=2021\reprt_code=11013\fs_div=CFS\017670_00159023.json
SK텔레콤,017670,00159023,KOSPI,통신,2021,분기보고서_1분기,11013,OFS,별도재무제표,000,정상,168,data\raw\opendart_financial\bsns_year=2021\reprt_code=11013\fs_div=OFS\017670_00159023.json
SK텔레콤,017670,00159023,KOSPI,통신,2021,분기보고서_3분기,11014,CFS,연결재무제표,000,정상,213,data\raw\opendart_financial\bsns_year=2021\reprt_code=11014\fs_div=CFS\017670_00159023.json
SK텔레콤,017670,00159023,KOSPI,통신,2021,분기보고서_3분기,11014,OFS,별도재무제표,000,정상,178,data\raw\opendart_financial\bsns_year=2021\reprt_code=11014\fs_div=OFS\017670_00159023.json
SK텔레콤,017670,00159023,KOSPI,통신,2022,사업보고서,11011,CFS,연결재무제표,000,정상,269,data\raw\opendart_financial\bsns_year=2022\reprt_code=11011\fs_div=CFS\017670_00159023.json
SK텔레콤,017670,00159023,KOSPI,통신,2022,사업보고서,11011,OFS,별도재무제표,000,정상,271,data\raw\opendart_financial\bsns_year=2022\reprt_code=11011\fs_div=OFS\017670_00159023.json
SK텔레콤,017670,00159023,KOSPI,통신,2022,반기보고서,11012,CFS,연결재무제표,000,정상,255,data\raw\opendart_financial\bsns_year=2022\reprt_code=11012\fs_div=CFS\017670_00159023.json
SK텔레콤,017670,00159023,KOSPI,통신,2022,반기보고서,11012,OFS,별도재무제표,000,정상,252,data\raw\opendart_financial\bsns_year=2022\reprt_code=11012\fs_div=OFS\017670_00159023.json
SK텔레콤,017670,00159023,KOSPI,통신,2022,분기보고서_1분기,11013,CFS,연결재무제표,000,정상,237,data\raw\opendart_financial\bsns_year=2022\reprt_code=11013\fs_div=CFS\017670_00159023.json
SK텔레콤,017670,00159023,KOSPI,통신,2022,분기보고서_1분기,11013,OFS,별도재무제표,000,정상,228,data\raw\opendart_financial\bsns_year=2022\reprt_code=11013\fs_div=OFS\017670_00159023.json
SK텔레콤,017670,00159023,KOSPI,통신,2022,분기보고서_3분기,11014,CFS,연결재무제표,000,정상,255,data\raw\opendart_financial\bsns_year=2022\reprt_code=11014\fs_div=CFS\017670_00159023.json
SK텔레콤,017670,00159023,KOSPI,통신,2022,분기보고서_3분기,11014,OFS,별도재무제표,000,정상,254,data\raw\opendart_financial\bsns_year=2022\reprt_code=11014\fs_div=OFS\017670_00159023.json
SK텔레콤,017670,00159023,KOSPI,통신,2023,사업보고서,11011,CFS,연결재무제표,000,정상,249,data\raw\opendart_financial\bsns_year=2023\reprt_code=11011\fs_div=CFS\017670_00159023.json
SK텔레콤,017670,00159023,KOSPI,통신,2023,사업보고서,11011,OFS,별도재무제표,000,정상,217,data\raw\opendart_financial\bsns_year=2023\reprt_code=11011\fs_div=OFS\017670_00159023.json
SK텔레콤,017670,00159023,KOSPI,통신,2023,반기보고서,11012,CFS,연결재무제표,000,정상,205,data\raw\opendart_financial\bsns_year=2023\reprt_code=11012\fs_div=CFS\017670_00159023.json
SK텔레콤,017670,00159023,KOSPI,통신,2023,반기보고서,11012,OFS,별도재무제표,000,정상,181,data\raw\opendart_financial\bsns_year=2023\reprt_code=11012\fs_div=OFS\017670_00159023.json
SK텔레콤,017670,00159023,KOSPI,통신,2023,분기보고서_1분기,11013,CFS,연결재무제표,000,정상,195,data\raw\opendart_financial\bsns_year=2023\reprt_code=11013\fs_div=CFS\017670_00159023.json
SK텔레콤,017670,00159023,KOSPI,통신,2023,분기보고서_1분기,11013,OFS,별도재무제표,000,정상,165,data\raw\opendart_financial\bsns_year=2023\reprt_code=11013\fs_div=OFS\017670_00159023.json
SK텔레콤,017670,00159023,KOSPI,통신,2023,분기보고서_3분기,11014,CFS,연결재무제표,000,정상,207,data\raw\opendart_financial\bsns_year=2023\reprt_code=11014\fs_div=CFS\017670_00159023.json
SK텔레콤,017670,00159023,KOSPI,통신,2023,분기보고서_3분기,11014,OFS,별도재무제표,000,정상,182,data\raw\opendart_financial\bsns_year=2023\reprt_code=11014\fs_div=OFS\017670_00159023.json
SK텔레콤,017670,00159023,KOSPI,통신,2024,사업보고서,11011,CFS,연결재무제표,000,정상,291,data\raw\opendart_financial\bsns_year=2024\reprt_code=11011\fs_div=CFS\017670_00159023.json
SK텔레콤,017670,00159023,KOSPI,통신,2024,사업보고서,11011,OFS,별도재무제표,000,정상,291,data\raw\opendart_financial\bsns_year=2024\reprt_code=11011\fs_div=OFS\017670_00159023.json
SK텔레콤,017670,00159023,KOSPI,통신,2024,반기보고서,11012,CFS,연결재무제표,000,정상,260,data\raw\opendart_financial\bsns_year=2024\reprt_code=11012\fs_div=CFS\017670_00159023.json
SK텔레콤,017670,00159023,KOSPI,통신,2024,반기보고서,11012,OFS,별도재무제표,000,정상,271,data\raw\opendart_financial\bsns_year=2024\reprt_code=11012\fs_div=OFS\017670_00159023.json
SK텔레콤,017670,00159023,KOSPI,통신,2024,분기보고서_1분기,11013,CFS,연결재무제표,000,정상,203,data\raw\opendart_financial\bsns_year=2024\reprt_code=11013\fs_div=CFS\017670_00159023.json
SK텔레콤,017670,00159023,KOSPI,통신,2024,분기보고서_1분기,11013,OFS,별도재무제표,000,정상,177,data\raw\opendart_financial\bsns_year=2024\reprt_code=11013\fs_div=OFS\017670_00159023.json
SK텔레콤,017670,00159023,KOSPI,통신,2024,분기보고서_3분기,11014,CFS,연결재무제표,000,정상,263,data\raw\opendart_financial\bsns_year=2024\reprt_code=11014\fs_div=CFS\017670_00159023.json
SK텔레콤,017670,00159023,KOSPI,통신,2024,분기보고서_3분기,11014,OFS,별도재무제표,000,정상,273,data\raw\opendart_financial\bsns_year=2024\reprt_code=11014\fs_div=OFS\017670_00159023.json
SK텔레콤,017670,00159023,KOSPI,통신,2025,사업보고서,11011,CFS,연결재무제표,000,정상,288,data\raw\opendart_financial\bsns_year=2025\reprt_code=11011\fs_div=CFS\017670_00159023.json
SK텔레콤,017670,00159023,KOSPI,통신,2025,사업보고서,11011,OFS,별도재무제표,000,정상,280,data\raw\opendart_financial\bsns_year=2025\reprt_code=11011\fs_div=OFS\017670_00159023.json
SK텔레콤,017670,00159023,KOSPI,통신,2025,반기보고서,11012,CFS,연결재무제표,000,정상,246,data\raw\opendart_financial\bsns_year=2025\reprt_code=11012\fs_div=CFS\017670_00159023.json
SK텔레콤,017670,00159023,KOSPI,통신,2025,반기보고서,11012,OFS,별도재무제표,000,정상,252,data\raw\opendart_financial\bsns_year=2025\reprt_code=11012\fs_div=OFS\017670_00159023.json
SK텔레콤,017670,00159023,KOSPI,통신,2025,분기보고서_1분기,11013,CFS,연결재무제표,000,정상,238,data\raw\opendart_financial\bsns_year=2025\reprt_code=11013\fs_div=CFS\017670_00159023.json
SK텔레콤,017670,00159023,KOSPI,통신,2025,분기보고서_1분기,11013,OFS,별도재무제표,000,정상,241,data\raw\opendart_financial\bsns_year=2025\reprt_code=11013\fs_div=OFS\017670_00159023.json
SK텔레콤,017670,00159023,KOSPI,통신,2025,분기보고서_3분기,11014,CFS,연결재무제표,000,정상,250,data\raw\opendart_financial\bsns_year=2025\reprt_code=11014\fs_div=CFS\017670_00159023.json
SK텔레콤,017670,00159023,KOSPI,통신,2025,분기보고서_3분기,11014,OFS,별도재무제표,000,정상,255,data\raw\opendart_financial\bsns_year=2025\reprt_code=11014\fs_div=OFS\017670_00159023.json
KT,030200,00190321,KOSPI,통신,2017,사업보고서,11011,CFS,연결재무제표,000,정상,186,data\raw\opendart_financial\bsns_year=2017\reprt_code=11011\fs_div=CFS\030200_00190321.json
KT,030200,00190321,KOSPI,통신,2017,사업보고서,11011,OFS,별도재무제표,000,정상,124,data\raw\opendart_financial\bsns_year=2017\reprt_code=11011\fs_div=OFS\030200_00190321.json
KT,030200,00190321,KOSPI,통신,2017,반기보고서,11012,CFS,연결재무제표,000,정상,183,data\raw\opendart_financial\bsns_year=2017\reprt_code=11012\fs_div=CFS\030200_00190321.json
KT,030200,00190321,KOSPI,통신,2017,반기보고서,11012,OFS,별도재무제표,000,정상,124,data\raw\opendart_financial\bsns_year=2017\reprt_code=11012\fs_div=OFS\030200_00190321.json
KT,030200,00190321,KOSPI,통신,2017,분기보고서_1분기,11013,CFS,연결재무제표,000,정상,196,data\raw\opendart_financial\bsns_year=2017\reprt_code=11013\fs_div=CFS\030200_00190321.json
KT,030200,00190321,KOSPI,통신,2017,분기보고서_1분기,11013,OFS,별도재무제표,000,정상,132,data\raw\opendart_financial\bsns_year=2017\reprt_code=11013\fs_div=OFS\030200_00190321.json
KT,030200,00190321,KOSPI,통신,2017,분기보고서_3분기,11014,CFS,연결재무제표,000,정상,173,data\raw\opendart_financial\bsns_year=2017\reprt_code=11014\fs_div=CFS\030200_00190321.json
KT,030200,00190321,KOSPI,통신,2017,분기보고서_3분기,11014,OFS,별도재무제표,000,정상,120,data\raw\opendart_financial\bsns_year=2017\reprt_code=11014\fs_div=OFS\030200_00190321.json
KT,030200,00190321,KOSPI,통신,2018,사업보고서,11011,CFS,연결재무제표,000,정상,209,data\raw\opendart_financial\bsns_year=2018\reprt_code=11011\fs_div=CFS\030200_00190321.json
KT,030200,00190321,KOSPI,통신,2018,사업보고서,11011,OFS,별도재무제표,000,정상,143,data\raw\opendart_financial\bsns_year=2018\reprt_code=11011\fs_div=OFS\030200_00190321.json
KT,030200,00190321,KOSPI,통신,2018,반기보고서,11012,CFS,연결재무제표,000,정상,193,data\raw\opendart_financial\bsns_year=2018\reprt_code=11012\fs_div=CFS\030200_00190321.json
KT,030200,00190321,KOSPI,통신,2018,반기보고서,11012,OFS,별도재무제표,000,정상,134,data\raw\opendart_financial\bsns_year=2018\reprt_code=11012\fs_div=OFS\030200_00190321.json
KT,030200,00190321,KOSPI,통신,2018,분기보고서_1분기,11013,CFS,연결재무제표,000,정상,169,data\raw\opendart_financial\bsns_year=2018\reprt_code=11013\fs_div=CFS\030200_00190321.json
KT,030200,00190321,KOSPI,통신,2018,분기보고서_1분기,11013,OFS,별도재무제표,000,정상,119,data\raw\opendart_financial\bsns_year=2018\reprt_code=11013\fs_div=OFS\030200_00190321.json
KT,030200,00190321,KOSPI,통신,2018,분기보고서_3분기,11014,CFS,연결재무제표,000,정상,195,data\raw\opendart_financial\bsns_year=2018\reprt_code=11014\fs_div=CFS\030200_00190321.json
KT,030200,00190321,KOSPI,통신,2018,분기보고서_3분기,11014,OFS,별도재무제표,000,정상,140,data\raw\opendart_financial\bsns_year=2018\reprt_code=11014\fs_div=OFS\030200_00190321.json
KT,030200,00190321,KOSPI,통신,2019,사업보고서,11011,CFS,연결재무제표,000,정상,213,data\raw\opendart_financial\bsns_year=2019\reprt_code=11011\fs_div=CFS\030200_00190321.json
KT,030200,00190321,KOSPI,통신,2019,사업보고서,11011,OFS,별도재무제표,000,정상,152,data\raw\opendart_financial\bsns_year=2019\reprt_code=11011\fs_div=OFS\030200_00190321.json
KT,030200,00190321,KOSPI,통신,2019,반기보고서,11012,CFS,연결재무제표,000,정상,188,data\raw\opendart_financial\bsns_year=2019\reprt_code=11012\fs_div=CFS\030200_00190321.json
KT,030200,00190321,KOSPI,통신,2019,반기보고서,11012,OFS,별도재무제표,000,정상,125,data\raw\opendart_financial\bsns_year=2019\reprt_code=11012\fs_div=OFS\030200_00190321.json
KT,030200,00190321,KOSPI,통신,2019,분기보고서_1분기,11013,CFS,연결재무제표,000,정상,178,data\raw\opendart_financial\bsns_year=2019\reprt_code=11013\fs_div=CFS\030200_00190321.json
KT,030200,00190321,KOSPI,통신,2019,분기보고서_1분기,11013,OFS,별도재무제표,000,정상,119,data\raw\opendart_financial\bsns_year=2019\reprt_code=11013\fs_div=OFS\030200_00190321.json
KT,030200,00190321,KOSPI,통신,2019,분기보고서_3분기,11014,CFS,연결재무제표,000,정상,187,data\raw\opendart_financial\bsns_year=2019\reprt_code=11014\fs_div=CFS\030200_00190321.json
KT,030200,00190321,KOSPI,통신,2019,분기보고서_3분기,11014,OFS,별도재무제표,000,정상,127,data\raw\opendart_financial\bsns_year=2019\reprt_code=11014\fs_div=OFS\030200_00190321.json
KT,030200,00190321,KOSPI,통신,2020,사업보고서,11011,CFS,연결재무제표,000,정상,196,data\raw\opendart_financial\bsns_year=2020\reprt_code=11011\fs_div=CFS\030200_00190321.json
KT,030200,00190321,KOSPI,통신,2020,사업보고서,11011,OFS,별도재무제표,000,정상,141,data\raw\opendart_financial\bsns_year=2020\reprt_code=11011\fs_div=OFS\030200_00190321.json
KT,030200,00190321,KOSPI,통신,2020,반기보고서,11012,CFS,연결재무제표,000,정상,189,data\raw\opendart_financial\bsns_year=2020\reprt_code=11012\fs_div=CFS\030200_00190321.json
KT,030200,00190321,KOSPI,통신,2020,반기보고서,11012,OFS,별도재무제표,000,정상,125,data\raw\opendart_financial\bsns_year=2020\reprt_code=11012\fs_div=OFS\030200_00190321.json
KT,030200,00190321,KOSPI,통신,2020,분기보고서_1분기,11013,CFS,연결재무제표,000,정상,181,data\raw\opendart_financial\bsns_year=2020\reprt_code=11013\fs_div=CFS\030200_00190321.json
KT,030200,00190321,KOSPI,통신,2020,분기보고서_1분기,11013,OFS,별도재무제표,000,정상,118,data\raw\opendart_financial\bsns_year=2020\reprt_code=11013\fs_div=OFS\030200_00190321.json
KT,030200,00190321,KOSPI,통신,2020,분기보고서_3분기,11014,CFS,연결재무제표,000,정상,190,data\raw\opendart_financial\bsns_year=2020\reprt_code=11014\fs_div=CFS\030200_00190321.json
KT,030200,00190321,KOSPI,통신,2020,분기보고서_3분기,11014,OFS,별도재무제표,000,정상,129,data\raw\opendart_financial\bsns_year=2020\reprt_code=11014\fs_div=OFS\030200_00190321.json
KT,030200,00190321,KOSPI,통신,2021,사업보고서,11011,CFS,연결재무제표,000,정상,193,data\raw\opendart_financial\bsns_year=2021\reprt_code=11011\fs_div=CFS\030200_00190321.json
KT,030200,00190321,KOSPI,통신,2021,사업보고서,11011,OFS,별도재무제표,000,정상,136,data\raw\opendart_financial\bsns_year=2021\reprt_code=11011\fs_div=OFS\030200_00190321.json
KT,030200,00190321,KOSPI,통신,2021,반기보고서,11012,CFS,연결재무제표,000,정상,187,data\raw\opendart_financial\bsns_year=2021\reprt_code=11012\fs_div=CFS\030200_00190321.json
KT,030200,00190321,KOSPI,통신,2021,반기보고서,11012,OFS,별도재무제표,000,정상,123,data\raw\opendart_financial\bsns_year=2021\reprt_code=11012\fs_div=OFS\030200_00190321.json
KT,030200,00190321,KOSPI,통신,2021,분기보고서_1분기,11013,CFS,연결재무제표,000,정상,177,data\raw\opendart_financial\bsns_year=2021\reprt_code=11013\fs_div=CFS\030200_00190321.json
KT,030200,00190321,KOSPI,통신,2021,분기보고서_1분기,11013,OFS,별도재무제표,000,정상,119,data\raw\opendart_financial\bsns_year=2021\reprt_code=11013\fs_div=OFS\030200_00190321.json
KT,030200,00190321,KOSPI,통신,2021,분기보고서_3분기,11014,CFS,연결재무제표,000,정상,192,data\raw\opendart_financial\bsns_year=2021\reprt_code=11014\fs_div=CFS\030200_00190321.json
KT,030200,00190321,KOSPI,통신,2021,분기보고서_3분기,11014,OFS,별도재무제표,000,정상,128,data\raw\opendart_financial\bsns_year=2021\reprt_code=11014\fs_div=OFS\030200_00190321.json
KT,030200,00190321,KOSPI,통신,2022,사업보고서,11011,CFS,연결재무제표,000,정상,199,data\raw\opendart_financial\bsns_year=2022\reprt_code=11011\fs_div=CFS\030200_00190321.json
KT,030200,00190321,KOSPI,통신,2022,사업보고서,11011,OFS,별도재무제표,000,정상,136,data\raw\opendart_financial\bsns_year=2022\reprt_code=11011\fs_div=OFS\030200_00190321.json
KT,030200,00190321,KOSPI,통신,2022,반기보고서,11012,CFS,연결재무제표,000,정상,190,data\raw\opendart_financial\bsns_year=2022\reprt_code=11012\fs_div=CFS\030200_00190321.json
KT,030200,00190321,KOSPI,통신,2022,반기보고서,11012,OFS,별도재무제표,000,정상,124,data\raw\opendart_financial\bsns_year=2022\reprt_code=11012\fs_div=OFS\030200_00190321.json
KT,030200,00190321,KOSPI,통신,2022,분기보고서_1분기,11013,CFS,연결재무제표,000,정상,182,data\raw\opendart_financial\bsns_year=2022\reprt_code=11013\fs_div=CFS\030200_00190321.json
KT,030200,00190321,KOSPI,통신,2022,분기보고서_1분기,11013,OFS,별도재무제표,000,정상,121,data\raw\opendart_financial\bsns_year=2022\reprt_code=11013\fs_div=OFS\030200_00190321.json
KT,030200,00190321,KOSPI,통신,2022,분기보고서_3분기,11014,CFS,연결재무제표,000,정상,201,data\raw\opendart_financial\bsns_year=2022\reprt_code=11014\fs_div=CFS\030200_00190321.json
KT,030200,00190321,KOSPI,통신,2022,분기보고서_3분기,11014,OFS,별도재무제표,000,정상,126,data\raw\opendart_financial\bsns_year=2022\reprt_code=11014\fs_div=OFS\030200_00190321.json
KT,030200,00190321,KOSPI,통신,2023,사업보고서,11011,CFS,연결재무제표,000,정상,263,data\raw\opendart_financial\bsns_year=2023\reprt_code=11011\fs_div=CFS\030200_00190321.json
KT,030200,00190321,KOSPI,통신,2023,사업보고서,11011,OFS,별도재무제표,000,정상,159,data\raw\opendart_financial\bsns_year=2023\reprt_code=11011\fs_div=OFS\030200_00190321.json
KT,030200,00190321,KOSPI,통신,2023,반기보고서,11012,CFS,연결재무제표,000,정상,199,data\raw\opendart_financial\bsns_year=2023\reprt_code=11012\fs_div=CFS\030200_00190321.json
KT,030200,00190321,KOSPI,통신,2023,반기보고서,11012,OFS,별도재무제표,000,정상,132,data\raw\opendart_financial\bsns_year=2023\reprt_code=11012\fs_div=OFS\030200_00190321.json
KT,030200,00190321,KOSPI,통신,2023,분기보고서_1분기,11013,CFS,연결재무제표,000,정상,190,data\raw\opendart_financial\bsns_year=2023\reprt_code=11013\fs_div=CFS\030200_00190321.json
KT,030200,00190321,KOSPI,통신,2023,분기보고서_1분기,11013,OFS,별도재무제표,000,정상,122,data\raw\opendart_financial\bsns_year=2023\reprt_code=11013\fs_div=OFS\030200_00190321.json
KT,030200,00190321,KOSPI,통신,2023,분기보고서_3분기,11014,CFS,연결재무제표,000,정상,289,data\raw\opendart_financial\bsns_year=2023\reprt_code=11014\fs_div=CFS\030200_00190321.json
KT,030200,00190321,KOSPI,통신,2023,분기보고서_3분기,11014,OFS,별도재무제표,000,정상,171,data\raw\opendart_financial\bsns_year=2023\reprt_code=11014\fs_div=OFS\030200_00190321.json
KT,030200,00190321,KOSPI,통신,2024,사업보고서,11011,CFS,연결재무제표,000,정상,270,data\raw\opendart_financial\bsns_year=2024\reprt_code=11011\fs_div=CFS\030200_00190321.json
KT,030200,00190321,KOSPI,통신,2024,사업보고서,11011,OFS,별도재무제표,000,정상,165,data\raw\opendart_financial\bsns_year=2024\reprt_code=11011\fs_div=OFS\030200_00190321.json
KT,030200,00190321,KOSPI,통신,2024,반기보고서,11012,CFS,연결재무제표,000,정상,252,data\raw\opendart_financial\bsns_year=2024\reprt_code=11012\fs_div=CFS\030200_00190321.json
KT,030200,00190321,KOSPI,통신,2024,반기보고서,11012,OFS,별도재무제표,000,정상,161,data\raw\opendart_financial\bsns_year=2024\reprt_code=11012\fs_div=OFS\030200_00190321.json
KT,030200,00190321,KOSPI,통신,2024,분기보고서_1분기,11013,CFS,연결재무제표,000,정상,231,data\raw\opendart_financial\bsns_year=2024\reprt_code=11013\fs_div=CFS\030200_00190321.json
KT,030200,00190321,KOSPI,통신,2024,분기보고서_1분기,11013,OFS,별도재무제표,000,정상,153,data\raw\opendart_financial\bsns_year=2024\reprt_code=11013\fs_div=OFS\030200_00190321.json
KT,030200,00190321,KOSPI,통신,2024,분기보고서_3분기,11014,CFS,연결재무제표,000,정상,261,data\raw\opendart_financial\bsns_year=2024\reprt_code=11014\fs_div=CFS\030200_00190321.json
KT,030200,00190321,KOSPI,통신,2024,분기보고서_3분기,11014,OFS,별도재무제표,000,정상,163,data\raw\opendart_financial\bsns_year=2024\reprt_code=11014\fs_div=OFS\030200_00190321.json
KT,030200,00190321,KOSPI,통신,2025,사업보고서,11011,CFS,연결재무제표,000,정상,262,data\raw\opendart_financial\bsns_year=2025\reprt_code=11011\fs_div=CFS\030200_00190321.json
KT,030200,00190321,KOSPI,통신,2025,사업보고서,11011,OFS,별도재무제표,000,정상,165,data\raw\opendart_financial\bsns_year=2025\reprt_code=11011\fs_div=OFS\030200_00190321.json
KT,030200,00190321,KOSPI,통신,2025,반기보고서,11012,CFS,연결재무제표,000,정상,252,data\raw\opendart_financial\bsns_year=2025\reprt_code=11012\fs_div=CFS\030200_00190321.json
KT,030200,00190321,KOSPI,통신,2025,반기보고서,11012,OFS,별도재무제표,000,정상,160,data\raw\opendart_financial\bsns_year=2025\reprt_code=11012\fs_div=OFS\030200_00190321.json
KT,030200,00190321,KOSPI,통신,2025,분기보고서_1분기,11013,CFS,연결재무제표,000,정상,241,data\raw\opendart_financial\bsns_year=2025\reprt_code=11013\fs_div=CFS\030200_00190321.json
KT,030200,00190321,KOSPI,통신,2025,분기보고서_1분기,11013,OFS,별도재무제표,000,정상,152,data\raw\opendart_financial\bsns_year=2025\reprt_code=11013\fs_div=OFS\030200_00190321.json
KT,030200,00190321,KOSPI,통신,2025,분기보고서_3분기,11014,CFS,연결재무제표,000,정상,252,data\raw\opendart_financial\bsns_year=2025\reprt_code=11014\fs_div=CFS\030200_00190321.json
KT,030200,00190321,KOSPI,통신,2025,분기보고서_3분기,11014,OFS,별도재무제표,000,정상,160,data\raw\opendart_financial\bsns_year=2025\reprt_code=11014\fs_div=OFS\030200_00190321.json
LG유플러스,032640,00231363,KOSPI,통신,2017,사업보고서,11011,CFS,연결재무제표,000,정상,186,data\raw\opendart_financial\bsns_year=2017\reprt_code=11011\fs_div=CFS\032640_00231363.json
LG유플러스,032640,00231363,KOSPI,통신,2017,사업보고서,11011,OFS,별도재무제표,000,정상,151,data\raw\opendart_financial\bsns_year=2017\reprt_code=11011\fs_div=OFS\032640_00231363.json
LG유플러스,032640,00231363,KOSPI,통신,2017,반기보고서,11012,CFS,연결재무제표,000,정상,164,data\raw\opendart_financial\bsns_year=2017\reprt_code=11012\fs_div=CFS\032640_00231363.json
LG유플러스,032640,00231363,KOSPI,통신,2017,반기보고서,11012,OFS,별도재무제표,000,정상,143,data\raw\opendart_financial\bsns_year=2017\reprt_code=11012\fs_div=OFS\032640_00231363.json
LG유플러스,032640,00231363,KOSPI,통신,2017,분기보고서_1분기,11013,CFS,연결재무제표,000,정상,178,data\raw\opendart_financial\bsns_year=2017\reprt_code=11013\fs_div=CFS\032640_00231363.json
LG유플러스,032640,00231363,KOSPI,통신,2017,분기보고서_1분기,11013,OFS,별도재무제표,000,정상,149,data\raw\opendart_financial\bsns_year=2017\reprt_code=11013\fs_div=OFS\032640_00231363.json
LG유플러스,032640,00231363,KOSPI,통신,2017,분기보고서_3분기,11014,CFS,연결재무제표,000,정상,177,data\raw\opendart_financial\bsns_year=2017\reprt_code=11014\fs_div=CFS\032640_00231363.json
LG유플러스,032640,00231363,KOSPI,통신,2017,분기보고서_3분기,11014,OFS,별도재무제표,000,정상,147,data\raw\opendart_financial\bsns_year=2017\reprt_code=11014\fs_div=OFS\032640_00231363.json
LG유플러스,032640,00231363,KOSPI,통신,2018,사업보고서,11011,CFS,연결재무제표,000,정상,201,data\raw\opendart_financial\bsns_year=2018\reprt_code=11011\fs_div=CFS\032640_00231363.json
LG유플러스,032640,00231363,KOSPI,통신,2018,사업보고서,11011,OFS,별도재무제표,000,정상,162,data\raw\opendart_financial\bsns_year=2018\reprt_code=11011\fs_div=OFS\032640_00231363.json
LG유플러스,032640,00231363,KOSPI,통신,2018,반기보고서,11012,CFS,연결재무제표,000,정상,185,data\raw\opendart_financial\bsns_year=2018\reprt_code=11012\fs_div=CFS\032640_00231363.json
LG유플러스,032640,00231363,KOSPI,통신,2018,반기보고서,11012,OFS,별도재무제표,000,정상,149,data\raw\opendart_financial\bsns_year=2018\reprt_code=11012\fs_div=OFS\032640_00231363.json
LG유플러스,032640,00231363,KOSPI,통신,2018,분기보고서_1분기,11013,CFS,연결재무제표,000,정상,190,data\raw\opendart_financial\bsns_year=2018\reprt_code=11013\fs_div=CFS\032640_00231363.json
LG유플러스,032640,00231363,KOSPI,통신,2018,분기보고서_1분기,11013,OFS,별도재무제표,000,정상,155,data\raw\opendart_financial\bsns_year=2018\reprt_code=11013\fs_div=OFS\032640_00231363.json
LG유플러스,032640,00231363,KOSPI,통신,2018,분기보고서_3분기,11014,CFS,연결재무제표,000,정상,184,data\raw\opendart_financial\bsns_year=2018\reprt_code=11014\fs_div=CFS\032640_00231363.json
LG유플러스,032640,00231363,KOSPI,통신,2018,분기보고서_3분기,11014,OFS,별도재무제표,000,정상,148,data\raw\opendart_financial\bsns_year=2018\reprt_code=11014\fs_div=OFS\032640_00231363.json
LG유플러스,032640,00231363,KOSPI,통신,2019,사업보고서,11011,CFS,연결재무제표,000,정상,220,data\raw\opendart_financial\bsns_year=2019\reprt_code=11011\fs_div=CFS\032640_00231363.json
LG유플러스,032640,00231363,KOSPI,통신,2019,사업보고서,11011,OFS,별도재무제표,000,정상,177,data\raw\opendart_financial\bsns_year=2019\reprt_code=11011\fs_div=OFS\032640_00231363.json
LG유플러스,032640,00231363,KOSPI,통신,2019,반기보고서,11012,CFS,연결재무제표,000,정상,181,data\raw\opendart_financial\bsns_year=2019\reprt_code=11012\fs_div=CFS\032640_00231363.json
LG유플러스,032640,00231363,KOSPI,통신,2019,반기보고서,11012,OFS,별도재무제표,000,정상,147,data\raw\opendart_financial\bsns_year=2019\reprt_code=11012\fs_div=OFS\032640_00231363.json
LG유플러스,032640,00231363,KOSPI,통신,2019,분기보고서_1분기,11013,CFS,연결재무제표,000,정상,177,data\raw\opendart_financial\bsns_year=2019\reprt_code=11013\fs_div=CFS\032640_00231363.json
LG유플러스,032640,00231363,KOSPI,통신,2019,분기보고서_1분기,11013,OFS,별도재무제표,000,정상,143,data\raw\opendart_financial\bsns_year=2019\reprt_code=11013\fs_div=OFS\032640_00231363.json
LG유플러스,032640,00231363,KOSPI,통신,2019,분기보고서_3분기,11014,CFS,연결재무제표,000,정상,184,data\raw\opendart_financial\bsns_year=2019\reprt_code=11014\fs_div=CFS\032640_00231363.json
LG유플러스,032640,00231363,KOSPI,통신,2019,분기보고서_3분기,11014,OFS,별도재무제표,000,정상,154,data\raw\opendart_financial\bsns_year=2019\reprt_code=11014\fs_div=OFS\032640_00231363.json
LG유플러스,032640,00231363,KOSPI,통신,2020,사업보고서,11011,CFS,연결재무제표,000,정상,216,data\raw\opendart_financial\bsns_year=2020\reprt_code=11011\fs_div=CFS\032640_00231363.json
LG유플러스,032640,00231363,KOSPI,통신,2020,사업보고서,11011,OFS,별도재무제표,000,정상,179,data\raw\opendart_financial\bsns_year=2020\reprt_code=11011\fs_div=OFS\032640_00231363.json
LG유플러스,032640,00231363,KOSPI,통신,2020,반기보고서,11012,CFS,연결재무제표,000,정상,193,data\raw\opendart_financial\bsns_year=2020\reprt_code=11012\fs_div=CFS\032640_00231363.json
LG유플러스,032640,00231363,KOSPI,통신,2020,반기보고서,11012,OFS,별도재무제표,000,정상,160,data\raw\opendart_financial\bsns_year=2020\reprt_code=11012\fs_div=OFS\032640_00231363.json
LG유플러스,032640,00231363,KOSPI,통신,2020,분기보고서_1분기,11013,CFS,연결재무제표,000,정상,184,data\raw\opendart_financial\bsns_year=2020\reprt_code=11013\fs_div=CFS\032640_00231363.json
LG유플러스,032640,00231363,KOSPI,통신,2020,분기보고서_1분기,11013,OFS,별도재무제표,000,정상,157,data\raw\opendart_financial\bsns_year=2020\reprt_code=11013\fs_div=OFS\032640_00231363.json
LG유플러스,032640,00231363,KOSPI,통신,2020,분기보고서_3분기,11014,CFS,연결재무제표,000,정상,195,data\raw\opendart_financial\bsns_year=2020\reprt_code=11014\fs_div=CFS\032640_00231363.json
LG유플러스,032640,00231363,KOSPI,통신,2020,분기보고서_3분기,11014,OFS,별도재무제표,000,정상,165,data\raw\opendart_financial\bsns_year=2020\reprt_code=11014\fs_div=OFS\032640_00231363.json
LG유플러스,032640,00231363,KOSPI,통신,2021,사업보고서,11011,CFS,연결재무제표,000,정상,223,data\raw\opendart_financial\bsns_year=2021\reprt_code=11011\fs_div=CFS\032640_00231363.json
LG유플러스,032640,00231363,KOSPI,통신,2021,사업보고서,11011,OFS,별도재무제표,000,정상,187,data\raw\opendart_financial\bsns_year=2021\reprt_code=11011\fs_div=OFS\032640_00231363.json
LG유플러스,032640,00231363,KOSPI,통신,2021,반기보고서,11012,CFS,연결재무제표,000,정상,197,data\raw\opendart_financial\bsns_year=2021\reprt_code=11012\fs_div=CFS\032640_00231363.json
LG유플러스,032640,00231363,KOSPI,통신,2021,반기보고서,11012,OFS,별도재무제표,000,정상,166,data\raw\opendart_financial\bsns_year=2021\reprt_code=11012\fs_div=OFS\032640_00231363.json
LG유플러스,032640,00231363,KOSPI,통신,2021,분기보고서_1분기,11013,CFS,연결재무제표,000,정상,186,data\raw\opendart_financial\bsns_year=2021\reprt_code=11013\fs_div=CFS\032640_00231363.json
LG유플러스,032640,00231363,KOSPI,통신,2021,분기보고서_1분기,11013,OFS,별도재무제표,000,정상,153,data\raw\opendart_financial\bsns_year=2021\reprt_code=11013\fs_div=OFS\032640_00231363.json
LG유플러스,032640,00231363,KOSPI,통신,2021,분기보고서_3분기,11014,CFS,연결재무제표,000,정상,204,data\raw\opendart_financial\bsns_year=2021\reprt_code=11014\fs_div=CFS\032640_00231363.json
LG유플러스,032640,00231363,KOSPI,통신,2021,분기보고서_3분기,11014,OFS,별도재무제표,000,정상,174,data\raw\opendart_financial\bsns_year=2021\reprt_code=11014\fs_div=OFS\032640_00231363.json
LG유플러스,032640,00231363,KOSPI,통신,2022,사업보고서,11011,CFS,연결재무제표,000,정상,232,data\raw\opendart_financial\bsns_year=2022\reprt_code=11011\fs_div=CFS\032640_00231363.json
LG유플러스,032640,00231363,KOSPI,통신,2022,사업보고서,11011,OFS,별도재무제표,000,정상,197,data\raw\opendart_financial\bsns_year=2022\reprt_code=11011\fs_div=OFS\032640_00231363.json
LG유플러스,032640,00231363,KOSPI,통신,2022,반기보고서,11012,CFS,연결재무제표,000,정상,210,data\raw\opendart_financial\bsns_year=2022\reprt_code=11012\fs_div=CFS\032640_00231363.json
LG유플러스,032640,00231363,KOSPI,통신,2022,반기보고서,11012,OFS,별도재무제표,000,정상,174,data\raw\opendart_financial\bsns_year=2022\reprt_code=11012\fs_div=OFS\032640_00231363.json
LG유플러스,032640,00231363,KOSPI,통신,2022,분기보고서_1분기,11013,CFS,연결재무제표,000,정상,189,data\raw\opendart_financial\bsns_year=2022\reprt_code=11013\fs_div=CFS\032640_00231363.json
LG유플러스,032640,00231363,KOSPI,통신,2022,분기보고서_1분기,11013,OFS,별도재무제표,000,정상,159,data\raw\opendart_financial\bsns_year=2022\reprt_code=11013\fs_div=OFS\032640_00231363.json
LG유플러스,032640,00231363,KOSPI,통신,2022,분기보고서_3분기,11014,CFS,연결재무제표,000,정상,213,data\raw\opendart_financial\bsns_year=2022\reprt_code=11014\fs_div=CFS\032640_00231363.json
LG유플러스,032640,00231363,KOSPI,통신,2022,분기보고서_3분기,11014,OFS,별도재무제표,000,정상,178,data\raw\opendart_financial\bsns_year=2022\reprt_code=11014\fs_div=OFS\032640_00231363.json
LG유플러스,032640,00231363,KOSPI,통신,2023,사업보고서,11011,CFS,연결재무제표,000,정상,227,data\raw\opendart_financial\bsns_year=2023\reprt_code=11011\fs_div=CFS\032640_00231363.json
LG유플러스,032640,00231363,KOSPI,통신,2023,사업보고서,11011,OFS,별도재무제표,000,정상,193,data\raw\opendart_financial\bsns_year=2023\reprt_code=11011\fs_div=OFS\032640_00231363.json
LG유플러스,032640,00231363,KOSPI,통신,2023,반기보고서,11012,CFS,연결재무제표,000,정상,205,data\raw\opendart_financial\bsns_year=2023\reprt_code=11012\fs_div=CFS\032640_00231363.json
LG유플러스,032640,00231363,KOSPI,통신,2023,반기보고서,11012,OFS,별도재무제표,000,정상,173,data\raw\opendart_financial\bsns_year=2023\reprt_code=11012\fs_div=OFS\032640_00231363.json
LG유플러스,032640,00231363,KOSPI,통신,2023,분기보고서_1분기,11013,CFS,연결재무제표,000,정상,202,data\raw\opendart_financial\bsns_year=2023\reprt_code=11013\fs_div=CFS\032640_00231363.json
LG유플러스,032640,00231363,KOSPI,통신,2023,분기보고서_1분기,11013,OFS,별도재무제표,000,정상,168,data\raw\opendart_financial\bsns_year=2023\reprt_code=11013\fs_div=OFS\032640_00231363.json
LG유플러스,032640,00231363,KOSPI,통신,2023,분기보고서_3분기,11014,CFS,연결재무제표,000,정상,211,data\raw\opendart_financial\bsns_year=2023\reprt_code=11014\fs_div=CFS\032640_00231363.json
LG유플러스,032640,00231363,KOSPI,통신,2023,분기보고서_3분기,11014,OFS,별도재무제표,000,정상,175,data\raw\opendart_financial\bsns_year=2023\reprt_code=11014\fs_div=OFS\032640_00231363.json
LG유플러스,032640,00231363,KOSPI,통신,2024,사업보고서,11011,CFS,연결재무제표,000,정상,303,data\raw\opendart_financial\bsns_year=2024\reprt_code=11011\fs_div=CFS\032640_00231363.json
LG유플러스,032640,00231363,KOSPI,통신,2024,사업보고서,11011,OFS,별도재무제표,000,정상,237,data\raw\opendart_financial\bsns_year=2024\reprt_code=11011\fs_div=OFS\032640_00231363.json
LG유플러스,032640,00231363,KOSPI,통신,2024,반기보고서,11012,CFS,연결재무제표,000,정상,274,data\raw\opendart_financial\bsns_year=2024\reprt_code=11012\fs_div=CFS\032640_00231363.json
LG유플러스,032640,00231363,KOSPI,통신,2024,반기보고서,11012,OFS,별도재무제표,000,정상,212,data\raw\opendart_financial\bsns_year=2024\reprt_code=11012\fs_div=OFS\032640_00231363.json
LG유플러스,032640,00231363,KOSPI,통신,2024,분기보고서_1분기,11013,CFS,연결재무제표,000,정상,243,data\raw\opendart_financial\bsns_year=2024\reprt_code=11013\fs_div=CFS\032640_00231363.json
LG유플러스,032640,00231363,KOSPI,통신,2024,분기보고서_1분기,11013,OFS,별도재무제표,000,정상,206,data\raw\opendart_financial\bsns_year=2024\reprt_code=11013\fs_div=OFS\032640_00231363.json
LG유플러스,032640,00231363,KOSPI,통신,2024,분기보고서_3분기,11014,CFS,연결재무제표,000,정상,292,data\raw\opendart_financial\bsns_year=2024\reprt_code=11014\fs_div=CFS\032640_00231363.json
LG유플러스,032640,00231363,KOSPI,통신,2024,분기보고서_3분기,11014,OFS,별도재무제표,000,정상,226,data\raw\opendart_financial\bsns_year=2024\reprt_code=11014\fs_div=OFS\032640_00231363.json
LG유플러스,032640,00231363,KOSPI,통신,2025,사업보고서,11011,CFS,연결재무제표,000,정상,322,data\raw\opendart_financial\bsns_year=2025\reprt_code=11011\fs_div=CFS\032640_00231363.json
LG유플러스,032640,00231363,KOSPI,통신,2025,사업보고서,11011,OFS,별도재무제표,000,정상,251,data\raw\opendart_financial\bsns_year=2025\reprt_code=11011\fs_div=OFS\032640_00231363.json
LG유플러스,032640,00231363,KOSPI,통신,2025,반기보고서,11012,CFS,연결재무제표,000,정상,276,data\raw\opendart_financial\bsns_year=2025\reprt_code=11012\fs_div=CFS\032640_00231363.json
LG유플러스,032640,00231363,KOSPI,통신,2025,반기보고서,11012,OFS,별도재무제표,000,정상,211,data\raw\opendart_financial\bsns_year=2025\reprt_code=11012\fs_div=OFS\032640_00231363.json
LG유플러스,032640,00231363,KOSPI,통신,2025,분기보고서_1분기,11013,CFS,연결재무제표,000,정상,252,data\raw\opendart_financial\bsns_year=2025\reprt_code=11013\fs_div=CFS\032640_00231363.json
LG유플러스,032640,00231363,KOSPI,통신,2025,분기보고서_1분기,11013,OFS,별도재무제표,000,정상,204,data\raw\opendart_financial\bsns_year=2025\reprt_code=11013\fs_div=OFS\032640_00231363.json
LG유플러스,032640,00231363,KOSPI,통신,2025,분기보고서_3분기,11014,CFS,연결재무제표,000,정상,310,data\raw\opendart_financial\bsns_year=2025\reprt_code=11014\fs_div=CFS\032640_00231363.json
LG유플러스,032640,00231363,KOSPI,통신,2025,분기보고서_3분기,11014,OFS,별도재무제표,000,정상,233,data\raw\opendart_financial\bsns_year=2025\reprt_code=11014\fs_div=OFS\032640_00231363.json
케이아이엔엑스,093320,00603348,KOSDAQ,통신,2017,사업보고서,11011,CFS,연결재무제표,000,정상,265,data\raw\opendart_financial\bsns_year=2017\reprt_code=11011\fs_div=CFS\093320_00603348.json
케이아이엔엑스,093320,00603348,KOSDAQ,통신,2017,사업보고서,11011,OFS,별도재무제표,000,정상,222,data\raw\opendart_financial\bsns_year=2017\reprt_code=11011\fs_div=OFS\093320_00603348.json
케이아이엔엑스,093320,00603348,KOSDAQ,통신,2017,반기보고서,11012,CFS,연결재무제표,000,정상,231,data\raw\opendart_financial\bsns_year=2017\reprt_code=11012\fs_div=CFS\093320_00603348.json
케이아이엔엑스,093320,00603348,KOSDAQ,통신,2017,반기보고서,11012,OFS,별도재무제표,000,정상,204,data\raw\opendart_financial\bsns_year=2017\reprt_code=11012\fs_div=OFS\093320_00603348.json
케이아이엔엑스,093320,00603348,KOSDAQ,통신,2017,분기보고서_1분기,11013,CFS,연결재무제표,000,정상,270,data\raw\opendart_financial\bsns_year=2017\reprt_code=11013\fs_div=CFS\093320_00603348.json
케이아이엔엑스,093320,00603348,KOSDAQ,통신,2017,분기보고서_1분기,11013,OFS,별도재무제표,000,정상,232,data\raw\opendart_financial\bsns_year=2017\reprt_code=11013\fs_div=OFS\093320_00603348.json
케이아이엔엑스,093320,00603348,KOSDAQ,통신,2017,분기보고서_3분기,11014,CFS,연결재무제표,000,정상,227,data\raw\opendart_financial\bsns_year=2017\reprt_code=11014\fs_div=CFS\093320_00603348.json
케이아이엔엑스,093320,00603348,KOSDAQ,통신,2017,분기보고서_3분기,11014,OFS,별도재무제표,000,정상,195,data\raw\opendart_financial\bsns_year=2017\reprt_code=11014\fs_div=OFS\093320_00603348.json
케이아이엔엑스,093320,00603348,KOSDAQ,통신,2018,사업보고서,11011,CFS,연결재무제표,000,정상,284,data\raw\opendart_financial\bsns_year=2018\reprt_code=11011\fs_div=CFS\093320_00603348.json
케이아이엔엑스,093320,00603348,KOSDAQ,통신,2018,사업보고서,11011,OFS,별도재무제표,000,정상,224,data\raw\opendart_financial\bsns_year=2018\reprt_code=11011\fs_div=OFS\093320_00603348.json
케이아이엔엑스,093320,00603348,KOSDAQ,통신,2018,반기보고서,11012,CFS,연결재무제표,000,정상,237,data\raw\opendart_financial\bsns_year=2018\reprt_code=11012\fs_div=CFS\093320_00603348.json
케이아이엔엑스,093320,00603348,KOSDAQ,통신,2018,반기보고서,11012,OFS,별도재무제표,000,정상,200,data\raw\opendart_financial\bsns_year=2018\reprt_code=11012\fs_div=OFS\093320_00603348.json
케이아이엔엑스,093320,00603348,KOSDAQ,통신,2018,분기보고서_1분기,11013,CFS,연결재무제표,000,정상,228,data\raw\opendart_financial\bsns_year=2018\reprt_code=11013\fs_div=CFS\093320_00603348.json
케이아이엔엑스,093320,00603348,KOSDAQ,통신,2018,분기보고서_1분기,11013,OFS,별도재무제표,000,정상,188,data\raw\opendart_financial\bsns_year=2018\reprt_code=11013\fs_div=OFS\093320_00603348.json
케이아이엔엑스,093320,00603348,KOSDAQ,통신,2018,분기보고서_3분기,11014,CFS,연결재무제표,000,정상,240,data\raw\opendart_financial\bsns_year=2018\reprt_code=11014\fs_div=CFS\093320_00603348.json
케이아이엔엑스,093320,00603348,KOSDAQ,통신,2018,분기보고서_3분기,11014,OFS,별도재무제표,000,정상,201,data\raw\opendart_financial\bsns_year=2018\reprt_code=11014\fs_div=OFS\093320_00603348.json
케이아이엔엑스,093320,00603348,KOSDAQ,통신,2019,사업보고서,11011,CFS,연결재무제표,000,정상,283,data\raw\opendart_financial\bsns_year=2019\reprt_code=11011\fs_div=CFS\093320_00603348.json
케이아이엔엑스,093320,00603348,KOSDAQ,통신,2019,사업보고서,11011,OFS,별도재무제표,000,정상,231,data\raw\opendart_financial\bsns_year=2019\reprt_code=11011\fs_div=OFS\093320_00603348.json
케이아이엔엑스,093320,00603348,KOSDAQ,통신,2019,반기보고서,11012,CFS,연결재무제표,000,정상,257,data\raw\opendart_financial\bsns_year=2019\reprt_code=11012\fs_div=CFS\093320_00603348.json
케이아이엔엑스,093320,00603348,KOSDAQ,통신,2019,반기보고서,11012,OFS,별도재무제표,000,정상,209,data\raw\opendart_financial\bsns_year=2019\reprt_code=11012\fs_div=OFS\093320_00603348.json
케이아이엔엑스,093320,00603348,KOSDAQ,통신,2019,분기보고서_1분기,11013,CFS,연결재무제표,000,정상,248,data\raw\opendart_financial\bsns_year=2019\reprt_code=11013\fs_div=CFS\093320_00603348.json
케이아이엔엑스,093320,00603348,KOSDAQ,통신,2019,분기보고서_1분기,11013,OFS,별도재무제표,000,정상,195,data\raw\opendart_financial\bsns_year=2019\reprt_code=11013\fs_div=OFS\093320_00603348.json
케이아이엔엑스,093320,00603348,KOSDAQ,통신,2019,분기보고서_3분기,11014,CFS,연결재무제표,000,정상,265,data\raw\opendart_financial\bsns_year=2019\reprt_code=11014\fs_div=CFS\093320_00603348.json
케이아이엔엑스,093320,00603348,KOSDAQ,통신,2019,분기보고서_3분기,11014,OFS,별도재무제표,000,정상,212,data\raw\opendart_financial\bsns_year=2019\reprt_code=11014\fs_div=OFS\093320_00603348.json
케이아이엔엑스,093320,00603348,KOSDAQ,통신,2020,사업보고서,11011,CFS,연결재무제표,000,정상,301,data\raw\opendart_financial\bsns_year=2020\reprt_code=11011\fs_div=CFS\093320_00603348.json
케이아이엔엑스,093320,00603348,KOSDAQ,통신,2020,사업보고서,11011,OFS,별도재무제표,000,정상,237,data\raw\opendart_financial\bsns_year=2020\reprt_code=11011\fs_div=OFS\093320_00603348.json
케이아이엔엑스,093320,00603348,KOSDAQ,통신,2020,반기보고서,11012,CFS,연결재무제표,000,정상,264,data\raw\opendart_financial\bsns_year=2020\reprt_code=11012\fs_div=CFS\093320_00603348.json
케이아이엔엑스,093320,00603348,KOSDAQ,통신,2020,반기보고서,11012,OFS,별도재무제표,000,정상,209,data\raw\opendart_financial\bsns_year=2020\reprt_code=11012\fs_div=OFS\093320_00603348.json
케이아이엔엑스,093320,00603348,KOSDAQ,통신,2020,분기보고서_1분기,11013,CFS,연결재무제표,000,정상,249,data\raw\opendart_financial\bsns_year=2020\reprt_code=11013\fs_div=CFS\093320_00603348.json
케이아이엔엑스,093320,00603348,KOSDAQ,통신,2020,분기보고서_1분기,11013,OFS,별도재무제표,000,정상,200,data\raw\opendart_financial\bsns_year=2020\reprt_code=11013\fs_div=OFS\093320_00603348.json
케이아이엔엑스,093320,00603348,KOSDAQ,통신,2020,분기보고서_3분기,11014,CFS,연결재무제표,000,정상,274,data\raw\opendart_financial\bsns_year=2020\reprt_code=11014\fs_div=CFS\093320_00603348.json
케이아이엔엑스,093320,00603348,KOSDAQ,통신,2020,분기보고서_3분기,11014,OFS,별도재무제표,000,정상,218,data\raw\opendart_financial\bsns_year=2020\reprt_code=11014\fs_div=OFS\093320_00603348.json
케이아이엔엑스,093320,00603348,KOSDAQ,통신,2021,사업보고서,11011,CFS,연결재무제표,000,정상,309,data\raw\opendart_financial\bsns_year=2021\reprt_code=11011\fs_div=CFS\093320_00603348.json
케이아이엔엑스,093320,00603348,KOSDAQ,통신,2021,사업보고서,11011,OFS,별도재무제표,000,정상,232,data\raw\opendart_financial\bsns_year=2021\reprt_code=11011\fs_div=OFS\093320_00603348.json
케이아이엔엑스,093320,00603348,KOSDAQ,통신,2021,반기보고서,11012,CFS,연결재무제표,000,정상,261,data\raw\opendart_financial\bsns_year=2021\reprt_code=11012\fs_div=CFS\093320_00603348.json
케이아이엔엑스,093320,00603348,KOSDAQ,통신,2021,반기보고서,11012,OFS,별도재무제표,000,정상,204,data\raw\opendart_financial\bsns_year=2021\reprt_code=11012\fs_div=OFS\093320_00603348.json
케이아이엔엑스,093320,00603348,KOSDAQ,통신,2021,분기보고서_1분기,11013,CFS,연결재무제표,000,정상,247,data\raw\opendart_financial\bsns_year=2021\reprt_code=11013\fs_div=CFS\093320_00603348.json
케이아이엔엑스,093320,00603348,KOSDAQ,통신,2021,분기보고서_1분기,11013,OFS,별도재무제표,000,정상,196,data\raw\opendart_financial\bsns_year=2021\reprt_code=11013\fs_div=OFS\093320_00603348.json
케이아이엔엑스,093320,00603348,KOSDAQ,통신,2021,분기보고서_3분기,11014,CFS,연결재무제표,000,정상,270,data\raw\opendart_financial\bsns_year=2021\reprt_code=11014\fs_div=CFS\093320_00603348.json
케이아이엔엑스,093320,00603348,KOSDAQ,통신,2021,분기보고서_3분기,11014,OFS,별도재무제표,000,정상,212,data\raw\opendart_financial\bsns_year=2021\reprt_code=11014\fs_div=OFS\093320_00603348.json
케이아이엔엑스,093320,00603348,KOSDAQ,통신,2022,사업보고서,11011,CFS,연결재무제표,000,정상,314,data\raw\opendart_financial\bsns_year=2022\reprt_code=11011\fs_div=CFS\093320_00603348.json
케이아이엔엑스,093320,00603348,KOSDAQ,통신,2022,사업보고서,11011,OFS,별도재무제표,000,정상,224,data\raw\opendart_financial\bsns_year=2022\reprt_code=11011\fs_div=OFS\093320_00603348.json
케이아이엔엑스,093320,00603348,KOSDAQ,통신,2022,반기보고서,11012,CFS,연결재무제표,000,정상,263,data\raw\opendart_financial\bsns_year=2022\reprt_code=11012\fs_div=CFS\093320_00603348.json
케이아이엔엑스,093320,00603348,KOSDAQ,통신,2022,반기보고서,11012,OFS,별도재무제표,000,정상,202,data\raw\opendart_financial\bsns_year=2022\reprt_code=11012\fs_div=OFS\093320_00603348.json
케이아이엔엑스,093320,00603348,KOSDAQ,통신,2022,분기보고서_1분기,11013,CFS,연결재무제표,000,정상,240,data\raw\opendart_financial\bsns_year=2022\reprt_code=11013\fs_div=CFS\093320_00603348.json
케이아이엔엑스,093320,00603348,KOSDAQ,통신,2022,분기보고서_1분기,11013,OFS,별도재무제표,000,정상,191,data\raw\opendart_financial\bsns_year=2022\reprt_code=11013\fs_div=OFS\093320_00603348.json
케이아이엔엑스,093320,00603348,KOSDAQ,통신,2022,분기보고서_3분기,11014,CFS,연결재무제표,000,정상,271,data\raw\opendart_financial\bsns_year=2022\reprt_code=11014\fs_div=CFS\093320_00603348.json
케이아이엔엑스,093320,00603348,KOSDAQ,통신,2022,분기보고서_3분기,11014,OFS,별도재무제표,000,정상,208,data\raw\opendart_financial\bsns_year=2022\reprt_code=11014\fs_div=OFS\093320_00603348.json
케이아이엔엑스,093320,00603348,KOSDAQ,통신,2023,사업보고서,11011,CFS,연결재무제표,000,정상,310,data\raw\opendart_financial\bsns_year=2023\reprt_code=11011\fs_div=CFS\093320_00603348.json
케이아이엔엑스,093320,00603348,KOSDAQ,통신,2023,사업보고서,11011,OFS,별도재무제표,000,정상,218,data\raw\opendart_financial\bsns_year=2023\reprt_code=11011\fs_div=OFS\093320_00603348.json
케이아이엔엑스,093320,00603348,KOSDAQ,통신,2023,반기보고서,11012,CFS,연결재무제표,000,정상,272,data\raw\opendart_financial\bsns_year=2023\reprt_code=11012\fs_div=CFS\093320_00603348.json
케이아이엔엑스,093320,00603348,KOSDAQ,통신,2023,반기보고서,11012,OFS,별도재무제표,000,정상,207,data\raw\opendart_financial\bsns_year=2023\reprt_code=11012\fs_div=OFS\093320_00603348.json
케이아이엔엑스,093320,00603348,KOSDAQ,통신,2023,분기보고서_1분기,11013,CFS,연결재무제표,000,정상,257,data\raw\opendart_financial\bsns_year=2023\reprt_code=11013\fs_div=CFS\093320_00603348.json
케이아이엔엑스,093320,00603348,KOSDAQ,통신,2023,분기보고서_1분기,11013,OFS,별도재무제표,000,정상,196,data\raw\opendart_financial\bsns_year=2023\reprt_code=11013\fs_div=OFS\093320_00603348.json
케이아이엔엑스,093320,00603348,KOSDAQ,통신,2023,분기보고서_3분기,11014,CFS,연결재무제표,000,정상,269,data\raw\opendart_financial\bsns_year=2023\reprt_code=11014\fs_div=CFS\093320_00603348.json
케이아이엔엑스,093320,00603348,KOSDAQ,통신,2023,분기보고서_3분기,11014,OFS,별도재무제표,000,정상,206,data\raw\opendart_financial\bsns_year=2023\reprt_code=11014\fs_div=OFS\093320_00603348.json
케이아이엔엑스,093320,00603348,KOSDAQ,통신,2024,사업보고서,11011,CFS,연결재무제표,000,정상,340,data\raw\opendart_financial\bsns_year=2024\reprt_code=11011\fs_div=CFS\093320_00603348.json
케이아이엔엑스,093320,00603348,KOSDAQ,통신,2024,사업보고서,11011,OFS,별도재무제표,000,정상,216,data\raw\opendart_financial\bsns_year=2024\reprt_code=11011\fs_div=OFS\093320_00603348.json
케이아이엔엑스,093320,00603348,KOSDAQ,통신,2024,반기보고서,11012,CFS,연결재무제표,000,정상,269,data\raw\opendart_financial\bsns_year=2024\reprt_code=11012\fs_div=CFS\093320_00603348.json
케이아이엔엑스,093320,00603348,KOSDAQ,통신,2024,반기보고서,11012,OFS,별도재무제표,000,정상,197,data\raw\opendart_financial\bsns_year=2024\reprt_code=11012\fs_div=OFS\093320_00603348.json
케이아이엔엑스,093320,00603348,KOSDAQ,통신,2024,분기보고서_1분기,11013,CFS,연결재무제표,000,정상,262,data\raw\opendart_financial\bsns_year=2024\reprt_code=11013\fs_div=CFS\093320_00603348.json
케이아이엔엑스,093320,00603348,KOSDAQ,통신,2024,분기보고서_1분기,11013,OFS,별도재무제표,000,정상,194,data\raw\opendart_financial\bsns_year=2024\reprt_code=11013\fs_div=OFS\093320_00603348.json
케이아이엔엑스,093320,00603348,KOSDAQ,통신,2024,분기보고서_3분기,11014,CFS,연결재무제표,000,정상,302,data\raw\opendart_financial\bsns_year=2024\reprt_code=11014\fs_div=CFS\093320_00603348.json
케이아이엔엑스,093320,00603348,KOSDAQ,통신,2024,분기보고서_3분기,11014,OFS,별도재무제표,000,정상,200,data\raw\opendart_financial\bsns_year=2024\reprt_code=11014\fs_div=OFS\093320_00603348.json
케이아이엔엑스,093320,00603348,KOSDAQ,통신,2025,사업보고서,11011,CFS,연결재무제표,000,정상,223,data\raw\opendart_financial\bsns_year=2025\reprt_code=11011\fs_div=CFS\093320_00603348.json
케이아이엔엑스,093320,00603348,KOSDAQ,통신,2025,사업보고서,11011,OFS,별도재무제표,000,정상,130,data\raw\opendart_financial\bsns_year=2025\reprt_code=11011\fs_div=OFS\093320_00603348.json
케이아이엔엑스,093320,00603348,KOSDAQ,통신,2025,반기보고서,11012,CFS,연결재무제표,000,정상,297,data\raw\opendart_financial\bsns_year=2025\reprt_code=11012\fs_div=CFS\093320_00603348.json
케이아이엔엑스,093320,00603348,KOSDAQ,통신,2025,반기보고서,11012,OFS,별도재무제표,000,정상,200,data\raw\opendart_financial\bsns_year=2025\reprt_code=11012\fs_div=OFS\093320_00603348.json
케이아이엔엑스,093320,00603348,KOSDAQ,통신,2025,분기보고서_1분기,11013,CFS,연결재무제표,000,정상,279,data\raw\opendart_financial\bsns_year=2025\reprt_code=11013\fs_div=CFS\093320_00603348.json
케이아이엔엑스,093320,00603348,KOSDAQ,통신,2025,분기보고서_1분기,11013,OFS,별도재무제표,000,정상,189,data\raw\opendart_financial\bsns_year=2025\reprt_code=11013\fs_div=OFS\093320_00603348.json
케이아이엔엑스,093320,00603348,KOSDAQ,통신,2025,분기보고서_3분기,11014,CFS,연결재무제표,000,정상,312,data\raw\opendart_financial\bsns_year=2025\reprt_code=11014\fs_div=CFS\093320_00603348.json
케이아이엔엑스,093320,00603348,KOSDAQ,통신,2025,분기보고서_3분기,11014,OFS,별도재무제표,000,정상,199,data\raw\opendart_financial\bsns_year=2025\reprt_code=11014\fs_div=OFS\093320_00603348.json
LG헬로비전,037560,00222532,KOSPI,통신,2017,사업보고서,11011,CFS,연결재무제표,013,조회된 데이타가 없습니다.,0,data\raw\opendart_financial\bsns_year=2017\reprt_code=11011\fs_div=CFS\037560_00222532.json
LG헬로비전,037560,00222532,KOSPI,통신,2017,사업보고서,11011,OFS,별도재무제표,000,정상,216,data\raw\opendart_financial\bsns_year=2017\reprt_code=11011\fs_div=OFS\037560_00222532.json
LG헬로비전,037560,00222532,KOSPI,통신,2017,반기보고서,11012,CFS,연결재무제표,013,조회된 데이타가 없습니다.,0,data\raw\opendart_financial\bsns_year=2017\reprt_code=11012\fs_div=CFS\037560_00222532.json
LG헬로비전,037560,00222532,KOSPI,통신,2017,반기보고서,11012,OFS,별도재무제표,000,정상,173,data\raw\opendart_financial\bsns_year=2017\reprt_code=11012\fs_div=OFS\037560_00222532.json
LG헬로비전,037560,00222532,KOSPI,통신,2017,분기보고서_1분기,11013,CFS,연결재무제표,013,조회된 데이타가 없습니다.,0,data\raw\opendart_financial\bsns_year=2017\reprt_code=11013\fs_div=CFS\037560_00222532.json
LG헬로비전,037560,00222532,KOSPI,통신,2017,분기보고서_1분기,11013,OFS,별도재무제표,000,정상,220,data\raw\opendart_financial\bsns_year=2017\reprt_code=11013\fs_div=OFS\037560_00222532.json
LG헬로비전,037560,00222532,KOSPI,통신,2017,분기보고서_3분기,11014,CFS,연결재무제표,013,조회된 데이타가 없습니다.,0,data\raw\opendart_financial\bsns_year=2017\reprt_code=11014\fs_div=CFS\037560_00222532.json
LG헬로비전,037560,00222532,KOSPI,통신,2017,분기보고서_3분기,11014,OFS,별도재무제표,000,정상,172,data\raw\opendart_financial\bsns_year=2017\reprt_code=11014\fs_div=OFS\037560_00222532.json
LG헬로비전,037560,00222532,KOSPI,통신,2018,사업보고서,11011,CFS,연결재무제표,000,정상,206,data\raw\opendart_financial\bsns_year=2018\reprt_code=11011\fs_div=CFS\037560_00222532.json
LG헬로비전,037560,00222532,KOSPI,통신,2018,사업보고서,11011,OFS,별도재무제표,000,정상,204,data\raw\opendart_financial\bsns_year=2018\reprt_code=11011\fs_div=OFS\037560_00222532.json
LG헬로비전,037560,00222532,KOSPI,통신,2018,반기보고서,11012,CFS,연결재무제표,000,정상,182,data\raw\opendart_financial\bsns_year=2018\reprt_code=11012\fs_div=CFS\037560_00222532.json
LG헬로비전,037560,00222532,KOSPI,통신,2018,반기보고서,11012,OFS,별도재무제표,000,정상,181,data\raw\opendart_financial\bsns_year=2018\reprt_code=11012\fs_div=OFS\037560_00222532.json
LG헬로비전,037560,00222532,KOSPI,통신,2018,분기보고서_1분기,11013,CFS,연결재무제표,000,정상,167,data\raw\opendart_financial\bsns_year=2018\reprt_code=11013\fs_div=CFS\037560_00222532.json
LG헬로비전,037560,00222532,KOSPI,통신,2018,분기보고서_1분기,11013,OFS,별도재무제표,000,정상,166,data\raw\opendart_financial\bsns_year=2018\reprt_code=11013\fs_div=OFS\037560_00222532.json
LG헬로비전,037560,00222532,KOSPI,통신,2018,분기보고서_3분기,11014,CFS,연결재무제표,000,정상,190,data\raw\opendart_financial\bsns_year=2018\reprt_code=11014\fs_div=CFS\037560_00222532.json
LG헬로비전,037560,00222532,KOSPI,통신,2018,분기보고서_3분기,11014,OFS,별도재무제표,000,정상,189,data\raw\opendart_financial\bsns_year=2018\reprt_code=11014\fs_div=OFS\037560_00222532.json
LG헬로비전,037560,00222532,KOSPI,통신,2019,사업보고서,11011,CFS,연결재무제표,000,정상,203,data\raw\opendart_financial\bsns_year=2019\reprt_code=11011\fs_div=CFS\037560_00222532.json
LG헬로비전,037560,00222532,KOSPI,통신,2019,사업보고서,11011,OFS,별도재무제표,000,정상,203,data\raw\opendart_financial\bsns_year=2019\reprt_code=11011\fs_div=OFS\037560_00222532.json
LG헬로비전,037560,00222532,KOSPI,통신,2019,반기보고서,11012,CFS,연결재무제표,000,정상,178,data\raw\opendart_financial\bsns_year=2019\reprt_code=11012\fs_div=CFS\037560_00222532.json
LG헬로비전,037560,00222532,KOSPI,통신,2019,반기보고서,11012,OFS,별도재무제표,000,정상,175,data\raw\opendart_financial\bsns_year=2019\reprt_code=11012\fs_div=OFS\037560_00222532.json
LG헬로비전,037560,00222532,KOSPI,통신,2019,분기보고서_1분기,11013,CFS,연결재무제표,000,정상,174,data\raw\opendart_financial\bsns_year=2019\reprt_code=11013\fs_div=CFS\037560_00222532.json
LG헬로비전,037560,00222532,KOSPI,통신,2019,분기보고서_1분기,11013,OFS,별도재무제표,000,정상,172,data\raw\opendart_financial\bsns_year=2019\reprt_code=11013\fs_div=OFS\037560_00222532.json
LG헬로비전,037560,00222532,KOSPI,통신,2019,분기보고서_3분기,11014,CFS,연결재무제표,000,정상,180,data\raw\opendart_financial\bsns_year=2019\reprt_code=11014\fs_div=CFS\037560_00222532.json
LG헬로비전,037560,00222532,KOSPI,통신,2019,분기보고서_3분기,11014,OFS,별도재무제표,000,정상,178,data\raw\opendart_financial\bsns_year=2019\reprt_code=11014\fs_div=OFS\037560_00222532.json
LG헬로비전,037560,00222532,KOSPI,통신,2020,사업보고서,11011,CFS,연결재무제표,000,정상,198,data\raw\opendart_financial\bsns_year=2020\reprt_code=11011\fs_div=CFS\037560_00222532.json
LG헬로비전,037560,00222532,KOSPI,통신,2020,사업보고서,11011,OFS,별도재무제표,000,정상,201,data\raw\opendart_financial\bsns_year=2020\reprt_code=11011\fs_div=OFS\037560_00222532.json
LG헬로비전,037560,00222532,KOSPI,통신,2020,반기보고서,11012,CFS,연결재무제표,000,정상,170,data\raw\opendart_financial\bsns_year=2020\reprt_code=11012\fs_div=CFS\037560_00222532.json
LG헬로비전,037560,00222532,KOSPI,통신,2020,반기보고서,11012,OFS,별도재무제표,000,정상,168,data\raw\opendart_financial\bsns_year=2020\reprt_code=11012\fs_div=OFS\037560_00222532.json
LG헬로비전,037560,00222532,KOSPI,통신,2020,분기보고서_1분기,11013,CFS,연결재무제표,000,정상,166,data\raw\opendart_financial\bsns_year=2020\reprt_code=11013\fs_div=CFS\037560_00222532.json
LG헬로비전,037560,00222532,KOSPI,통신,2020,분기보고서_1분기,11013,OFS,별도재무제표,000,정상,163,data\raw\opendart_financial\bsns_year=2020\reprt_code=11013\fs_div=OFS\037560_00222532.json
LG헬로비전,037560,00222532,KOSPI,통신,2020,분기보고서_3분기,11014,CFS,연결재무제표,013,조회된 데이타가 없습니다.,0,data\raw\opendart_financial\bsns_year=2020\reprt_code=11014\fs_div=CFS\037560_00222532.json
LG헬로비전,037560,00222532,KOSPI,통신,2020,분기보고서_3분기,11014,OFS,별도재무제표,000,정상,171,data\raw\opendart_financial\bsns_year=2020\reprt_code=11014\fs_div=OFS\037560_00222532.json
LG헬로비전,037560,00222532,KOSPI,통신,2021,사업보고서,11011,CFS,연결재무제표,000,정상,179,data\raw\opendart_financial\bsns_year=2021\reprt_code=11011\fs_div=CFS\037560_00222532.json
LG헬로비전,037560,00222532,KOSPI,통신,2021,사업보고서,11011,OFS,별도재무제표,000,정상,184,data\raw\opendart_financial\bsns_year=2021\reprt_code=11011\fs_div=OFS\037560_00222532.json
LG헬로비전,037560,00222532,KOSPI,통신,2021,반기보고서,11012,CFS,연결재무제표,000,정상,166,data\raw\opendart_financial\bsns_year=2021\reprt_code=11012\fs_div=CFS\037560_00222532.json
LG헬로비전,037560,00222532,KOSPI,통신,2021,반기보고서,11012,OFS,별도재무제표,000,정상,165,data\raw\opendart_financial\bsns_year=2021\reprt_code=11012\fs_div=OFS\037560_00222532.json
LG헬로비전,037560,00222532,KOSPI,통신,2021,분기보고서_1분기,11013,CFS,연결재무제표,000,정상,163,data\raw\opendart_financial\bsns_year=2021\reprt_code=11013\fs_div=CFS\037560_00222532.json
LG헬로비전,037560,00222532,KOSPI,통신,2021,분기보고서_1분기,11013,OFS,별도재무제표,000,정상,162,data\raw\opendart_financial\bsns_year=2021\reprt_code=11013\fs_div=OFS\037560_00222532.json
LG헬로비전,037560,00222532,KOSPI,통신,2021,분기보고서_3분기,11014,CFS,연결재무제표,000,정상,179,data\raw\opendart_financial\bsns_year=2021\reprt_code=11014\fs_div=CFS\037560_00222532.json
LG헬로비전,037560,00222532,KOSPI,통신,2021,분기보고서_3분기,11014,OFS,별도재무제표,000,정상,179,data\raw\opendart_financial\bsns_year=2021\reprt_code=11014\fs_div=OFS\037560_00222532.json
LG헬로비전,037560,00222532,KOSPI,통신,2022,사업보고서,11011,CFS,연결재무제표,000,정상,179,data\raw\opendart_financial\bsns_year=2022\reprt_code=11011\fs_div=CFS\037560_00222532.json
LG헬로비전,037560,00222532,KOSPI,통신,2022,사업보고서,11011,OFS,별도재무제표,000,정상,182,data\raw\opendart_financial\bsns_year=2022\reprt_code=11011\fs_div=OFS\037560_00222532.json
LG헬로비전,037560,00222532,KOSPI,통신,2022,반기보고서,11012,CFS,연결재무제표,000,정상,156,data\raw\opendart_financial\bsns_year=2022\reprt_code=11012\fs_div=CFS\037560_00222532.json
LG헬로비전,037560,00222532,KOSPI,통신,2022,반기보고서,11012,OFS,별도재무제표,000,정상,157,data\raw\opendart_financial\bsns_year=2022\reprt_code=11012\fs_div=OFS\037560_00222532.json
LG헬로비전,037560,00222532,KOSPI,통신,2022,분기보고서_1분기,11013,CFS,연결재무제표,000,정상,150,data\raw\opendart_financial\bsns_year=2022\reprt_code=11013\fs_div=CFS\037560_00222532.json
LG헬로비전,037560,00222532,KOSPI,통신,2022,분기보고서_1분기,11013,OFS,별도재무제표,000,정상,154,data\raw\opendart_financial\bsns_year=2022\reprt_code=11013\fs_div=OFS\037560_00222532.json
LG헬로비전,037560,00222532,KOSPI,통신,2022,분기보고서_3분기,11014,CFS,연결재무제표,000,정상,161,data\raw\opendart_financial\bsns_year=2022\reprt_code=11014\fs_div=CFS\037560_00222532.json
LG헬로비전,037560,00222532,KOSPI,통신,2022,분기보고서_3분기,11014,OFS,별도재무제표,000,정상,161,data\raw\opendart_financial\bsns_year=2022\reprt_code=11014\fs_div=OFS\037560_00222532.json
LG헬로비전,037560,00222532,KOSPI,통신,2023,사업보고서,11011,CFS,연결재무제표,000,정상,178,data\raw\opendart_financial\bsns_year=2023\reprt_code=11011\fs_div=CFS\037560_00222532.json
LG헬로비전,037560,00222532,KOSPI,통신,2023,사업보고서,11011,OFS,별도재무제표,000,정상,171,data\raw\opendart_financial\bsns_year=2023\reprt_code=11011\fs_div=OFS\037560_00222532.json
LG헬로비전,037560,00222532,KOSPI,통신,2023,반기보고서,11012,CFS,연결재무제표,000,정상,158,data\raw\opendart_financial\bsns_year=2023\reprt_code=11012\fs_div=CFS\037560_00222532.json
LG헬로비전,037560,00222532,KOSPI,통신,2023,반기보고서,11012,OFS,별도재무제표,000,정상,157,data\raw\opendart_financial\bsns_year=2023\reprt_code=11012\fs_div=OFS\037560_00222532.json
LG헬로비전,037560,00222532,KOSPI,통신,2023,분기보고서_1분기,11013,CFS,연결재무제표,000,정상,152,data\raw\opendart_financial\bsns_year=2023\reprt_code=11013\fs_div=CFS\037560_00222532.json
LG헬로비전,037560,00222532,KOSPI,통신,2023,분기보고서_1분기,11013,OFS,별도재무제표,000,정상,150,data\raw\opendart_financial\bsns_year=2023\reprt_code=11013\fs_div=OFS\037560_00222532.json
LG헬로비전,037560,00222532,KOSPI,통신,2023,분기보고서_3분기,11014,CFS,연결재무제표,000,정상,164,data\raw\opendart_financial\bsns_year=2023\reprt_code=11014\fs_div=CFS\037560_00222532.json
LG헬로비전,037560,00222532,KOSPI,통신,2023,분기보고서_3분기,11014,OFS,별도재무제표,000,정상,157,data\raw\opendart_financial\bsns_year=2023\reprt_code=11014\fs_div=OFS\037560_00222532.json
LG헬로비전,037560,00222532,KOSPI,통신,2024,사업보고서,11011,CFS,연결재무제표,000,정상,197,data\raw\opendart_financial\bsns_year=2024\reprt_code=11011\fs_div=CFS\037560_00222532.json
LG헬로비전,037560,00222532,KOSPI,통신,2024,사업보고서,11011,OFS,별도재무제표,000,정상,182,data\raw\opendart_financial\bsns_year=2024\reprt_code=11011\fs_div=OFS\037560_00222532.json
LG헬로비전,037560,00222532,KOSPI,통신,2024,반기보고서,11012,CFS,연결재무제표,000,정상,163,data\raw\opendart_financial\bsns_year=2024\reprt_code=11012\fs_div=CFS\037560_00222532.json
LG헬로비전,037560,00222532,KOSPI,통신,2024,반기보고서,11012,OFS,별도재무제표,000,정상,157,data\raw\opendart_financial\bsns_year=2024\reprt_code=11012\fs_div=OFS\037560_00222532.json
LG헬로비전,037560,00222532,KOSPI,통신,2024,분기보고서_1분기,11013,CFS,연결재무제표,000,정상,156,data\raw\opendart_financial\bsns_year=2024\reprt_code=11013\fs_div=CFS\037560_00222532.json
LG헬로비전,037560,00222532,KOSPI,통신,2024,분기보고서_1분기,11013,OFS,별도재무제표,000,정상,150,data\raw\opendart_financial\bsns_year=2024\reprt_code=11013\fs_div=OFS\037560_00222532.json
LG헬로비전,037560,00222532,KOSPI,통신,2024,분기보고서_3분기,11014,CFS,연결재무제표,000,정상,162,data\raw\opendart_financial\bsns_year=2024\reprt_code=11014\fs_div=CFS\037560_00222532.json
LG헬로비전,037560,00222532,KOSPI,통신,2024,분기보고서_3분기,11014,OFS,별도재무제표,000,정상,155,data\raw\opendart_financial\bsns_year=2024\reprt_code=11014\fs_div=OFS\037560_00222532.json
LG헬로비전,037560,00222532,KOSPI,통신,2025,사업보고서,11011,CFS,연결재무제표,000,정상,205,data\raw\opendart_financial\bsns_year=2025\reprt_code=11011\fs_div=CFS\037560_00222532.json
LG헬로비전,037560,00222532,KOSPI,통신,2025,사업보고서,11011,OFS,별도재무제표,000,정상,188,data\raw\opendart_financial\bsns_year=2025\reprt_code=11011\fs_div=OFS\037560_00222532.json
LG헬로비전,037560,00222532,KOSPI,통신,2025,반기보고서,11012,CFS,연결재무제표,000,정상,173,data\raw\opendart_financial\bsns_year=2025\reprt_code=11012\fs_div=CFS\037560_00222532.json
LG헬로비전,037560,00222532,KOSPI,통신,2025,반기보고서,11012,OFS,별도재무제표,000,정상,162,data\raw\opendart_financial\bsns_year=2025\reprt_code=11012\fs_div=OFS\037560_00222532.json
LG헬로비전,037560,00222532,KOSPI,통신,2025,분기보고서_1분기,11013,CFS,연결재무제표,000,정상,173,data\raw\opendart_financial\bsns_year=2025\reprt_code=11013\fs_div=CFS\037560_00222532.json
LG헬로비전,037560,00222532,KOSPI,통신,2025,분기보고서_1분기,11013,OFS,별도재무제표,000,정상,158,data\raw\opendart_financial\bsns_year=2025\reprt_code=11013\fs_div=OFS\037560_00222532.json
LG헬로비전,037560,00222532,KOSPI,통신,2025,분기보고서_3분기,11014,CFS,연결재무제표,000,정상,172,data\raw\opendart_financial\bsns_year=2025\reprt_code=11014\fs_div=CFS\037560_00222532.json
LG헬로비전,037560,00222532,KOSPI,통신,2025,분기보고서_3분기,11014,OFS,별도재무제표,000,정상,162,data\raw\opendart_financial\bsns_year=2025\reprt_code=11014\fs_div=OFS\037560_00222532.json
