company_name,stock_code,corp_code,bsns_year,report_name,reprt_code,fs_div,api_status,api_message,account_row_count,collected
CJ ENM,035760,00265324,2017,반기보고서,11012,CFS,000,정상,149,True
CJ ENM,035760,00265324,2017,반기보고서,11012,OFS,000,정상,97,True
CJ ENM,035760,00265324,2017,분기보고서_1분기,11013,CFS,000,정상,174,True
CJ ENM,035760,00265324,2017,분기보고서_1분기,11013,OFS,000,정상,112,True
CJ ENM,035760,00265324,2017,분기보고서_3분기,11014,CFS,000,정상,154,True
CJ ENM,035760,00265324,2017,분기보고서_3분기,11014,OFS,000,정상,98,True
CJ ENM,035760,00265324,2017,사업보고서,11011,CFS,000,정상,176,True
CJ ENM,035760,00265324,2017,사업보고서,11011,OFS,000,정상,118,True
CJ ENM,035760,00265324,2018,반기보고서,11012,CFS,000,정상,170,True
CJ ENM,035760,00265324,2018,반기보고서,11012,OFS,000,정상,113,True
CJ ENM,035760,00265324,2018,분기보고서_1분기,11013,CFS,000,정상,159,True
CJ ENM,035760,00265324,2018,분기보고서_1분기,11013,OFS,000,정상,98,True
CJ ENM,035760,00265324,2018,분기보고서_3분기,11014,CFS,000,정상,252,True
CJ ENM,035760,00265324,2018,분기보고서_3분기,11014,OFS,000,정상,157,True
CJ ENM,035760,00265324,2018,사업보고서,11011,CFS,000,정상,251,True
CJ ENM,035760,00265324,2018,사업보고서,11011,OFS,000,정상,156,True
CJ ENM,035760,00265324,2019,반기보고서,11012,CFS,000,정상,178,True
CJ ENM,035760,00265324,2019,반기보고서,11012,OFS,000,정상,121,True
CJ ENM,035760,00265324,2019,분기보고서_1분기,11013,CFS,000,정상,170,True
CJ ENM,035760,00265324,2019,분기보고서_1분기,11013,OFS,000,정상,118,True
CJ ENM,035760,00265324,2019,분기보고서_3분기,11014,CFS,000,정상,193,True
CJ ENM,035760,00265324,2019,분기보고서_3분기,11014,OFS,000,정상,131,True
CJ ENM,035760,00265324,2019,사업보고서,11011,CFS,000,정상,230,True
CJ ENM,035760,00265324,2019,사업보고서,11011,OFS,000,정상,145,True
CJ ENM,035760,00265324,2020,반기보고서,11012,CFS,000,정상,188,True
CJ ENM,035760,00265324,2020,반기보고서,11012,OFS,000,정상,122,True
CJ ENM,035760,00265324,2020,분기보고서_1분기,11013,CFS,000,정상,183,True
CJ ENM,035760,00265324,2020,분기보고서_1분기,11013,OFS,000,정상,117,True
CJ ENM,035760,00265324,2020,분기보고서_3분기,11014,CFS,000,정상,194,True
CJ ENM,035760,00265324,2020,분기보고서_3분기,11014,OFS,000,정상,124,True
CJ ENM,035760,00265324,2020,사업보고서,11011,CFS,000,정상,233,True
CJ ENM,035760,00265324,2020,사업보고서,11011,OFS,000,정상,149,True
CJ ENM,035760,00265324,2021,반기보고서,11012,CFS,000,정상,183,True
CJ ENM,035760,00265324,2021,반기보고서,11012,OFS,000,정상,118,True
CJ ENM,035760,00265324,2021,분기보고서_1분기,11013,CFS,000,정상,178,True
CJ ENM,035760,00265324,2021,분기보고서_1분기,11013,OFS,000,정상,110,True
CJ ENM,035760,00265324,2021,분기보고서_3분기,11014,CFS,000,정상,187,True
CJ ENM,035760,00265324,2021,분기보고서_3분기,11014,OFS,000,정상,118,True
CJ ENM,035760,00265324,2021,사업보고서,11011,CFS,000,정상,214,True
CJ ENM,035760,00265324,2021,사업보고서,11011,OFS,000,정상,136,True
CJ ENM,035760,00265324,2022,반기보고서,11012,CFS,000,정상,193,True
CJ ENM,035760,00265324,2022,반기보고서,11012,OFS,000,정상,121,True
CJ ENM,035760,00265324,2022,분기보고서_1분기,11013,CFS,000,정상,185,True
CJ ENM,035760,00265324,2022,분기보고서_1분기,11013,OFS,000,정상,116,True
CJ ENM,035760,00265324,2022,분기보고서_3분기,11014,CFS,000,정상,184,True
CJ ENM,035760,00265324,2022,분기보고서_3분기,11014,OFS,000,정상,124,True
CJ ENM,035760,00265324,2022,사업보고서,11011,CFS,000,정상,194,True
CJ ENM,035760,00265324,2022,사업보고서,11011,OFS,000,정상,134,True
CJ ENM,035760,00265324,2023,반기보고서,11012,CFS,000,정상,179,True
CJ ENM,035760,00265324,2023,반기보고서,11012,OFS,000,정상,128,True
CJ ENM,035760,00265324,2023,분기보고서_1분기,11013,CFS,000,정상,173,True
CJ ENM,035760,00265324,2023,분기보고서_1분기,11013,OFS,000,정상,123,True
CJ ENM,035760,00265324,2023,분기보고서_3분기,11014,CFS,000,정상,227,True
CJ ENM,035760,00265324,2023,분기보고서_3분기,11014,OFS,000,정상,147,True
CJ ENM,035760,00265324,2023,사업보고서,11011,CFS,000,정상,246,True
CJ ENM,035760,00265324,2023,사업보고서,11011,OFS,000,정상,150,True
CJ ENM,035760,00265324,2024,반기보고서,11012,CFS,000,정상,200,True
CJ ENM,035760,00265324,2024,반기보고서,11012,OFS,000,정상,138,True
CJ ENM,035760,00265324,2024,분기보고서_1분기,11013,CFS,000,정상,233,True
CJ ENM,035760,00265324,2024,분기보고서_1분기,11013,OFS,000,정상,135,True
CJ ENM,035760,00265324,2024,분기보고서_3분기,11014,CFS,000,정상,209,True
CJ ENM,035760,00265324,2024,분기보고서_3분기,11014,OFS,000,정상,141,True
CJ ENM,035760,00265324,2024,사업보고서,11011,CFS,000,정상,230,True
CJ ENM,035760,00265324,2024,사업보고서,11011,OFS,000,정상,150,True
CJ ENM,035760,00265324,2025,반기보고서,11012,CFS,000,정상,218,True
CJ ENM,035760,00265324,2025,반기보고서,11012,OFS,000,정상,142,True
CJ ENM,035760,00265324,2025,분기보고서_1분기,11013,CFS,000,정상,216,True
CJ ENM,035760,00265324,2025,분기보고서_1분기,11013,OFS,000,정상,138,True
CJ ENM,035760,00265324,2025,분기보고서_3분기,11014,CFS,000,정상,226,True
CJ ENM,035760,00265324,2025,분기보고서_3분기,11014,OFS,000,정상,145,True
CJ ENM,035760,00265324,2025,사업보고서,11011,CFS,000,정상,235,True
CJ ENM,035760,00265324,2025,사업보고서,11011,OFS,000,정상,151,True
CJ제일제당,097950,00635134,2017,반기보고서,11012,CFS,000,정상,193,True
CJ제일제당,097950,00635134,2017,반기보고서,11012,OFS,000,정상,120,True
CJ제일제당,097950,00635134,2017,분기보고서_1분기,11013,CFS,000,정상,192,True
CJ제일제당,097950,00635134,2017,분기보고서_1분기,11013,OFS,000,정상,134,True
CJ제일제당,097950,00635134,2017,분기보고서_3분기,11014,CFS,000,정상,174,True
CJ제일제당,097950,00635134,2017,분기보고서_3분기,11014,OFS,000,정상,126,True
CJ제일제당,097950,00635134,2017,사업보고서,11011,CFS,000,정상,182,True
CJ제일제당,097950,00635134,2017,사업보고서,11011,OFS,000,정상,138,True
CJ제일제당,097950,00635134,2018,반기보고서,11012,CFS,000,정상,207,True
CJ제일제당,097950,00635134,2018,반기보고서,11012,OFS,000,정상,150,True
CJ제일제당,097950,00635134,2018,분기보고서_1분기,11013,CFS,000,정상,179,True
CJ제일제당,097950,00635134,2018,분기보고서_1분기,11013,OFS,000,정상,127,True
CJ제일제당,097950,00635134,2018,분기보고서_3분기,11014,CFS,000,정상,208,True
CJ제일제당,097950,00635134,2018,분기보고서_3분기,11014,OFS,000,정상,156,True
CJ제일제당,097950,00635134,2018,사업보고서,11011,CFS,000,정상,209,True
CJ제일제당,097950,00635134,2018,사업보고서,11011,OFS,000,정상,150,True
CJ제일제당,097950,00635134,2019,반기보고서,11012,CFS,000,정상,256,True
CJ제일제당,097950,00635134,2019,반기보고서,11012,OFS,000,정상,144,True
CJ제일제당,097950,00635134,2019,분기보고서_1분기,11013,CFS,000,정상,257,True
CJ제일제당,097950,00635134,2019,분기보고서_1분기,11013,OFS,000,정상,152,True
CJ제일제당,097950,00635134,2019,분기보고서_3분기,11014,CFS,000,정상,258,True
CJ제일제당,097950,00635134,2019,분기보고서_3분기,11014,OFS,000,정상,149,True
CJ제일제당,097950,00635134,2019,사업보고서,11011,CFS,000,정상,213,True
CJ제일제당,097950,00635134,2019,사업보고서,11011,OFS,000,정상,153,True
CJ제일제당,097950,00635134,2020,반기보고서,11012,CFS,000,정상,227,True
CJ제일제당,097950,00635134,2020,반기보고서,11012,OFS,000,정상,129,True
CJ제일제당,097950,00635134,2020,분기보고서_1분기,11013,CFS,000,정상,247,True
CJ제일제당,097950,00635134,2020,분기보고서_1분기,11013,OFS,000,정상,142,True
CJ제일제당,097950,00635134,2020,분기보고서_3분기,11014,CFS,000,정상,250,True
CJ제일제당,097950,00635134,2020,분기보고서_3분기,11014,OFS,000,정상,132,True
CJ제일제당,097950,00635134,2020,사업보고서,11011,CFS,000,정상,268,True
CJ제일제당,097950,00635134,2020,사업보고서,11011,OFS,000,정상,182,True
CJ제일제당,097950,00635134,2021,반기보고서,11012,CFS,000,정상,182,True
CJ제일제당,097950,00635134,2021,반기보고서,11012,OFS,000,정상,126,True
CJ제일제당,097950,00635134,2021,분기보고서_1분기,11013,CFS,000,정상,234,True
CJ제일제당,097950,00635134,2021,분기보고서_1분기,11013,OFS,000,정상,122,True
CJ제일제당,097950,00635134,2021,분기보고서_3분기,11014,CFS,000,정상,187,True
CJ제일제당,097950,00635134,2021,분기보고서_3분기,11014,OFS,000,정상,126,True
CJ제일제당,097950,00635134,2021,사업보고서,11011,CFS,000,정상,190,True
CJ제일제당,097950,00635134,2021,사업보고서,11011,OFS,000,정상,139,True
CJ제일제당,097950,00635134,2022,반기보고서,11012,CFS,000,정상,190,True
CJ제일제당,097950,00635134,2022,반기보고서,11012,OFS,000,정상,123,True
CJ제일제당,097950,00635134,2022,분기보고서_1분기,11013,CFS,000,정상,177,True
CJ제일제당,097950,00635134,2022,분기보고서_1분기,11013,OFS,000,정상,124,True
CJ제일제당,097950,00635134,2022,분기보고서_3분기,11014,CFS,000,정상,190,True
CJ제일제당,097950,00635134,2022,분기보고서_3분기,11014,OFS,000,정상,127,True
CJ제일제당,097950,00635134,2022,사업보고서,11011,CFS,000,정상,192,True
CJ제일제당,097950,00635134,2022,사업보고서,11011,OFS,000,정상,134,True
CJ제일제당,097950,00635134,2023,반기보고서,11012,CFS,000,정상,184,True
CJ제일제당,097950,00635134,2023,반기보고서,11012,OFS,000,정상,126,True
CJ제일제당,097950,00635134,2023,분기보고서_1분기,11013,CFS,000,정상,167,True
CJ제일제당,097950,00635134,2023,분기보고서_1분기,11013,OFS,000,정상,121,True
CJ제일제당,097950,00635134,2023,분기보고서_3분기,11014,CFS,000,정상,199,True
CJ제일제당,097950,00635134,2023,분기보고서_3분기,11014,OFS,000,정상,132,True
CJ제일제당,097950,00635134,2023,사업보고서,11011,CFS,000,정상,216,True
CJ제일제당,097950,00635134,2023,사업보고서,11011,OFS,000,정상,142,True
CJ제일제당,097950,00635134,2024,반기보고서,11012,CFS,000,정상,282,True
CJ제일제당,097950,00635134,2024,반기보고서,11012,OFS,000,정상,175,True
CJ제일제당,097950,00635134,2024,분기보고서_1분기,11013,CFS,000,정상,288,True
CJ제일제당,097950,00635134,2024,분기보고서_1분기,11013,OFS,000,정상,176,True
CJ제일제당,097950,00635134,2024,분기보고서_3분기,11014,CFS,000,정상,287,True
CJ제일제당,097950,00635134,2024,분기보고서_3분기,11014,OFS,000,정상,175,True
CJ제일제당,097950,00635134,2024,사업보고서,11011,CFS,000,정상,277,True
CJ제일제당,097950,00635134,2024,사업보고서,11011,OFS,000,정상,170,True
CJ제일제당,097950,00635134,2025,반기보고서,11012,CFS,000,정상,265,True
CJ제일제당,097950,00635134,2025,반기보고서,11012,OFS,000,정상,159,True
CJ제일제당,097950,00635134,2025,분기보고서_1분기,11013,CFS,000,정상,264,True
CJ제일제당,097950,00635134,2025,분기보고서_1분기,11013,OFS,000,정상,151,True
CJ제일제당,097950,00635134,2025,분기보고서_3분기,11014,CFS,000,정상,265,True
CJ제일제당,097950,00635134,2025,분기보고서_3분기,11014,OFS,000,정상,158,True
CJ제일제당,097950,00635134,2025,사업보고서,11011,CFS,000,정상,280,True
CJ제일제당,097950,00635134,2025,사업보고서,11011,OFS,000,정상,174,True
HD현대일렉트릭,267260,01205851,2017,반기보고서,11012,CFS,000,정상,124,True
HD현대일렉트릭,267260,01205851,2017,반기보고서,11012,OFS,000,정상,109,True
HD현대일렉트릭,267260,01205851,2017,분기보고서_1분기,11013,CFS,013,조회된 데이타가 없습니다.,0,False
HD현대일렉트릭,267260,01205851,2017,분기보고서_1분기,11013,OFS,013,조회된 데이타가 없습니다.,0,False
HD현대일렉트릭,267260,01205851,2017,분기보고서_3분기,11014,CFS,000,정상,124,True
HD현대일렉트릭,267260,01205851,2017,분기보고서_3분기,11014,OFS,000,정상,112,True
HD현대일렉트릭,267260,01205851,2017,사업보고서,11011,CFS,000,정상,139,True
HD현대일렉트릭,267260,01205851,2017,사업보고서,11011,OFS,000,정상,114,True
HD현대일렉트릭,267260,01205851,2018,반기보고서,11012,CFS,000,정상,135,True
HD현대일렉트릭,267260,01205851,2018,반기보고서,11012,OFS,000,정상,111,True
HD현대일렉트릭,267260,01205851,2018,분기보고서_1분기,11013,CFS,000,정상,123,True
HD현대일렉트릭,267260,01205851,2018,분기보고서_1분기,11013,OFS,000,정상,99,True
HD현대일렉트릭,267260,01205851,2018,분기보고서_3분기,11014,CFS,000,정상,139,True
HD현대일렉트릭,267260,01205851,2018,분기보고서_3분기,11014,OFS,000,정상,113,True
HD현대일렉트릭,267260,01205851,2018,사업보고서,11011,CFS,000,정상,174,True
HD현대일렉트릭,267260,01205851,2018,사업보고서,11011,OFS,000,정상,137,True
HD현대일렉트릭,267260,01205851,2019,반기보고서,11012,CFS,000,정상,147,True
HD현대일렉트릭,267260,01205851,2019,반기보고서,11012,OFS,000,정상,119,True
HD현대일렉트릭,267260,01205851,2019,분기보고서_1분기,11013,CFS,000,정상,137,True
HD현대일렉트릭,267260,01205851,2019,분기보고서_1분기,11013,OFS,000,정상,112,True
HD현대일렉트릭,267260,01205851,2019,분기보고서_3분기,11014,CFS,000,정상,146,True
HD현대일렉트릭,267260,01205851,2019,분기보고서_3분기,11014,OFS,000,정상,119,True
HD현대일렉트릭,267260,01205851,2019,사업보고서,11011,CFS,000,정상,175,True
HD현대일렉트릭,267260,01205851,2019,사업보고서,11011,OFS,000,정상,143,True
HD현대일렉트릭,267260,01205851,2020,반기보고서,11012,CFS,000,정상,145,True
HD현대일렉트릭,267260,01205851,2020,반기보고서,11012,OFS,000,정상,118,True
HD현대일렉트릭,267260,01205851,2020,분기보고서_1분기,11013,CFS,000,정상,137,True
HD현대일렉트릭,267260,01205851,2020,분기보고서_1분기,11013,OFS,000,정상,112,True
HD현대일렉트릭,267260,01205851,2020,분기보고서_3분기,11014,CFS,000,정상,146,True
HD현대일렉트릭,267260,01205851,2020,분기보고서_3분기,11014,OFS,000,정상,118,True
HD현대일렉트릭,267260,01205851,2020,사업보고서,11011,CFS,000,정상,170,True
HD현대일렉트릭,267260,01205851,2020,사업보고서,11011,OFS,000,정상,137,True
HD현대일렉트릭,267260,01205851,2021,반기보고서,11012,CFS,000,정상,136,True
HD현대일렉트릭,267260,01205851,2021,반기보고서,11012,OFS,000,정상,112,True
HD현대일렉트릭,267260,01205851,2021,분기보고서_1분기,11013,CFS,000,정상,135,True
HD현대일렉트릭,267260,01205851,2021,분기보고서_1분기,11013,OFS,000,정상,109,True
HD현대일렉트릭,267260,01205851,2021,분기보고서_3분기,11014,CFS,000,정상,138,True
HD현대일렉트릭,267260,01205851,2021,분기보고서_3분기,11014,OFS,000,정상,116,True
HD현대일렉트릭,267260,01205851,2021,사업보고서,11011,CFS,000,정상,166,True
HD현대일렉트릭,267260,01205851,2021,사업보고서,11011,OFS,000,정상,136,True
HD현대일렉트릭,267260,01205851,2022,반기보고서,11012,CFS,000,정상,139,True
HD현대일렉트릭,267260,01205851,2022,반기보고서,11012,OFS,000,정상,109,True
HD현대일렉트릭,267260,01205851,2022,분기보고서_1분기,11013,CFS,000,정상,123,True
HD현대일렉트릭,267260,01205851,2022,분기보고서_1분기,11013,OFS,000,정상,106,True
HD현대일렉트릭,267260,01205851,2022,분기보고서_3분기,11014,CFS,000,정상,140,True
HD현대일렉트릭,267260,01205851,2022,분기보고서_3분기,11014,OFS,000,정상,110,True
HD현대일렉트릭,267260,01205851,2022,사업보고서,11011,CFS,000,정상,161,True
HD현대일렉트릭,267260,01205851,2022,사업보고서,11011,OFS,000,정상,129,True
HD현대일렉트릭,267260,01205851,2023,반기보고서,11012,CFS,000,정상,147,True
HD현대일렉트릭,267260,01205851,2023,반기보고서,11012,OFS,000,정상,114,True
HD현대일렉트릭,267260,01205851,2023,분기보고서_1분기,11013,CFS,000,정상,135,True
HD현대일렉트릭,267260,01205851,2023,분기보고서_1분기,11013,OFS,000,정상,106,True
HD현대일렉트릭,267260,01205851,2023,분기보고서_3분기,11014,CFS,000,정상,151,True
HD현대일렉트릭,267260,01205851,2023,분기보고서_3분기,11014,OFS,000,정상,117,True
HD현대일렉트릭,267260,01205851,2023,사업보고서,11011,CFS,000,정상,168,True
HD현대일렉트릭,267260,01205851,2023,사업보고서,11011,OFS,000,정상,129,True
HD현대일렉트릭,267260,01205851,2024,반기보고서,11012,CFS,000,정상,175,True
HD현대일렉트릭,267260,01205851,2024,반기보고서,11012,OFS,000,정상,128,True
HD현대일렉트릭,267260,01205851,2024,분기보고서_1분기,11013,CFS,000,정상,171,True
HD현대일렉트릭,267260,01205851,2024,분기보고서_1분기,11013,OFS,000,정상,125,True
HD현대일렉트릭,267260,01205851,2024,분기보고서_3분기,11014,CFS,000,정상,185,True
HD현대일렉트릭,267260,01205851,2024,분기보고서_3분기,11014,OFS,000,정상,128,True
HD현대일렉트릭,267260,01205851,2024,사업보고서,11011,CFS,000,정상,232,True
HD현대일렉트릭,267260,01205851,2024,사업보고서,11011,OFS,000,정상,161,True
HD현대일렉트릭,267260,01205851,2025,반기보고서,11012,CFS,000,정상,148,True
HD현대일렉트릭,267260,01205851,2025,반기보고서,11012,OFS,000,정상,135,True
HD현대일렉트릭,267260,01205851,2025,분기보고서_1분기,11013,CFS,000,정상,138,True
HD현대일렉트릭,267260,01205851,2025,분기보고서_1분기,11013,OFS,000,정상,126,True
HD현대일렉트릭,267260,01205851,2025,분기보고서_3분기,11014,CFS,000,정상,151,True
HD현대일렉트릭,267260,01205851,2025,분기보고서_3분기,11014,OFS,000,정상,135,True
HD현대일렉트릭,267260,01205851,2025,사업보고서,11011,CFS,000,정상,249,True
HD현대일렉트릭,267260,01205851,2025,사업보고서,11011,OFS,000,정상,162,True
HLB,028300,00199252,2017,반기보고서,11012,CFS,000,정상,196,True
HLB,028300,00199252,2017,반기보고서,11012,OFS,000,정상,126,True
HLB,028300,00199252,2017,분기보고서_1분기,11013,CFS,000,정상,240,True
HLB,028300,00199252,2017,분기보고서_1분기,11013,OFS,000,정상,156,True
HLB,028300,00199252,2017,분기보고서_3분기,11014,CFS,000,정상,206,True
HLB,028300,00199252,2017,분기보고서_3분기,11014,OFS,000,정상,139,True
HLB,028300,00199252,2017,사업보고서,11011,CFS,000,정상,239,True
HLB,028300,00199252,2017,사업보고서,11011,OFS,000,정상,157,True
HLB,028300,00199252,2018,반기보고서,11012,CFS,000,정상,257,True
HLB,028300,00199252,2018,반기보고서,11012,OFS,000,정상,174,True
HLB,028300,00199252,2018,분기보고서_1분기,11013,CFS,000,정상,221,True
HLB,028300,00199252,2018,분기보고서_1분기,11013,OFS,000,정상,147,True
HLB,028300,00199252,2018,분기보고서_3분기,11014,CFS,000,정상,258,True
HLB,028300,00199252,2018,분기보고서_3분기,11014,OFS,000,정상,171,True
HLB,028300,00199252,2018,사업보고서,11011,CFS,000,정상,301,True
HLB,028300,00199252,2018,사업보고서,11011,OFS,000,정상,195,True
HLB,028300,00199252,2019,반기보고서,11012,CFS,000,정상,246,True
HLB,028300,00199252,2019,반기보고서,11012,OFS,000,정상,165,True
HLB,028300,00199252,2019,분기보고서_1분기,11013,CFS,000,정상,226,True
HLB,028300,00199252,2019,분기보고서_1분기,11013,OFS,000,정상,144,True
HLB,028300,00199252,2019,분기보고서_3분기,11014,CFS,000,정상,268,True
HLB,028300,00199252,2019,분기보고서_3분기,11014,OFS,000,정상,171,True
HLB,028300,00199252,2019,사업보고서,11011,CFS,000,정상,296,True
HLB,028300,00199252,2019,사업보고서,11011,OFS,000,정상,193,True
HLB,028300,00199252,2020,반기보고서,11012,CFS,000,정상,215,True
HLB,028300,00199252,2020,반기보고서,11012,OFS,000,정상,140,True
HLB,028300,00199252,2020,분기보고서_1분기,11013,CFS,000,정상,297,True
HLB,028300,00199252,2020,분기보고서_1분기,11013,OFS,000,정상,193,True
HLB,028300,00199252,2020,분기보고서_3분기,11014,CFS,000,정상,226,True
HLB,028300,00199252,2020,분기보고서_3분기,11014,OFS,000,정상,141,True
HLB,028300,00199252,2020,사업보고서,11011,CFS,000,정상,318,True
HLB,028300,00199252,2020,사업보고서,11011,OFS,000,정상,198,True
HLB,028300,00199252,2021,반기보고서,11012,CFS,000,정상,263,True
HLB,028300,00199252,2021,반기보고서,11012,OFS,000,정상,143,True
HLB,028300,00199252,2021,분기보고서_1분기,11013,CFS,000,정상,264,True
HLB,028300,00199252,2021,분기보고서_1분기,11013,OFS,000,정상,144,True
HLB,028300,00199252,2021,분기보고서_3분기,11014,CFS,000,정상,272,True
HLB,028300,00199252,2021,분기보고서_3분기,11014,OFS,000,정상,149,True
HLB,028300,00199252,2021,사업보고서,11011,CFS,000,정상,276,True
HLB,028300,00199252,2021,사업보고서,11011,OFS,000,정상,152,True
HLB,028300,00199252,2022,반기보고서,11012,CFS,000,정상,201,True
HLB,028300,00199252,2022,반기보고서,11012,OFS,000,정상,148,True
HLB,028300,00199252,2022,분기보고서_1분기,11013,CFS,000,정상,194,True
HLB,028300,00199252,2022,분기보고서_1분기,11013,OFS,000,정상,141,True
HLB,028300,00199252,2022,분기보고서_3분기,11014,CFS,000,정상,211,True
HLB,028300,00199252,2022,분기보고서_3분기,11014,OFS,000,정상,156,True
HLB,028300,00199252,2022,사업보고서,11011,CFS,000,정상,249,True
HLB,028300,00199252,2022,사업보고서,11011,OFS,000,정상,177,True
HLB,028300,00199252,2023,반기보고서,11012,CFS,000,정상,192,True
HLB,028300,00199252,2023,반기보고서,11012,OFS,000,정상,140,True
HLB,028300,00199252,2023,분기보고서_1분기,11013,CFS,000,정상,197,True
HLB,028300,00199252,2023,분기보고서_1분기,11013,OFS,000,정상,144,True
HLB,028300,00199252,2023,분기보고서_3분기,11014,CFS,000,정상,222,True
HLB,028300,00199252,2023,분기보고서_3분기,11014,OFS,000,정상,165,True
HLB,028300,00199252,2023,사업보고서,11011,CFS,000,정상,265,True
HLB,028300,00199252,2023,사업보고서,11011,OFS,000,정상,182,True
HLB,028300,00199252,2024,반기보고서,11012,CFS,000,정상,243,True
HLB,028300,00199252,2024,반기보고서,11012,OFS,000,정상,155,True
HLB,028300,00199252,2024,분기보고서_1분기,11013,CFS,000,정상,229,True
HLB,028300,00199252,2024,분기보고서_1분기,11013,OFS,000,정상,146,True
HLB,028300,00199252,2024,분기보고서_3분기,11014,CFS,000,정상,273,True
HLB,028300,00199252,2024,분기보고서_3분기,11014,OFS,000,정상,163,True
HLB,028300,00199252,2024,사업보고서,11011,CFS,000,정상,309,True
HLB,028300,00199252,2024,사업보고서,11011,OFS,000,정상,211,True
HLB,028300,00199252,2025,반기보고서,11012,CFS,000,정상,256,True
HLB,028300,00199252,2025,반기보고서,11012,OFS,000,정상,156,True
HLB,028300,00199252,2025,분기보고서_1분기,11013,CFS,000,정상,229,True
HLB,028300,00199252,2025,분기보고서_1분기,11013,OFS,000,정상,138,True
HLB,028300,00199252,2025,분기보고서_3분기,11014,CFS,000,정상,280,True
HLB,028300,00199252,2025,분기보고서_3분기,11014,OFS,000,정상,165,True
HLB,028300,00199252,2025,사업보고서,11011,CFS,000,정상,325,True
HLB,028300,00199252,2025,사업보고서,11011,OFS,000,정상,214,True
HL만도,204320,01042775,2017,반기보고서,11012,CFS,000,정상,148,True
HL만도,204320,01042775,2017,반기보고서,11012,OFS,000,정상,121,True
HL만도,204320,01042775,2017,분기보고서_1분기,11013,CFS,000,정상,213,True
HL만도,204320,01042775,2017,분기보고서_1분기,11013,OFS,000,정상,156,True
HL만도,204320,01042775,2017,분기보고서_3분기,11014,CFS,000,정상,193,True
HL만도,204320,01042775,2017,분기보고서_3분기,11014,OFS,000,정상,149,True
HL만도,204320,01042775,2017,사업보고서,11011,CFS,000,정상,213,True
HL만도,204320,01042775,2017,사업보고서,11011,OFS,000,정상,156,True
HL만도,204320,01042775,2018,반기보고서,11012,CFS,000,정상,206,True
HL만도,204320,01042775,2018,반기보고서,11012,OFS,000,정상,155,True
HL만도,204320,01042775,2018,분기보고서_1분기,11013,CFS,000,정상,211,True
HL만도,204320,01042775,2018,분기보고서_1분기,11013,OFS,000,정상,158,True
HL만도,204320,01042775,2018,분기보고서_3분기,11014,CFS,000,정상,209,True
HL만도,204320,01042775,2018,분기보고서_3분기,11014,OFS,000,정상,161,True
HL만도,204320,01042775,2018,사업보고서,11011,CFS,000,정상,239,True
HL만도,204320,01042775,2018,사업보고서,11011,OFS,000,정상,177,True
HL만도,204320,01042775,2019,반기보고서,11012,CFS,000,정상,199,True
HL만도,204320,01042775,2019,반기보고서,11012,OFS,000,정상,152,True
HL만도,204320,01042775,2019,분기보고서_1분기,11013,CFS,000,정상,195,True
HL만도,204320,01042775,2019,분기보고서_1분기,11013,OFS,000,정상,150,True
HL만도,204320,01042775,2019,분기보고서_3분기,11014,CFS,000,정상,202,True
HL만도,204320,01042775,2019,분기보고서_3분기,11014,OFS,000,정상,152,True
HL만도,204320,01042775,2019,사업보고서,11011,CFS,000,정상,228,True
HL만도,204320,01042775,2019,사업보고서,11011,OFS,000,정상,172,True
HL만도,204320,01042775,2020,반기보고서,11012,CFS,000,정상,205,True
HL만도,204320,01042775,2020,반기보고서,11012,OFS,000,정상,156,True
HL만도,204320,01042775,2020,분기보고서_1분기,11013,CFS,000,정상,200,True
HL만도,204320,01042775,2020,분기보고서_1분기,11013,OFS,000,정상,154,True
HL만도,204320,01042775,2020,분기보고서_3분기,11014,CFS,000,정상,223,True
HL만도,204320,01042775,2020,분기보고서_3분기,11014,OFS,000,정상,168,True
HL만도,204320,01042775,2020,사업보고서,11011,CFS,000,정상,242,True
HL만도,204320,01042775,2020,사업보고서,11011,OFS,000,정상,182,True
HL만도,204320,01042775,2021,반기보고서,11012,CFS,000,정상,208,True
HL만도,204320,01042775,2021,반기보고서,11012,OFS,000,정상,157,True
HL만도,204320,01042775,2021,분기보고서_1분기,11013,CFS,000,정상,207,True
HL만도,204320,01042775,2021,분기보고서_1분기,11013,OFS,000,정상,155,True
HL만도,204320,01042775,2021,분기보고서_3분기,11014,CFS,000,정상,236,True
HL만도,204320,01042775,2021,분기보고서_3분기,11014,OFS,000,정상,178,True
HL만도,204320,01042775,2021,사업보고서,11011,CFS,000,정상,252,True
HL만도,204320,01042775,2021,사업보고서,11011,OFS,000,정상,186,True
HL만도,204320,01042775,2022,반기보고서,11012,CFS,000,정상,201,True
HL만도,204320,01042775,2022,반기보고서,11012,OFS,000,정상,149,True
HL만도,204320,01042775,2022,분기보고서_1분기,11013,CFS,000,정상,186,True
HL만도,204320,01042775,2022,분기보고서_1분기,11013,OFS,000,정상,136,True
HL만도,204320,01042775,2022,분기보고서_3분기,11014,CFS,000,정상,228,True
HL만도,204320,01042775,2022,분기보고서_3분기,11014,OFS,000,정상,175,True
HL만도,204320,01042775,2022,사업보고서,11011,CFS,000,정상,265,True
HL만도,204320,01042775,2022,사업보고서,11011,OFS,000,정상,207,True
HL만도,204320,01042775,2023,반기보고서,11012,CFS,000,정상,216,True
HL만도,204320,01042775,2023,반기보고서,11012,OFS,000,정상,147,True
HL만도,204320,01042775,2023,분기보고서_1분기,11013,CFS,000,정상,197,True
HL만도,204320,01042775,2023,분기보고서_1분기,11013,OFS,000,정상,132,True
HL만도,204320,01042775,2023,분기보고서_3분기,11014,CFS,000,정상,242,True
HL만도,204320,01042775,2023,분기보고서_3분기,11014,OFS,000,정상,164,True
HL만도,204320,01042775,2023,사업보고서,11011,CFS,000,정상,269,True
HL만도,204320,01042775,2023,사업보고서,11011,OFS,000,정상,187,True
HL만도,204320,01042775,2024,반기보고서,11012,CFS,000,정상,223,True
HL만도,204320,01042775,2024,반기보고서,11012,OFS,000,정상,149,True
HL만도,204320,01042775,2024,분기보고서_1분기,11013,CFS,000,정상,208,True
HL만도,204320,01042775,2024,분기보고서_1분기,11013,OFS,000,정상,145,True
HL만도,204320,01042775,2024,분기보고서_3분기,11014,CFS,000,정상,240,True
HL만도,204320,01042775,2024,분기보고서_3분기,11014,OFS,000,정상,157,True
HL만도,204320,01042775,2024,사업보고서,11011,CFS,000,정상,278,True
HL만도,204320,01042775,2024,사업보고서,11011,OFS,000,정상,197,True
HL만도,204320,01042775,2025,반기보고서,11012,CFS,000,정상,236,True
HL만도,204320,01042775,2025,반기보고서,11012,OFS,000,정상,152,True
HL만도,204320,01042775,2025,분기보고서_1분기,11013,CFS,000,정상,224,True
HL만도,204320,01042775,2025,분기보고서_1분기,11013,OFS,000,정상,149,True
HL만도,204320,01042775,2025,분기보고서_3분기,11014,CFS,000,정상,248,True
HL만도,204320,01042775,2025,분기보고서_3분기,11014,OFS,000,정상,168,True
HL만도,204320,01042775,2025,사업보고서,11011,CFS,000,정상,288,True
HL만도,204320,01042775,2025,사업보고서,11011,OFS,000,정상,202,True
IPARK현대산업개발,294870,01310269,2017,반기보고서,11012,CFS,013,조회된 데이타가 없습니다.,0,False
IPARK현대산업개발,294870,01310269,2017,반기보고서,11012,OFS,013,조회된 데이타가 없습니다.,0,False
IPARK현대산업개발,294870,01310269,2017,분기보고서_1분기,11013,CFS,013,조회된 데이타가 없습니다.,0,False
IPARK현대산업개발,294870,01310269,2017,분기보고서_1분기,11013,OFS,013,조회된 데이타가 없습니다.,0,False
IPARK현대산업개발,294870,01310269,2017,분기보고서_3분기,11014,CFS,013,조회된 데이타가 없습니다.,0,False
IPARK현대산업개발,294870,01310269,2017,분기보고서_3분기,11014,OFS,013,조회된 데이타가 없습니다.,0,False
IPARK현대산업개발,294870,01310269,2017,사업보고서,11011,CFS,013,조회된 데이타가 없습니다.,0,False
IPARK현대산업개발,294870,01310269,2017,사업보고서,11011,OFS,013,조회된 데이타가 없습니다.,0,False
IPARK현대산업개발,294870,01310269,2018,반기보고서,11012,CFS,000,정상,133,True
IPARK현대산업개발,294870,01310269,2018,반기보고서,11012,OFS,000,정상,121,True
IPARK현대산업개발,294870,01310269,2018,분기보고서_1분기,11013,CFS,013,조회된 데이타가 없습니다.,0,False
IPARK현대산업개발,294870,01310269,2018,분기보고서_1분기,11013,OFS,013,조회된 데이타가 없습니다.,0,False
IPARK현대산업개발,294870,01310269,2018,분기보고서_3분기,11014,CFS,000,정상,136,True
IPARK현대산업개발,294870,01310269,2018,분기보고서_3분기,11014,OFS,000,정상,124,True
IPARK현대산업개발,294870,01310269,2018,사업보고서,11011,CFS,000,정상,144,True
IPARK현대산업개발,294870,01310269,2018,사업보고서,11011,OFS,000,정상,130,True
IPARK현대산업개발,294870,01310269,2019,반기보고서,11012,CFS,000,정상,148,True
IPARK현대산업개발,294870,01310269,2019,반기보고서,11012,OFS,000,정상,135,True
IPARK현대산업개발,294870,01310269,2019,분기보고서_1분기,11013,CFS,000,정상,136,True
IPARK현대산업개발,294870,01310269,2019,분기보고서_1분기,11013,OFS,000,정상,127,True
IPARK현대산업개발,294870,01310269,2019,분기보고서_3분기,11014,CFS,000,정상,151,True
IPARK현대산업개발,294870,01310269,2019,분기보고서_3분기,11014,OFS,000,정상,137,True
IPARK현대산업개발,294870,01310269,2019,사업보고서,11011,CFS,000,정상,160,True
IPARK현대산업개발,294870,01310269,2019,사업보고서,11011,OFS,000,정상,141,True
IPARK현대산업개발,294870,01310269,2020,반기보고서,11012,CFS,000,정상,158,True
IPARK현대산업개발,294870,01310269,2020,반기보고서,11012,OFS,000,정상,141,True
IPARK현대산업개발,294870,01310269,2020,분기보고서_1분기,11013,CFS,000,정상,152,True
IPARK현대산업개발,294870,01310269,2020,분기보고서_1분기,11013,OFS,000,정상,136,True
IPARK현대산업개발,294870,01310269,2020,분기보고서_3분기,11014,CFS,000,정상,160,True
IPARK현대산업개발,294870,01310269,2020,분기보고서_3분기,11014,OFS,000,정상,143,True
IPARK현대산업개발,294870,01310269,2020,사업보고서,11011,CFS,000,정상,162,True
IPARK현대산업개발,294870,01310269,2020,사업보고서,11011,OFS,000,정상,150,True
IPARK현대산업개발,294870,01310269,2021,반기보고서,11012,CFS,000,정상,172,True
IPARK현대산업개발,294870,01310269,2021,반기보고서,11012,OFS,000,정상,143,True
IPARK현대산업개발,294870,01310269,2021,분기보고서_1분기,11013,CFS,000,정상,178,True
IPARK현대산업개발,294870,01310269,2021,분기보고서_1분기,11013,OFS,000,정상,146,True
IPARK현대산업개발,294870,01310269,2021,분기보고서_3분기,11014,CFS,000,정상,186,True
IPARK현대산업개발,294870,01310269,2021,분기보고서_3분기,11014,OFS,000,정상,146,True
IPARK현대산업개발,294870,01310269,2021,사업보고서,11011,CFS,000,정상,183,True
IPARK현대산업개발,294870,01310269,2021,사업보고서,11011,OFS,000,정상,151,True
IPARK현대산업개발,294870,01310269,2022,반기보고서,11012,CFS,000,정상,165,True
IPARK현대산업개발,294870,01310269,2022,반기보고서,11012,OFS,000,정상,138,True
IPARK현대산업개발,294870,01310269,2022,분기보고서_1분기,11013,CFS,000,정상,169,True
IPARK현대산업개발,294870,01310269,2022,분기보고서_1분기,11013,OFS,000,정상,135,True
IPARK현대산업개발,294870,01310269,2022,분기보고서_3분기,11014,CFS,000,정상,175,True
IPARK현대산업개발,294870,01310269,2022,분기보고서_3분기,11014,OFS,000,정상,139,True
IPARK현대산업개발,294870,01310269,2022,사업보고서,11011,CFS,000,정상,186,True
IPARK현대산업개발,294870,01310269,2022,사업보고서,11011,OFS,000,정상,154,True
IPARK현대산업개발,294870,01310269,2023,반기보고서,11012,CFS,000,정상,172,True
IPARK현대산업개발,294870,01310269,2023,반기보고서,11012,OFS,000,정상,146,True
IPARK현대산업개발,294870,01310269,2023,분기보고서_1분기,11013,CFS,000,정상,182,True
IPARK현대산업개발,294870,01310269,2023,분기보고서_1분기,11013,OFS,000,정상,154,True
IPARK현대산업개발,294870,01310269,2023,분기보고서_3분기,11014,CFS,000,정상,169,True
IPARK현대산업개발,294870,01310269,2023,분기보고서_3분기,11014,OFS,000,정상,146,True
IPARK현대산업개발,294870,01310269,2023,사업보고서,11011,CFS,000,정상,190,True
IPARK현대산업개발,294870,01310269,2023,사업보고서,11011,OFS,000,정상,154,True
IPARK현대산업개발,294870,01310269,2024,반기보고서,11012,CFS,000,정상,182,True
IPARK현대산업개발,294870,01310269,2024,반기보고서,11012,OFS,000,정상,152,True
IPARK현대산업개발,294870,01310269,2024,분기보고서_1분기,11013,CFS,000,정상,176,True
IPARK현대산업개발,294870,01310269,2024,분기보고서_1분기,11013,OFS,000,정상,145,True
IPARK현대산업개발,294870,01310269,2024,분기보고서_3분기,11014,CFS,000,정상,183,True
IPARK현대산업개발,294870,01310269,2024,분기보고서_3분기,11014,OFS,000,정상,159,True
IPARK현대산업개발,294870,01310269,2024,사업보고서,11011,CFS,000,정상,213,True
IPARK현대산업개발,294870,01310269,2024,사업보고서,11011,OFS,000,정상,160,True
IPARK현대산업개발,294870,01310269,2025,반기보고서,11012,CFS,000,정상,220,True
IPARK현대산업개발,294870,01310269,2025,반기보고서,11012,OFS,000,정상,173,True
IPARK현대산업개발,294870,01310269,2025,분기보고서_1분기,11013,CFS,000,정상,214,True
IPARK현대산업개발,294870,01310269,2025,분기보고서_1분기,11013,OFS,000,정상,162,True
IPARK현대산업개발,294870,01310269,2025,분기보고서_3분기,11014,CFS,000,정상,217,True
IPARK현대산업개발,294870,01310269,2025,분기보고서_3분기,11014,OFS,000,정상,172,True
IPARK현대산업개발,294870,01310269,2025,사업보고서,11011,CFS,000,정상,221,True
IPARK현대산업개발,294870,01310269,2025,사업보고서,11011,OFS,000,정상,181,True
JYP Ent.,035900,00258689,2017,반기보고서,11012,CFS,000,정상,146,True
JYP Ent.,035900,00258689,2017,반기보고서,11012,OFS,000,정상,118,True
JYP Ent.,035900,00258689,2017,분기보고서_1분기,11013,CFS,000,정상,163,True
JYP Ent.,035900,00258689,2017,분기보고서_1분기,11013,OFS,000,정상,135,True
JYP Ent.,035900,00258689,2017,분기보고서_3분기,11014,CFS,000,정상,144,True
JYP Ent.,035900,00258689,2017,분기보고서_3분기,11014,OFS,000,정상,118,True
JYP Ent.,035900,00258689,2017,사업보고서,11011,CFS,000,정상,161,True
JYP Ent.,035900,00258689,2017,사업보고서,11011,OFS,000,정상,141,True
JYP Ent.,035900,00258689,2018,반기보고서,11012,CFS,000,정상,155,True
JYP Ent.,035900,00258689,2018,반기보고서,11012,OFS,000,정상,128,True
JYP Ent.,035900,00258689,2018,분기보고서_1분기,11013,CFS,000,정상,131,True
JYP Ent.,035900,00258689,2018,분기보고서_1분기,11013,OFS,000,정상,115,True
JYP Ent.,035900,00258689,2018,분기보고서_3분기,11014,CFS,000,정상,157,True
JYP Ent.,035900,00258689,2018,분기보고서_3분기,11014,OFS,000,정상,128,True
JYP Ent.,035900,00258689,2018,사업보고서,11011,CFS,000,정상,180,True
JYP Ent.,035900,00258689,2018,사업보고서,11011,OFS,000,정상,138,True
JYP Ent.,035900,00258689,2019,반기보고서,11012,CFS,000,정상,162,True
JYP Ent.,035900,00258689,2019,반기보고서,11012,OFS,000,정상,148,True
JYP Ent.,035900,00258689,2019,분기보고서_1분기,11013,CFS,000,정상,139,True
JYP Ent.,035900,00258689,2019,분기보고서_1분기,11013,OFS,000,정상,113,True
JYP Ent.,035900,00258689,2019,분기보고서_3분기,11014,CFS,000,정상,161,True
JYP Ent.,035900,00258689,2019,분기보고서_3분기,11014,OFS,000,정상,126,True
JYP Ent.,035900,00258689,2019,사업보고서,11011,CFS,000,정상,191,True
JYP Ent.,035900,00258689,2019,사업보고서,11011,OFS,000,정상,152,True
JYP Ent.,035900,00258689,2020,반기보고서,11012,CFS,000,정상,225,True
JYP Ent.,035900,00258689,2020,반기보고서,11012,OFS,000,정상,179,True
JYP Ent.,035900,00258689,2020,분기보고서_1분기,11013,CFS,000,정상,221,True
JYP Ent.,035900,00258689,2020,분기보고서_1분기,11013,OFS,000,정상,175,True
JYP Ent.,035900,00258689,2020,분기보고서_3분기,11014,CFS,000,정상,226,True
JYP Ent.,035900,00258689,2020,분기보고서_3분기,11014,OFS,000,정상,180,True
JYP Ent.,035900,00258689,2020,사업보고서,11011,CFS,000,정상,228,True
JYP Ent.,035900,00258689,2020,사업보고서,11011,OFS,000,정상,181,True
JYP Ent.,035900,00258689,2021,반기보고서,11012,CFS,000,정상,250,True
JYP Ent.,035900,00258689,2021,반기보고서,11012,OFS,000,정상,185,True
JYP Ent.,035900,00258689,2021,분기보고서_1분기,11013,CFS,000,정상,241,True
JYP Ent.,035900,00258689,2021,분기보고서_1분기,11013,OFS,000,정상,184,True
JYP Ent.,035900,00258689,2021,분기보고서_3분기,11014,CFS,000,정상,167,True
JYP Ent.,035900,00258689,2021,분기보고서_3분기,11014,OFS,000,정상,144,True
JYP Ent.,035900,00258689,2021,사업보고서,11011,CFS,000,정상,195,True
JYP Ent.,035900,00258689,2021,사업보고서,11011,OFS,000,정상,156,True
JYP Ent.,035900,00258689,2022,반기보고서,11012,CFS,000,정상,202,True
JYP Ent.,035900,00258689,2022,반기보고서,11012,OFS,000,정상,156,True
JYP Ent.,035900,00258689,2022,분기보고서_1분기,11013,CFS,000,정상,157,True
JYP Ent.,035900,00258689,2022,분기보고서_1분기,11013,OFS,000,정상,124,True
JYP Ent.,035900,00258689,2022,분기보고서_3분기,11014,CFS,000,정상,204,True
JYP Ent.,035900,00258689,2022,분기보고서_3분기,11014,OFS,000,정상,159,True
JYP Ent.,035900,00258689,2022,사업보고서,11011,CFS,000,정상,204,True
JYP Ent.,035900,00258689,2022,사업보고서,11011,OFS,000,정상,156,True
JYP Ent.,035900,00258689,2023,반기보고서,11012,CFS,000,정상,170,True
JYP Ent.,035900,00258689,2023,반기보고서,11012,OFS,000,정상,132,True
JYP Ent.,035900,00258689,2023,분기보고서_1분기,11013,CFS,000,정상,156,True
JYP Ent.,035900,00258689,2023,분기보고서_1분기,11013,OFS,000,정상,119,True
JYP Ent.,035900,00258689,2023,분기보고서_3분기,11014,CFS,000,정상,184,True
JYP Ent.,035900,00258689,2023,분기보고서_3분기,11014,OFS,000,정상,140,True
JYP Ent.,035900,00258689,2023,사업보고서,11011,CFS,000,정상,196,True
JYP Ent.,035900,00258689,2023,사업보고서,11011,OFS,000,정상,158,True
JYP Ent.,035900,00258689,2024,반기보고서,11012,CFS,000,정상,185,True
JYP Ent.,035900,00258689,2024,반기보고서,11012,OFS,000,정상,141,True
JYP Ent.,035900,00258689,2024,분기보고서_1분기,11013,CFS,000,정상,174,True
JYP Ent.,035900,00258689,2024,분기보고서_1분기,11013,OFS,000,정상,130,True
JYP Ent.,035900,00258689,2024,분기보고서_3분기,11014,CFS,000,정상,190,True
JYP Ent.,035900,00258689,2024,분기보고서_3분기,11014,OFS,000,정상,144,True
JYP Ent.,035900,00258689,2024,사업보고서,11011,CFS,000,정상,202,True
JYP Ent.,035900,00258689,2024,사업보고서,11011,OFS,000,정상,151,True
JYP Ent.,035900,00258689,2025,반기보고서,11012,CFS,000,정상,226,True
JYP Ent.,035900,00258689,2025,반기보고서,11012,OFS,000,정상,168,True
JYP Ent.,035900,00258689,2025,분기보고서_1분기,11013,CFS,000,정상,211,True
JYP Ent.,035900,00258689,2025,분기보고서_1분기,11013,OFS,000,정상,164,True
JYP Ent.,035900,00258689,2025,분기보고서_3분기,11014,CFS,000,정상,230,True
JYP Ent.,035900,00258689,2025,분기보고서_3분기,11014,OFS,000,정상,180,True
JYP Ent.,035900,00258689,2025,사업보고서,11011,CFS,000,정상,271,True
JYP Ent.,035900,00258689,2025,사업보고서,11011,OFS,000,정상,197,True
KB금융,105560,00688996,2017,반기보고서,11012,CFS,013,조회된 데이타가 없습니다.,0,False
KB금융,105560,00688996,2017,반기보고서,11012,OFS,013,조회된 데이타가 없습니다.,0,False
KB금융,105560,00688996,2017,분기보고서_1분기,11013,CFS,013,조회된 데이타가 없습니다.,0,False
KB금융,105560,00688996,2017,분기보고서_1분기,11013,OFS,013,조회된 데이타가 없습니다.,0,False
KB금융,105560,00688996,2017,분기보고서_3분기,11014,CFS,013,조회된 데이타가 없습니다.,0,False
KB금융,105560,00688996,2017,분기보고서_3분기,11014,OFS,013,조회된 데이타가 없습니다.,0,False
KB금융,105560,00688996,2017,사업보고서,11011,CFS,013,조회된 데이타가 없습니다.,0,False
KB금융,105560,00688996,2017,사업보고서,11011,OFS,013,조회된 데이타가 없습니다.,0,False
KB금융,105560,00688996,2018,반기보고서,11012,CFS,013,조회된 데이타가 없습니다.,0,False
KB금융,105560,00688996,2018,반기보고서,11012,OFS,013,조회된 데이타가 없습니다.,0,False
KB금융,105560,00688996,2018,분기보고서_1분기,11013,CFS,013,조회된 데이타가 없습니다.,0,False
KB금융,105560,00688996,2018,분기보고서_1분기,11013,OFS,013,조회된 데이타가 없습니다.,0,False
KB금융,105560,00688996,2018,분기보고서_3분기,11014,CFS,013,조회된 데이타가 없습니다.,0,False
KB금융,105560,00688996,2018,분기보고서_3분기,11014,OFS,013,조회된 데이타가 없습니다.,0,False
KB금융,105560,00688996,2018,사업보고서,11011,CFS,013,조회된 데이타가 없습니다.,0,False
KB금융,105560,00688996,2018,사업보고서,11011,OFS,013,조회된 데이타가 없습니다.,0,False
KB금융,105560,00688996,2019,반기보고서,11012,CFS,013,조회된 데이타가 없습니다.,0,False
KB금융,105560,00688996,2019,반기보고서,11012,OFS,013,조회된 데이타가 없습니다.,0,False
KB금융,105560,00688996,2019,분기보고서_1분기,11013,CFS,013,조회된 데이타가 없습니다.,0,False
KB금융,105560,00688996,2019,분기보고서_1분기,11013,OFS,013,조회된 데이타가 없습니다.,0,False
KB금융,105560,00688996,2019,분기보고서_3분기,11014,CFS,013,조회된 데이타가 없습니다.,0,False
KB금융,105560,00688996,2019,분기보고서_3분기,11014,OFS,013,조회된 데이타가 없습니다.,0,False
KB금융,105560,00688996,2019,사업보고서,11011,CFS,013,조회된 데이타가 없습니다.,0,False
KB금융,105560,00688996,2019,사업보고서,11011,OFS,013,조회된 데이타가 없습니다.,0,False
KB금융,105560,00688996,2020,반기보고서,11012,CFS,013,조회된 데이타가 없습니다.,0,False
KB금융,105560,00688996,2020,반기보고서,11012,OFS,013,조회된 데이타가 없습니다.,0,False
KB금융,105560,00688996,2020,분기보고서_1분기,11013,CFS,013,조회된 데이타가 없습니다.,0,False
KB금융,105560,00688996,2020,분기보고서_1분기,11013,OFS,013,조회된 데이타가 없습니다.,0,False
KB금융,105560,00688996,2020,분기보고서_3분기,11014,CFS,013,조회된 데이타가 없습니다.,0,False
KB금융,105560,00688996,2020,분기보고서_3분기,11014,OFS,013,조회된 데이타가 없습니다.,0,False
KB금융,105560,00688996,2020,사업보고서,11011,CFS,013,조회된 데이타가 없습니다.,0,False
KB금융,105560,00688996,2020,사업보고서,11011,OFS,013,조회된 데이타가 없습니다.,0,False
KB금융,105560,00688996,2021,반기보고서,11012,CFS,013,조회된 데이타가 없습니다.,0,False
KB금융,105560,00688996,2021,반기보고서,11012,OFS,013,조회된 데이타가 없습니다.,0,False
KB금융,105560,00688996,2021,분기보고서_1분기,11013,CFS,013,조회된 데이타가 없습니다.,0,False
KB금융,105560,00688996,2021,분기보고서_1분기,11013,OFS,013,조회된 데이타가 없습니다.,0,False
KB금융,105560,00688996,2021,분기보고서_3분기,11014,CFS,013,조회된 데이타가 없습니다.,0,False
KB금융,105560,00688996,2021,분기보고서_3분기,11014,OFS,013,조회된 데이타가 없습니다.,0,False
KB금융,105560,00688996,2021,사업보고서,11011,CFS,013,조회된 데이타가 없습니다.,0,False
KB금융,105560,00688996,2021,사업보고서,11011,OFS,013,조회된 데이타가 없습니다.,0,False
KB금융,105560,00688996,2022,반기보고서,11012,CFS,013,조회된 데이타가 없습니다.,0,False
KB금융,105560,00688996,2022,반기보고서,11012,OFS,013,조회된 데이타가 없습니다.,0,False
KB금융,105560,00688996,2022,분기보고서_1분기,11013,CFS,013,조회된 데이타가 없습니다.,0,False
KB금융,105560,00688996,2022,분기보고서_1분기,11013,OFS,013,조회된 데이타가 없습니다.,0,False
KB금융,105560,00688996,2022,분기보고서_3분기,11014,CFS,013,조회된 데이타가 없습니다.,0,False
KB금융,105560,00688996,2022,분기보고서_3분기,11014,OFS,013,조회된 데이타가 없습니다.,0,False
KB금융,105560,00688996,2022,사업보고서,11011,CFS,013,조회된 데이타가 없습니다.,0,False
KB금융,105560,00688996,2022,사업보고서,11011,OFS,013,조회된 데이타가 없습니다.,0,False
KB금융,105560,00688996,2023,반기보고서,11012,CFS,013,조회된 데이타가 없습니다.,0,False
KB금융,105560,00688996,2023,반기보고서,11012,OFS,013,조회된 데이타가 없습니다.,0,False
KB금융,105560,00688996,2023,분기보고서_1분기,11013,CFS,013,조회된 데이타가 없습니다.,0,False
KB금융,105560,00688996,2023,분기보고서_1분기,11013,OFS,013,조회된 데이타가 없습니다.,0,False
KB금융,105560,00688996,2023,분기보고서_3분기,11014,CFS,000,정상,369,True
KB금융,105560,00688996,2023,분기보고서_3분기,11014,OFS,000,정상,160,True
KB금융,105560,00688996,2023,사업보고서,11011,CFS,000,정상,425,True
KB금융,105560,00688996,2023,사업보고서,11011,OFS,000,정상,157,True
KB금융,105560,00688996,2024,반기보고서,11012,CFS,000,정상,364,True
KB금융,105560,00688996,2024,반기보고서,11012,OFS,000,정상,183,True
KB금융,105560,00688996,2024,분기보고서_1분기,11013,CFS,000,정상,337,True
KB금융,105560,00688996,2024,분기보고서_1분기,11013,OFS,000,정상,154,True
KB금융,105560,00688996,2024,분기보고서_3분기,11014,CFS,000,정상,364,True
KB금융,105560,00688996,2024,분기보고서_3분기,11014,OFS,000,정상,186,True
KB금융,105560,00688996,2024,사업보고서,11011,CFS,000,정상,390,True
KB금융,105560,00688996,2024,사업보고서,11011,OFS,000,정상,186,True
KB금융,105560,00688996,2025,반기보고서,11012,CFS,000,정상,346,True
KB금융,105560,00688996,2025,반기보고서,11012,OFS,000,정상,181,True
KB금융,105560,00688996,2025,분기보고서_1분기,11013,CFS,000,정상,325,True
KB금융,105560,00688996,2025,분기보고서_1분기,11013,OFS,000,정상,156,True
KB금융,105560,00688996,2025,분기보고서_3분기,11014,CFS,000,정상,346,True
KB금융,105560,00688996,2025,분기보고서_3분기,11014,OFS,000,정상,183,True
KB금융,105560,00688996,2025,사업보고서,11011,CFS,000,정상,349,True
KB금융,105560,00688996,2025,사업보고서,11011,OFS,000,정상,186,True
KCC,002380,00105271,2017,반기보고서,11012,CFS,000,정상,194,True
KCC,002380,00105271,2017,반기보고서,11012,OFS,000,정상,167,True
KCC,002380,00105271,2017,분기보고서_1분기,11013,CFS,000,정상,210,True
KCC,002380,00105271,2017,분기보고서_1분기,11013,OFS,000,정상,184,True
KCC,002380,00105271,2017,분기보고서_3분기,11014,CFS,000,정상,195,True
KCC,002380,00105271,2017,분기보고서_3분기,11014,OFS,000,정상,163,True
KCC,002380,00105271,2017,사업보고서,11011,CFS,000,정상,219,True
KCC,002380,00105271,2017,사업보고서,11011,OFS,000,정상,186,True
KCC,002380,00105271,2018,반기보고서,11012,CFS,000,정상,191,True
KCC,002380,00105271,2018,반기보고서,11012,OFS,000,정상,167,True
KCC,002380,00105271,2018,분기보고서_1분기,11013,CFS,000,정상,187,True
KCC,002380,00105271,2018,분기보고서_1분기,11013,OFS,000,정상,159,True
KCC,002380,00105271,2018,분기보고서_3분기,11014,CFS,000,정상,196,True
KCC,002380,00105271,2018,분기보고서_3분기,11014,OFS,000,정상,170,True
KCC,002380,00105271,2018,사업보고서,11011,CFS,000,정상,216,True
KCC,002380,00105271,2018,사업보고서,11011,OFS,000,정상,192,True
KCC,002380,00105271,2019,반기보고서,11012,CFS,000,정상,197,True
KCC,002380,00105271,2019,반기보고서,11012,OFS,000,정상,170,True
KCC,002380,00105271,2019,분기보고서_1분기,11013,CFS,000,정상,189,True
KCC,002380,00105271,2019,분기보고서_1분기,11013,OFS,000,정상,160,True
KCC,002380,00105271,2019,분기보고서_3분기,11014,CFS,000,정상,200,True
KCC,002380,00105271,2019,분기보고서_3분기,11014,OFS,000,정상,175,True
KCC,002380,00105271,2019,사업보고서,11011,CFS,000,정상,232,True
KCC,002380,00105271,2019,사업보고서,11011,OFS,000,정상,203,True
KCC,002380,00105271,2020,반기보고서,11012,CFS,000,정상,222,True
KCC,002380,00105271,2020,반기보고서,11012,OFS,000,정상,198,True
KCC,002380,00105271,2020,분기보고서_1분기,11013,CFS,000,정상,214,True
KCC,002380,00105271,2020,분기보고서_1분기,11013,OFS,000,정상,181,True
KCC,002380,00105271,2020,분기보고서_3분기,11014,CFS,000,정상,234,True
KCC,002380,00105271,2020,분기보고서_3분기,11014,OFS,000,정상,204,True
KCC,002380,00105271,2020,사업보고서,11011,CFS,000,정상,267,True
KCC,002380,00105271,2020,사업보고서,11011,OFS,000,정상,220,True
KCC,002380,00105271,2021,반기보고서,11012,CFS,000,정상,234,True
KCC,002380,00105271,2021,반기보고서,11012,OFS,000,정상,195,True
KCC,002380,00105271,2021,분기보고서_1분기,11013,CFS,000,정상,230,True
KCC,002380,00105271,2021,분기보고서_1분기,11013,OFS,000,정상,193,True
KCC,002380,00105271,2021,분기보고서_3분기,11014,CFS,000,정상,240,True
KCC,002380,00105271,2021,분기보고서_3분기,11014,OFS,000,정상,201,True
KCC,002380,00105271,2021,사업보고서,11011,CFS,000,정상,273,True
KCC,002380,00105271,2021,사업보고서,11011,OFS,000,정상,224,True
KCC,002380,00105271,2022,반기보고서,11012,CFS,000,정상,224,True
KCC,002380,00105271,2022,반기보고서,11012,OFS,000,정상,190,True
KCC,002380,00105271,2022,분기보고서_1분기,11013,CFS,000,정상,220,True
KCC,002380,00105271,2022,분기보고서_1분기,11013,OFS,000,정상,184,True
KCC,002380,00105271,2022,분기보고서_3분기,11014,CFS,000,정상,226,True
KCC,002380,00105271,2022,분기보고서_3분기,11014,OFS,000,정상,192,True
KCC,002380,00105271,2022,사업보고서,11011,CFS,000,정상,264,True
KCC,002380,00105271,2022,사업보고서,11011,OFS,000,정상,216,True
KCC,002380,00105271,2023,반기보고서,11012,CFS,000,정상,218,True
KCC,002380,00105271,2023,반기보고서,11012,OFS,000,정상,179,True
KCC,002380,00105271,2023,분기보고서_1분기,11013,CFS,000,정상,212,True
KCC,002380,00105271,2023,분기보고서_1분기,11013,OFS,000,정상,174,True
KCC,002380,00105271,2023,분기보고서_3분기,11014,CFS,000,정상,284,True
KCC,002380,00105271,2023,분기보고서_3분기,11014,OFS,000,정상,202,True
KCC,002380,00105271,2023,사업보고서,11011,CFS,000,정상,257,True
KCC,002380,00105271,2023,사업보고서,11011,OFS,000,정상,203,True
KCC,002380,00105271,2024,반기보고서,11012,CFS,000,정상,278,True
KCC,002380,00105271,2024,반기보고서,11012,OFS,000,정상,187,True
KCC,002380,00105271,2024,분기보고서_1분기,11013,CFS,000,정상,223,True
KCC,002380,00105271,2024,분기보고서_1분기,11013,OFS,000,정상,168,True
KCC,002380,00105271,2024,분기보고서_3분기,11014,CFS,000,정상,245,True
KCC,002380,00105271,2024,분기보고서_3분기,11014,OFS,000,정상,178,True
KCC,002380,00105271,2024,사업보고서,11011,CFS,000,정상,265,True
KCC,002380,00105271,2024,사업보고서,11011,OFS,000,정상,200,True
KCC,002380,00105271,2025,반기보고서,11012,CFS,000,정상,248,True
KCC,002380,00105271,2025,반기보고서,11012,OFS,000,정상,184,True
KCC,002380,00105271,2025,분기보고서_1분기,11013,CFS,000,정상,240,True
KCC,002380,00105271,2025,분기보고서_1분기,11013,OFS,000,정상,176,True
KCC,002380,00105271,2025,분기보고서_3분기,11014,CFS,000,정상,253,True
KCC,002380,00105271,2025,분기보고서_3분기,11014,OFS,000,정상,188,True
KCC,002380,00105271,2025,사업보고서,11011,CFS,000,정상,276,True
KCC,002380,00105271,2025,사업보고서,11011,OFS,000,정상,203,True
KT,030200,00190321,2017,반기보고서,11012,CFS,000,정상,183,True
KT,030200,00190321,2017,반기보고서,11012,OFS,000,정상,124,True
KT,030200,00190321,2017,분기보고서_1분기,11013,CFS,000,정상,196,True
KT,030200,00190321,2017,분기보고서_1분기,11013,OFS,000,정상,132,True
KT,030200,00190321,2017,분기보고서_3분기,11014,CFS,000,정상,173,True
KT,030200,00190321,2017,분기보고서_3분기,11014,OFS,000,정상,120,True
KT,030200,00190321,2017,사업보고서,11011,CFS,000,정상,186,True
KT,030200,00190321,2017,사업보고서,11011,OFS,000,정상,124,True
KT,030200,00190321,2018,반기보고서,11012,CFS,000,정상,193,True
KT,030200,00190321,2018,반기보고서,11012,OFS,000,정상,134,True
KT,030200,00190321,2018,분기보고서_1분기,11013,CFS,000,정상,169,True
KT,030200,00190321,2018,분기보고서_1분기,11013,OFS,000,정상,119,True
KT,030200,00190321,2018,분기보고서_3분기,11014,CFS,000,정상,195,True
KT,030200,00190321,2018,분기보고서_3분기,11014,OFS,000,정상,140,True
KT,030200,00190321,2018,사업보고서,11011,CFS,000,정상,209,True
KT,030200,00190321,2018,사업보고서,11011,OFS,000,정상,143,True
KT,030200,00190321,2019,반기보고서,11012,CFS,000,정상,188,True
KT,030200,00190321,2019,반기보고서,11012,OFS,000,정상,125,True
KT,030200,00190321,2019,분기보고서_1분기,11013,CFS,000,정상,178,True
KT,030200,00190321,2019,분기보고서_1분기,11013,OFS,000,정상,119,True
KT,030200,00190321,2019,분기보고서_3분기,11014,CFS,000,정상,187,True
KT,030200,00190321,2019,분기보고서_3분기,11014,OFS,000,정상,127,True
KT,030200,00190321,2019,사업보고서,11011,CFS,000,정상,213,True
KT,030200,00190321,2019,사업보고서,11011,OFS,000,정상,152,True
KT,030200,00190321,2020,반기보고서,11012,CFS,000,정상,189,True
KT,030200,00190321,2020,반기보고서,11012,OFS,000,정상,125,True
KT,030200,00190321,2020,분기보고서_1분기,11013,CFS,000,정상,181,True
KT,030200,00190321,2020,분기보고서_1분기,11013,OFS,000,정상,118,True
KT,030200,00190321,2020,분기보고서_3분기,11014,CFS,000,정상,190,True
KT,030200,00190321,2020,분기보고서_3분기,11014,OFS,000,정상,129,True
KT,030200,00190321,2020,사업보고서,11011,CFS,000,정상,196,True
KT,030200,00190321,2020,사업보고서,11011,OFS,000,정상,141,True
KT,030200,00190321,2021,반기보고서,11012,CFS,000,정상,187,True
KT,030200,00190321,2021,반기보고서,11012,OFS,000,정상,123,True
KT,030200,00190321,2021,분기보고서_1분기,11013,CFS,000,정상,177,True
KT,030200,00190321,2021,분기보고서_1분기,11013,OFS,000,정상,119,True
KT,030200,00190321,2021,분기보고서_3분기,11014,CFS,000,정상,192,True
KT,030200,00190321,2021,분기보고서_3분기,11014,OFS,000,정상,128,True
KT,030200,00190321,2021,사업보고서,11011,CFS,000,정상,193,True
KT,030200,00190321,2021,사업보고서,11011,OFS,000,정상,136,True
KT,030200,00190321,2022,반기보고서,11012,CFS,000,정상,190,True
KT,030200,00190321,2022,반기보고서,11012,OFS,000,정상,124,True
KT,030200,00190321,2022,분기보고서_1분기,11013,CFS,000,정상,182,True
KT,030200,00190321,2022,분기보고서_1분기,11013,OFS,000,정상,121,True
KT,030200,00190321,2022,분기보고서_3분기,11014,CFS,000,정상,201,True
KT,030200,00190321,2022,분기보고서_3분기,11014,OFS,000,정상,126,True
KT,030200,00190321,2022,사업보고서,11011,CFS,000,정상,199,True
KT,030200,00190321,2022,사업보고서,11011,OFS,000,정상,136,True
KT,030200,00190321,2023,반기보고서,11012,CFS,000,정상,199,True
KT,030200,00190321,2023,반기보고서,11012,OFS,000,정상,132,True
KT,030200,00190321,2023,분기보고서_1분기,11013,CFS,000,정상,190,True
KT,030200,00190321,2023,분기보고서_1분기,11013,OFS,000,정상,122,True
KT,030200,00190321,2023,분기보고서_3분기,11014,CFS,000,정상,289,True
KT,030200,00190321,2023,분기보고서_3분기,11014,OFS,000,정상,171,True
KT,030200,00190321,2023,사업보고서,11011,CFS,000,정상,263,True
KT,030200,00190321,2023,사업보고서,11011,OFS,000,정상,159,True
KT,030200,00190321,2024,반기보고서,11012,CFS,000,정상,252,True
KT,030200,00190321,2024,반기보고서,11012,OFS,000,정상,161,True
KT,030200,00190321,2024,분기보고서_1분기,11013,CFS,000,정상,231,True
KT,030200,00190321,2024,분기보고서_1분기,11013,OFS,000,정상,153,True
KT,030200,00190321,2024,분기보고서_3분기,11014,CFS,000,정상,261,True
KT,030200,00190321,2024,분기보고서_3분기,11014,OFS,000,정상,163,True
KT,030200,00190321,2024,사업보고서,11011,CFS,000,정상,270,True
KT,030200,00190321,2024,사업보고서,11011,OFS,000,정상,165,True
KT,030200,00190321,2025,반기보고서,11012,CFS,000,정상,252,True
KT,030200,00190321,2025,반기보고서,11012,OFS,000,정상,160,True
KT,030200,00190321,2025,분기보고서_1분기,11013,CFS,000,정상,241,True
KT,030200,00190321,2025,분기보고서_1분기,11013,OFS,000,정상,152,True
KT,030200,00190321,2025,분기보고서_3분기,11014,CFS,000,정상,252,True
KT,030200,00190321,2025,분기보고서_3분기,11014,OFS,000,정상,160,True
KT,030200,00190321,2025,사업보고서,11011,CFS,000,정상,262,True
KT,030200,00190321,2025,사업보고서,11011,OFS,000,정상,165,True
KT&G,033780,00244455,2017,반기보고서,11012,CFS,000,정상,347,True
KT&G,033780,00244455,2017,반기보고서,11012,OFS,000,정상,244,True
KT&G,033780,00244455,2017,분기보고서_1분기,11013,CFS,000,정상,339,True
KT&G,033780,00244455,2017,분기보고서_1분기,11013,OFS,000,정상,234,True
KT&G,033780,00244455,2017,분기보고서_3분기,11014,CFS,000,정상,198,True
KT&G,033780,00244455,2017,분기보고서_3분기,11014,OFS,000,정상,145,True
KT&G,033780,00244455,2017,사업보고서,11011,CFS,000,정상,221,True
KT&G,033780,00244455,2017,사업보고서,11011,OFS,000,정상,150,True
KT&G,033780,00244455,2018,반기보고서,11012,CFS,000,정상,198,True
KT&G,033780,00244455,2018,반기보고서,11012,OFS,000,정상,160,True
KT&G,033780,00244455,2018,분기보고서_1분기,11013,CFS,000,정상,187,True
KT&G,033780,00244455,2018,분기보고서_1분기,11013,OFS,000,정상,156,True
KT&G,033780,00244455,2018,분기보고서_3분기,11014,CFS,000,정상,197,True
KT&G,033780,00244455,2018,분기보고서_3분기,11014,OFS,000,정상,159,True
KT&G,033780,00244455,2018,사업보고서,11011,CFS,000,정상,227,True
KT&G,033780,00244455,2018,사업보고서,11011,OFS,000,정상,169,True
KT&G,033780,00244455,2019,반기보고서,11012,CFS,000,정상,191,True
KT&G,033780,00244455,2019,반기보고서,11012,OFS,000,정상,158,True
KT&G,033780,00244455,2019,분기보고서_1분기,11013,CFS,000,정상,177,True
KT&G,033780,00244455,2019,분기보고서_1분기,11013,OFS,000,정상,153,True
KT&G,033780,00244455,2019,분기보고서_3분기,11014,CFS,000,정상,194,True
KT&G,033780,00244455,2019,분기보고서_3분기,11014,OFS,000,정상,161,True
KT&G,033780,00244455,2019,사업보고서,11011,CFS,000,정상,216,True
KT&G,033780,00244455,2019,사업보고서,11011,OFS,000,정상,177,True
KT&G,033780,00244455,2020,반기보고서,11012,CFS,000,정상,187,True
KT&G,033780,00244455,2020,반기보고서,11012,OFS,000,정상,154,True
KT&G,033780,00244455,2020,분기보고서_1분기,11013,CFS,000,정상,174,True
KT&G,033780,00244455,2020,분기보고서_1분기,11013,OFS,000,정상,151,True
KT&G,033780,00244455,2020,분기보고서_3분기,11014,CFS,000,정상,197,True
KT&G,033780,00244455,2020,분기보고서_3분기,11014,OFS,000,정상,162,True
KT&G,033780,00244455,2020,사업보고서,11011,CFS,000,정상,215,True
KT&G,033780,00244455,2020,사업보고서,11011,OFS,000,정상,172,True
KT&G,033780,00244455,2021,반기보고서,11012,CFS,000,정상,183,True
KT&G,033780,00244455,2021,반기보고서,11012,OFS,000,정상,155,True
KT&G,033780,00244455,2021,분기보고서_1분기,11013,CFS,000,정상,178,True
KT&G,033780,00244455,2021,분기보고서_1분기,11013,OFS,000,정상,150,True
KT&G,033780,00244455,2021,분기보고서_3분기,11014,CFS,000,정상,193,True
KT&G,033780,00244455,2021,분기보고서_3분기,11014,OFS,000,정상,164,True
KT&G,033780,00244455,2021,사업보고서,11011,CFS,000,정상,224,True
KT&G,033780,00244455,2021,사업보고서,11011,OFS,000,정상,172,True
KT&G,033780,00244455,2022,반기보고서,11012,CFS,000,정상,191,True
KT&G,033780,00244455,2022,반기보고서,11012,OFS,000,정상,153,True
KT&G,033780,00244455,2022,분기보고서_1분기,11013,CFS,000,정상,188,True
KT&G,033780,00244455,2022,분기보고서_1분기,11013,OFS,000,정상,150,True
KT&G,033780,00244455,2022,분기보고서_3분기,11014,CFS,000,정상,192,True
KT&G,033780,00244455,2022,분기보고서_3분기,11014,OFS,000,정상,155,True
KT&G,033780,00244455,2022,사업보고서,11011,CFS,000,정상,208,True
KT&G,033780,00244455,2022,사업보고서,11011,OFS,000,정상,166,True
KT&G,033780,00244455,2023,반기보고서,11012,CFS,000,정상,211,True
KT&G,033780,00244455,2023,반기보고서,11012,OFS,000,정상,161,True
KT&G,033780,00244455,2023,분기보고서_1분기,11013,CFS,000,정상,197,True
KT&G,033780,00244455,2023,분기보고서_1분기,11013,OFS,000,정상,150,True
KT&G,033780,00244455,2023,분기보고서_3분기,11014,CFS,000,정상,221,True
KT&G,033780,00244455,2023,분기보고서_3분기,11014,OFS,000,정상,171,True
KT&G,033780,00244455,2023,사업보고서,11011,CFS,000,정상,298,True
KT&G,033780,00244455,2023,사업보고서,11011,OFS,000,정상,216,True
KT&G,033780,00244455,2024,반기보고서,11012,CFS,000,정상,284,True
KT&G,033780,00244455,2024,반기보고서,11012,OFS,000,정상,206,True
KT&G,033780,00244455,2024,분기보고서_1분기,11013,CFS,000,정상,267,True
KT&G,033780,00244455,2024,분기보고서_1분기,11013,OFS,000,정상,193,True
KT&G,033780,00244455,2024,분기보고서_3분기,11014,CFS,000,정상,303,True
KT&G,033780,00244455,2024,분기보고서_3분기,11014,OFS,000,정상,214,True
KT&G,033780,00244455,2024,사업보고서,11011,CFS,000,정상,303,True
KT&G,033780,00244455,2024,사업보고서,11011,OFS,000,정상,219,True
KT&G,033780,00244455,2025,반기보고서,11012,CFS,000,정상,290,True
KT&G,033780,00244455,2025,반기보고서,11012,OFS,000,정상,211,True
KT&G,033780,00244455,2025,분기보고서_1분기,11013,CFS,000,정상,262,True
KT&G,033780,00244455,2025,분기보고서_1분기,11013,OFS,000,정상,194,True
KT&G,033780,00244455,2025,분기보고서_3분기,11014,CFS,000,정상,302,True
KT&G,033780,00244455,2025,분기보고서_3분기,11014,OFS,000,정상,222,True
KT&G,033780,00244455,2025,사업보고서,11011,CFS,000,정상,315,True
KT&G,033780,00244455,2025,사업보고서,11011,OFS,000,정상,223,True
LG유플러스,032640,00231363,2017,반기보고서,11012,CFS,000,정상,164,True
LG유플러스,032640,00231363,2017,반기보고서,11012,OFS,000,정상,143,True
LG유플러스,032640,00231363,2017,분기보고서_1분기,11013,CFS,000,정상,178,True
LG유플러스,032640,00231363,2017,분기보고서_1분기,11013,OFS,000,정상,149,True
LG유플러스,032640,00231363,2017,분기보고서_3분기,11014,CFS,000,정상,177,True
LG유플러스,032640,00231363,2017,분기보고서_3분기,11014,OFS,000,정상,147,True
LG유플러스,032640,00231363,2017,사업보고서,11011,CFS,000,정상,186,True
LG유플러스,032640,00231363,2017,사업보고서,11011,OFS,000,정상,151,True
LG유플러스,032640,00231363,2018,반기보고서,11012,CFS,000,정상,185,True
LG유플러스,032640,00231363,2018,반기보고서,11012,OFS,000,정상,149,True
LG유플러스,032640,00231363,2018,분기보고서_1분기,11013,CFS,000,정상,190,True
LG유플러스,032640,00231363,2018,분기보고서_1분기,11013,OFS,000,정상,155,True
LG유플러스,032640,00231363,2018,분기보고서_3분기,11014,CFS,000,정상,184,True
LG유플러스,032640,00231363,2018,분기보고서_3분기,11014,OFS,000,정상,148,True
LG유플러스,032640,00231363,2018,사업보고서,11011,CFS,000,정상,201,True
LG유플러스,032640,00231363,2018,사업보고서,11011,OFS,000,정상,162,True
LG유플러스,032640,00231363,2019,반기보고서,11012,CFS,000,정상,181,True
LG유플러스,032640,00231363,2019,반기보고서,11012,OFS,000,정상,147,True
LG유플러스,032640,00231363,2019,분기보고서_1분기,11013,CFS,000,정상,177,True
LG유플러스,032640,00231363,2019,분기보고서_1분기,11013,OFS,000,정상,143,True
LG유플러스,032640,00231363,2019,분기보고서_3분기,11014,CFS,000,정상,184,True
LG유플러스,032640,00231363,2019,분기보고서_3분기,11014,OFS,000,정상,154,True
LG유플러스,032640,00231363,2019,사업보고서,11011,CFS,000,정상,220,True
LG유플러스,032640,00231363,2019,사업보고서,11011,OFS,000,정상,177,True
LG유플러스,032640,00231363,2020,반기보고서,11012,CFS,000,정상,193,True
LG유플러스,032640,00231363,2020,반기보고서,11012,OFS,000,정상,160,True
LG유플러스,032640,00231363,2020,분기보고서_1분기,11013,CFS,000,정상,184,True
LG유플러스,032640,00231363,2020,분기보고서_1분기,11013,OFS,000,정상,157,True
LG유플러스,032640,00231363,2020,분기보고서_3분기,11014,CFS,000,정상,195,True
LG유플러스,032640,00231363,2020,분기보고서_3분기,11014,OFS,000,정상,165,True
LG유플러스,032640,00231363,2020,사업보고서,11011,CFS,000,정상,216,True
LG유플러스,032640,00231363,2020,사업보고서,11011,OFS,000,정상,179,True
LG유플러스,032640,00231363,2021,반기보고서,11012,CFS,000,정상,197,True
LG유플러스,032640,00231363,2021,반기보고서,11012,OFS,000,정상,166,True
LG유플러스,032640,00231363,2021,분기보고서_1분기,11013,CFS,000,정상,186,True
LG유플러스,032640,00231363,2021,분기보고서_1분기,11013,OFS,000,정상,153,True
LG유플러스,032640,00231363,2021,분기보고서_3분기,11014,CFS,000,정상,204,True
LG유플러스,032640,00231363,2021,분기보고서_3분기,11014,OFS,000,정상,174,True
LG유플러스,032640,00231363,2021,사업보고서,11011,CFS,000,정상,223,True
LG유플러스,032640,00231363,2021,사업보고서,11011,OFS,000,정상,187,True
LG유플러스,032640,00231363,2022,반기보고서,11012,CFS,000,정상,210,True
LG유플러스,032640,00231363,2022,반기보고서,11012,OFS,000,정상,174,True
LG유플러스,032640,00231363,2022,분기보고서_1분기,11013,CFS,000,정상,189,True
LG유플러스,032640,00231363,2022,분기보고서_1분기,11013,OFS,000,정상,159,True
LG유플러스,032640,00231363,2022,분기보고서_3분기,11014,CFS,000,정상,213,True
LG유플러스,032640,00231363,2022,분기보고서_3분기,11014,OFS,000,정상,178,True
LG유플러스,032640,00231363,2022,사업보고서,11011,CFS,000,정상,232,True
LG유플러스,032640,00231363,2022,사업보고서,11011,OFS,000,정상,197,True
LG유플러스,032640,00231363,2023,반기보고서,11012,CFS,000,정상,205,True
LG유플러스,032640,00231363,2023,반기보고서,11012,OFS,000,정상,173,True
LG유플러스,032640,00231363,2023,분기보고서_1분기,11013,CFS,000,정상,202,True
LG유플러스,032640,00231363,2023,분기보고서_1분기,11013,OFS,000,정상,168,True
LG유플러스,032640,00231363,2023,분기보고서_3분기,11014,CFS,000,정상,211,True
LG유플러스,032640,00231363,2023,분기보고서_3분기,11014,OFS,000,정상,175,True
LG유플러스,032640,00231363,2023,사업보고서,11011,CFS,000,정상,227,True
LG유플러스,032640,00231363,2023,사업보고서,11011,OFS,000,정상,193,True
LG유플러스,032640,00231363,2024,반기보고서,11012,CFS,000,정상,274,True
LG유플러스,032640,00231363,2024,반기보고서,11012,OFS,000,정상,212,True
LG유플러스,032640,00231363,2024,분기보고서_1분기,11013,CFS,000,정상,243,True
LG유플러스,032640,00231363,2024,분기보고서_1분기,11013,OFS,000,정상,206,True
LG유플러스,032640,00231363,2024,분기보고서_3분기,11014,CFS,000,정상,292,True
LG유플러스,032640,00231363,2024,분기보고서_3분기,11014,OFS,000,정상,226,True
LG유플러스,032640,00231363,2024,사업보고서,11011,CFS,000,정상,303,True
LG유플러스,032640,00231363,2024,사업보고서,11011,OFS,000,정상,237,True
LG유플러스,032640,00231363,2025,반기보고서,11012,CFS,000,정상,276,True
LG유플러스,032640,00231363,2025,반기보고서,11012,OFS,000,정상,211,True
LG유플러스,032640,00231363,2025,분기보고서_1분기,11013,CFS,000,정상,252,True
LG유플러스,032640,00231363,2025,분기보고서_1분기,11013,OFS,000,정상,204,True
LG유플러스,032640,00231363,2025,분기보고서_3분기,11014,CFS,000,정상,310,True
LG유플러스,032640,00231363,2025,분기보고서_3분기,11014,OFS,000,정상,233,True
LG유플러스,032640,00231363,2025,사업보고서,11011,CFS,000,정상,322,True
LG유플러스,032640,00231363,2025,사업보고서,11011,OFS,000,정상,251,True
LG전자,066570,00401731,2017,반기보고서,11012,CFS,000,정상,196,True
LG전자,066570,00401731,2017,반기보고서,11012,OFS,000,정상,135,True
LG전자,066570,00401731,2017,분기보고서_1분기,11013,CFS,000,정상,207,True
LG전자,066570,00401731,2017,분기보고서_1분기,11013,OFS,000,정상,143,True
LG전자,066570,00401731,2017,분기보고서_3분기,11014,CFS,000,정상,201,True
LG전자,066570,00401731,2017,분기보고서_3분기,11014,OFS,000,정상,137,True
LG전자,066570,00401731,2017,사업보고서,11011,CFS,000,정상,211,True
LG전자,066570,00401731,2017,사업보고서,11011,OFS,000,정상,146,True
LG전자,066570,00401731,2018,반기보고서,11012,CFS,000,정상,228,True
LG전자,066570,00401731,2018,반기보고서,11012,OFS,000,정상,161,True
LG전자,066570,00401731,2018,분기보고서_1분기,11013,CFS,000,정상,226,True
LG전자,066570,00401731,2018,분기보고서_1분기,11013,OFS,000,정상,157,True
LG전자,066570,00401731,2018,분기보고서_3분기,11014,CFS,000,정상,237,True
LG전자,066570,00401731,2018,분기보고서_3분기,11014,OFS,000,정상,161,True
LG전자,066570,00401731,2018,사업보고서,11011,CFS,000,정상,240,True
LG전자,066570,00401731,2018,사업보고서,11011,OFS,000,정상,162,True
LG전자,066570,00401731,2019,반기보고서,11012,CFS,000,정상,220,True
LG전자,066570,00401731,2019,반기보고서,11012,OFS,000,정상,155,True
LG전자,066570,00401731,2019,분기보고서_1분기,11013,CFS,000,정상,220,True
LG전자,066570,00401731,2019,분기보고서_1분기,11013,OFS,000,정상,154,True
LG전자,066570,00401731,2019,분기보고서_3분기,11014,CFS,000,정상,238,True
LG전자,066570,00401731,2019,분기보고서_3분기,11014,OFS,000,정상,158,True
LG전자,066570,00401731,2019,사업보고서,11011,CFS,000,정상,248,True
LG전자,066570,00401731,2019,사업보고서,11011,OFS,000,정상,166,True
LG전자,066570,00401731,2020,반기보고서,11012,CFS,000,정상,221,True
LG전자,066570,00401731,2020,반기보고서,11012,OFS,000,정상,153,True
LG전자,066570,00401731,2020,분기보고서_1분기,11013,CFS,000,정상,219,True
LG전자,066570,00401731,2020,분기보고서_1분기,11013,OFS,000,정상,153,True
LG전자,066570,00401731,2020,분기보고서_3분기,11014,CFS,000,정상,222,True
LG전자,066570,00401731,2020,분기보고서_3분기,11014,OFS,000,정상,158,True
LG전자,066570,00401731,2020,사업보고서,11011,CFS,000,정상,239,True
LG전자,066570,00401731,2020,사업보고서,11011,OFS,000,정상,159,True
LG전자,066570,00401731,2021,반기보고서,11012,CFS,000,정상,223,True
LG전자,066570,00401731,2021,반기보고서,11012,OFS,000,정상,149,True
LG전자,066570,00401731,2021,분기보고서_1분기,11013,CFS,000,정상,203,True
LG전자,066570,00401731,2021,분기보고서_1분기,11013,OFS,000,정상,142,True
LG전자,066570,00401731,2021,분기보고서_3분기,11014,CFS,000,정상,225,True
LG전자,066570,00401731,2021,분기보고서_3분기,11014,OFS,000,정상,151,True
LG전자,066570,00401731,2021,사업보고서,11011,CFS,000,정상,247,True
LG전자,066570,00401731,2021,사업보고서,11011,OFS,000,정상,154,True
LG전자,066570,00401731,2022,반기보고서,11012,CFS,000,정상,225,True
LG전자,066570,00401731,2022,반기보고서,11012,OFS,000,정상,153,True
LG전자,066570,00401731,2022,분기보고서_1분기,11013,CFS,000,정상,224,True
LG전자,066570,00401731,2022,분기보고서_1분기,11013,OFS,000,정상,151,True
LG전자,066570,00401731,2022,분기보고서_3분기,11014,CFS,000,정상,228,True
LG전자,066570,00401731,2022,분기보고서_3분기,11014,OFS,000,정상,155,True
LG전자,066570,00401731,2022,사업보고서,11011,CFS,000,정상,247,True
LG전자,066570,00401731,2022,사업보고서,11011,OFS,000,정상,156,True
LG전자,066570,00401731,2023,반기보고서,11012,CFS,000,정상,225,True
LG전자,066570,00401731,2023,반기보고서,11012,OFS,000,정상,154,True
LG전자,066570,00401731,2023,분기보고서_1분기,11013,CFS,000,정상,244,True
LG전자,066570,00401731,2023,분기보고서_1분기,11013,OFS,000,정상,155,True
LG전자,066570,00401731,2023,분기보고서_3분기,11014,CFS,000,정상,181,True
LG전자,066570,00401731,2023,분기보고서_3분기,11014,OFS,000,정상,142,True
LG전자,066570,00401731,2023,사업보고서,11011,CFS,000,정상,202,True
LG전자,066570,00401731,2023,사업보고서,11011,OFS,000,정상,138,True
LG전자,066570,00401731,2024,반기보고서,11012,CFS,000,정상,193,True
LG전자,066570,00401731,2024,반기보고서,11012,OFS,000,정상,157,True
LG전자,066570,00401731,2024,분기보고서_1분기,11013,CFS,000,정상,191,True
LG전자,066570,00401731,2024,분기보고서_1분기,11013,OFS,000,정상,134,True
LG전자,066570,00401731,2024,분기보고서_3분기,11014,CFS,000,정상,195,True
LG전자,066570,00401731,2024,분기보고서_3분기,11014,OFS,000,정상,136,True
LG전자,066570,00401731,2024,사업보고서,11011,CFS,000,정상,203,True
LG전자,066570,00401731,2024,사업보고서,11011,OFS,000,정상,137,True
LG전자,066570,00401731,2025,반기보고서,11012,CFS,000,정상,248,True
LG전자,066570,00401731,2025,반기보고서,11012,OFS,000,정상,159,True
LG전자,066570,00401731,2025,분기보고서_1분기,11013,CFS,000,정상,237,True
LG전자,066570,00401731,2025,분기보고서_1분기,11013,OFS,000,정상,156,True
LG전자,066570,00401731,2025,분기보고서_3분기,11014,CFS,000,정상,258,True
LG전자,066570,00401731,2025,분기보고서_3분기,11014,OFS,000,정상,165,True
LG전자,066570,00401731,2025,사업보고서,11011,CFS,000,정상,271,True
LG전자,066570,00401731,2025,사업보고서,11011,OFS,000,정상,161,True
LG헬로비전,037560,00222532,2017,반기보고서,11012,CFS,013,조회된 데이타가 없습니다.,0,False
LG헬로비전,037560,00222532,2017,반기보고서,11012,OFS,000,정상,173,True
LG헬로비전,037560,00222532,2017,분기보고서_1분기,11013,CFS,013,조회된 데이타가 없습니다.,0,False
LG헬로비전,037560,00222532,2017,분기보고서_1분기,11013,OFS,000,정상,220,True
LG헬로비전,037560,00222532,2017,분기보고서_3분기,11014,CFS,013,조회된 데이타가 없습니다.,0,False
LG헬로비전,037560,00222532,2017,분기보고서_3분기,11014,OFS,000,정상,172,True
LG헬로비전,037560,00222532,2017,사업보고서,11011,CFS,013,조회된 데이타가 없습니다.,0,False
LG헬로비전,037560,00222532,2017,사업보고서,11011,OFS,000,정상,216,True
LG헬로비전,037560,00222532,2018,반기보고서,11012,CFS,000,정상,182,True
LG헬로비전,037560,00222532,2018,반기보고서,11012,OFS,000,정상,181,True
LG헬로비전,037560,00222532,2018,분기보고서_1분기,11013,CFS,000,정상,167,True
LG헬로비전,037560,00222532,2018,분기보고서_1분기,11013,OFS,000,정상,166,True
LG헬로비전,037560,00222532,2018,분기보고서_3분기,11014,CFS,000,정상,190,True
LG헬로비전,037560,00222532,2018,분기보고서_3분기,11014,OFS,000,정상,189,True
LG헬로비전,037560,00222532,2018,사업보고서,11011,CFS,000,정상,206,True
LG헬로비전,037560,00222532,2018,사업보고서,11011,OFS,000,정상,204,True
LG헬로비전,037560,00222532,2019,반기보고서,11012,CFS,000,정상,178,True
LG헬로비전,037560,00222532,2019,반기보고서,11012,OFS,000,정상,175,True
LG헬로비전,037560,00222532,2019,분기보고서_1분기,11013,CFS,000,정상,174,True
LG헬로비전,037560,00222532,2019,분기보고서_1분기,11013,OFS,000,정상,172,True
LG헬로비전,037560,00222532,2019,분기보고서_3분기,11014,CFS,000,정상,180,True
LG헬로비전,037560,00222532,2019,분기보고서_3분기,11014,OFS,000,정상,178,True
LG헬로비전,037560,00222532,2019,사업보고서,11011,CFS,000,정상,203,True
LG헬로비전,037560,00222532,2019,사업보고서,11011,OFS,000,정상,203,True
LG헬로비전,037560,00222532,2020,반기보고서,11012,CFS,000,정상,170,True
LG헬로비전,037560,00222532,2020,반기보고서,11012,OFS,000,정상,168,True
LG헬로비전,037560,00222532,2020,분기보고서_1분기,11013,CFS,000,정상,166,True
LG헬로비전,037560,00222532,2020,분기보고서_1분기,11013,OFS,000,정상,163,True
LG헬로비전,037560,00222532,2020,분기보고서_3분기,11014,CFS,013,조회된 데이타가 없습니다.,0,False
LG헬로비전,037560,00222532,2020,분기보고서_3분기,11014,OFS,000,정상,171,True
LG헬로비전,037560,00222532,2020,사업보고서,11011,CFS,000,정상,198,True
LG헬로비전,037560,00222532,2020,사업보고서,11011,OFS,000,정상,201,True
LG헬로비전,037560,00222532,2021,반기보고서,11012,CFS,000,정상,166,True
LG헬로비전,037560,00222532,2021,반기보고서,11012,OFS,000,정상,165,True
LG헬로비전,037560,00222532,2021,분기보고서_1분기,11013,CFS,000,정상,163,True
LG헬로비전,037560,00222532,2021,분기보고서_1분기,11013,OFS,000,정상,162,True
LG헬로비전,037560,00222532,2021,분기보고서_3분기,11014,CFS,000,정상,179,True
LG헬로비전,037560,00222532,2021,분기보고서_3분기,11014,OFS,000,정상,179,True
LG헬로비전,037560,00222532,2021,사업보고서,11011,CFS,000,정상,179,True
LG헬로비전,037560,00222532,2021,사업보고서,11011,OFS,000,정상,184,True
LG헬로비전,037560,00222532,2022,반기보고서,11012,CFS,000,정상,156,True
LG헬로비전,037560,00222532,2022,반기보고서,11012,OFS,000,정상,157,True
LG헬로비전,037560,00222532,2022,분기보고서_1분기,11013,CFS,000,정상,150,True
LG헬로비전,037560,00222532,2022,분기보고서_1분기,11013,OFS,000,정상,154,True
LG헬로비전,037560,00222532,2022,분기보고서_3분기,11014,CFS,000,정상,161,True
LG헬로비전,037560,00222532,2022,분기보고서_3분기,11014,OFS,000,정상,161,True
LG헬로비전,037560,00222532,2022,사업보고서,11011,CFS,000,정상,179,True
LG헬로비전,037560,00222532,2022,사업보고서,11011,OFS,000,정상,182,True
LG헬로비전,037560,00222532,2023,반기보고서,11012,CFS,000,정상,158,True
LG헬로비전,037560,00222532,2023,반기보고서,11012,OFS,000,정상,157,True
LG헬로비전,037560,00222532,2023,분기보고서_1분기,11013,CFS,000,정상,152,True
LG헬로비전,037560,00222532,2023,분기보고서_1분기,11013,OFS,000,정상,150,True
LG헬로비전,037560,00222532,2023,분기보고서_3분기,11014,CFS,000,정상,164,True
LG헬로비전,037560,00222532,2023,분기보고서_3분기,11014,OFS,000,정상,157,True
LG헬로비전,037560,00222532,2023,사업보고서,11011,CFS,000,정상,178,True
LG헬로비전,037560,00222532,2023,사업보고서,11011,OFS,000,정상,171,True
LG헬로비전,037560,00222532,2024,반기보고서,11012,CFS,000,정상,163,True
LG헬로비전,037560,00222532,2024,반기보고서,11012,OFS,000,정상,157,True
LG헬로비전,037560,00222532,2024,분기보고서_1분기,11013,CFS,000,정상,156,True
LG헬로비전,037560,00222532,2024,분기보고서_1분기,11013,OFS,000,정상,150,True
LG헬로비전,037560,00222532,2024,분기보고서_3분기,11014,CFS,000,정상,162,True
LG헬로비전,037560,00222532,2024,분기보고서_3분기,11014,OFS,000,정상,155,True
LG헬로비전,037560,00222532,2024,사업보고서,11011,CFS,000,정상,197,True
LG헬로비전,037560,00222532,2024,사업보고서,11011,OFS,000,정상,182,True
LG헬로비전,037560,00222532,2025,반기보고서,11012,CFS,000,정상,173,True
LG헬로비전,037560,00222532,2025,반기보고서,11012,OFS,000,정상,162,True
LG헬로비전,037560,00222532,2025,분기보고서_1분기,11013,CFS,000,정상,173,True
LG헬로비전,037560,00222532,2025,분기보고서_1분기,11013,OFS,000,정상,158,True
LG헬로비전,037560,00222532,2025,분기보고서_3분기,11014,CFS,000,정상,172,True
LG헬로비전,037560,00222532,2025,분기보고서_3분기,11014,OFS,000,정상,162,True
LG헬로비전,037560,00222532,2025,사업보고서,11011,CFS,000,정상,205,True
LG헬로비전,037560,00222532,2025,사업보고서,11011,OFS,000,정상,188,True
LG화학,051910,00356361,2017,반기보고서,11012,CFS,000,정상,182,True
LG화학,051910,00356361,2017,반기보고서,11012,OFS,000,정상,133,True
LG화학,051910,00356361,2017,분기보고서_1분기,11013,CFS,000,정상,179,True
LG화학,051910,00356361,2017,분기보고서_1분기,11013,OFS,000,정상,133,True
LG화학,051910,00356361,2017,분기보고서_3분기,11014,CFS,000,정상,183,True
LG화학,051910,00356361,2017,분기보고서_3분기,11014,OFS,000,정상,132,True
LG화학,051910,00356361,2017,사업보고서,11011,CFS,000,정상,184,True
LG화학,051910,00356361,2017,사업보고서,11011,OFS,000,정상,135,True
LG화학,051910,00356361,2018,반기보고서,11012,CFS,000,정상,185,True
LG화학,051910,00356361,2018,반기보고서,11012,OFS,000,정상,141,True
LG화학,051910,00356361,2018,분기보고서_1분기,11013,CFS,000,정상,172,True
LG화학,051910,00356361,2018,분기보고서_1분기,11013,OFS,000,정상,133,True
LG화학,051910,00356361,2018,분기보고서_3분기,11014,CFS,000,정상,197,True
LG화학,051910,00356361,2018,분기보고서_3분기,11014,OFS,000,정상,140,True
LG화학,051910,00356361,2018,사업보고서,11011,CFS,000,정상,205,True
LG화학,051910,00356361,2018,사업보고서,11011,OFS,000,정상,144,True
LG화학,051910,00356361,2019,반기보고서,11012,CFS,000,정상,169,True
LG화학,051910,00356361,2019,반기보고서,11012,OFS,000,정상,128,True
LG화학,051910,00356361,2019,분기보고서_1분기,11013,CFS,000,정상,165,True
LG화학,051910,00356361,2019,분기보고서_1분기,11013,OFS,000,정상,127,True
LG화학,051910,00356361,2019,분기보고서_3분기,11014,CFS,000,정상,182,True
LG화학,051910,00356361,2019,분기보고서_3분기,11014,OFS,000,정상,128,True
LG화학,051910,00356361,2019,사업보고서,11011,CFS,000,정상,201,True
LG화학,051910,00356361,2019,사업보고서,11011,OFS,000,정상,146,True
LG화학,051910,00356361,2020,반기보고서,11012,CFS,000,정상,184,True
LG화학,051910,00356361,2020,반기보고서,11012,OFS,000,정상,136,True
LG화학,051910,00356361,2020,분기보고서_1분기,11013,CFS,000,정상,168,True
LG화학,051910,00356361,2020,분기보고서_1분기,11013,OFS,000,정상,134,True
LG화학,051910,00356361,2020,분기보고서_3분기,11014,CFS,000,정상,190,True
LG화학,051910,00356361,2020,분기보고서_3분기,11014,OFS,000,정상,142,True
LG화학,051910,00356361,2020,사업보고서,11011,CFS,000,정상,193,True
LG화학,051910,00356361,2020,사업보고서,11011,OFS,000,정상,142,True
LG화학,051910,00356361,2021,반기보고서,11012,CFS,000,정상,191,True
LG화학,051910,00356361,2021,반기보고서,11012,OFS,000,정상,140,True
LG화학,051910,00356361,2021,분기보고서_1분기,11013,CFS,000,정상,185,True
LG화학,051910,00356361,2021,분기보고서_1분기,11013,OFS,000,정상,137,True
LG화학,051910,00356361,2021,분기보고서_3분기,11014,CFS,000,정상,198,True
LG화학,051910,00356361,2021,분기보고서_3분기,11014,OFS,000,정상,140,True
LG화학,051910,00356361,2021,사업보고서,11011,CFS,000,정상,201,True
LG화학,051910,00356361,2021,사업보고서,11011,OFS,000,정상,144,True
LG화학,051910,00356361,2022,반기보고서,11012,CFS,000,정상,195,True
LG화학,051910,00356361,2022,반기보고서,11012,OFS,000,정상,132,True
LG화학,051910,00356361,2022,분기보고서_1분기,11013,CFS,000,정상,187,True
LG화학,051910,00356361,2022,분기보고서_1분기,11013,OFS,000,정상,125,True
LG화학,051910,00356361,2022,분기보고서_3분기,11014,CFS,000,정상,196,True
LG화학,051910,00356361,2022,분기보고서_3분기,11014,OFS,000,정상,130,True
LG화학,051910,00356361,2022,사업보고서,11011,CFS,000,정상,202,True
LG화학,051910,00356361,2022,사업보고서,11011,OFS,000,정상,141,True
LG화학,051910,00356361,2023,반기보고서,11012,CFS,000,정상,189,True
LG화학,051910,00356361,2023,반기보고서,11012,OFS,000,정상,124,True
LG화학,051910,00356361,2023,분기보고서_1분기,11013,CFS,000,정상,184,True
LG화학,051910,00356361,2023,분기보고서_1분기,11013,OFS,000,정상,119,True
LG화학,051910,00356361,2023,분기보고서_3분기,11014,CFS,000,정상,192,True
LG화학,051910,00356361,2023,분기보고서_3분기,11014,OFS,000,정상,124,True
LG화학,051910,00356361,2023,사업보고서,11011,CFS,000,정상,259,True
LG화학,051910,00356361,2023,사업보고서,11011,OFS,000,정상,157,True
LG화학,051910,00356361,2024,반기보고서,11012,CFS,000,정상,232,True
LG화학,051910,00356361,2024,반기보고서,11012,OFS,000,정상,151,True
LG화학,051910,00356361,2024,분기보고서_1분기,11013,CFS,000,정상,227,True
LG화학,051910,00356361,2024,분기보고서_1분기,11013,OFS,000,정상,146,True
LG화학,051910,00356361,2024,분기보고서_3분기,11014,CFS,000,정상,249,True
LG화학,051910,00356361,2024,분기보고서_3분기,11014,OFS,000,정상,129,True
LG화학,051910,00356361,2024,사업보고서,11011,CFS,000,정상,213,True
LG화학,051910,00356361,2024,사업보고서,11011,OFS,000,정상,158,True
LG화학,051910,00356361,2025,반기보고서,11012,CFS,000,정상,192,True
LG화학,051910,00356361,2025,반기보고서,11012,OFS,000,정상,129,True
LG화학,051910,00356361,2025,분기보고서_1분기,11013,CFS,000,정상,190,True
LG화학,051910,00356361,2025,분기보고서_1분기,11013,OFS,000,정상,126,True
LG화학,051910,00356361,2025,분기보고서_3분기,11014,CFS,000,정상,203,True
LG화학,051910,00356361,2025,분기보고서_3분기,11014,OFS,000,정상,132,True
LG화학,051910,00356361,2025,사업보고서,11011,CFS,000,정상,271,True
LG화학,051910,00356361,2025,사업보고서,11011,OFS,000,정상,151,True
LS ELECTRIC,010120,00105855,2017,반기보고서,11012,CFS,000,정상,223,True
LS ELECTRIC,010120,00105855,2017,반기보고서,11012,OFS,000,정상,182,True
LS ELECTRIC,010120,00105855,2017,분기보고서_1분기,11013,CFS,000,정상,234,True
LS ELECTRIC,010120,00105855,2017,분기보고서_1분기,11013,OFS,000,정상,192,True
LS ELECTRIC,010120,00105855,2017,분기보고서_3분기,11014,CFS,000,정상,235,True
LS ELECTRIC,010120,00105855,2017,분기보고서_3분기,11014,OFS,000,정상,186,True
LS ELECTRIC,010120,00105855,2017,사업보고서,11011,CFS,000,정상,245,True
LS ELECTRIC,010120,00105855,2017,사업보고서,11011,OFS,000,정상,193,True
LS ELECTRIC,010120,00105855,2018,반기보고서,11012,CFS,000,정상,273,True
LS ELECTRIC,010120,00105855,2018,반기보고서,11012,OFS,000,정상,213,True
LS ELECTRIC,010120,00105855,2018,분기보고서_1분기,11013,CFS,000,정상,249,True
LS ELECTRIC,010120,00105855,2018,분기보고서_1분기,11013,OFS,000,정상,182,True
LS ELECTRIC,010120,00105855,2018,분기보고서_3분기,11014,CFS,000,정상,269,True
LS ELECTRIC,010120,00105855,2018,분기보고서_3분기,11014,OFS,000,정상,210,True
LS ELECTRIC,010120,00105855,2018,사업보고서,11011,CFS,000,정상,278,True
LS ELECTRIC,010120,00105855,2018,사업보고서,11011,OFS,000,정상,222,True
LS ELECTRIC,010120,00105855,2019,반기보고서,11012,CFS,000,정상,248,True
LS ELECTRIC,010120,00105855,2019,반기보고서,11012,OFS,000,정상,195,True
LS ELECTRIC,010120,00105855,2019,분기보고서_1분기,11013,CFS,000,정상,240,True
LS ELECTRIC,010120,00105855,2019,분기보고서_1분기,11013,OFS,000,정상,187,True
LS ELECTRIC,010120,00105855,2019,분기보고서_3분기,11014,CFS,000,정상,248,True
LS ELECTRIC,010120,00105855,2019,분기보고서_3분기,11014,OFS,000,정상,198,True
LS ELECTRIC,010120,00105855,2019,사업보고서,11011,CFS,000,정상,280,True
LS ELECTRIC,010120,00105855,2019,사업보고서,11011,OFS,000,정상,224,True
LS ELECTRIC,010120,00105855,2020,반기보고서,11012,CFS,000,정상,244,True
LS ELECTRIC,010120,00105855,2020,반기보고서,11012,OFS,000,정상,190,True
LS ELECTRIC,010120,00105855,2020,분기보고서_1분기,11013,CFS,000,정상,237,True
LS ELECTRIC,010120,00105855,2020,분기보고서_1분기,11013,OFS,000,정상,177,True
LS ELECTRIC,010120,00105855,2020,분기보고서_3분기,11014,CFS,000,정상,246,True
LS ELECTRIC,010120,00105855,2020,분기보고서_3분기,11014,OFS,000,정상,195,True
LS ELECTRIC,010120,00105855,2020,사업보고서,11011,CFS,000,정상,270,True
LS ELECTRIC,010120,00105855,2020,사업보고서,11011,OFS,000,정상,207,True
LS ELECTRIC,010120,00105855,2021,반기보고서,11012,CFS,000,정상,252,True
LS ELECTRIC,010120,00105855,2021,반기보고서,11012,OFS,000,정상,191,True
LS ELECTRIC,010120,00105855,2021,분기보고서_1분기,11013,CFS,000,정상,241,True
LS ELECTRIC,010120,00105855,2021,분기보고서_1분기,11013,OFS,000,정상,181,True
LS ELECTRIC,010120,00105855,2021,분기보고서_3분기,11014,CFS,000,정상,257,True
LS ELECTRIC,010120,00105855,2021,분기보고서_3분기,11014,OFS,000,정상,195,True
LS ELECTRIC,010120,00105855,2021,사업보고서,11011,CFS,000,정상,260,True
LS ELECTRIC,010120,00105855,2021,사업보고서,11011,OFS,000,정상,200,True
LS ELECTRIC,010120,00105855,2022,반기보고서,11012,CFS,000,정상,309,True
LS ELECTRIC,010120,00105855,2022,반기보고서,11012,OFS,000,정상,218,True
LS ELECTRIC,010120,00105855,2022,분기보고서_1분기,11013,CFS,000,정상,249,True
LS ELECTRIC,010120,00105855,2022,분기보고서_1분기,11013,OFS,000,정상,191,True
LS ELECTRIC,010120,00105855,2022,분기보고서_3분기,11014,CFS,000,정상,313,True
LS ELECTRIC,010120,00105855,2022,분기보고서_3분기,11014,OFS,000,정상,220,True
LS ELECTRIC,010120,00105855,2022,사업보고서,11011,CFS,000,정상,330,True
LS ELECTRIC,010120,00105855,2022,사업보고서,11011,OFS,000,정상,229,True
LS ELECTRIC,010120,00105855,2023,반기보고서,11012,CFS,000,정상,310,True
LS ELECTRIC,010120,00105855,2023,반기보고서,11012,OFS,000,정상,215,True
LS ELECTRIC,010120,00105855,2023,분기보고서_1분기,11013,CFS,000,정상,313,True
LS ELECTRIC,010120,00105855,2023,분기보고서_1분기,11013,OFS,000,정상,207,True
LS ELECTRIC,010120,00105855,2023,분기보고서_3분기,11014,CFS,000,정상,313,True
LS ELECTRIC,010120,00105855,2023,분기보고서_3분기,11014,OFS,000,정상,224,True
LS ELECTRIC,010120,00105855,2023,사업보고서,11011,CFS,000,정상,275,True
LS ELECTRIC,010120,00105855,2023,사업보고서,11011,OFS,000,정상,212,True
LS ELECTRIC,010120,00105855,2024,반기보고서,11012,CFS,000,정상,316,True
LS ELECTRIC,010120,00105855,2024,반기보고서,11012,OFS,000,정상,229,True
LS ELECTRIC,010120,00105855,2024,분기보고서_1분기,11013,CFS,000,정상,293,True
LS ELECTRIC,010120,00105855,2024,분기보고서_1분기,11013,OFS,000,정상,215,True
LS ELECTRIC,010120,00105855,2024,분기보고서_3분기,11014,CFS,000,정상,325,True
LS ELECTRIC,010120,00105855,2024,분기보고서_3분기,11014,OFS,000,정상,236,True
LS ELECTRIC,010120,00105855,2024,사업보고서,11011,CFS,000,정상,357,True
LS ELECTRIC,010120,00105855,2024,사업보고서,11011,OFS,000,정상,244,True
LS ELECTRIC,010120,00105855,2025,반기보고서,11012,CFS,000,정상,320,True
LS ELECTRIC,010120,00105855,2025,반기보고서,11012,OFS,000,정상,231,True
LS ELECTRIC,010120,00105855,2025,분기보고서_1분기,11013,CFS,000,정상,265,True
LS ELECTRIC,010120,00105855,2025,분기보고서_1분기,11013,OFS,000,정상,210,True
LS ELECTRIC,010120,00105855,2025,분기보고서_3분기,11014,CFS,000,정상,325,True
LS ELECTRIC,010120,00105855,2025,분기보고서_3분기,11014,OFS,000,정상,211,True
LS ELECTRIC,010120,00105855,2025,사업보고서,11011,CFS,000,정상,343,True
LS ELECTRIC,010120,00105855,2025,사업보고서,11011,OFS,000,정상,243,True
NAVER,035420,00266961,2017,반기보고서,11012,CFS,000,정상,205,True
NAVER,035420,00266961,2017,반기보고서,11012,OFS,000,정상,147,True
NAVER,035420,00266961,2017,분기보고서_1분기,11013,CFS,000,정상,212,True
NAVER,035420,00266961,2017,분기보고서_1분기,11013,OFS,000,정상,157,True
NAVER,035420,00266961,2017,분기보고서_3분기,11014,CFS,000,정상,201,True
NAVER,035420,00266961,2017,분기보고서_3분기,11014,OFS,000,정상,134,True
NAVER,035420,00266961,2017,사업보고서,11011,CFS,000,정상,215,True
NAVER,035420,00266961,2017,사업보고서,11011,OFS,000,정상,143,True
NAVER,035420,00266961,2018,반기보고서,11012,CFS,000,정상,193,True
NAVER,035420,00266961,2018,반기보고서,11012,OFS,000,정상,132,True
NAVER,035420,00266961,2018,분기보고서_1분기,11013,CFS,000,정상,184,True
NAVER,035420,00266961,2018,분기보고서_1분기,11013,OFS,000,정상,123,True
NAVER,035420,00266961,2018,분기보고서_3분기,11014,CFS,000,정상,170,True
NAVER,035420,00266961,2018,분기보고서_3분기,11014,OFS,000,정상,115,True
NAVER,035420,00266961,2018,사업보고서,11011,CFS,000,정상,208,True
NAVER,035420,00266961,2018,사업보고서,11011,OFS,000,정상,143,True
NAVER,035420,00266961,2019,반기보고서,11012,CFS,000,정상,195,True
NAVER,035420,00266961,2019,반기보고서,11012,OFS,000,정상,126,True
NAVER,035420,00266961,2019,분기보고서_1분기,11013,CFS,000,정상,189,True
NAVER,035420,00266961,2019,분기보고서_1분기,11013,OFS,000,정상,120,True
NAVER,035420,00266961,2019,분기보고서_3분기,11014,CFS,000,정상,202,True
NAVER,035420,00266961,2019,분기보고서_3분기,11014,OFS,000,정상,128,True
NAVER,035420,00266961,2019,사업보고서,11011,CFS,000,정상,219,True
NAVER,035420,00266961,2019,사업보고서,11011,OFS,000,정상,151,True
NAVER,035420,00266961,2020,반기보고서,11012,CFS,000,정상,199,True
NAVER,035420,00266961,2020,반기보고서,11012,OFS,000,정상,125,True
NAVER,035420,00266961,2020,분기보고서_1분기,11013,CFS,000,정상,188,True
NAVER,035420,00266961,2020,분기보고서_1분기,11013,OFS,000,정상,118,True
NAVER,035420,00266961,2020,분기보고서_3분기,11014,CFS,000,정상,217,True
NAVER,035420,00266961,2020,분기보고서_3분기,11014,OFS,000,정상,126,True
NAVER,035420,00266961,2020,사업보고서,11011,CFS,000,정상,224,True
NAVER,035420,00266961,2020,사업보고서,11011,OFS,000,정상,143,True
NAVER,035420,00266961,2021,반기보고서,11012,CFS,000,정상,213,True
NAVER,035420,00266961,2021,반기보고서,11012,OFS,000,정상,124,True
NAVER,035420,00266961,2021,분기보고서_1분기,11013,CFS,000,정상,202,True
NAVER,035420,00266961,2021,분기보고서_1분기,11013,OFS,000,정상,117,True
NAVER,035420,00266961,2021,분기보고서_3분기,11014,CFS,000,정상,211,True
NAVER,035420,00266961,2021,분기보고서_3분기,11014,OFS,000,정상,123,True
NAVER,035420,00266961,2021,사업보고서,11011,CFS,000,정상,243,True
NAVER,035420,00266961,2021,사업보고서,11011,OFS,000,정상,151,True
NAVER,035420,00266961,2022,반기보고서,11012,CFS,000,정상,198,True
NAVER,035420,00266961,2022,반기보고서,11012,OFS,000,정상,120,True
NAVER,035420,00266961,2022,분기보고서_1분기,11013,CFS,000,정상,190,True
NAVER,035420,00266961,2022,분기보고서_1분기,11013,OFS,000,정상,111,True
NAVER,035420,00266961,2022,분기보고서_3분기,11014,CFS,000,정상,200,True
NAVER,035420,00266961,2022,분기보고서_3분기,11014,OFS,000,정상,122,True
NAVER,035420,00266961,2022,사업보고서,11011,CFS,000,정상,222,True
NAVER,035420,00266961,2022,사업보고서,11011,OFS,000,정상,141,True
NAVER,035420,00266961,2023,반기보고서,11012,CFS,000,정상,168,True
NAVER,035420,00266961,2023,반기보고서,11012,OFS,000,정상,122,True
NAVER,035420,00266961,2023,분기보고서_1분기,11013,CFS,000,정상,161,True
NAVER,035420,00266961,2023,분기보고서_1분기,11013,OFS,000,정상,118,True
NAVER,035420,00266961,2023,분기보고서_3분기,11014,CFS,000,정상,169,True
NAVER,035420,00266961,2023,분기보고서_3분기,11014,OFS,000,정상,122,True
NAVER,035420,00266961,2023,사업보고서,11011,CFS,000,정상,197,True
NAVER,035420,00266961,2023,사업보고서,11011,OFS,000,정상,131,True
NAVER,035420,00266961,2024,반기보고서,11012,CFS,000,정상,204,True
NAVER,035420,00266961,2024,반기보고서,11012,OFS,000,정상,144,True
NAVER,035420,00266961,2024,분기보고서_1분기,11013,CFS,000,정상,174,True
NAVER,035420,00266961,2024,분기보고서_1분기,11013,OFS,000,정상,119,True
NAVER,035420,00266961,2024,분기보고서_3분기,11014,CFS,000,정상,211,True
NAVER,035420,00266961,2024,분기보고서_3분기,11014,OFS,000,정상,128,True
NAVER,035420,00266961,2024,사업보고서,11011,CFS,000,정상,194,True
NAVER,035420,00266961,2024,사업보고서,11011,OFS,000,정상,140,True
NAVER,035420,00266961,2025,반기보고서,11012,CFS,000,정상,213,True
NAVER,035420,00266961,2025,반기보고서,11012,OFS,000,정상,152,True
NAVER,035420,00266961,2025,분기보고서_1분기,11013,CFS,000,정상,203,True
NAVER,035420,00266961,2025,분기보고서_1분기,11013,OFS,000,정상,135,True
NAVER,035420,00266961,2025,분기보고서_3분기,11014,CFS,000,정상,229,True
NAVER,035420,00266961,2025,분기보고서_3분기,11014,OFS,000,정상,165,True
NAVER,035420,00266961,2025,사업보고서,11011,CFS,000,정상,239,True
NAVER,035420,00266961,2025,사업보고서,11011,OFS,000,정상,177,True
NC,036570,00261443,2017,반기보고서,11012,CFS,000,정상,336,True
NC,036570,00261443,2017,반기보고서,11012,OFS,000,정상,243,True
NC,036570,00261443,2017,분기보고서_1분기,11013,CFS,000,정상,404,True
NC,036570,00261443,2017,분기보고서_1분기,11013,OFS,000,정상,269,True
NC,036570,00261443,2017,분기보고서_3분기,11014,CFS,000,정상,379,True
NC,036570,00261443,2017,분기보고서_3분기,11014,OFS,000,정상,250,True
NC,036570,00261443,2017,사업보고서,11011,CFS,000,정상,418,True
NC,036570,00261443,2017,사업보고서,11011,OFS,000,정상,290,True
NC,036570,00261443,2018,반기보고서,11012,CFS,000,정상,345,True
NC,036570,00261443,2018,반기보고서,11012,OFS,000,정상,279,True
NC,036570,00261443,2018,분기보고서_1분기,11013,CFS,000,정상,319,True
NC,036570,00261443,2018,분기보고서_1분기,11013,OFS,000,정상,254,True
NC,036570,00261443,2018,분기보고서_3분기,11014,CFS,000,정상,365,True
NC,036570,00261443,2018,분기보고서_3분기,11014,OFS,000,정상,286,True
NC,036570,00261443,2018,사업보고서,11011,CFS,000,정상,404,True
NC,036570,00261443,2018,사업보고서,11011,OFS,000,정상,306,True
NC,036570,00261443,2019,반기보고서,11012,CFS,000,정상,314,True
NC,036570,00261443,2019,반기보고서,11012,OFS,000,정상,254,True
NC,036570,00261443,2019,분기보고서_1분기,11013,CFS,000,정상,293,True
NC,036570,00261443,2019,분기보고서_1분기,11013,OFS,000,정상,233,True
NC,036570,00261443,2019,분기보고서_3분기,11014,CFS,000,정상,343,True
NC,036570,00261443,2019,분기보고서_3분기,11014,OFS,000,정상,280,True
NC,036570,00261443,2019,사업보고서,11011,CFS,000,정상,423,True
NC,036570,00261443,2019,사업보고서,11011,OFS,000,정상,333,True
NC,036570,00261443,2020,반기보고서,11012,CFS,000,정상,298,True
NC,036570,00261443,2020,반기보고서,11012,OFS,000,정상,243,True
NC,036570,00261443,2020,분기보고서_1분기,11013,CFS,000,정상,279,True
NC,036570,00261443,2020,분기보고서_1분기,11013,OFS,000,정상,221,True
NC,036570,00261443,2020,분기보고서_3분기,11014,CFS,000,정상,331,True
NC,036570,00261443,2020,분기보고서_3분기,11014,OFS,000,정상,245,True
NC,036570,00261443,2020,사업보고서,11011,CFS,000,정상,337,True
NC,036570,00261443,2020,사업보고서,11011,OFS,000,정상,268,True
NC,036570,00261443,2021,반기보고서,11012,CFS,000,정상,337,True
NC,036570,00261443,2021,반기보고서,11012,OFS,000,정상,171,True
NC,036570,00261443,2021,분기보고서_1분기,11013,CFS,000,정상,209,True
NC,036570,00261443,2021,분기보고서_1분기,11013,OFS,000,정상,173,True
NC,036570,00261443,2021,분기보고서_3분기,11014,CFS,000,정상,226,True
NC,036570,00261443,2021,분기보고서_3분기,11014,OFS,000,정상,184,True
NC,036570,00261443,2021,사업보고서,11011,CFS,000,정상,331,True
NC,036570,00261443,2021,사업보고서,11011,OFS,000,정상,260,True
NC,036570,00261443,2022,반기보고서,11012,CFS,000,정상,209,True
NC,036570,00261443,2022,반기보고서,11012,OFS,000,정상,180,True
NC,036570,00261443,2022,분기보고서_1분기,11013,CFS,000,정상,210,True
NC,036570,00261443,2022,분기보고서_1분기,11013,OFS,000,정상,181,True
NC,036570,00261443,2022,분기보고서_3분기,11014,CFS,000,정상,311,True
NC,036570,00261443,2022,분기보고서_3분기,11014,OFS,000,정상,233,True
NC,036570,00261443,2022,사업보고서,11011,CFS,000,정상,234,True
NC,036570,00261443,2022,사업보고서,11011,OFS,000,정상,184,True
NC,036570,00261443,2023,반기보고서,11012,CFS,000,정상,204,True
NC,036570,00261443,2023,반기보고서,11012,OFS,000,정상,168,True
NC,036570,00261443,2023,분기보고서_1분기,11013,CFS,000,정상,190,True
NC,036570,00261443,2023,분기보고서_1분기,11013,OFS,000,정상,159,True
NC,036570,00261443,2023,분기보고서_3분기,11014,CFS,000,정상,206,True
NC,036570,00261443,2023,분기보고서_3분기,11014,OFS,000,정상,172,True
NC,036570,00261443,2023,사업보고서,11011,CFS,000,정상,325,True
NC,036570,00261443,2023,사업보고서,11011,OFS,000,정상,222,True
NC,036570,00261443,2024,반기보고서,11012,CFS,000,정상,282,True
NC,036570,00261443,2024,반기보고서,11012,OFS,000,정상,208,True
NC,036570,00261443,2024,분기보고서_1분기,11013,CFS,000,정상,240,True
NC,036570,00261443,2024,분기보고서_1분기,11013,OFS,000,정상,186,True
NC,036570,00261443,2024,분기보고서_3분기,11014,CFS,000,정상,289,True
NC,036570,00261443,2024,분기보고서_3분기,11014,OFS,000,정상,222,True
NC,036570,00261443,2024,사업보고서,11011,CFS,000,정상,302,True
NC,036570,00261443,2024,사업보고서,11011,OFS,000,정상,223,True
NC,036570,00261443,2025,반기보고서,11012,CFS,000,정상,298,True
NC,036570,00261443,2025,반기보고서,11012,OFS,000,정상,219,True
NC,036570,00261443,2025,분기보고서_1분기,11013,CFS,000,정상,268,True
NC,036570,00261443,2025,분기보고서_1분기,11013,OFS,000,정상,214,True
NC,036570,00261443,2025,분기보고서_3분기,11014,CFS,000,정상,315,True
NC,036570,00261443,2025,분기보고서_3분기,11014,OFS,000,정상,237,True
NC,036570,00261443,2025,사업보고서,11011,CFS,000,정상,350,True
NC,036570,00261443,2025,사업보고서,11011,OFS,000,정상,245,True
OCI홀딩스,010060,00148896,2017,반기보고서,11012,CFS,000,정상,194,True
OCI홀딩스,010060,00148896,2017,반기보고서,11012,OFS,000,정상,148,True
OCI홀딩스,010060,00148896,2017,분기보고서_1분기,11013,CFS,000,정상,217,True
OCI홀딩스,010060,00148896,2017,분기보고서_1분기,11013,OFS,000,정상,158,True
OCI홀딩스,010060,00148896,2017,분기보고서_3분기,11014,CFS,000,정상,167,True
OCI홀딩스,010060,00148896,2017,분기보고서_3분기,11014,OFS,000,정상,123,True
OCI홀딩스,010060,00148896,2017,사업보고서,11011,CFS,000,정상,185,True
OCI홀딩스,010060,00148896,2017,사업보고서,11011,OFS,000,정상,132,True
OCI홀딩스,010060,00148896,2018,반기보고서,11012,CFS,000,정상,154,True
OCI홀딩스,010060,00148896,2018,반기보고서,11012,OFS,000,정상,123,True
OCI홀딩스,010060,00148896,2018,분기보고서_1분기,11013,CFS,000,정상,148,True
OCI홀딩스,010060,00148896,2018,분기보고서_1분기,11013,OFS,000,정상,120,True
OCI홀딩스,010060,00148896,2018,분기보고서_3분기,11014,CFS,000,정상,156,True
OCI홀딩스,010060,00148896,2018,분기보고서_3분기,11014,OFS,000,정상,123,True
OCI홀딩스,010060,00148896,2018,사업보고서,11011,CFS,000,정상,177,True
OCI홀딩스,010060,00148896,2018,사업보고서,11011,OFS,000,정상,132,True
OCI홀딩스,010060,00148896,2019,반기보고서,11012,CFS,000,정상,147,True
OCI홀딩스,010060,00148896,2019,반기보고서,11012,OFS,000,정상,116,True
OCI홀딩스,010060,00148896,2019,분기보고서_1분기,11013,CFS,000,정상,141,True
OCI홀딩스,010060,00148896,2019,분기보고서_1분기,11013,OFS,000,정상,111,True
OCI홀딩스,010060,00148896,2019,분기보고서_3분기,11014,CFS,000,정상,157,True
OCI홀딩스,010060,00148896,2019,분기보고서_3분기,11014,OFS,000,정상,118,True
OCI홀딩스,010060,00148896,2019,사업보고서,11011,CFS,000,정상,169,True
OCI홀딩스,010060,00148896,2019,사업보고서,11011,OFS,000,정상,130,True
OCI홀딩스,010060,00148896,2020,반기보고서,11012,CFS,000,정상,154,True
OCI홀딩스,010060,00148896,2020,반기보고서,11012,OFS,000,정상,120,True
OCI홀딩스,010060,00148896,2020,분기보고서_1분기,11013,CFS,000,정상,149,True
OCI홀딩스,010060,00148896,2020,분기보고서_1분기,11013,OFS,000,정상,116,True
OCI홀딩스,010060,00148896,2020,분기보고서_3분기,11014,CFS,000,정상,160,True
OCI홀딩스,010060,00148896,2020,분기보고서_3분기,11014,OFS,000,정상,119,True
OCI홀딩스,010060,00148896,2020,사업보고서,11011,CFS,000,정상,169,True
OCI홀딩스,010060,00148896,2020,사업보고서,11011,OFS,000,정상,124,True
OCI홀딩스,010060,00148896,2021,반기보고서,11012,CFS,000,정상,148,True
OCI홀딩스,010060,00148896,2021,반기보고서,11012,OFS,000,정상,117,True
OCI홀딩스,010060,00148896,2021,분기보고서_1분기,11013,CFS,000,정상,143,True
OCI홀딩스,010060,00148896,2021,분기보고서_1분기,11013,OFS,000,정상,112,True
OCI홀딩스,010060,00148896,2021,분기보고서_3분기,11014,CFS,000,정상,150,True
OCI홀딩스,010060,00148896,2021,분기보고서_3분기,11014,OFS,000,정상,120,True
OCI홀딩스,010060,00148896,2021,사업보고서,11011,CFS,000,정상,177,True
OCI홀딩스,010060,00148896,2021,사업보고서,11011,OFS,000,정상,130,True
OCI홀딩스,010060,00148896,2022,반기보고서,11012,CFS,000,정상,153,True
OCI홀딩스,010060,00148896,2022,반기보고서,11012,OFS,000,정상,116,True
OCI홀딩스,010060,00148896,2022,분기보고서_1분기,11013,CFS,000,정상,146,True
OCI홀딩스,010060,00148896,2022,분기보고서_1분기,11013,OFS,000,정상,111,True
OCI홀딩스,010060,00148896,2022,분기보고서_3분기,11014,CFS,000,정상,160,True
OCI홀딩스,010060,00148896,2022,분기보고서_3분기,11014,OFS,000,정상,124,True
OCI홀딩스,010060,00148896,2022,사업보고서,11011,CFS,000,정상,172,True
OCI홀딩스,010060,00148896,2022,사업보고서,11011,OFS,000,정상,138,True
OCI홀딩스,010060,00148896,2023,반기보고서,11012,CFS,000,정상,168,True
OCI홀딩스,010060,00148896,2023,반기보고서,11012,OFS,000,정상,138,True
OCI홀딩스,010060,00148896,2023,분기보고서_1분기,11013,CFS,000,정상,152,True
OCI홀딩스,010060,00148896,2023,분기보고서_1분기,11013,OFS,000,정상,127,True
OCI홀딩스,010060,00148896,2023,분기보고서_3분기,11014,CFS,000,정상,182,True
OCI홀딩스,010060,00148896,2023,분기보고서_3분기,11014,OFS,000,정상,152,True
OCI홀딩스,010060,00148896,2023,사업보고서,11011,CFS,000,정상,194,True
OCI홀딩스,010060,00148896,2023,사업보고서,11011,OFS,000,정상,160,True
OCI홀딩스,010060,00148896,2024,반기보고서,11012,CFS,000,정상,247,True
OCI홀딩스,010060,00148896,2024,반기보고서,11012,OFS,000,정상,146,True
OCI홀딩스,010060,00148896,2024,분기보고서_1분기,11013,CFS,000,정상,161,True
OCI홀딩스,010060,00148896,2024,분기보고서_1분기,11013,OFS,000,정상,125,True
OCI홀딩스,010060,00148896,2024,분기보고서_3분기,11014,CFS,000,정상,260,True
OCI홀딩스,010060,00148896,2024,분기보고서_3분기,11014,OFS,000,정상,151,True
OCI홀딩스,010060,00148896,2024,사업보고서,11011,CFS,000,정상,275,True
OCI홀딩스,010060,00148896,2024,사업보고서,11011,OFS,000,정상,164,True
OCI홀딩스,010060,00148896,2025,반기보고서,11012,CFS,000,정상,230,True
OCI홀딩스,010060,00148896,2025,반기보고서,11012,OFS,000,정상,127,True
OCI홀딩스,010060,00148896,2025,분기보고서_1분기,11013,CFS,000,정상,204,True
OCI홀딩스,010060,00148896,2025,분기보고서_1분기,11013,OFS,000,정상,118,True
OCI홀딩스,010060,00148896,2025,분기보고서_3분기,11014,CFS,000,정상,239,True
OCI홀딩스,010060,00148896,2025,분기보고서_3분기,11014,OFS,000,정상,159,True
OCI홀딩스,010060,00148896,2025,사업보고서,11011,CFS,000,정상,285,True
OCI홀딩스,010060,00148896,2025,사업보고서,11011,OFS,000,정상,192,True
POSCO홀딩스,005490,00155319,2017,반기보고서,11012,CFS,000,정상,183,True
POSCO홀딩스,005490,00155319,2017,반기보고서,11012,OFS,000,정상,140,True
POSCO홀딩스,005490,00155319,2017,분기보고서_1분기,11013,CFS,000,정상,187,True
POSCO홀딩스,005490,00155319,2017,분기보고서_1분기,11013,OFS,000,정상,145,True
POSCO홀딩스,005490,00155319,2017,분기보고서_3분기,11014,CFS,000,정상,189,True
POSCO홀딩스,005490,00155319,2017,분기보고서_3분기,11014,OFS,000,정상,150,True
POSCO홀딩스,005490,00155319,2017,사업보고서,11011,CFS,000,정상,190,True
POSCO홀딩스,005490,00155319,2017,사업보고서,11011,OFS,000,정상,155,True
POSCO홀딩스,005490,00155319,2018,반기보고서,11012,CFS,000,정상,225,True
POSCO홀딩스,005490,00155319,2018,반기보고서,11012,OFS,000,정상,163,True
POSCO홀딩스,005490,00155319,2018,분기보고서_1분기,11013,CFS,000,정상,210,True
POSCO홀딩스,005490,00155319,2018,분기보고서_1분기,11013,OFS,000,정상,151,True
POSCO홀딩스,005490,00155319,2018,분기보고서_3분기,11014,CFS,000,정상,228,True
POSCO홀딩스,005490,00155319,2018,분기보고서_3분기,11014,OFS,000,정상,168,True
POSCO홀딩스,005490,00155319,2018,사업보고서,11011,CFS,000,정상,307,True
POSCO홀딩스,005490,00155319,2018,사업보고서,11011,OFS,000,정상,234,True
POSCO홀딩스,005490,00155319,2019,반기보고서,11012,CFS,000,정상,221,True
POSCO홀딩스,005490,00155319,2019,반기보고서,11012,OFS,000,정상,213,True
POSCO홀딩스,005490,00155319,2019,분기보고서_1분기,11013,CFS,000,정상,211,True
POSCO홀딩스,005490,00155319,2019,분기보고서_1분기,11013,OFS,000,정상,191,True
POSCO홀딩스,005490,00155319,2019,분기보고서_3분기,11014,CFS,000,정상,225,True
POSCO홀딩스,005490,00155319,2019,분기보고서_3분기,11014,OFS,000,정상,171,True
POSCO홀딩스,005490,00155319,2019,사업보고서,11011,CFS,000,정상,232,True
POSCO홀딩스,005490,00155319,2019,사업보고서,11011,OFS,000,정상,183,True
POSCO홀딩스,005490,00155319,2020,반기보고서,11012,CFS,000,정상,220,True
POSCO홀딩스,005490,00155319,2020,반기보고서,11012,OFS,000,정상,164,True
POSCO홀딩스,005490,00155319,2020,분기보고서_1분기,11013,CFS,000,정상,209,True
POSCO홀딩스,005490,00155319,2020,분기보고서_1분기,11013,OFS,000,정상,154,True
POSCO홀딩스,005490,00155319,2020,분기보고서_3분기,11014,CFS,000,정상,221,True
POSCO홀딩스,005490,00155319,2020,분기보고서_3분기,11014,OFS,000,정상,167,True
POSCO홀딩스,005490,00155319,2020,사업보고서,11011,CFS,000,정상,236,True
POSCO홀딩스,005490,00155319,2020,사업보고서,11011,OFS,000,정상,181,True
POSCO홀딩스,005490,00155319,2021,반기보고서,11012,CFS,000,정상,217,True
POSCO홀딩스,005490,00155319,2021,반기보고서,11012,OFS,000,정상,165,True
POSCO홀딩스,005490,00155319,2021,분기보고서_1분기,11013,CFS,000,정상,207,True
POSCO홀딩스,005490,00155319,2021,분기보고서_1분기,11013,OFS,000,정상,157,True
POSCO홀딩스,005490,00155319,2021,분기보고서_3분기,11014,CFS,000,정상,218,True
POSCO홀딩스,005490,00155319,2021,분기보고서_3분기,11014,OFS,000,정상,168,True
POSCO홀딩스,005490,00155319,2021,사업보고서,11011,CFS,000,정상,223,True
POSCO홀딩스,005490,00155319,2021,사업보고서,11011,OFS,000,정상,177,True
POSCO홀딩스,005490,00155319,2022,반기보고서,11012,CFS,000,정상,219,True
POSCO홀딩스,005490,00155319,2022,반기보고서,11012,OFS,000,정상,172,True
POSCO홀딩스,005490,00155319,2022,분기보고서_1분기,11013,CFS,000,정상,213,True
POSCO홀딩스,005490,00155319,2022,분기보고서_1분기,11013,OFS,000,정상,170,True
POSCO홀딩스,005490,00155319,2022,분기보고서_3분기,11014,CFS,000,정상,221,True
POSCO홀딩스,005490,00155319,2022,분기보고서_3분기,11014,OFS,000,정상,176,True
POSCO홀딩스,005490,00155319,2022,사업보고서,11011,CFS,000,정상,236,True
POSCO홀딩스,005490,00155319,2022,사업보고서,11011,OFS,000,정상,178,True
POSCO홀딩스,005490,00155319,2023,반기보고서,11012,CFS,000,정상,221,True
POSCO홀딩스,005490,00155319,2023,반기보고서,11012,OFS,000,정상,155,True
POSCO홀딩스,005490,00155319,2023,분기보고서_1분기,11013,CFS,000,정상,210,True
POSCO홀딩스,005490,00155319,2023,분기보고서_1분기,11013,OFS,000,정상,147,True
POSCO홀딩스,005490,00155319,2023,분기보고서_3분기,11014,CFS,000,정상,226,True
POSCO홀딩스,005490,00155319,2023,분기보고서_3분기,11014,OFS,000,정상,159,True
POSCO홀딩스,005490,00155319,2023,사업보고서,11011,CFS,000,정상,237,True
POSCO홀딩스,005490,00155319,2023,사업보고서,11011,OFS,000,정상,191,True
POSCO홀딩스,005490,00155319,2024,반기보고서,11012,CFS,000,정상,278,True
POSCO홀딩스,005490,00155319,2024,반기보고서,11012,OFS,000,정상,161,True
POSCO홀딩스,005490,00155319,2024,분기보고서_1분기,11013,CFS,000,정상,259,True
POSCO홀딩스,005490,00155319,2024,분기보고서_1분기,11013,OFS,000,정상,150,True
POSCO홀딩스,005490,00155319,2024,분기보고서_3분기,11014,CFS,000,정상,279,True
POSCO홀딩스,005490,00155319,2024,분기보고서_3분기,11014,OFS,000,정상,181,True
POSCO홀딩스,005490,00155319,2024,사업보고서,11011,CFS,000,정상,327,True
POSCO홀딩스,005490,00155319,2024,사업보고서,11011,OFS,000,정상,220,True
POSCO홀딩스,005490,00155319,2025,반기보고서,11012,CFS,000,정상,267,True
POSCO홀딩스,005490,00155319,2025,반기보고서,11012,OFS,000,정상,163,True
POSCO홀딩스,005490,00155319,2025,분기보고서_1분기,11013,CFS,000,정상,250,True
POSCO홀딩스,005490,00155319,2025,분기보고서_1분기,11013,OFS,000,정상,147,True
POSCO홀딩스,005490,00155319,2025,분기보고서_3분기,11014,CFS,000,정상,277,True
POSCO홀딩스,005490,00155319,2025,분기보고서_3분기,11014,OFS,000,정상,174,True
POSCO홀딩스,005490,00155319,2025,사업보고서,11011,CFS,000,정상,302,True
POSCO홀딩스,005490,00155319,2025,사업보고서,11011,OFS,000,정상,186,True
SKC,011790,00139889,2017,반기보고서,11012,CFS,000,정상,274,True
SKC,011790,00139889,2017,반기보고서,11012,OFS,000,정상,181,True
SKC,011790,00139889,2017,분기보고서_1분기,11013,CFS,000,정상,291,True
SKC,011790,00139889,2017,분기보고서_1분기,11013,OFS,000,정상,207,True
SKC,011790,00139889,2017,분기보고서_3분기,11014,CFS,000,정상,256,True
SKC,011790,00139889,2017,분기보고서_3분기,11014,OFS,000,정상,183,True
SKC,011790,00139889,2017,사업보고서,11011,CFS,000,정상,291,True
SKC,011790,00139889,2017,사업보고서,11011,OFS,000,정상,209,True
SKC,011790,00139889,2018,반기보고서,11012,CFS,000,정상,241,True
SKC,011790,00139889,2018,반기보고서,11012,OFS,000,정상,172,True
SKC,011790,00139889,2018,분기보고서_1분기,11013,CFS,000,정상,220,True
SKC,011790,00139889,2018,분기보고서_1분기,11013,OFS,000,정상,160,True
SKC,011790,00139889,2018,분기보고서_3분기,11014,CFS,000,정상,246,True
SKC,011790,00139889,2018,분기보고서_3분기,11014,OFS,000,정상,175,True
SKC,011790,00139889,2018,사업보고서,11011,CFS,000,정상,295,True
SKC,011790,00139889,2018,사업보고서,11011,OFS,000,정상,212,True
SKC,011790,00139889,2019,반기보고서,11012,CFS,000,정상,223,True
SKC,011790,00139889,2019,반기보고서,11012,OFS,000,정상,155,True
SKC,011790,00139889,2019,분기보고서_1분기,11013,CFS,000,정상,210,True
SKC,011790,00139889,2019,분기보고서_1분기,11013,OFS,000,정상,149,True
SKC,011790,00139889,2019,분기보고서_3분기,11014,CFS,000,정상,231,True
SKC,011790,00139889,2019,분기보고서_3분기,11014,OFS,000,정상,159,True
SKC,011790,00139889,2019,사업보고서,11011,CFS,000,정상,274,True
SKC,011790,00139889,2019,사업보고서,11011,OFS,000,정상,199,True
SKC,011790,00139889,2020,반기보고서,11012,CFS,000,정상,246,True
SKC,011790,00139889,2020,반기보고서,11012,OFS,000,정상,169,True
SKC,011790,00139889,2020,분기보고서_1분기,11013,CFS,000,정상,231,True
SKC,011790,00139889,2020,분기보고서_1분기,11013,OFS,000,정상,162,True
SKC,011790,00139889,2020,분기보고서_3분기,11014,CFS,000,정상,259,True
SKC,011790,00139889,2020,분기보고서_3분기,11014,OFS,000,정상,176,True
SKC,011790,00139889,2020,사업보고서,11011,CFS,000,정상,288,True
SKC,011790,00139889,2020,사업보고서,11011,OFS,000,정상,205,True
SKC,011790,00139889,2021,반기보고서,11012,CFS,000,정상,247,True
SKC,011790,00139889,2021,반기보고서,11012,OFS,000,정상,176,True
SKC,011790,00139889,2021,분기보고서_1분기,11013,CFS,000,정상,238,True
SKC,011790,00139889,2021,분기보고서_1분기,11013,OFS,000,정상,166,True
SKC,011790,00139889,2021,분기보고서_3분기,11014,CFS,000,정상,264,True
SKC,011790,00139889,2021,분기보고서_3분기,11014,OFS,000,정상,178,True
SKC,011790,00139889,2021,사업보고서,11011,CFS,000,정상,291,True
SKC,011790,00139889,2021,사업보고서,11011,OFS,000,정상,214,True
SKC,011790,00139889,2022,반기보고서,11012,CFS,000,정상,242,True
SKC,011790,00139889,2022,반기보고서,11012,OFS,000,정상,171,True
SKC,011790,00139889,2022,분기보고서_1분기,11013,CFS,000,정상,245,True
SKC,011790,00139889,2022,분기보고서_1분기,11013,OFS,000,정상,151,True
SKC,011790,00139889,2022,분기보고서_3분기,11014,CFS,000,정상,249,True
SKC,011790,00139889,2022,분기보고서_3분기,11014,OFS,000,정상,181,True
SKC,011790,00139889,2022,사업보고서,11011,CFS,000,정상,305,True
SKC,011790,00139889,2022,사업보고서,11011,OFS,000,정상,221,True
SKC,011790,00139889,2023,반기보고서,11012,CFS,000,정상,256,True
SKC,011790,00139889,2023,반기보고서,11012,OFS,000,정상,176,True
SKC,011790,00139889,2023,분기보고서_1분기,11013,CFS,000,정상,245,True
SKC,011790,00139889,2023,분기보고서_1분기,11013,OFS,000,정상,158,True
SKC,011790,00139889,2023,분기보고서_3분기,11014,CFS,000,정상,258,True
SKC,011790,00139889,2023,분기보고서_3분기,11014,OFS,000,정상,173,True
SKC,011790,00139889,2023,사업보고서,11011,CFS,000,정상,275,True
SKC,011790,00139889,2023,사업보고서,11011,OFS,000,정상,187,True
SKC,011790,00139889,2024,반기보고서,11012,CFS,000,정상,267,True
SKC,011790,00139889,2024,반기보고서,11012,OFS,000,정상,166,True
SKC,011790,00139889,2024,분기보고서_1분기,11013,CFS,000,정상,264,True
SKC,011790,00139889,2024,분기보고서_1분기,11013,OFS,000,정상,137,True
SKC,011790,00139889,2024,분기보고서_3분기,11014,CFS,000,정상,265,True
SKC,011790,00139889,2024,분기보고서_3분기,11014,OFS,000,정상,176,True
SKC,011790,00139889,2024,사업보고서,11011,CFS,000,정상,288,True
SKC,011790,00139889,2024,사업보고서,11011,OFS,000,정상,193,True
SKC,011790,00139889,2025,반기보고서,11012,CFS,000,정상,293,True
SKC,011790,00139889,2025,반기보고서,11012,OFS,000,정상,164,True
SKC,011790,00139889,2025,분기보고서_1분기,11013,CFS,000,정상,274,True
SKC,011790,00139889,2025,분기보고서_1분기,11013,OFS,000,정상,133,True
SKC,011790,00139889,2025,분기보고서_3분기,11014,CFS,000,정상,306,True
SKC,011790,00139889,2025,분기보고서_3분기,11014,OFS,000,정상,176,True
SKC,011790,00139889,2025,사업보고서,11011,CFS,000,정상,326,True
SKC,011790,00139889,2025,사업보고서,11011,OFS,000,정상,197,True
SK디앤디,210980,00508344,2017,반기보고서,11012,CFS,000,정상,184,True
SK디앤디,210980,00508344,2017,반기보고서,11012,OFS,000,정상,168,True
SK디앤디,210980,00508344,2017,분기보고서_1분기,11013,CFS,000,정상,204,True
SK디앤디,210980,00508344,2017,분기보고서_1분기,11013,OFS,000,정상,183,True
SK디앤디,210980,00508344,2017,분기보고서_3분기,11014,CFS,000,정상,200,True
SK디앤디,210980,00508344,2017,분기보고서_3분기,11014,OFS,000,정상,178,True
SK디앤디,210980,00508344,2017,사업보고서,11011,CFS,000,정상,220,True
SK디앤디,210980,00508344,2017,사업보고서,11011,OFS,000,정상,196,True
SK디앤디,210980,00508344,2018,반기보고서,11012,CFS,000,정상,215,True
SK디앤디,210980,00508344,2018,반기보고서,11012,OFS,000,정상,191,True
SK디앤디,210980,00508344,2018,분기보고서_1분기,11013,CFS,000,정상,178,True
SK디앤디,210980,00508344,2018,분기보고서_1분기,11013,OFS,000,정상,156,True
SK디앤디,210980,00508344,2018,분기보고서_3분기,11014,CFS,000,정상,262,True
SK디앤디,210980,00508344,2018,분기보고서_3분기,11014,OFS,000,정상,222,True
SK디앤디,210980,00508344,2018,사업보고서,11011,CFS,000,정상,255,True
SK디앤디,210980,00508344,2018,사업보고서,11011,OFS,000,정상,226,True
SK디앤디,210980,00508344,2019,반기보고서,11012,CFS,000,정상,266,True
SK디앤디,210980,00508344,2019,반기보고서,11012,OFS,000,정상,228,True
SK디앤디,210980,00508344,2019,분기보고서_1분기,11013,CFS,000,정상,195,True
SK디앤디,210980,00508344,2019,분기보고서_1분기,11013,OFS,000,정상,176,True
SK디앤디,210980,00508344,2019,분기보고서_3분기,11014,CFS,000,정상,270,True
SK디앤디,210980,00508344,2019,분기보고서_3분기,11014,OFS,000,정상,232,True
SK디앤디,210980,00508344,2019,사업보고서,11011,CFS,000,정상,269,True
SK디앤디,210980,00508344,2019,사업보고서,11011,OFS,000,정상,235,True
SK디앤디,210980,00508344,2020,반기보고서,11012,CFS,000,정상,230,True
SK디앤디,210980,00508344,2020,반기보고서,11012,OFS,000,정상,191,True
SK디앤디,210980,00508344,2020,분기보고서_1분기,11013,CFS,000,정상,242,True
SK디앤디,210980,00508344,2020,분기보고서_1분기,11013,OFS,000,정상,204,True
SK디앤디,210980,00508344,2020,분기보고서_3분기,11014,CFS,000,정상,232,True
SK디앤디,210980,00508344,2020,분기보고서_3분기,11014,OFS,000,정상,190,True
SK디앤디,210980,00508344,2020,사업보고서,11011,CFS,000,정상,268,True
SK디앤디,210980,00508344,2020,사업보고서,11011,OFS,000,정상,225,True
SK디앤디,210980,00508344,2021,반기보고서,11012,CFS,000,정상,191,True
SK디앤디,210980,00508344,2021,반기보고서,11012,OFS,000,정상,165,True
SK디앤디,210980,00508344,2021,분기보고서_1분기,11013,CFS,000,정상,203,True
SK디앤디,210980,00508344,2021,분기보고서_1분기,11013,OFS,000,정상,169,True
SK디앤디,210980,00508344,2021,분기보고서_3분기,11014,CFS,000,정상,194,True
SK디앤디,210980,00508344,2021,분기보고서_3분기,11014,OFS,000,정상,166,True
SK디앤디,210980,00508344,2021,사업보고서,11011,CFS,000,정상,214,True
SK디앤디,210980,00508344,2021,사업보고서,11011,OFS,000,정상,180,True
SK디앤디,210980,00508344,2022,반기보고서,11012,CFS,000,정상,178,True
SK디앤디,210980,00508344,2022,반기보고서,11012,OFS,000,정상,153,True
SK디앤디,210980,00508344,2022,분기보고서_1분기,11013,CFS,000,정상,173,True
SK디앤디,210980,00508344,2022,분기보고서_1분기,11013,OFS,000,정상,145,True
SK디앤디,210980,00508344,2022,분기보고서_3분기,11014,CFS,000,정상,181,True
SK디앤디,210980,00508344,2022,분기보고서_3분기,11014,OFS,000,정상,154,True
SK디앤디,210980,00508344,2022,사업보고서,11011,CFS,000,정상,203,True
SK디앤디,210980,00508344,2022,사업보고서,11011,OFS,000,정상,175,True
SK디앤디,210980,00508344,2023,반기보고서,11012,CFS,000,정상,175,True
SK디앤디,210980,00508344,2023,반기보고서,11012,OFS,000,정상,150,True
SK디앤디,210980,00508344,2023,분기보고서_1분기,11013,CFS,000,정상,171,True
SK디앤디,210980,00508344,2023,분기보고서_1분기,11013,OFS,000,정상,147,True
SK디앤디,210980,00508344,2023,분기보고서_3분기,11014,CFS,000,정상,184,True
SK디앤디,210980,00508344,2023,분기보고서_3분기,11014,OFS,000,정상,157,True
SK디앤디,210980,00508344,2023,사업보고서,11011,CFS,000,정상,201,True
SK디앤디,210980,00508344,2023,사업보고서,11011,OFS,000,정상,174,True
SK디앤디,210980,00508344,2024,반기보고서,11012,CFS,000,정상,275,True
SK디앤디,210980,00508344,2024,반기보고서,11012,OFS,000,정상,204,True
SK디앤디,210980,00508344,2024,분기보고서_1분기,11013,CFS,000,정상,243,True
SK디앤디,210980,00508344,2024,분기보고서_1분기,11013,OFS,000,정상,193,True
SK디앤디,210980,00508344,2024,분기보고서_3분기,11014,CFS,000,정상,284,True
SK디앤디,210980,00508344,2024,분기보고서_3분기,11014,OFS,000,정상,223,True
SK디앤디,210980,00508344,2024,사업보고서,11011,CFS,000,정상,298,True
SK디앤디,210980,00508344,2024,사업보고서,11011,OFS,000,정상,242,True
SK디앤디,210980,00508344,2025,반기보고서,11012,CFS,000,정상,272,True
SK디앤디,210980,00508344,2025,반기보고서,11012,OFS,000,정상,209,True
SK디앤디,210980,00508344,2025,분기보고서_1분기,11013,CFS,000,정상,249,True
SK디앤디,210980,00508344,2025,분기보고서_1분기,11013,OFS,000,정상,194,True
SK디앤디,210980,00508344,2025,분기보고서_3분기,11014,CFS,000,정상,276,True
SK디앤디,210980,00508344,2025,분기보고서_3분기,11014,OFS,000,정상,212,True
SK디앤디,210980,00508344,2025,사업보고서,11011,CFS,000,정상,305,True
SK디앤디,210980,00508344,2025,사업보고서,11011,OFS,000,정상,241,True
SK텔레콤,017670,00159023,2017,반기보고서,11012,CFS,000,정상,232,True
SK텔레콤,017670,00159023,2017,반기보고서,11012,OFS,000,정상,227,True
SK텔레콤,017670,00159023,2017,분기보고서_1분기,11013,CFS,000,정상,241,True
SK텔레콤,017670,00159023,2017,분기보고서_1분기,11013,OFS,000,정상,245,True
SK텔레콤,017670,00159023,2017,분기보고서_3분기,11014,CFS,000,정상,222,True
SK텔레콤,017670,00159023,2017,분기보고서_3분기,11014,OFS,000,정상,217,True
SK텔레콤,017670,00159023,2017,사업보고서,11011,CFS,000,정상,248,True
SK텔레콤,017670,00159023,2017,사업보고서,11011,OFS,000,정상,256,True
SK텔레콤,017670,00159023,2018,반기보고서,11012,CFS,000,정상,238,True
SK텔레콤,017670,00159023,2018,반기보고서,11012,OFS,000,정상,233,True
SK텔레콤,017670,00159023,2018,분기보고서_1분기,11013,CFS,000,정상,216,True
SK텔레콤,017670,00159023,2018,분기보고서_1분기,11013,OFS,000,정상,213,True
SK텔레콤,017670,00159023,2018,분기보고서_3분기,11014,CFS,000,정상,241,True
SK텔레콤,017670,00159023,2018,분기보고서_3분기,11014,OFS,000,정상,231,True
SK텔레콤,017670,00159023,2018,사업보고서,11011,CFS,000,정상,243,True
SK텔레콤,017670,00159023,2018,사업보고서,11011,OFS,000,정상,246,True
SK텔레콤,017670,00159023,2019,반기보고서,11012,CFS,000,정상,236,True
SK텔레콤,017670,00159023,2019,반기보고서,11012,OFS,000,정상,230,True
SK텔레콤,017670,00159023,2019,분기보고서_1분기,11013,CFS,000,정상,213,True
SK텔레콤,017670,00159023,2019,분기보고서_1분기,11013,OFS,000,정상,202,True
SK텔레콤,017670,00159023,2019,분기보고서_3분기,11014,CFS,000,정상,247,True
SK텔레콤,017670,00159023,2019,분기보고서_3분기,11014,OFS,000,정상,243,True
SK텔레콤,017670,00159023,2019,사업보고서,11011,CFS,000,정상,265,True
SK텔레콤,017670,00159023,2019,사업보고서,11011,OFS,000,정상,264,True
SK텔레콤,017670,00159023,2020,반기보고서,11012,CFS,000,정상,223,True
SK텔레콤,017670,00159023,2020,반기보고서,11012,OFS,000,정상,221,True
SK텔레콤,017670,00159023,2020,분기보고서_1분기,11013,CFS,000,정상,220,True
SK텔레콤,017670,00159023,2020,분기보고서_1분기,11013,OFS,000,정상,208,True
SK텔레콤,017670,00159023,2020,분기보고서_3분기,11014,CFS,000,정상,234,True
SK텔레콤,017670,00159023,2020,분기보고서_3분기,11014,OFS,000,정상,225,True
SK텔레콤,017670,00159023,2020,사업보고서,11011,CFS,000,정상,262,True
SK텔레콤,017670,00159023,2020,사업보고서,11011,OFS,000,정상,260,True
SK텔레콤,017670,00159023,2021,반기보고서,11012,CFS,000,정상,209,True
SK텔레콤,017670,00159023,2021,반기보고서,11012,OFS,000,정상,175,True
SK텔레콤,017670,00159023,2021,분기보고서_1분기,11013,CFS,000,정상,200,True
SK텔레콤,017670,00159023,2021,분기보고서_1분기,11013,OFS,000,정상,168,True
SK텔레콤,017670,00159023,2021,분기보고서_3분기,11014,CFS,000,정상,213,True
SK텔레콤,017670,00159023,2021,분기보고서_3분기,11014,OFS,000,정상,178,True
SK텔레콤,017670,00159023,2021,사업보고서,11011,CFS,000,정상,271,True
SK텔레콤,017670,00159023,2021,사업보고서,11011,OFS,000,정상,192,True
SK텔레콤,017670,00159023,2022,반기보고서,11012,CFS,000,정상,255,True
SK텔레콤,017670,00159023,2022,반기보고서,11012,OFS,000,정상,252,True
SK텔레콤,017670,00159023,2022,분기보고서_1분기,11013,CFS,000,정상,237,True
SK텔레콤,017670,00159023,2022,분기보고서_1분기,11013,OFS,000,정상,228,True
SK텔레콤,017670,00159023,2022,분기보고서_3분기,11014,CFS,000,정상,255,True
SK텔레콤,017670,00159023,2022,분기보고서_3분기,11014,OFS,000,정상,254,True
SK텔레콤,017670,00159023,2022,사업보고서,11011,CFS,000,정상,269,True
SK텔레콤,017670,00159023,2022,사업보고서,11011,OFS,000,정상,271,True
SK텔레콤,017670,00159023,2023,반기보고서,11012,CFS,000,정상,205,True
SK텔레콤,017670,00159023,2023,반기보고서,11012,OFS,000,정상,181,True
SK텔레콤,017670,00159023,2023,분기보고서_1분기,11013,CFS,000,정상,195,True
SK텔레콤,017670,00159023,2023,분기보고서_1분기,11013,OFS,000,정상,165,True
SK텔레콤,017670,00159023,2023,분기보고서_3분기,11014,CFS,000,정상,207,True
SK텔레콤,017670,00159023,2023,분기보고서_3분기,11014,OFS,000,정상,182,True
SK텔레콤,017670,00159023,2023,사업보고서,11011,CFS,000,정상,249,True
SK텔레콤,017670,00159023,2023,사업보고서,11011,OFS,000,정상,217,True
SK텔레콤,017670,00159023,2024,반기보고서,11012,CFS,000,정상,260,True
SK텔레콤,017670,00159023,2024,반기보고서,11012,OFS,000,정상,271,True
SK텔레콤,017670,00159023,2024,분기보고서_1분기,11013,CFS,000,정상,203,True
SK텔레콤,017670,00159023,2024,분기보고서_1분기,11013,OFS,000,정상,177,True
SK텔레콤,017670,00159023,2024,분기보고서_3분기,11014,CFS,000,정상,263,True
SK텔레콤,017670,00159023,2024,분기보고서_3분기,11014,OFS,000,정상,273,True
SK텔레콤,017670,00159023,2024,사업보고서,11011,CFS,000,정상,291,True
SK텔레콤,017670,00159023,2024,사업보고서,11011,OFS,000,정상,291,True
SK텔레콤,017670,00159023,2025,반기보고서,11012,CFS,000,정상,246,True
SK텔레콤,017670,00159023,2025,반기보고서,11012,OFS,000,정상,252,True
SK텔레콤,017670,00159023,2025,분기보고서_1분기,11013,CFS,000,정상,238,True
SK텔레콤,017670,00159023,2025,분기보고서_1분기,11013,OFS,000,정상,241,True
SK텔레콤,017670,00159023,2025,분기보고서_3분기,11014,CFS,000,정상,250,True
SK텔레콤,017670,00159023,2025,분기보고서_3분기,11014,OFS,000,정상,255,True
SK텔레콤,017670,00159023,2025,사업보고서,11011,CFS,000,정상,288,True
SK텔레콤,017670,00159023,2025,사업보고서,11011,OFS,000,정상,280,True
SK하이닉스,000660,00164779,2017,반기보고서,11012,CFS,000,정상,149,True
SK하이닉스,000660,00164779,2017,반기보고서,11012,OFS,000,정상,108,True
SK하이닉스,000660,00164779,2017,분기보고서_1분기,11013,CFS,000,정상,157,True
SK하이닉스,000660,00164779,2017,분기보고서_1분기,11013,OFS,000,정상,116,True
SK하이닉스,000660,00164779,2017,분기보고서_3분기,11014,CFS,000,정상,143,True
SK하이닉스,000660,00164779,2017,분기보고서_3분기,11014,OFS,000,정상,107,True
SK하이닉스,000660,00164779,2017,사업보고서,11011,CFS,000,정상,147,True
SK하이닉스,000660,00164779,2017,사업보고서,11011,OFS,000,정상,116,True
SK하이닉스,000660,00164779,2018,반기보고서,11012,CFS,000,정상,136,True
SK하이닉스,000660,00164779,2018,반기보고서,11012,OFS,000,정상,106,True
SK하이닉스,000660,00164779,2018,분기보고서_1분기,11013,CFS,000,정상,130,True
SK하이닉스,000660,00164779,2018,분기보고서_1분기,11013,OFS,000,정상,102,True
SK하이닉스,000660,00164779,2018,분기보고서_3분기,11014,CFS,000,정상,140,True
SK하이닉스,000660,00164779,2018,분기보고서_3분기,11014,OFS,000,정상,110,True
SK하이닉스,000660,00164779,2018,사업보고서,11011,CFS,000,정상,152,True
SK하이닉스,000660,00164779,2018,사업보고서,11011,OFS,000,정상,121,True
SK하이닉스,000660,00164779,2019,반기보고서,11012,CFS,000,정상,141,True
SK하이닉스,000660,00164779,2019,반기보고서,11012,OFS,000,정상,107,True
SK하이닉스,000660,00164779,2019,분기보고서_1분기,11013,CFS,000,정상,135,True
SK하이닉스,000660,00164779,2019,분기보고서_1분기,11013,OFS,000,정상,106,True
SK하이닉스,000660,00164779,2019,분기보고서_3분기,11014,CFS,000,정상,145,True
SK하이닉스,000660,00164779,2019,분기보고서_3분기,11014,OFS,000,정상,110,True
SK하이닉스,000660,00164779,2019,사업보고서,11011,CFS,000,정상,162,True
SK하이닉스,000660,00164779,2019,사업보고서,11011,OFS,000,정상,126,True
SK하이닉스,000660,00164779,2020,반기보고서,11012,CFS,000,정상,149,True
SK하이닉스,000660,00164779,2020,반기보고서,11012,OFS,000,정상,116,True
SK하이닉스,000660,00164779,2020,분기보고서_1분기,11013,CFS,000,정상,144,True
SK하이닉스,000660,00164779,2020,분기보고서_1분기,11013,OFS,000,정상,113,True
SK하이닉스,000660,00164779,2020,분기보고서_3분기,11014,CFS,000,정상,152,True
SK하이닉스,000660,00164779,2020,분기보고서_3분기,11014,OFS,000,정상,116,True
SK하이닉스,000660,00164779,2020,사업보고서,11011,CFS,000,정상,158,True
SK하이닉스,000660,00164779,2020,사업보고서,11011,OFS,000,정상,121,True
SK하이닉스,000660,00164779,2021,반기보고서,11012,CFS,000,정상,156,True
SK하이닉스,000660,00164779,2021,반기보고서,11012,OFS,000,정상,121,True
SK하이닉스,000660,00164779,2021,분기보고서_1분기,11013,CFS,000,정상,146,True
SK하이닉스,000660,00164779,2021,분기보고서_1분기,11013,OFS,000,정상,115,True
SK하이닉스,000660,00164779,2021,분기보고서_3분기,11014,CFS,000,정상,157,True
SK하이닉스,000660,00164779,2021,분기보고서_3분기,11014,OFS,000,정상,121,True
SK하이닉스,000660,00164779,2021,사업보고서,11011,CFS,000,정상,161,True
SK하이닉스,000660,00164779,2021,사업보고서,11011,OFS,000,정상,125,True
SK하이닉스,000660,00164779,2022,반기보고서,11012,CFS,000,정상,162,True
SK하이닉스,000660,00164779,2022,반기보고서,11012,OFS,000,정상,123,True
SK하이닉스,000660,00164779,2022,분기보고서_1분기,11013,CFS,000,정상,156,True
SK하이닉스,000660,00164779,2022,분기보고서_1분기,11013,OFS,000,정상,120,True
SK하이닉스,000660,00164779,2022,분기보고서_3분기,11014,CFS,000,정상,162,True
SK하이닉스,000660,00164779,2022,분기보고서_3분기,11014,OFS,000,정상,124,True
SK하이닉스,000660,00164779,2022,사업보고서,11011,CFS,000,정상,165,True
SK하이닉스,000660,00164779,2022,사업보고서,11011,OFS,000,정상,126,True
SK하이닉스,000660,00164779,2023,반기보고서,11012,CFS,000,정상,165,True
SK하이닉스,000660,00164779,2023,반기보고서,11012,OFS,000,정상,125,True
SK하이닉스,000660,00164779,2023,분기보고서_1분기,11013,CFS,000,정상,156,True
SK하이닉스,000660,00164779,2023,분기보고서_1분기,11013,OFS,000,정상,119,True
SK하이닉스,000660,00164779,2023,분기보고서_3분기,11014,CFS,000,정상,165,True
SK하이닉스,000660,00164779,2023,분기보고서_3분기,11014,OFS,000,정상,129,True
SK하이닉스,000660,00164779,2023,사업보고서,11011,CFS,000,정상,171,True
SK하이닉스,000660,00164779,2023,사업보고서,11011,OFS,000,정상,130,True
SK하이닉스,000660,00164779,2024,반기보고서,11012,CFS,000,정상,232,True
SK하이닉스,000660,00164779,2024,반기보고서,11012,OFS,000,정상,155,True
SK하이닉스,000660,00164779,2024,분기보고서_1분기,11013,CFS,000,정상,171,True
SK하이닉스,000660,00164779,2024,분기보고서_1분기,11013,OFS,000,정상,126,True
SK하이닉스,000660,00164779,2024,분기보고서_3분기,11014,CFS,000,정상,226,True
SK하이닉스,000660,00164779,2024,분기보고서_3분기,11014,OFS,000,정상,157,True
SK하이닉스,000660,00164779,2024,사업보고서,11011,CFS,000,정상,236,True
SK하이닉스,000660,00164779,2024,사업보고서,11011,OFS,000,정상,169,True
SK하이닉스,000660,00164779,2025,반기보고서,11012,CFS,000,정상,238,True
SK하이닉스,000660,00164779,2025,반기보고서,11012,OFS,000,정상,161,True
SK하이닉스,000660,00164779,2025,분기보고서_1분기,11013,CFS,000,정상,215,True
SK하이닉스,000660,00164779,2025,분기보고서_1분기,11013,OFS,000,정상,160,True
SK하이닉스,000660,00164779,2025,분기보고서_3분기,11014,CFS,000,정상,236,True
SK하이닉스,000660,00164779,2025,분기보고서_3분기,11014,OFS,000,정상,160,True
SK하이닉스,000660,00164779,2025,사업보고서,11011,CFS,000,정상,230,True
SK하이닉스,000660,00164779,2025,사업보고서,11011,OFS,000,정상,164,True
고려아연,010130,00102858,2017,반기보고서,11012,CFS,000,정상,154,True
고려아연,010130,00102858,2017,반기보고서,11012,OFS,000,정상,113,True
고려아연,010130,00102858,2017,분기보고서_1분기,11013,CFS,000,정상,170,True
고려아연,010130,00102858,2017,분기보고서_1분기,11013,OFS,000,정상,120,True
고려아연,010130,00102858,2017,분기보고서_3분기,11014,CFS,000,정상,172,True
고려아연,010130,00102858,2017,분기보고서_3분기,11014,OFS,000,정상,115,True
고려아연,010130,00102858,2017,사업보고서,11011,CFS,000,정상,182,True
고려아연,010130,00102858,2017,사업보고서,11011,OFS,000,정상,124,True
고려아연,010130,00102858,2018,반기보고서,11012,CFS,000,정상,179,True
고려아연,010130,00102858,2018,반기보고서,11012,OFS,000,정상,122,True
고려아연,010130,00102858,2018,분기보고서_1분기,11013,CFS,000,정상,173,True
고려아연,010130,00102858,2018,분기보고서_1분기,11013,OFS,000,정상,119,True
고려아연,010130,00102858,2018,분기보고서_3분기,11014,CFS,000,정상,181,True
고려아연,010130,00102858,2018,분기보고서_3분기,11014,OFS,000,정상,125,True
고려아연,010130,00102858,2018,사업보고서,11011,CFS,000,정상,189,True
고려아연,010130,00102858,2018,사업보고서,11011,OFS,000,정상,132,True
고려아연,010130,00102858,2019,반기보고서,11012,CFS,000,정상,185,True
고려아연,010130,00102858,2019,반기보고서,11012,OFS,000,정상,128,True
고려아연,010130,00102858,2019,분기보고서_1분기,11013,CFS,000,정상,171,True
고려아연,010130,00102858,2019,분기보고서_1분기,11013,OFS,000,정상,116,True
고려아연,010130,00102858,2019,분기보고서_3분기,11014,CFS,000,정상,187,True
고려아연,010130,00102858,2019,분기보고서_3분기,11014,OFS,000,정상,126,True
고려아연,010130,00102858,2019,사업보고서,11011,CFS,000,정상,205,True
고려아연,010130,00102858,2019,사업보고서,11011,OFS,000,정상,137,True
고려아연,010130,00102858,2020,반기보고서,11012,CFS,000,정상,175,True
고려아연,010130,00102858,2020,반기보고서,11012,OFS,000,정상,120,True
고려아연,010130,00102858,2020,분기보고서_1분기,11013,CFS,000,정상,165,True
고려아연,010130,00102858,2020,분기보고서_1분기,11013,OFS,000,정상,114,True
고려아연,010130,00102858,2020,분기보고서_3분기,11014,CFS,000,정상,179,True
고려아연,010130,00102858,2020,분기보고서_3분기,11014,OFS,000,정상,121,True
고려아연,010130,00102858,2020,사업보고서,11011,CFS,000,정상,206,True
고려아연,010130,00102858,2020,사업보고서,11011,OFS,000,정상,136,True
고려아연,010130,00102858,2021,반기보고서,11012,CFS,000,정상,190,True
고려아연,010130,00102858,2021,반기보고서,11012,OFS,000,정상,117,True
고려아연,010130,00102858,2021,분기보고서_1분기,11013,CFS,000,정상,174,True
고려아연,010130,00102858,2021,분기보고서_1분기,11013,OFS,000,정상,117,True
고려아연,010130,00102858,2021,분기보고서_3분기,11014,CFS,000,정상,195,True
고려아연,010130,00102858,2021,분기보고서_3분기,11014,OFS,000,정상,120,True
고려아연,010130,00102858,2021,사업보고서,11011,CFS,000,정상,205,True
고려아연,010130,00102858,2021,사업보고서,11011,OFS,000,정상,130,True
고려아연,010130,00102858,2022,반기보고서,11012,CFS,000,정상,194,True
고려아연,010130,00102858,2022,반기보고서,11012,OFS,000,정상,114,True
고려아연,010130,00102858,2022,분기보고서_1분기,11013,CFS,000,정상,175,True
고려아연,010130,00102858,2022,분기보고서_1분기,11013,OFS,000,정상,118,True
고려아연,010130,00102858,2022,분기보고서_3분기,11014,CFS,000,정상,217,True
고려아연,010130,00102858,2022,분기보고서_3분기,11014,OFS,000,정상,125,True
고려아연,010130,00102858,2022,사업보고서,11011,CFS,000,정상,337,True
고려아연,010130,00102858,2022,사업보고서,11011,OFS,000,정상,165,True
고려아연,010130,00102858,2023,반기보고서,11012,CFS,000,정상,263,True
고려아연,010130,00102858,2023,반기보고서,11012,OFS,000,정상,133,True
고려아연,010130,00102858,2023,분기보고서_1분기,11013,CFS,000,정상,252,True
고려아연,010130,00102858,2023,분기보고서_1분기,11013,OFS,000,정상,139,True
고려아연,010130,00102858,2023,분기보고서_3분기,11014,CFS,000,정상,282,True
고려아연,010130,00102858,2023,분기보고서_3분기,11014,OFS,000,정상,149,True
고려아연,010130,00102858,2023,사업보고서,11011,CFS,000,정상,327,True
고려아연,010130,00102858,2023,사업보고서,11011,OFS,000,정상,176,True
고려아연,010130,00102858,2024,반기보고서,11012,CFS,000,정상,227,True
고려아연,010130,00102858,2024,반기보고서,11012,OFS,000,정상,145,True
고려아연,010130,00102858,2024,분기보고서_1분기,11013,CFS,000,정상,232,True
고려아연,010130,00102858,2024,분기보고서_1분기,11013,OFS,000,정상,143,True
고려아연,010130,00102858,2024,분기보고서_3분기,11014,CFS,000,정상,262,True
고려아연,010130,00102858,2024,분기보고서_3분기,11014,OFS,000,정상,163,True
고려아연,010130,00102858,2024,사업보고서,11011,CFS,000,정상,317,True
고려아연,010130,00102858,2024,사업보고서,11011,OFS,000,정상,190,True
고려아연,010130,00102858,2025,반기보고서,11012,CFS,000,정상,252,True
고려아연,010130,00102858,2025,반기보고서,11012,OFS,000,정상,172,True
고려아연,010130,00102858,2025,분기보고서_1분기,11013,CFS,000,정상,236,True
고려아연,010130,00102858,2025,분기보고서_1분기,11013,OFS,000,정상,154,True
고려아연,010130,00102858,2025,분기보고서_3분기,11014,CFS,000,정상,269,True
고려아연,010130,00102858,2025,분기보고서_3분기,11014,OFS,000,정상,176,True
고려아연,010130,00102858,2025,사업보고서,11011,CFS,000,정상,304,True
고려아연,010130,00102858,2025,사업보고서,11011,OFS,000,정상,182,True
넷마블,251270,00904672,2017,반기보고서,11012,CFS,000,정상,197,True
넷마블,251270,00904672,2017,반기보고서,11012,OFS,000,정상,153,True
넷마블,251270,00904672,2017,분기보고서_1분기,11013,CFS,013,조회된 데이타가 없습니다.,0,False
넷마블,251270,00904672,2017,분기보고서_1분기,11013,OFS,013,조회된 데이타가 없습니다.,0,False
넷마블,251270,00904672,2017,분기보고서_3분기,11014,CFS,000,정상,168,True
넷마블,251270,00904672,2017,분기보고서_3분기,11014,OFS,000,정상,127,True
넷마블,251270,00904672,2017,사업보고서,11011,CFS,000,정상,177,True
넷마블,251270,00904672,2017,사업보고서,11011,OFS,000,정상,130,True
넷마블,251270,00904672,2018,반기보고서,11012,CFS,000,정상,186,True
넷마블,251270,00904672,2018,반기보고서,11012,OFS,000,정상,134,True
넷마블,251270,00904672,2018,분기보고서_1분기,11013,CFS,000,정상,168,True
넷마블,251270,00904672,2018,분기보고서_1분기,11013,OFS,000,정상,124,True
넷마블,251270,00904672,2018,분기보고서_3분기,11014,CFS,000,정상,184,True
넷마블,251270,00904672,2018,분기보고서_3분기,11014,OFS,000,정상,134,True
넷마블,251270,00904672,2018,사업보고서,11011,CFS,000,정상,207,True
넷마블,251270,00904672,2018,사업보고서,11011,OFS,000,정상,158,True
넷마블,251270,00904672,2019,반기보고서,11012,CFS,000,정상,179,True
넷마블,251270,00904672,2019,반기보고서,11012,OFS,000,정상,137,True
넷마블,251270,00904672,2019,분기보고서_1분기,11013,CFS,000,정상,173,True
넷마블,251270,00904672,2019,분기보고서_1분기,11013,OFS,000,정상,128,True
넷마블,251270,00904672,2019,분기보고서_3분기,11014,CFS,000,정상,183,True
넷마블,251270,00904672,2019,분기보고서_3분기,11014,OFS,000,정상,139,True
넷마블,251270,00904672,2019,사업보고서,11011,CFS,000,정상,210,True
넷마블,251270,00904672,2019,사업보고서,11011,OFS,000,정상,164,True
넷마블,251270,00904672,2020,반기보고서,11012,CFS,000,정상,175,True
넷마블,251270,00904672,2020,반기보고서,11012,OFS,000,정상,128,True
넷마블,251270,00904672,2020,분기보고서_1분기,11013,CFS,000,정상,173,True
넷마블,251270,00904672,2020,분기보고서_1분기,11013,OFS,000,정상,123,True
넷마블,251270,00904672,2020,분기보고서_3분기,11014,CFS,000,정상,177,True
넷마블,251270,00904672,2020,분기보고서_3분기,11014,OFS,000,정상,133,True
넷마블,251270,00904672,2020,사업보고서,11011,CFS,000,정상,200,True
넷마블,251270,00904672,2020,사업보고서,11011,OFS,000,정상,158,True
넷마블,251270,00904672,2021,반기보고서,11012,CFS,000,정상,186,True
넷마블,251270,00904672,2021,반기보고서,11012,OFS,000,정상,138,True
넷마블,251270,00904672,2021,분기보고서_1분기,11013,CFS,000,정상,176,True
넷마블,251270,00904672,2021,분기보고서_1분기,11013,OFS,000,정상,124,True
넷마블,251270,00904672,2021,분기보고서_3분기,11014,CFS,000,정상,190,True
넷마블,251270,00904672,2021,분기보고서_3분기,11014,OFS,000,정상,147,True
넷마블,251270,00904672,2021,사업보고서,11011,CFS,000,정상,199,True
넷마블,251270,00904672,2021,사업보고서,11011,OFS,000,정상,156,True
넷마블,251270,00904672,2022,반기보고서,11012,CFS,000,정상,189,True
넷마블,251270,00904672,2022,반기보고서,11012,OFS,000,정상,140,True
넷마블,251270,00904672,2022,분기보고서_1분기,11013,CFS,000,정상,183,True
넷마블,251270,00904672,2022,분기보고서_1분기,11013,OFS,000,정상,127,True
넷마블,251270,00904672,2022,분기보고서_3분기,11014,CFS,000,정상,196,True
넷마블,251270,00904672,2022,분기보고서_3분기,11014,OFS,000,정상,150,True
넷마블,251270,00904672,2022,사업보고서,11011,CFS,000,정상,202,True
넷마블,251270,00904672,2022,사업보고서,11011,OFS,000,정상,181,True
넷마블,251270,00904672,2023,반기보고서,11012,CFS,000,정상,179,True
넷마블,251270,00904672,2023,반기보고서,11012,OFS,000,정상,123,True
넷마블,251270,00904672,2023,분기보고서_1분기,11013,CFS,000,정상,177,True
넷마블,251270,00904672,2023,분기보고서_1분기,11013,OFS,000,정상,120,True
넷마블,251270,00904672,2023,분기보고서_3분기,11014,CFS,000,정상,226,True
넷마블,251270,00904672,2023,분기보고서_3분기,11014,OFS,000,정상,143,True
넷마블,251270,00904672,2023,사업보고서,11011,CFS,000,정상,286,True
넷마블,251270,00904672,2023,사업보고서,11011,OFS,000,정상,181,True
넷마블,251270,00904672,2024,반기보고서,11012,CFS,000,정상,236,True
넷마블,251270,00904672,2024,반기보고서,11012,OFS,000,정상,125,True
넷마블,251270,00904672,2024,분기보고서_1분기,11013,CFS,000,정상,213,True
넷마블,251270,00904672,2024,분기보고서_1분기,11013,OFS,000,정상,118,True
넷마블,251270,00904672,2024,분기보고서_3분기,11014,CFS,000,정상,238,True
넷마블,251270,00904672,2024,분기보고서_3분기,11014,OFS,000,정상,126,True
넷마블,251270,00904672,2024,사업보고서,11011,CFS,000,정상,291,True
넷마블,251270,00904672,2024,사업보고서,11011,OFS,000,정상,165,True
넷마블,251270,00904672,2025,반기보고서,11012,CFS,000,정상,232,True
넷마블,251270,00904672,2025,반기보고서,11012,OFS,000,정상,145,True
넷마블,251270,00904672,2025,분기보고서_1분기,11013,CFS,000,정상,220,True
넷마블,251270,00904672,2025,분기보고서_1분기,11013,OFS,000,정상,133,True
넷마블,251270,00904672,2025,분기보고서_3분기,11014,CFS,000,정상,240,True
넷마블,251270,00904672,2025,분기보고서_3분기,11014,OFS,000,정상,152,True
넷마블,251270,00904672,2025,사업보고서,11011,CFS,000,정상,285,True
넷마블,251270,00904672,2025,사업보고서,11011,OFS,000,정상,164,True
대동,000490,00109286,2017,반기보고서,11012,CFS,000,정상,226,True
대동,000490,00109286,2017,반기보고서,11012,OFS,000,정상,177,True
대동,000490,00109286,2017,분기보고서_1분기,11013,CFS,000,정상,228,True
대동,000490,00109286,2017,분기보고서_1분기,11013,OFS,000,정상,179,True
대동,000490,00109286,2017,분기보고서_3분기,11014,CFS,000,정상,192,True
대동,000490,00109286,2017,분기보고서_3분기,11014,OFS,000,정상,152,True
대동,000490,00109286,2017,사업보고서,11011,CFS,000,정상,233,True
대동,000490,00109286,2017,사업보고서,11011,OFS,000,정상,175,True
대동,000490,00109286,2018,반기보고서,11012,CFS,000,정상,217,True
대동,000490,00109286,2018,반기보고서,11012,OFS,000,정상,161,True
대동,000490,00109286,2018,분기보고서_1분기,11013,CFS,000,정상,236,True
대동,000490,00109286,2018,분기보고서_1분기,11013,OFS,000,정상,181,True
대동,000490,00109286,2018,분기보고서_3분기,11014,CFS,000,정상,238,True
대동,000490,00109286,2018,분기보고서_3분기,11014,OFS,000,정상,176,True
대동,000490,00109286,2018,사업보고서,11011,CFS,000,정상,243,True
대동,000490,00109286,2018,사업보고서,11011,OFS,000,정상,181,True
대동,000490,00109286,2019,반기보고서,11012,CFS,000,정상,219,True
대동,000490,00109286,2019,반기보고서,11012,OFS,000,정상,163,True
대동,000490,00109286,2019,분기보고서_1분기,11013,CFS,000,정상,216,True
대동,000490,00109286,2019,분기보고서_1분기,11013,OFS,000,정상,174,True
대동,000490,00109286,2019,분기보고서_3분기,11014,CFS,000,정상,230,True
대동,000490,00109286,2019,분기보고서_3분기,11014,OFS,000,정상,171,True
대동,000490,00109286,2019,사업보고서,11011,CFS,000,정상,242,True
대동,000490,00109286,2019,사업보고서,11011,OFS,000,정상,193,True
대동,000490,00109286,2020,반기보고서,11012,CFS,000,정상,221,True
대동,000490,00109286,2020,반기보고서,11012,OFS,000,정상,177,True
대동,000490,00109286,2020,분기보고서_1분기,11013,CFS,000,정상,222,True
대동,000490,00109286,2020,분기보고서_1분기,11013,OFS,000,정상,162,True
대동,000490,00109286,2020,분기보고서_3분기,11014,CFS,000,정상,234,True
대동,000490,00109286,2020,분기보고서_3분기,11014,OFS,000,정상,181,True
대동,000490,00109286,2020,사업보고서,11011,CFS,000,정상,287,True
대동,000490,00109286,2020,사업보고서,11011,OFS,000,정상,213,True
대동,000490,00109286,2021,반기보고서,11012,CFS,000,정상,229,True
대동,000490,00109286,2021,반기보고서,11012,OFS,000,정상,174,True
대동,000490,00109286,2021,분기보고서_1분기,11013,CFS,000,정상,216,True
대동,000490,00109286,2021,분기보고서_1분기,11013,OFS,000,정상,161,True
대동,000490,00109286,2021,분기보고서_3분기,11014,CFS,000,정상,229,True
대동,000490,00109286,2021,분기보고서_3분기,11014,OFS,000,정상,176,True
대동,000490,00109286,2021,사업보고서,11011,CFS,000,정상,287,True
대동,000490,00109286,2021,사업보고서,11011,OFS,000,정상,206,True
대동,000490,00109286,2022,반기보고서,11012,CFS,000,정상,238,True
대동,000490,00109286,2022,반기보고서,11012,OFS,000,정상,176,True
대동,000490,00109286,2022,분기보고서_1분기,11013,CFS,000,정상,215,True
대동,000490,00109286,2022,분기보고서_1분기,11013,OFS,000,정상,164,True
대동,000490,00109286,2022,분기보고서_3분기,11014,CFS,000,정상,288,True
대동,000490,00109286,2022,분기보고서_3분기,11014,OFS,000,정상,193,True
대동,000490,00109286,2022,사업보고서,11011,CFS,000,정상,295,True
대동,000490,00109286,2022,사업보고서,11011,OFS,000,정상,211,True
대동,000490,00109286,2023,반기보고서,11012,CFS,000,정상,174,True
대동,000490,00109286,2023,반기보고서,11012,OFS,000,정상,122,True
대동,000490,00109286,2023,분기보고서_1분기,11013,CFS,000,정상,159,True
대동,000490,00109286,2023,분기보고서_1분기,11013,OFS,000,정상,110,True
대동,000490,00109286,2023,분기보고서_3분기,11014,CFS,000,정상,188,True
대동,000490,00109286,2023,분기보고서_3분기,11014,OFS,000,정상,129,True
대동,000490,00109286,2023,사업보고서,11011,CFS,000,정상,287,True
대동,000490,00109286,2023,사업보고서,11011,OFS,000,정상,186,True
대동,000490,00109286,2024,반기보고서,11012,CFS,000,정상,220,True
대동,000490,00109286,2024,반기보고서,11012,OFS,000,정상,151,True
대동,000490,00109286,2024,분기보고서_1분기,11013,CFS,000,정상,210,True
대동,000490,00109286,2024,분기보고서_1분기,11013,OFS,000,정상,135,True
대동,000490,00109286,2024,분기보고서_3분기,11014,CFS,000,정상,247,True
대동,000490,00109286,2024,분기보고서_3분기,11014,OFS,000,정상,165,True
대동,000490,00109286,2024,사업보고서,11011,CFS,000,정상,216,True
대동,000490,00109286,2024,사업보고서,11011,OFS,000,정상,147,True
대동,000490,00109286,2025,반기보고서,11012,CFS,000,정상,238,True
대동,000490,00109286,2025,반기보고서,11012,OFS,000,정상,161,True
대동,000490,00109286,2025,분기보고서_1분기,11013,CFS,000,정상,218,True
대동,000490,00109286,2025,분기보고서_1분기,11013,OFS,000,정상,150,True
대동,000490,00109286,2025,분기보고서_3분기,11014,CFS,000,정상,248,True
대동,000490,00109286,2025,분기보고서_3분기,11014,OFS,000,정상,169,True
대동,000490,00109286,2025,사업보고서,11011,CFS,000,정상,275,True
대동,000490,00109286,2025,사업보고서,11011,OFS,000,정상,187,True
두산밥캣,241560,01032486,2017,반기보고서,11012,CFS,000,정상,155,True
두산밥캣,241560,01032486,2017,반기보고서,11012,OFS,000,정상,95,True
두산밥캣,241560,01032486,2017,분기보고서_1분기,11013,CFS,000,정상,192,True
두산밥캣,241560,01032486,2017,분기보고서_1분기,11013,OFS,000,정상,112,True
두산밥캣,241560,01032486,2017,분기보고서_3분기,11014,CFS,000,정상,153,True
두산밥캣,241560,01032486,2017,분기보고서_3분기,11014,OFS,000,정상,96,True
두산밥캣,241560,01032486,2017,사업보고서,11011,CFS,000,정상,212,True
두산밥캣,241560,01032486,2017,사업보고서,11011,OFS,000,정상,115,True
두산밥캣,241560,01032486,2018,반기보고서,11012,CFS,000,정상,140,True
두산밥캣,241560,01032486,2018,반기보고서,11012,OFS,000,정상,76,True
두산밥캣,241560,01032486,2018,분기보고서_1분기,11013,CFS,000,정상,134,True
두산밥캣,241560,01032486,2018,분기보고서_1분기,11013,OFS,000,정상,68,True
두산밥캣,241560,01032486,2018,분기보고서_3분기,11014,CFS,000,정상,139,True
두산밥캣,241560,01032486,2018,분기보고서_3분기,11014,OFS,000,정상,80,True
두산밥캣,241560,01032486,2018,사업보고서,11011,CFS,000,정상,190,True
두산밥캣,241560,01032486,2018,사업보고서,11011,OFS,000,정상,103,True
두산밥캣,241560,01032486,2019,반기보고서,11012,CFS,000,정상,188,True
두산밥캣,241560,01032486,2019,반기보고서,11012,OFS,000,정상,98,True
두산밥캣,241560,01032486,2019,분기보고서_1분기,11013,CFS,000,정상,164,True
두산밥캣,241560,01032486,2019,분기보고서_1분기,11013,OFS,000,정상,87,True
두산밥캣,241560,01032486,2019,분기보고서_3분기,11014,CFS,000,정상,204,True
두산밥캣,241560,01032486,2019,분기보고서_3분기,11014,OFS,000,정상,101,True
두산밥캣,241560,01032486,2019,사업보고서,11011,CFS,000,정상,166,True
두산밥캣,241560,01032486,2019,사업보고서,11011,OFS,000,정상,98,True
두산밥캣,241560,01032486,2020,반기보고서,11012,CFS,000,정상,134,True
두산밥캣,241560,01032486,2020,반기보고서,11012,OFS,000,정상,95,True
두산밥캣,241560,01032486,2020,분기보고서_1분기,11013,CFS,000,정상,132,True
두산밥캣,241560,01032486,2020,분기보고서_1분기,11013,OFS,000,정상,85,True
두산밥캣,241560,01032486,2020,분기보고서_3분기,11014,CFS,000,정상,146,True
두산밥캣,241560,01032486,2020,분기보고서_3분기,11014,OFS,000,정상,91,True
두산밥캣,241560,01032486,2020,사업보고서,11011,CFS,000,정상,172,True
두산밥캣,241560,01032486,2020,사업보고서,11011,OFS,000,정상,100,True
두산밥캣,241560,01032486,2021,반기보고서,11012,CFS,000,정상,142,True
두산밥캣,241560,01032486,2021,반기보고서,11012,OFS,000,정상,90,True
두산밥캣,241560,01032486,2021,분기보고서_1분기,11013,CFS,000,정상,136,True
두산밥캣,241560,01032486,2021,분기보고서_1분기,11013,OFS,000,정상,88,True
두산밥캣,241560,01032486,2021,분기보고서_3분기,11014,CFS,000,정상,148,True
두산밥캣,241560,01032486,2021,분기보고서_3분기,11014,OFS,000,정상,92,True
두산밥캣,241560,01032486,2021,사업보고서,11011,CFS,000,정상,177,True
두산밥캣,241560,01032486,2021,사업보고서,11011,OFS,000,정상,105,True
두산밥캣,241560,01032486,2022,반기보고서,11012,CFS,000,정상,157,True
두산밥캣,241560,01032486,2022,반기보고서,11012,OFS,000,정상,104,True
두산밥캣,241560,01032486,2022,분기보고서_1분기,11013,CFS,000,정상,154,True
두산밥캣,241560,01032486,2022,분기보고서_1분기,11013,OFS,000,정상,99,True
두산밥캣,241560,01032486,2022,분기보고서_3분기,11014,CFS,000,정상,170,True
두산밥캣,241560,01032486,2022,분기보고서_3분기,11014,OFS,000,정상,106,True
두산밥캣,241560,01032486,2022,사업보고서,11011,CFS,000,정상,193,True
두산밥캣,241560,01032486,2022,사업보고서,11011,OFS,000,정상,115,True
두산밥캣,241560,01032486,2023,반기보고서,11012,CFS,000,정상,160,True
두산밥캣,241560,01032486,2023,반기보고서,11012,OFS,000,정상,106,True
두산밥캣,241560,01032486,2023,분기보고서_1분기,11013,CFS,000,정상,153,True
두산밥캣,241560,01032486,2023,분기보고서_1분기,11013,OFS,000,정상,103,True
두산밥캣,241560,01032486,2023,분기보고서_3분기,11014,CFS,000,정상,171,True
두산밥캣,241560,01032486,2023,분기보고서_3분기,11014,OFS,000,정상,108,True
두산밥캣,241560,01032486,2023,사업보고서,11011,CFS,000,정상,195,True
두산밥캣,241560,01032486,2023,사업보고서,11011,OFS,013,조회된 데이타가 없습니다.,0,False
두산밥캣,241560,01032486,2024,반기보고서,11012,CFS,000,정상,200,True
두산밥캣,241560,01032486,2024,반기보고서,11012,OFS,013,조회된 데이타가 없습니다.,0,False
두산밥캣,241560,01032486,2024,분기보고서_1분기,11013,CFS,000,정상,152,True
두산밥캣,241560,01032486,2024,분기보고서_1분기,11013,OFS,013,조회된 데이타가 없습니다.,0,False
두산밥캣,241560,01032486,2024,분기보고서_3분기,11014,CFS,000,정상,216,True
두산밥캣,241560,01032486,2024,분기보고서_3분기,11014,OFS,013,조회된 데이타가 없습니다.,0,False
두산밥캣,241560,01032486,2024,사업보고서,11011,CFS,000,정상,190,True
두산밥캣,241560,01032486,2024,사업보고서,11011,OFS,013,조회된 데이타가 없습니다.,0,False
두산밥캣,241560,01032486,2025,반기보고서,11012,CFS,000,정상,167,True
두산밥캣,241560,01032486,2025,반기보고서,11012,OFS,013,조회된 데이타가 없습니다.,0,False
두산밥캣,241560,01032486,2025,분기보고서_1분기,11013,CFS,000,정상,204,True
두산밥캣,241560,01032486,2025,분기보고서_1분기,11013,OFS,013,조회된 데이타가 없습니다.,0,False
두산밥캣,241560,01032486,2025,분기보고서_3분기,11014,CFS,000,정상,168,True
두산밥캣,241560,01032486,2025,분기보고서_3분기,11014,OFS,013,조회된 데이타가 없습니다.,0,False
두산밥캣,241560,01032486,2025,사업보고서,11011,CFS,000,정상,176,True
두산밥캣,241560,01032486,2025,사업보고서,11011,OFS,013,조회된 데이타가 없습니다.,0,False
두산에너빌리티,034020,00159616,2017,반기보고서,11012,CFS,000,정상,249,True
두산에너빌리티,034020,00159616,2017,반기보고서,11012,OFS,000,정상,160,True
두산에너빌리티,034020,00159616,2017,분기보고서_1분기,11013,CFS,000,정상,270,True
두산에너빌리티,034020,00159616,2017,분기보고서_1분기,11013,OFS,000,정상,168,True
두산에너빌리티,034020,00159616,2017,분기보고서_3분기,11014,CFS,000,정상,282,True
두산에너빌리티,034020,00159616,2017,분기보고서_3분기,11014,OFS,000,정상,162,True
두산에너빌리티,034020,00159616,2017,사업보고서,11011,CFS,000,정상,310,True
두산에너빌리티,034020,00159616,2017,사업보고서,11011,OFS,000,정상,171,True
두산에너빌리티,034020,00159616,2018,반기보고서,11012,CFS,000,정상,273,True
두산에너빌리티,034020,00159616,2018,반기보고서,11012,OFS,000,정상,172,True
두산에너빌리티,034020,00159616,2018,분기보고서_1분기,11013,CFS,000,정상,240,True
두산에너빌리티,034020,00159616,2018,분기보고서_1분기,11013,OFS,000,정상,157,True
두산에너빌리티,034020,00159616,2018,분기보고서_3분기,11014,CFS,000,정상,275,True
두산에너빌리티,034020,00159616,2018,분기보고서_3분기,11014,OFS,000,정상,170,True
두산에너빌리티,034020,00159616,2018,사업보고서,11011,CFS,000,정상,327,True
두산에너빌리티,034020,00159616,2018,사업보고서,11011,OFS,000,정상,181,True
두산에너빌리티,034020,00159616,2019,반기보고서,11012,CFS,000,정상,270,True
두산에너빌리티,034020,00159616,2019,반기보고서,11012,OFS,000,정상,171,True
두산에너빌리티,034020,00159616,2019,분기보고서_1분기,11013,CFS,000,정상,239,True
두산에너빌리티,034020,00159616,2019,분기보고서_1분기,11013,OFS,000,정상,155,True
두산에너빌리티,034020,00159616,2019,분기보고서_3분기,11014,CFS,000,정상,273,True
두산에너빌리티,034020,00159616,2019,분기보고서_3분기,11014,OFS,000,정상,171,True
두산에너빌리티,034020,00159616,2019,사업보고서,11011,CFS,000,정상,308,True
두산에너빌리티,034020,00159616,2019,사업보고서,11011,OFS,000,정상,192,True
두산에너빌리티,034020,00159616,2020,반기보고서,11012,CFS,000,정상,255,True
두산에너빌리티,034020,00159616,2020,반기보고서,11012,OFS,000,정상,173,True
두산에너빌리티,034020,00159616,2020,분기보고서_1분기,11013,CFS,000,정상,244,True
두산에너빌리티,034020,00159616,2020,분기보고서_1분기,11013,OFS,000,정상,165,True
두산에너빌리티,034020,00159616,2020,분기보고서_3분기,11014,CFS,000,정상,260,True
두산에너빌리티,034020,00159616,2020,분기보고서_3분기,11014,OFS,000,정상,174,True
두산에너빌리티,034020,00159616,2020,사업보고서,11011,CFS,000,정상,291,True
두산에너빌리티,034020,00159616,2020,사업보고서,11011,OFS,000,정상,192,True
두산에너빌리티,034020,00159616,2021,반기보고서,11012,CFS,000,정상,259,True
두산에너빌리티,034020,00159616,2021,반기보고서,11012,OFS,000,정상,177,True
두산에너빌리티,034020,00159616,2021,분기보고서_1분기,11013,CFS,000,정상,230,True
두산에너빌리티,034020,00159616,2021,분기보고서_1분기,11013,OFS,000,정상,166,True
두산에너빌리티,034020,00159616,2021,분기보고서_3분기,11014,CFS,000,정상,285,True
두산에너빌리티,034020,00159616,2021,분기보고서_3분기,11014,OFS,000,정상,186,True
두산에너빌리티,034020,00159616,2021,사업보고서,11011,CFS,000,정상,299,True
두산에너빌리티,034020,00159616,2021,사업보고서,11011,OFS,000,정상,198,True
두산에너빌리티,034020,00159616,2022,반기보고서,11012,CFS,000,정상,258,True
두산에너빌리티,034020,00159616,2022,반기보고서,11012,OFS,000,정상,169,True
두산에너빌리티,034020,00159616,2022,분기보고서_1분기,11013,CFS,000,정상,235,True
두산에너빌리티,034020,00159616,2022,분기보고서_1분기,11013,OFS,000,정상,157,True
두산에너빌리티,034020,00159616,2022,분기보고서_3분기,11014,CFS,000,정상,271,True
두산에너빌리티,034020,00159616,2022,분기보고서_3분기,11014,OFS,000,정상,176,True
두산에너빌리티,034020,00159616,2022,사업보고서,11011,CFS,000,정상,299,True
두산에너빌리티,034020,00159616,2022,사업보고서,11011,OFS,000,정상,192,True
두산에너빌리티,034020,00159616,2023,반기보고서,11012,CFS,000,정상,251,True
두산에너빌리티,034020,00159616,2023,반기보고서,11012,OFS,000,정상,171,True
두산에너빌리티,034020,00159616,2023,분기보고서_1분기,11013,CFS,000,정상,233,True
두산에너빌리티,034020,00159616,2023,분기보고서_1분기,11013,OFS,000,정상,163,True
두산에너빌리티,034020,00159616,2023,분기보고서_3분기,11014,CFS,000,정상,259,True
두산에너빌리티,034020,00159616,2023,분기보고서_3분기,11014,OFS,000,정상,172,True
두산에너빌리티,034020,00159616,2023,사업보고서,11011,CFS,000,정상,302,True
두산에너빌리티,034020,00159616,2023,사업보고서,11011,OFS,000,정상,185,True
두산에너빌리티,034020,00159616,2024,반기보고서,11012,CFS,000,정상,233,True
두산에너빌리티,034020,00159616,2024,반기보고서,11012,OFS,000,정상,161,True
두산에너빌리티,034020,00159616,2024,분기보고서_1분기,11013,CFS,000,정상,225,True
두산에너빌리티,034020,00159616,2024,분기보고서_1분기,11013,OFS,000,정상,157,True
두산에너빌리티,034020,00159616,2024,분기보고서_3분기,11014,CFS,000,정상,298,True
두산에너빌리티,034020,00159616,2024,분기보고서_3분기,11014,OFS,000,정상,188,True
두산에너빌리티,034020,00159616,2024,사업보고서,11011,CFS,000,정상,353,True
두산에너빌리티,034020,00159616,2024,사업보고서,11011,OFS,000,정상,212,True
두산에너빌리티,034020,00159616,2025,반기보고서,11012,CFS,000,정상,288,True
두산에너빌리티,034020,00159616,2025,반기보고서,11012,OFS,000,정상,171,True
두산에너빌리티,034020,00159616,2025,분기보고서_1분기,11013,CFS,000,정상,307,True
두산에너빌리티,034020,00159616,2025,분기보고서_1분기,11013,OFS,000,정상,171,True
두산에너빌리티,034020,00159616,2025,분기보고서_3분기,11014,CFS,000,정상,322,True
두산에너빌리티,034020,00159616,2025,분기보고서_3분기,11014,OFS,000,정상,174,True
두산에너빌리티,034020,00159616,2025,사업보고서,11011,CFS,000,정상,330,True
두산에너빌리티,034020,00159616,2025,사업보고서,11011,OFS,000,정상,161,True
메리츠금융지주,138040,00860332,2017,반기보고서,11012,CFS,013,조회된 데이타가 없습니다.,0,False
메리츠금융지주,138040,00860332,2017,반기보고서,11012,OFS,013,조회된 데이타가 없습니다.,0,False
메리츠금융지주,138040,00860332,2017,분기보고서_1분기,11013,CFS,013,조회된 데이타가 없습니다.,0,False
메리츠금융지주,138040,00860332,2017,분기보고서_1분기,11013,OFS,013,조회된 데이타가 없습니다.,0,False
메리츠금융지주,138040,00860332,2017,분기보고서_3분기,11014,CFS,013,조회된 데이타가 없습니다.,0,False
메리츠금융지주,138040,00860332,2017,분기보고서_3분기,11014,OFS,013,조회된 데이타가 없습니다.,0,False
메리츠금융지주,138040,00860332,2017,사업보고서,11011,CFS,013,조회된 데이타가 없습니다.,0,False
메리츠금융지주,138040,00860332,2017,사업보고서,11011,OFS,013,조회된 데이타가 없습니다.,0,False
메리츠금융지주,138040,00860332,2018,반기보고서,11012,CFS,013,조회된 데이타가 없습니다.,0,False
메리츠금융지주,138040,00860332,2018,반기보고서,11012,OFS,013,조회된 데이타가 없습니다.,0,False
메리츠금융지주,138040,00860332,2018,분기보고서_1분기,11013,CFS,013,조회된 데이타가 없습니다.,0,False
메리츠금융지주,138040,00860332,2018,분기보고서_1분기,11013,OFS,013,조회된 데이타가 없습니다.,0,False
메리츠금융지주,138040,00860332,2018,분기보고서_3분기,11014,CFS,013,조회된 데이타가 없습니다.,0,False
메리츠금융지주,138040,00860332,2018,분기보고서_3분기,11014,OFS,013,조회된 데이타가 없습니다.,0,False
메리츠금융지주,138040,00860332,2018,사업보고서,11011,CFS,013,조회된 데이타가 없습니다.,0,False
메리츠금융지주,138040,00860332,2018,사업보고서,11011,OFS,013,조회된 데이타가 없습니다.,0,False
메리츠금융지주,138040,00860332,2019,반기보고서,11012,CFS,013,조회된 데이타가 없습니다.,0,False
메리츠금융지주,138040,00860332,2019,반기보고서,11012,OFS,013,조회된 데이타가 없습니다.,0,False
메리츠금융지주,138040,00860332,2019,분기보고서_1분기,11013,CFS,013,조회된 데이타가 없습니다.,0,False
메리츠금융지주,138040,00860332,2019,분기보고서_1분기,11013,OFS,013,조회된 데이타가 없습니다.,0,False
메리츠금융지주,138040,00860332,2019,분기보고서_3분기,11014,CFS,013,조회된 데이타가 없습니다.,0,False
메리츠금융지주,138040,00860332,2019,분기보고서_3분기,11014,OFS,013,조회된 데이타가 없습니다.,0,False
메리츠금융지주,138040,00860332,2019,사업보고서,11011,CFS,013,조회된 데이타가 없습니다.,0,False
메리츠금융지주,138040,00860332,2019,사업보고서,11011,OFS,013,조회된 데이타가 없습니다.,0,False
메리츠금융지주,138040,00860332,2020,반기보고서,11012,CFS,013,조회된 데이타가 없습니다.,0,False
메리츠금융지주,138040,00860332,2020,반기보고서,11012,OFS,013,조회된 데이타가 없습니다.,0,False
메리츠금융지주,138040,00860332,2020,분기보고서_1분기,11013,CFS,013,조회된 데이타가 없습니다.,0,False
메리츠금융지주,138040,00860332,2020,분기보고서_1분기,11013,OFS,013,조회된 데이타가 없습니다.,0,False
메리츠금융지주,138040,00860332,2020,분기보고서_3분기,11014,CFS,013,조회된 데이타가 없습니다.,0,False
메리츠금융지주,138040,00860332,2020,분기보고서_3분기,11014,OFS,013,조회된 데이타가 없습니다.,0,False
메리츠금융지주,138040,00860332,2020,사업보고서,11011,CFS,013,조회된 데이타가 없습니다.,0,False
메리츠금융지주,138040,00860332,2020,사업보고서,11011,OFS,013,조회된 데이타가 없습니다.,0,False
메리츠금융지주,138040,00860332,2021,반기보고서,11012,CFS,013,조회된 데이타가 없습니다.,0,False
메리츠금융지주,138040,00860332,2021,반기보고서,11012,OFS,013,조회된 데이타가 없습니다.,0,False
메리츠금융지주,138040,00860332,2021,분기보고서_1분기,11013,CFS,013,조회된 데이타가 없습니다.,0,False
메리츠금융지주,138040,00860332,2021,분기보고서_1분기,11013,OFS,013,조회된 데이타가 없습니다.,0,False
메리츠금융지주,138040,00860332,2021,분기보고서_3분기,11014,CFS,013,조회된 데이타가 없습니다.,0,False
메리츠금융지주,138040,00860332,2021,분기보고서_3분기,11014,OFS,013,조회된 데이타가 없습니다.,0,False
메리츠금융지주,138040,00860332,2021,사업보고서,11011,CFS,013,조회된 데이타가 없습니다.,0,False
메리츠금융지주,138040,00860332,2021,사업보고서,11011,OFS,013,조회된 데이타가 없습니다.,0,False
메리츠금융지주,138040,00860332,2022,반기보고서,11012,CFS,013,조회된 데이타가 없습니다.,0,False
메리츠금융지주,138040,00860332,2022,반기보고서,11012,OFS,013,조회된 데이타가 없습니다.,0,False
메리츠금융지주,138040,00860332,2022,분기보고서_1분기,11013,CFS,013,조회된 데이타가 없습니다.,0,False
메리츠금융지주,138040,00860332,2022,분기보고서_1분기,11013,OFS,013,조회된 데이타가 없습니다.,0,False
메리츠금융지주,138040,00860332,2022,분기보고서_3분기,11014,CFS,013,조회된 데이타가 없습니다.,0,False
메리츠금융지주,138040,00860332,2022,분기보고서_3분기,11014,OFS,013,조회된 데이타가 없습니다.,0,False
메리츠금융지주,138040,00860332,2022,사업보고서,11011,CFS,013,조회된 데이타가 없습니다.,0,False
메리츠금융지주,138040,00860332,2022,사업보고서,11011,OFS,013,조회된 데이타가 없습니다.,0,False
메리츠금융지주,138040,00860332,2023,반기보고서,11012,CFS,013,조회된 데이타가 없습니다.,0,False
메리츠금융지주,138040,00860332,2023,반기보고서,11012,OFS,013,조회된 데이타가 없습니다.,0,False
메리츠금융지주,138040,00860332,2023,분기보고서_1분기,11013,CFS,013,조회된 데이타가 없습니다.,0,False
메리츠금융지주,138040,00860332,2023,분기보고서_1분기,11013,OFS,013,조회된 데이타가 없습니다.,0,False
메리츠금융지주,138040,00860332,2023,분기보고서_3분기,11014,CFS,000,정상,471,True
메리츠금융지주,138040,00860332,2023,분기보고서_3분기,11014,OFS,000,정상,233,True
메리츠금융지주,138040,00860332,2023,사업보고서,11011,CFS,000,정상,525,True
메리츠금융지주,138040,00860332,2023,사업보고서,11011,OFS,000,정상,261,True
메리츠금융지주,138040,00860332,2024,반기보고서,11012,CFS,000,정상,450,True
메리츠금융지주,138040,00860332,2024,반기보고서,11012,OFS,000,정상,207,True
메리츠금융지주,138040,00860332,2024,분기보고서_1분기,11013,CFS,000,정상,434,True
메리츠금융지주,138040,00860332,2024,분기보고서_1분기,11013,OFS,000,정상,212,True
메리츠금융지주,138040,00860332,2024,분기보고서_3분기,11014,CFS,000,정상,452,True
메리츠금융지주,138040,00860332,2024,분기보고서_3분기,11014,OFS,000,정상,209,True
메리츠금융지주,138040,00860332,2024,사업보고서,11011,CFS,000,정상,472,True
메리츠금융지주,138040,00860332,2024,사업보고서,11011,OFS,000,정상,231,True
메리츠금융지주,138040,00860332,2025,반기보고서,11012,CFS,000,정상,469,True
메리츠금융지주,138040,00860332,2025,반기보고서,11012,OFS,000,정상,230,True
메리츠금융지주,138040,00860332,2025,분기보고서_1분기,11013,CFS,000,정상,448,True
메리츠금융지주,138040,00860332,2025,분기보고서_1분기,11013,OFS,000,정상,217,True
메리츠금융지주,138040,00860332,2025,분기보고서_3분기,11014,CFS,000,정상,480,True
메리츠금융지주,138040,00860332,2025,분기보고서_3분기,11014,OFS,000,정상,230,True
메리츠금융지주,138040,00860332,2025,사업보고서,11011,CFS,000,정상,493,True
메리츠금융지주,138040,00860332,2025,사업보고서,11011,OFS,000,정상,241,True
삼성SDI,006400,00126362,2017,반기보고서,11012,CFS,000,정상,165,True
삼성SDI,006400,00126362,2017,반기보고서,11012,OFS,000,정상,124,True
삼성SDI,006400,00126362,2017,분기보고서_1분기,11013,CFS,000,정상,183,True
삼성SDI,006400,00126362,2017,분기보고서_1분기,11013,OFS,000,정상,125,True
삼성SDI,006400,00126362,2017,분기보고서_3분기,11014,CFS,000,정상,161,True
삼성SDI,006400,00126362,2017,분기보고서_3분기,11014,OFS,000,정상,120,True
삼성SDI,006400,00126362,2017,사업보고서,11011,CFS,000,정상,185,True
삼성SDI,006400,00126362,2017,사업보고서,11011,OFS,000,정상,129,True
삼성SDI,006400,00126362,2018,반기보고서,11012,CFS,000,정상,163,True
삼성SDI,006400,00126362,2018,반기보고서,11012,OFS,000,정상,117,True
삼성SDI,006400,00126362,2018,분기보고서_1분기,11013,CFS,000,정상,158,True
삼성SDI,006400,00126362,2018,분기보고서_1분기,11013,OFS,000,정상,112,True
삼성SDI,006400,00126362,2018,분기보고서_3분기,11014,CFS,000,정상,167,True
삼성SDI,006400,00126362,2018,분기보고서_3분기,11014,OFS,000,정상,119,True
삼성SDI,006400,00126362,2018,사업보고서,11011,CFS,000,정상,184,True
삼성SDI,006400,00126362,2018,사업보고서,11011,OFS,000,정상,132,True
삼성SDI,006400,00126362,2019,반기보고서,11012,CFS,000,정상,153,True
삼성SDI,006400,00126362,2019,반기보고서,11012,OFS,000,정상,108,True
삼성SDI,006400,00126362,2019,분기보고서_1분기,11013,CFS,000,정상,151,True
삼성SDI,006400,00126362,2019,분기보고서_1분기,11013,OFS,000,정상,106,True
삼성SDI,006400,00126362,2019,분기보고서_3분기,11014,CFS,000,정상,156,True
삼성SDI,006400,00126362,2019,분기보고서_3분기,11014,OFS,000,정상,111,True
삼성SDI,006400,00126362,2019,사업보고서,11011,CFS,000,정상,190,True
삼성SDI,006400,00126362,2019,사업보고서,11011,OFS,000,정상,134,True
삼성SDI,006400,00126362,2020,반기보고서,11012,CFS,000,정상,151,True
삼성SDI,006400,00126362,2020,반기보고서,11012,OFS,000,정상,109,True
삼성SDI,006400,00126362,2020,분기보고서_1분기,11013,CFS,000,정상,143,True
삼성SDI,006400,00126362,2020,분기보고서_1분기,11013,OFS,000,정상,105,True
삼성SDI,006400,00126362,2020,분기보고서_3분기,11014,CFS,000,정상,157,True
삼성SDI,006400,00126362,2020,분기보고서_3분기,11014,OFS,000,정상,109,True
삼성SDI,006400,00126362,2020,사업보고서,11011,CFS,000,정상,184,True
삼성SDI,006400,00126362,2020,사업보고서,11011,OFS,000,정상,129,True
삼성SDI,006400,00126362,2021,반기보고서,11012,CFS,000,정상,151,True
삼성SDI,006400,00126362,2021,반기보고서,11012,OFS,000,정상,108,True
삼성SDI,006400,00126362,2021,분기보고서_1분기,11013,CFS,000,정상,147,True
삼성SDI,006400,00126362,2021,분기보고서_1분기,11013,OFS,000,정상,105,True
삼성SDI,006400,00126362,2021,분기보고서_3분기,11014,CFS,000,정상,154,True
삼성SDI,006400,00126362,2021,분기보고서_3분기,11014,OFS,000,정상,110,True
삼성SDI,006400,00126362,2021,사업보고서,11011,CFS,000,정상,164,True
삼성SDI,006400,00126362,2021,사업보고서,11011,OFS,000,정상,116,True
삼성SDI,006400,00126362,2022,반기보고서,11012,CFS,000,정상,151,True
삼성SDI,006400,00126362,2022,반기보고서,11012,OFS,000,정상,108,True
삼성SDI,006400,00126362,2022,분기보고서_1분기,11013,CFS,000,정상,147,True
삼성SDI,006400,00126362,2022,분기보고서_1분기,11013,OFS,000,정상,105,True
삼성SDI,006400,00126362,2022,분기보고서_3분기,11014,CFS,000,정상,152,True
삼성SDI,006400,00126362,2022,분기보고서_3분기,11014,OFS,000,정상,112,True
삼성SDI,006400,00126362,2022,사업보고서,11011,CFS,000,정상,158,True
삼성SDI,006400,00126362,2022,사업보고서,11011,OFS,000,정상,115,True
삼성SDI,006400,00126362,2023,반기보고서,11012,CFS,000,정상,148,True
삼성SDI,006400,00126362,2023,반기보고서,11012,OFS,000,정상,109,True
삼성SDI,006400,00126362,2023,분기보고서_1분기,11013,CFS,000,정상,142,True
삼성SDI,006400,00126362,2023,분기보고서_1분기,11013,OFS,000,정상,106,True
삼성SDI,006400,00126362,2023,분기보고서_3분기,11014,CFS,000,정상,150,True
삼성SDI,006400,00126362,2023,분기보고서_3분기,11014,OFS,000,정상,111,True
삼성SDI,006400,00126362,2023,사업보고서,11011,CFS,000,정상,204,True
삼성SDI,006400,00126362,2023,사업보고서,11011,OFS,000,정상,142,True
삼성SDI,006400,00126362,2024,반기보고서,11012,CFS,000,정상,184,True
삼성SDI,006400,00126362,2024,반기보고서,11012,OFS,000,정상,133,True
삼성SDI,006400,00126362,2024,분기보고서_1분기,11013,CFS,000,정상,190,True
삼성SDI,006400,00126362,2024,분기보고서_1분기,11013,OFS,000,정상,132,True
삼성SDI,006400,00126362,2024,분기보고서_3분기,11014,CFS,000,정상,197,True
삼성SDI,006400,00126362,2024,분기보고서_3분기,11014,OFS,000,정상,144,True
삼성SDI,006400,00126362,2024,사업보고서,11011,CFS,000,정상,211,True
삼성SDI,006400,00126362,2024,사업보고서,11011,OFS,000,정상,144,True
삼성SDI,006400,00126362,2025,반기보고서,11012,CFS,000,정상,213,True
삼성SDI,006400,00126362,2025,반기보고서,11012,OFS,000,정상,154,True
삼성SDI,006400,00126362,2025,분기보고서_1분기,11013,CFS,000,정상,200,True
삼성SDI,006400,00126362,2025,분기보고서_1분기,11013,OFS,000,정상,143,True
삼성SDI,006400,00126362,2025,분기보고서_3분기,11014,CFS,000,정상,214,True
삼성SDI,006400,00126362,2025,분기보고서_3분기,11014,OFS,000,정상,156,True
삼성SDI,006400,00126362,2025,사업보고서,11011,CFS,000,정상,217,True
삼성SDI,006400,00126362,2025,사업보고서,11011,OFS,000,정상,161,True
삼성물산,028260,00149655,2017,반기보고서,11012,CFS,000,정상,169,True
삼성물산,028260,00149655,2017,반기보고서,11012,OFS,000,정상,123,True
삼성물산,028260,00149655,2017,분기보고서_1분기,11013,CFS,000,정상,163,True
삼성물산,028260,00149655,2017,분기보고서_1분기,11013,OFS,000,정상,119,True
삼성물산,028260,00149655,2017,분기보고서_3분기,11014,CFS,000,정상,175,True
삼성물산,028260,00149655,2017,분기보고서_3분기,11014,OFS,000,정상,124,True
삼성물산,028260,00149655,2017,사업보고서,11011,CFS,000,정상,209,True
삼성물산,028260,00149655,2017,사업보고서,11011,OFS,000,정상,156,True
삼성물산,028260,00149655,2018,반기보고서,11012,CFS,000,정상,172,True
삼성물산,028260,00149655,2018,반기보고서,11012,OFS,000,정상,126,True
삼성물산,028260,00149655,2018,분기보고서_1분기,11013,CFS,000,정상,169,True
삼성물산,028260,00149655,2018,분기보고서_1분기,11013,OFS,000,정상,121,True
삼성물산,028260,00149655,2018,분기보고서_3분기,11014,CFS,000,정상,176,True
삼성물산,028260,00149655,2018,분기보고서_3분기,11014,OFS,000,정상,127,True
삼성물산,028260,00149655,2018,사업보고서,11011,CFS,000,정상,198,True
삼성물산,028260,00149655,2018,사업보고서,11011,OFS,000,정상,144,True
삼성물산,028260,00149655,2019,반기보고서,11012,CFS,000,정상,171,True
삼성물산,028260,00149655,2019,반기보고서,11012,OFS,000,정상,123,True
삼성물산,028260,00149655,2019,분기보고서_1분기,11013,CFS,000,정상,169,True
삼성물산,028260,00149655,2019,분기보고서_1분기,11013,OFS,000,정상,120,True
삼성물산,028260,00149655,2019,분기보고서_3분기,11014,CFS,000,정상,173,True
삼성물산,028260,00149655,2019,분기보고서_3분기,11014,OFS,000,정상,126,True
삼성물산,028260,00149655,2019,사업보고서,11011,CFS,000,정상,192,True
삼성물산,028260,00149655,2019,사업보고서,11011,OFS,000,정상,139,True
삼성물산,028260,00149655,2020,반기보고서,11012,CFS,000,정상,186,True
삼성물산,028260,00149655,2020,반기보고서,11012,OFS,000,정상,128,True
삼성물산,028260,00149655,2020,분기보고서_1분기,11013,CFS,000,정상,169,True
삼성물산,028260,00149655,2020,분기보고서_1분기,11013,OFS,000,정상,123,True
삼성물산,028260,00149655,2020,분기보고서_3분기,11014,CFS,000,정상,185,True
삼성물산,028260,00149655,2020,분기보고서_3분기,11014,OFS,000,정상,128,True
삼성물산,028260,00149655,2020,사업보고서,11011,CFS,000,정상,197,True
삼성물산,028260,00149655,2020,사업보고서,11011,OFS,000,정상,140,True
삼성물산,028260,00149655,2021,반기보고서,11012,CFS,000,정상,185,True
삼성물산,028260,00149655,2021,반기보고서,11012,OFS,000,정상,130,True
삼성물산,028260,00149655,2021,분기보고서_1분기,11013,CFS,000,정상,178,True
삼성물산,028260,00149655,2021,분기보고서_1분기,11013,OFS,000,정상,121,True
삼성물산,028260,00149655,2021,분기보고서_3분기,11014,CFS,000,정상,190,True
삼성물산,028260,00149655,2021,분기보고서_3분기,11014,OFS,000,정상,132,True
삼성물산,028260,00149655,2021,사업보고서,11011,CFS,000,정상,203,True
삼성물산,028260,00149655,2021,사업보고서,11011,OFS,000,정상,142,True
삼성물산,028260,00149655,2022,반기보고서,11012,CFS,000,정상,191,True
삼성물산,028260,00149655,2022,반기보고서,11012,OFS,000,정상,130,True
삼성물산,028260,00149655,2022,분기보고서_1분기,11013,CFS,000,정상,179,True
삼성물산,028260,00149655,2022,분기보고서_1분기,11013,OFS,000,정상,121,True
삼성물산,028260,00149655,2022,분기보고서_3분기,11014,CFS,000,정상,191,True
삼성물산,028260,00149655,2022,분기보고서_3분기,11014,OFS,000,정상,132,True
삼성물산,028260,00149655,2022,사업보고서,11011,CFS,000,정상,205,True
삼성물산,028260,00149655,2022,사업보고서,11011,OFS,000,정상,142,True
삼성물산,028260,00149655,2023,반기보고서,11012,CFS,000,정상,178,True
삼성물산,028260,00149655,2023,반기보고서,11012,OFS,000,정상,130,True
삼성물산,028260,00149655,2023,분기보고서_1분기,11013,CFS,000,정상,177,True
삼성물산,028260,00149655,2023,분기보고서_1분기,11013,OFS,000,정상,124,True
삼성물산,028260,00149655,2023,분기보고서_3분기,11014,CFS,000,정상,180,True
삼성물산,028260,00149655,2023,분기보고서_3분기,11014,OFS,000,정상,134,True
삼성물산,028260,00149655,2023,사업보고서,11011,CFS,000,정상,200,True
삼성물산,028260,00149655,2023,사업보고서,11011,OFS,000,정상,139,True
삼성물산,028260,00149655,2024,반기보고서,11012,CFS,000,정상,170,True
삼성물산,028260,00149655,2024,반기보고서,11012,OFS,000,정상,124,True
삼성물산,028260,00149655,2024,분기보고서_1분기,11013,CFS,000,정상,161,True
삼성물산,028260,00149655,2024,분기보고서_1분기,11013,OFS,000,정상,120,True
삼성물산,028260,00149655,2024,분기보고서_3분기,11014,CFS,000,정상,172,True
삼성물산,028260,00149655,2024,분기보고서_3분기,11014,OFS,000,정상,128,True
삼성물산,028260,00149655,2024,사업보고서,11011,CFS,000,정상,233,True
삼성물산,028260,00149655,2024,사업보고서,11011,OFS,000,정상,161,True
삼성물산,028260,00149655,2025,반기보고서,11012,CFS,000,정상,188,True
삼성물산,028260,00149655,2025,반기보고서,11012,OFS,000,정상,135,True
삼성물산,028260,00149655,2025,분기보고서_1분기,11013,CFS,000,정상,193,True
삼성물산,028260,00149655,2025,분기보고서_1분기,11013,OFS,000,정상,132,True
삼성물산,028260,00149655,2025,분기보고서_3분기,11014,CFS,000,정상,190,True
삼성물산,028260,00149655,2025,분기보고서_3분기,11014,OFS,000,정상,136,True
삼성물산,028260,00149655,2025,사업보고서,11011,CFS,000,정상,209,True
삼성물산,028260,00149655,2025,사업보고서,11011,OFS,000,정상,152,True
삼성바이오로직스,207940,00877059,2017,반기보고서,11012,CFS,013,조회된 데이타가 없습니다.,0,False
삼성바이오로직스,207940,00877059,2017,반기보고서,11012,OFS,000,정상,91,True
삼성바이오로직스,207940,00877059,2017,분기보고서_1분기,11013,CFS,013,조회된 데이타가 없습니다.,0,False
삼성바이오로직스,207940,00877059,2017,분기보고서_1분기,11013,OFS,000,정상,132,True
삼성바이오로직스,207940,00877059,2017,분기보고서_3분기,11014,CFS,013,조회된 데이타가 없습니다.,0,False
삼성바이오로직스,207940,00877059,2017,분기보고서_3분기,11014,OFS,000,정상,91,True
삼성바이오로직스,207940,00877059,2017,사업보고서,11011,CFS,013,조회된 데이타가 없습니다.,0,False
삼성바이오로직스,207940,00877059,2017,사업보고서,11011,OFS,000,정상,133,True
삼성바이오로직스,207940,00877059,2018,반기보고서,11012,CFS,013,조회된 데이타가 없습니다.,0,False
삼성바이오로직스,207940,00877059,2018,반기보고서,11012,OFS,000,정상,96,True
삼성바이오로직스,207940,00877059,2018,분기보고서_1분기,11013,CFS,013,조회된 데이타가 없습니다.,0,False
삼성바이오로직스,207940,00877059,2018,분기보고서_1분기,11013,OFS,000,정상,90,True
삼성바이오로직스,207940,00877059,2018,분기보고서_3분기,11014,CFS,013,조회된 데이타가 없습니다.,0,False
삼성바이오로직스,207940,00877059,2018,분기보고서_3분기,11014,OFS,000,정상,100,True
삼성바이오로직스,207940,00877059,2018,사업보고서,11011,CFS,013,조회된 데이타가 없습니다.,0,False
삼성바이오로직스,207940,00877059,2018,사업보고서,11011,OFS,000,정상,114,True
삼성바이오로직스,207940,00877059,2019,반기보고서,11012,CFS,013,조회된 데이타가 없습니다.,0,False
삼성바이오로직스,207940,00877059,2019,반기보고서,11012,OFS,000,정상,120,True
삼성바이오로직스,207940,00877059,2019,분기보고서_1분기,11013,CFS,013,조회된 데이타가 없습니다.,0,False
삼성바이오로직스,207940,00877059,2019,분기보고서_1분기,11013,OFS,000,정상,117,True
삼성바이오로직스,207940,00877059,2019,분기보고서_3분기,11014,CFS,013,조회된 데이타가 없습니다.,0,False
삼성바이오로직스,207940,00877059,2019,분기보고서_3분기,11014,OFS,000,정상,122,True
삼성바이오로직스,207940,00877059,2019,사업보고서,11011,CFS,013,조회된 데이타가 없습니다.,0,False
삼성바이오로직스,207940,00877059,2019,사업보고서,11011,OFS,000,정상,133,True
삼성바이오로직스,207940,00877059,2020,반기보고서,11012,CFS,000,정상,138,True
삼성바이오로직스,207940,00877059,2020,반기보고서,11012,OFS,000,정상,105,True
삼성바이오로직스,207940,00877059,2020,분기보고서_1분기,11013,CFS,000,정상,137,True
삼성바이오로직스,207940,00877059,2020,분기보고서_1분기,11013,OFS,000,정상,104,True
삼성바이오로직스,207940,00877059,2020,분기보고서_3분기,11014,CFS,000,정상,142,True
삼성바이오로직스,207940,00877059,2020,분기보고서_3분기,11014,OFS,000,정상,108,True
삼성바이오로직스,207940,00877059,2020,사업보고서,11011,CFS,000,정상,161,True
삼성바이오로직스,207940,00877059,2020,사업보고서,11011,OFS,000,정상,120,True
삼성바이오로직스,207940,00877059,2021,반기보고서,11012,CFS,000,정상,138,True
삼성바이오로직스,207940,00877059,2021,반기보고서,11012,OFS,000,정상,107,True
삼성바이오로직스,207940,00877059,2021,분기보고서_1분기,11013,CFS,000,정상,136,True
삼성바이오로직스,207940,00877059,2021,분기보고서_1분기,11013,OFS,000,정상,105,True
삼성바이오로직스,207940,00877059,2021,분기보고서_3분기,11014,CFS,000,정상,144,True
삼성바이오로직스,207940,00877059,2021,분기보고서_3분기,11014,OFS,000,정상,112,True
삼성바이오로직스,207940,00877059,2021,사업보고서,11011,CFS,000,정상,146,True
삼성바이오로직스,207940,00877059,2021,사업보고서,11011,OFS,000,정상,113,True
삼성바이오로직스,207940,00877059,2022,반기보고서,11012,CFS,000,정상,161,True
삼성바이오로직스,207940,00877059,2022,반기보고서,11012,OFS,000,정상,117,True
삼성바이오로직스,207940,00877059,2022,분기보고서_1분기,11013,CFS,000,정상,144,True
삼성바이오로직스,207940,00877059,2022,분기보고서_1분기,11013,OFS,000,정상,110,True
삼성바이오로직스,207940,00877059,2022,분기보고서_3분기,11014,CFS,000,정상,162,True
삼성바이오로직스,207940,00877059,2022,분기보고서_3분기,11014,OFS,000,정상,120,True
삼성바이오로직스,207940,00877059,2022,사업보고서,11011,CFS,000,정상,163,True
삼성바이오로직스,207940,00877059,2022,사업보고서,11011,OFS,000,정상,120,True
삼성바이오로직스,207940,00877059,2023,반기보고서,11012,CFS,000,정상,164,True
삼성바이오로직스,207940,00877059,2023,반기보고서,11012,OFS,000,정상,118,True
삼성바이오로직스,207940,00877059,2023,분기보고서_1분기,11013,CFS,000,정상,148,True
삼성바이오로직스,207940,00877059,2023,분기보고서_1분기,11013,OFS,000,정상,107,True
삼성바이오로직스,207940,00877059,2023,분기보고서_3분기,11014,CFS,000,정상,165,True
삼성바이오로직스,207940,00877059,2023,분기보고서_3분기,11014,OFS,000,정상,120,True
삼성바이오로직스,207940,00877059,2023,사업보고서,11011,CFS,000,정상,168,True
삼성바이오로직스,207940,00877059,2023,사업보고서,11011,OFS,000,정상,122,True
삼성바이오로직스,207940,00877059,2024,반기보고서,11012,CFS,000,정상,146,True
삼성바이오로직스,207940,00877059,2024,반기보고서,11012,OFS,000,정상,106,True
삼성바이오로직스,207940,00877059,2024,분기보고서_1분기,11013,CFS,000,정상,141,True
삼성바이오로직스,207940,00877059,2024,분기보고서_1분기,11013,OFS,000,정상,100,True
삼성바이오로직스,207940,00877059,2024,분기보고서_3분기,11014,CFS,000,정상,146,True
삼성바이오로직스,207940,00877059,2024,분기보고서_3분기,11014,OFS,000,정상,109,True
삼성바이오로직스,207940,00877059,2024,사업보고서,11011,CFS,000,정상,169,True
삼성바이오로직스,207940,00877059,2024,사업보고서,11011,OFS,000,정상,121,True
삼성바이오로직스,207940,00877059,2025,반기보고서,11012,CFS,000,정상,135,True
삼성바이오로직스,207940,00877059,2025,반기보고서,11012,OFS,000,정상,102,True
삼성바이오로직스,207940,00877059,2025,분기보고서_1분기,11013,CFS,000,정상,133,True
삼성바이오로직스,207940,00877059,2025,분기보고서_1분기,11013,OFS,000,정상,99,True
삼성바이오로직스,207940,00877059,2025,분기보고서_3분기,11014,CFS,000,정상,137,True
삼성바이오로직스,207940,00877059,2025,분기보고서_3분기,11014,OFS,000,정상,106,True
삼성바이오로직스,207940,00877059,2025,사업보고서,11011,CFS,000,정상,179,True
삼성바이오로직스,207940,00877059,2025,사업보고서,11011,OFS,000,정상,129,True
삼성생명,032830,00126256,2017,반기보고서,11012,CFS,013,조회된 데이타가 없습니다.,0,False
삼성생명,032830,00126256,2017,반기보고서,11012,OFS,013,조회된 데이타가 없습니다.,0,False
삼성생명,032830,00126256,2017,분기보고서_1분기,11013,CFS,013,조회된 데이타가 없습니다.,0,False
삼성생명,032830,00126256,2017,분기보고서_1분기,11013,OFS,013,조회된 데이타가 없습니다.,0,False
삼성생명,032830,00126256,2017,분기보고서_3분기,11014,CFS,013,조회된 데이타가 없습니다.,0,False
삼성생명,032830,00126256,2017,분기보고서_3분기,11014,OFS,013,조회된 데이타가 없습니다.,0,False
삼성생명,032830,00126256,2017,사업보고서,11011,CFS,013,조회된 데이타가 없습니다.,0,False
삼성생명,032830,00126256,2017,사업보고서,11011,OFS,013,조회된 데이타가 없습니다.,0,False
삼성생명,032830,00126256,2018,반기보고서,11012,CFS,013,조회된 데이타가 없습니다.,0,False
삼성생명,032830,00126256,2018,반기보고서,11012,OFS,013,조회된 데이타가 없습니다.,0,False
삼성생명,032830,00126256,2018,분기보고서_1분기,11013,CFS,013,조회된 데이타가 없습니다.,0,False
삼성생명,032830,00126256,2018,분기보고서_1분기,11013,OFS,013,조회된 데이타가 없습니다.,0,False
삼성생명,032830,00126256,2018,분기보고서_3분기,11014,CFS,013,조회된 데이타가 없습니다.,0,False
삼성생명,032830,00126256,2018,분기보고서_3분기,11014,OFS,013,조회된 데이타가 없습니다.,0,False
삼성생명,032830,00126256,2018,사업보고서,11011,CFS,013,조회된 데이타가 없습니다.,0,False
삼성생명,032830,00126256,2018,사업보고서,11011,OFS,013,조회된 데이타가 없습니다.,0,False
삼성생명,032830,00126256,2019,반기보고서,11012,CFS,013,조회된 데이타가 없습니다.,0,False
삼성생명,032830,00126256,2019,반기보고서,11012,OFS,013,조회된 데이타가 없습니다.,0,False
삼성생명,032830,00126256,2019,분기보고서_1분기,11013,CFS,013,조회된 데이타가 없습니다.,0,False
삼성생명,032830,00126256,2019,분기보고서_1분기,11013,OFS,013,조회된 데이타가 없습니다.,0,False
삼성생명,032830,00126256,2019,분기보고서_3분기,11014,CFS,013,조회된 데이타가 없습니다.,0,False
삼성생명,032830,00126256,2019,분기보고서_3분기,11014,OFS,013,조회된 데이타가 없습니다.,0,False
삼성생명,032830,00126256,2019,사업보고서,11011,CFS,013,조회된 데이타가 없습니다.,0,False
삼성생명,032830,00126256,2019,사업보고서,11011,OFS,013,조회된 데이타가 없습니다.,0,False
삼성생명,032830,00126256,2020,반기보고서,11012,CFS,013,조회된 데이타가 없습니다.,0,False
삼성생명,032830,00126256,2020,반기보고서,11012,OFS,013,조회된 데이타가 없습니다.,0,False
삼성생명,032830,00126256,2020,분기보고서_1분기,11013,CFS,013,조회된 데이타가 없습니다.,0,False
삼성생명,032830,00126256,2020,분기보고서_1분기,11013,OFS,013,조회된 데이타가 없습니다.,0,False
삼성생명,032830,00126256,2020,분기보고서_3분기,11014,CFS,013,조회된 데이타가 없습니다.,0,False
삼성생명,032830,00126256,2020,분기보고서_3분기,11014,OFS,013,조회된 데이타가 없습니다.,0,False
삼성생명,032830,00126256,2020,사업보고서,11011,CFS,013,조회된 데이타가 없습니다.,0,False
삼성생명,032830,00126256,2020,사업보고서,11011,OFS,013,조회된 데이타가 없습니다.,0,False
삼성생명,032830,00126256,2021,반기보고서,11012,CFS,013,조회된 데이타가 없습니다.,0,False
삼성생명,032830,00126256,2021,반기보고서,11012,OFS,013,조회된 데이타가 없습니다.,0,False
삼성생명,032830,00126256,2021,분기보고서_1분기,11013,CFS,013,조회된 데이타가 없습니다.,0,False
삼성생명,032830,00126256,2021,분기보고서_1분기,11013,OFS,013,조회된 데이타가 없습니다.,0,False
삼성생명,032830,00126256,2021,분기보고서_3분기,11014,CFS,013,조회된 데이타가 없습니다.,0,False
삼성생명,032830,00126256,2021,분기보고서_3분기,11014,OFS,013,조회된 데이타가 없습니다.,0,False
삼성생명,032830,00126256,2021,사업보고서,11011,CFS,013,조회된 데이타가 없습니다.,0,False
삼성생명,032830,00126256,2021,사업보고서,11011,OFS,013,조회된 데이타가 없습니다.,0,False
삼성생명,032830,00126256,2022,반기보고서,11012,CFS,013,조회된 데이타가 없습니다.,0,False
삼성생명,032830,00126256,2022,반기보고서,11012,OFS,013,조회된 데이타가 없습니다.,0,False
삼성생명,032830,00126256,2022,분기보고서_1분기,11013,CFS,013,조회된 데이타가 없습니다.,0,False
삼성생명,032830,00126256,2022,분기보고서_1분기,11013,OFS,013,조회된 데이타가 없습니다.,0,False
삼성생명,032830,00126256,2022,분기보고서_3분기,11014,CFS,013,조회된 데이타가 없습니다.,0,False
삼성생명,032830,00126256,2022,분기보고서_3분기,11014,OFS,013,조회된 데이타가 없습니다.,0,False
삼성생명,032830,00126256,2022,사업보고서,11011,CFS,013,조회된 데이타가 없습니다.,0,False
삼성생명,032830,00126256,2022,사업보고서,11011,OFS,013,조회된 데이타가 없습니다.,0,False
삼성생명,032830,00126256,2023,반기보고서,11012,CFS,013,조회된 데이타가 없습니다.,0,False
삼성생명,032830,00126256,2023,반기보고서,11012,OFS,013,조회된 데이타가 없습니다.,0,False
삼성생명,032830,00126256,2023,분기보고서_1분기,11013,CFS,013,조회된 데이타가 없습니다.,0,False
삼성생명,032830,00126256,2023,분기보고서_1분기,11013,OFS,013,조회된 데이타가 없습니다.,0,False
삼성생명,032830,00126256,2023,분기보고서_3분기,11014,CFS,000,정상,513,True
삼성생명,032830,00126256,2023,분기보고서_3분기,11014,OFS,000,정상,381,True
삼성생명,032830,00126256,2023,사업보고서,11011,CFS,000,정상,542,True
삼성생명,032830,00126256,2023,사업보고서,11011,OFS,000,정상,406,True
삼성생명,032830,00126256,2024,반기보고서,11012,CFS,000,정상,290,True
삼성생명,032830,00126256,2024,반기보고서,11012,OFS,000,정상,210,True
삼성생명,032830,00126256,2024,분기보고서_1분기,11013,CFS,000,정상,298,True
삼성생명,032830,00126256,2024,분기보고서_1분기,11013,OFS,000,정상,216,True
삼성생명,032830,00126256,2024,분기보고서_3분기,11014,CFS,000,정상,291,True
삼성생명,032830,00126256,2024,분기보고서_3분기,11014,OFS,000,정상,210,True
삼성생명,032830,00126256,2024,사업보고서,11011,CFS,000,정상,299,True
삼성생명,032830,00126256,2024,사업보고서,11011,OFS,000,정상,228,True
삼성생명,032830,00126256,2025,반기보고서,11012,CFS,000,정상,239,True
삼성생명,032830,00126256,2025,반기보고서,11012,OFS,000,정상,173,True
삼성생명,032830,00126256,2025,분기보고서_1분기,11013,CFS,000,정상,204,True
삼성생명,032830,00126256,2025,분기보고서_1분기,11013,OFS,000,정상,164,True
삼성생명,032830,00126256,2025,분기보고서_3분기,11014,CFS,000,정상,199,True
삼성생명,032830,00126256,2025,분기보고서_3분기,11014,OFS,000,정상,146,True
삼성생명,032830,00126256,2025,사업보고서,11011,CFS,000,정상,217,True
삼성생명,032830,00126256,2025,사업보고서,11011,OFS,000,정상,162,True
삼성전자,005930,00126380,2017,반기보고서,11012,CFS,000,정상,180,True
삼성전자,005930,00126380,2017,반기보고서,11012,OFS,000,정상,123,True
삼성전자,005930,00126380,2017,분기보고서_1분기,11013,CFS,000,정상,192,True
삼성전자,005930,00126380,2017,분기보고서_1분기,11013,OFS,000,정상,133,True
삼성전자,005930,00126380,2017,분기보고서_3분기,11014,CFS,000,정상,182,True
삼성전자,005930,00126380,2017,분기보고서_3분기,11014,OFS,000,정상,123,True
삼성전자,005930,00126380,2017,사업보고서,11011,CFS,000,정상,197,True
삼성전자,005930,00126380,2017,사업보고서,11011,OFS,000,정상,133,True
삼성전자,005930,00126380,2018,반기보고서,11012,CFS,000,정상,205,True
삼성전자,005930,00126380,2018,반기보고서,11012,OFS,000,정상,133,True
삼성전자,005930,00126380,2018,분기보고서_1분기,11013,CFS,000,정상,205,True
삼성전자,005930,00126380,2018,분기보고서_1분기,11013,OFS,000,정상,131,True
삼성전자,005930,00126380,2018,분기보고서_3분기,11014,CFS,000,정상,205,True
삼성전자,005930,00126380,2018,분기보고서_3분기,11014,OFS,000,정상,134,True
삼성전자,005930,00126380,2018,사업보고서,11011,CFS,000,정상,218,True
삼성전자,005930,00126380,2018,사업보고서,11011,OFS,000,정상,141,True
삼성전자,005930,00126380,2019,반기보고서,11012,CFS,000,정상,192,True
삼성전자,005930,00126380,2019,반기보고서,11012,OFS,000,정상,129,True
삼성전자,005930,00126380,2019,분기보고서_1분기,11013,CFS,000,정상,189,True
삼성전자,005930,00126380,2019,분기보고서_1분기,11013,OFS,000,정상,127,True
삼성전자,005930,00126380,2019,분기보고서_3분기,11014,CFS,000,정상,192,True
삼성전자,005930,00126380,2019,분기보고서_3분기,11014,OFS,000,정상,131,True
삼성전자,005930,00126380,2019,사업보고서,11011,CFS,000,정상,210,True
삼성전자,005930,00126380,2019,사업보고서,11011,OFS,000,정상,137,True
삼성전자,005930,00126380,2020,반기보고서,11012,CFS,000,정상,172,True
삼성전자,005930,00126380,2020,반기보고서,11012,OFS,000,정상,115,True
삼성전자,005930,00126380,2020,분기보고서_1분기,11013,CFS,000,정상,170,True
삼성전자,005930,00126380,2020,분기보고서_1분기,11013,OFS,000,정상,113,True
삼성전자,005930,00126380,2020,분기보고서_3분기,11014,CFS,000,정상,183,True
삼성전자,005930,00126380,2020,분기보고서_3분기,11014,OFS,000,정상,117,True
삼성전자,005930,00126380,2020,사업보고서,11011,CFS,000,정상,209,True
삼성전자,005930,00126380,2020,사업보고서,11011,OFS,000,정상,134,True
삼성전자,005930,00126380,2021,반기보고서,11012,CFS,000,정상,184,True
삼성전자,005930,00126380,2021,반기보고서,11012,OFS,000,정상,113,True
삼성전자,005930,00126380,2021,분기보고서_1분기,11013,CFS,000,정상,176,True
삼성전자,005930,00126380,2021,분기보고서_1분기,11013,OFS,000,정상,112,True
삼성전자,005930,00126380,2021,분기보고서_3분기,11014,CFS,000,정상,180,True
삼성전자,005930,00126380,2021,분기보고서_3분기,11014,OFS,000,정상,112,True
삼성전자,005930,00126380,2021,사업보고서,11011,CFS,000,정상,186,True
삼성전자,005930,00126380,2021,사업보고서,11011,OFS,000,정상,116,True
삼성전자,005930,00126380,2022,반기보고서,11012,CFS,000,정상,178,True
삼성전자,005930,00126380,2022,반기보고서,11012,OFS,000,정상,112,True
삼성전자,005930,00126380,2022,분기보고서_1분기,11013,CFS,000,정상,174,True
삼성전자,005930,00126380,2022,분기보고서_1분기,11013,OFS,000,정상,112,True
삼성전자,005930,00126380,2022,분기보고서_3분기,11014,CFS,000,정상,180,True
삼성전자,005930,00126380,2022,분기보고서_3분기,11014,OFS,000,정상,113,True
삼성전자,005930,00126380,2022,사업보고서,11011,CFS,000,정상,185,True
삼성전자,005930,00126380,2022,사업보고서,11011,OFS,000,정상,114,True
삼성전자,005930,00126380,2023,반기보고서,11012,CFS,000,정상,166,True
삼성전자,005930,00126380,2023,반기보고서,11012,OFS,000,정상,112,True
삼성전자,005930,00126380,2023,분기보고서_1분기,11013,CFS,000,정상,168,True
삼성전자,005930,00126380,2023,분기보고서_1분기,11013,OFS,000,정상,113,True
삼성전자,005930,00126380,2023,분기보고서_3분기,11014,CFS,000,정상,166,True
삼성전자,005930,00126380,2023,분기보고서_3분기,11014,OFS,000,정상,113,True
삼성전자,005930,00126380,2023,사업보고서,11011,CFS,000,정상,176,True
삼성전자,005930,00126380,2023,사업보고서,11011,OFS,000,정상,115,True
삼성전자,005930,00126380,2024,반기보고서,11012,CFS,000,정상,204,True
삼성전자,005930,00126380,2024,반기보고서,11012,OFS,000,정상,125,True
삼성전자,005930,00126380,2024,분기보고서_1분기,11013,CFS,000,정상,204,True
삼성전자,005930,00126380,2024,분기보고서_1분기,11013,OFS,000,정상,125,True
삼성전자,005930,00126380,2024,분기보고서_3분기,11014,CFS,000,정상,204,True
삼성전자,005930,00126380,2024,분기보고서_3분기,11014,OFS,000,정상,124,True
삼성전자,005930,00126380,2024,사업보고서,11011,CFS,000,정상,213,True
삼성전자,005930,00126380,2024,사업보고서,11011,OFS,000,정상,131,True
삼성전자,005930,00126380,2025,반기보고서,11012,CFS,000,정상,223,True
삼성전자,005930,00126380,2025,반기보고서,11012,OFS,000,정상,144,True
삼성전자,005930,00126380,2025,분기보고서_1분기,11013,CFS,000,정상,223,True
삼성전자,005930,00126380,2025,분기보고서_1분기,11013,OFS,000,정상,136,True
삼성전자,005930,00126380,2025,분기보고서_3분기,11014,CFS,000,정상,225,True
삼성전자,005930,00126380,2025,분기보고서_3분기,11014,OFS,000,정상,144,True
삼성전자,005930,00126380,2025,사업보고서,11011,CFS,000,정상,229,True
삼성전자,005930,00126380,2025,사업보고서,11011,OFS,000,정상,141,True
삼성증권,016360,00104856,2017,반기보고서,11012,CFS,013,조회된 데이타가 없습니다.,0,False
삼성증권,016360,00104856,2017,반기보고서,11012,OFS,013,조회된 데이타가 없습니다.,0,False
삼성증권,016360,00104856,2017,분기보고서_1분기,11013,CFS,013,조회된 데이타가 없습니다.,0,False
삼성증권,016360,00104856,2017,분기보고서_1분기,11013,OFS,013,조회된 데이타가 없습니다.,0,False
삼성증권,016360,00104856,2017,분기보고서_3분기,11014,CFS,013,조회된 데이타가 없습니다.,0,False
삼성증권,016360,00104856,2017,분기보고서_3분기,11014,OFS,013,조회된 데이타가 없습니다.,0,False
삼성증권,016360,00104856,2017,사업보고서,11011,CFS,013,조회된 데이타가 없습니다.,0,False
삼성증권,016360,00104856,2017,사업보고서,11011,OFS,013,조회된 데이타가 없습니다.,0,False
삼성증권,016360,00104856,2018,반기보고서,11012,CFS,013,조회된 데이타가 없습니다.,0,False
삼성증권,016360,00104856,2018,반기보고서,11012,OFS,013,조회된 데이타가 없습니다.,0,False
삼성증권,016360,00104856,2018,분기보고서_1분기,11013,CFS,013,조회된 데이타가 없습니다.,0,False
삼성증권,016360,00104856,2018,분기보고서_1분기,11013,OFS,013,조회된 데이타가 없습니다.,0,False
삼성증권,016360,00104856,2018,분기보고서_3분기,11014,CFS,013,조회된 데이타가 없습니다.,0,False
삼성증권,016360,00104856,2018,분기보고서_3분기,11014,OFS,013,조회된 데이타가 없습니다.,0,False
삼성증권,016360,00104856,2018,사업보고서,11011,CFS,013,조회된 데이타가 없습니다.,0,False
삼성증권,016360,00104856,2018,사업보고서,11011,OFS,013,조회된 데이타가 없습니다.,0,False
삼성증권,016360,00104856,2019,반기보고서,11012,CFS,013,조회된 데이타가 없습니다.,0,False
삼성증권,016360,00104856,2019,반기보고서,11012,OFS,013,조회된 데이타가 없습니다.,0,False
삼성증권,016360,00104856,2019,분기보고서_1분기,11013,CFS,013,조회된 데이타가 없습니다.,0,False
삼성증권,016360,00104856,2019,분기보고서_1분기,11013,OFS,013,조회된 데이타가 없습니다.,0,False
삼성증권,016360,00104856,2019,분기보고서_3분기,11014,CFS,013,조회된 데이타가 없습니다.,0,False
삼성증권,016360,00104856,2019,분기보고서_3분기,11014,OFS,013,조회된 데이타가 없습니다.,0,False
삼성증권,016360,00104856,2019,사업보고서,11011,CFS,013,조회된 데이타가 없습니다.,0,False
삼성증권,016360,00104856,2019,사업보고서,11011,OFS,013,조회된 데이타가 없습니다.,0,False
삼성증권,016360,00104856,2020,반기보고서,11012,CFS,013,조회된 데이타가 없습니다.,0,False
삼성증권,016360,00104856,2020,반기보고서,11012,OFS,013,조회된 데이타가 없습니다.,0,False
삼성증권,016360,00104856,2020,분기보고서_1분기,11013,CFS,013,조회된 데이타가 없습니다.,0,False
삼성증권,016360,00104856,2020,분기보고서_1분기,11013,OFS,013,조회된 데이타가 없습니다.,0,False
삼성증권,016360,00104856,2020,분기보고서_3분기,11014,CFS,013,조회된 데이타가 없습니다.,0,False
삼성증권,016360,00104856,2020,분기보고서_3분기,11014,OFS,013,조회된 데이타가 없습니다.,0,False
삼성증권,016360,00104856,2020,사업보고서,11011,CFS,013,조회된 데이타가 없습니다.,0,False
삼성증권,016360,00104856,2020,사업보고서,11011,OFS,013,조회된 데이타가 없습니다.,0,False
삼성증권,016360,00104856,2021,반기보고서,11012,CFS,013,조회된 데이타가 없습니다.,0,False
삼성증권,016360,00104856,2021,반기보고서,11012,OFS,013,조회된 데이타가 없습니다.,0,False
삼성증권,016360,00104856,2021,분기보고서_1분기,11013,CFS,013,조회된 데이타가 없습니다.,0,False
삼성증권,016360,00104856,2021,분기보고서_1분기,11013,OFS,013,조회된 데이타가 없습니다.,0,False
삼성증권,016360,00104856,2021,분기보고서_3분기,11014,CFS,013,조회된 데이타가 없습니다.,0,False
삼성증권,016360,00104856,2021,분기보고서_3분기,11014,OFS,013,조회된 데이타가 없습니다.,0,False
삼성증권,016360,00104856,2021,사업보고서,11011,CFS,013,조회된 데이타가 없습니다.,0,False
삼성증권,016360,00104856,2021,사업보고서,11011,OFS,013,조회된 데이타가 없습니다.,0,False
삼성증권,016360,00104856,2022,반기보고서,11012,CFS,013,조회된 데이타가 없습니다.,0,False
삼성증권,016360,00104856,2022,반기보고서,11012,OFS,013,조회된 데이타가 없습니다.,0,False
삼성증권,016360,00104856,2022,분기보고서_1분기,11013,CFS,013,조회된 데이타가 없습니다.,0,False
삼성증권,016360,00104856,2022,분기보고서_1분기,11013,OFS,013,조회된 데이타가 없습니다.,0,False
삼성증권,016360,00104856,2022,분기보고서_3분기,11014,CFS,013,조회된 데이타가 없습니다.,0,False
삼성증권,016360,00104856,2022,분기보고서_3분기,11014,OFS,013,조회된 데이타가 없습니다.,0,False
삼성증권,016360,00104856,2022,사업보고서,11011,CFS,013,조회된 데이타가 없습니다.,0,False
삼성증권,016360,00104856,2022,사업보고서,11011,OFS,013,조회된 데이타가 없습니다.,0,False
삼성증권,016360,00104856,2023,반기보고서,11012,CFS,013,조회된 데이타가 없습니다.,0,False
삼성증권,016360,00104856,2023,반기보고서,11012,OFS,013,조회된 데이타가 없습니다.,0,False
삼성증권,016360,00104856,2023,분기보고서_1분기,11013,CFS,013,조회된 데이타가 없습니다.,0,False
삼성증권,016360,00104856,2023,분기보고서_1분기,11013,OFS,013,조회된 데이타가 없습니다.,0,False
삼성증권,016360,00104856,2023,분기보고서_3분기,11014,CFS,000,정상,146,True
삼성증권,016360,00104856,2023,분기보고서_3분기,11014,OFS,000,정상,126,True
삼성증권,016360,00104856,2023,사업보고서,11011,CFS,000,정상,191,True
삼성증권,016360,00104856,2023,사업보고서,11011,OFS,000,정상,150,True
삼성증권,016360,00104856,2024,반기보고서,11012,CFS,000,정상,192,True
삼성증권,016360,00104856,2024,반기보고서,11012,OFS,000,정상,149,True
삼성증권,016360,00104856,2024,분기보고서_1분기,11013,CFS,000,정상,190,True
삼성증권,016360,00104856,2024,분기보고서_1분기,11013,OFS,000,정상,147,True
삼성증권,016360,00104856,2024,분기보고서_3분기,11014,CFS,000,정상,192,True
삼성증권,016360,00104856,2024,분기보고서_3분기,11014,OFS,000,정상,149,True
삼성증권,016360,00104856,2024,사업보고서,11011,CFS,000,정상,192,True
삼성증권,016360,00104856,2024,사업보고서,11011,OFS,000,정상,151,True
삼성증권,016360,00104856,2025,반기보고서,11012,CFS,000,정상,193,True
삼성증권,016360,00104856,2025,반기보고서,11012,OFS,000,정상,151,True
삼성증권,016360,00104856,2025,분기보고서_1분기,11013,CFS,000,정상,190,True
삼성증권,016360,00104856,2025,분기보고서_1분기,11013,OFS,000,정상,148,True
삼성증권,016360,00104856,2025,분기보고서_3분기,11014,CFS,000,정상,191,True
삼성증권,016360,00104856,2025,분기보고서_3분기,11014,OFS,000,정상,151,True
삼성증권,016360,00104856,2025,사업보고서,11011,CFS,000,정상,193,True
삼성증권,016360,00104856,2025,사업보고서,11011,OFS,000,정상,151,True
삼양식품,003230,00126955,2017,반기보고서,11012,CFS,000,정상,123,True
삼양식품,003230,00126955,2017,반기보고서,11012,OFS,000,정상,106,True
삼양식품,003230,00126955,2017,분기보고서_1분기,11013,CFS,000,정상,126,True
삼양식품,003230,00126955,2017,분기보고서_1분기,11013,OFS,000,정상,102,True
삼양식품,003230,00126955,2017,분기보고서_3분기,11014,CFS,000,정상,134,True
삼양식품,003230,00126955,2017,분기보고서_3분기,11014,OFS,000,정상,103,True
삼양식품,003230,00126955,2017,사업보고서,11011,CFS,000,정상,135,True
삼양식품,003230,00126955,2017,사업보고서,11011,OFS,000,정상,109,True
삼양식품,003230,00126955,2018,반기보고서,11012,CFS,000,정상,129,True
삼양식품,003230,00126955,2018,반기보고서,11012,OFS,000,정상,105,True
삼양식품,003230,00126955,2018,분기보고서_1분기,11013,CFS,000,정상,116,True
삼양식품,003230,00126955,2018,분기보고서_1분기,11013,OFS,000,정상,100,True
삼양식품,003230,00126955,2018,분기보고서_3분기,11014,CFS,000,정상,131,True
삼양식품,003230,00126955,2018,분기보고서_3분기,11014,OFS,000,정상,109,True
삼양식품,003230,00126955,2018,사업보고서,11011,CFS,000,정상,141,True
삼양식품,003230,00126955,2018,사업보고서,11011,OFS,000,정상,114,True
삼양식품,003230,00126955,2019,반기보고서,11012,CFS,000,정상,136,True
삼양식품,003230,00126955,2019,반기보고서,11012,OFS,000,정상,106,True
삼양식품,003230,00126955,2019,분기보고서_1분기,11013,CFS,000,정상,129,True
삼양식품,003230,00126955,2019,분기보고서_1분기,11013,OFS,000,정상,106,True
삼양식품,003230,00126955,2019,분기보고서_3분기,11014,CFS,000,정상,139,True
삼양식품,003230,00126955,2019,분기보고서_3분기,11014,OFS,000,정상,107,True
삼양식품,003230,00126955,2019,사업보고서,11011,CFS,000,정상,146,True
삼양식품,003230,00126955,2019,사업보고서,11011,OFS,000,정상,117,True
삼양식품,003230,00126955,2020,반기보고서,11012,CFS,000,정상,134,True
삼양식품,003230,00126955,2020,반기보고서,11012,OFS,000,정상,107,True
삼양식품,003230,00126955,2020,분기보고서_1분기,11013,CFS,000,정상,130,True
삼양식품,003230,00126955,2020,분기보고서_1분기,11013,OFS,000,정상,106,True
삼양식품,003230,00126955,2020,분기보고서_3분기,11014,CFS,000,정상,138,True
삼양식품,003230,00126955,2020,분기보고서_3분기,11014,OFS,000,정상,109,True
삼양식품,003230,00126955,2020,사업보고서,11011,CFS,000,정상,146,True
삼양식품,003230,00126955,2020,사업보고서,11011,OFS,000,정상,118,True
삼양식품,003230,00126955,2021,반기보고서,11012,CFS,000,정상,130,True
삼양식품,003230,00126955,2021,반기보고서,11012,OFS,000,정상,106,True
삼양식품,003230,00126955,2021,분기보고서_1분기,11013,CFS,000,정상,125,True
삼양식품,003230,00126955,2021,분기보고서_1분기,11013,OFS,000,정상,103,True
삼양식품,003230,00126955,2021,분기보고서_3분기,11014,CFS,000,정상,130,True
삼양식품,003230,00126955,2021,분기보고서_3분기,11014,OFS,000,정상,107,True
삼양식품,003230,00126955,2021,사업보고서,11011,CFS,000,정상,144,True
삼양식품,003230,00126955,2021,사업보고서,11011,OFS,000,정상,117,True
삼양식품,003230,00126955,2022,반기보고서,11012,CFS,000,정상,140,True
삼양식품,003230,00126955,2022,반기보고서,11012,OFS,000,정상,112,True
삼양식품,003230,00126955,2022,분기보고서_1분기,11013,CFS,000,정상,128,True
삼양식품,003230,00126955,2022,분기보고서_1분기,11013,OFS,000,정상,104,True
삼양식품,003230,00126955,2022,분기보고서_3분기,11014,CFS,000,정상,142,True
삼양식품,003230,00126955,2022,분기보고서_3분기,11014,OFS,000,정상,114,True
삼양식품,003230,00126955,2022,사업보고서,11011,CFS,000,정상,156,True
삼양식품,003230,00126955,2022,사업보고서,11011,OFS,000,정상,124,True
삼양식품,003230,00126955,2023,반기보고서,11012,CFS,000,정상,147,True
삼양식품,003230,00126955,2023,반기보고서,11012,OFS,000,정상,113,True
삼양식품,003230,00126955,2023,분기보고서_1분기,11013,CFS,000,정상,130,True
삼양식품,003230,00126955,2023,분기보고서_1분기,11013,OFS,000,정상,107,True
삼양식품,003230,00126955,2023,분기보고서_3분기,11014,CFS,000,정상,155,True
삼양식품,003230,00126955,2023,분기보고서_3분기,11014,OFS,000,정상,118,True
삼양식품,003230,00126955,2023,사업보고서,11011,CFS,000,정상,171,True
삼양식품,003230,00126955,2023,사업보고서,11011,OFS,000,정상,121,True
삼양식품,003230,00126955,2024,반기보고서,11012,CFS,000,정상,145,True
삼양식품,003230,00126955,2024,반기보고서,11012,OFS,000,정상,111,True
삼양식품,003230,00126955,2024,분기보고서_1분기,11013,CFS,000,정상,137,True
삼양식품,003230,00126955,2024,분기보고서_1분기,11013,OFS,000,정상,107,True
삼양식품,003230,00126955,2024,분기보고서_3분기,11014,CFS,000,정상,151,True
삼양식품,003230,00126955,2024,분기보고서_3분기,11014,OFS,000,정상,112,True
삼양식품,003230,00126955,2024,사업보고서,11011,CFS,000,정상,194,True
삼양식품,003230,00126955,2024,사업보고서,11011,OFS,000,정상,134,True
삼양식품,003230,00126955,2025,반기보고서,11012,CFS,000,정상,183,True
삼양식품,003230,00126955,2025,반기보고서,11012,OFS,000,정상,123,True
삼양식품,003230,00126955,2025,분기보고서_1분기,11013,CFS,000,정상,160,True
삼양식품,003230,00126955,2025,분기보고서_1분기,11013,OFS,000,정상,117,True
삼양식품,003230,00126955,2025,분기보고서_3분기,11014,CFS,000,정상,185,True
삼양식품,003230,00126955,2025,분기보고서_3분기,11014,OFS,000,정상,129,True
삼양식품,003230,00126955,2025,사업보고서,11011,CFS,000,정상,205,True
삼양식품,003230,00126955,2025,사업보고서,11011,OFS,000,정상,145,True
셀트리온,068270,00413046,2017,반기보고서,11012,CFS,000,정상,162,True
셀트리온,068270,00413046,2017,반기보고서,11012,OFS,000,정상,123,True
셀트리온,068270,00413046,2017,분기보고서_1분기,11013,CFS,000,정상,170,True
셀트리온,068270,00413046,2017,분기보고서_1분기,11013,OFS,000,정상,128,True
셀트리온,068270,00413046,2017,분기보고서_3분기,11014,CFS,000,정상,167,True
셀트리온,068270,00413046,2017,분기보고서_3분기,11014,OFS,000,정상,122,True
셀트리온,068270,00413046,2017,사업보고서,11011,CFS,000,정상,169,True
셀트리온,068270,00413046,2017,사업보고서,11011,OFS,000,정상,126,True
셀트리온,068270,00413046,2018,반기보고서,11012,CFS,000,정상,165,True
셀트리온,068270,00413046,2018,반기보고서,11012,OFS,000,정상,125,True
셀트리온,068270,00413046,2018,분기보고서_1분기,11013,CFS,000,정상,164,True
셀트리온,068270,00413046,2018,분기보고서_1분기,11013,OFS,000,정상,119,True
셀트리온,068270,00413046,2018,분기보고서_3분기,11014,CFS,000,정상,182,True
셀트리온,068270,00413046,2018,분기보고서_3분기,11014,OFS,000,정상,132,True
셀트리온,068270,00413046,2018,사업보고서,11011,CFS,000,정상,188,True
셀트리온,068270,00413046,2018,사업보고서,11011,OFS,000,정상,130,True
셀트리온,068270,00413046,2019,반기보고서,11012,CFS,000,정상,161,True
셀트리온,068270,00413046,2019,반기보고서,11012,OFS,000,정상,118,True
셀트리온,068270,00413046,2019,분기보고서_1분기,11013,CFS,000,정상,168,True
셀트리온,068270,00413046,2019,분기보고서_1분기,11013,OFS,000,정상,123,True
셀트리온,068270,00413046,2019,분기보고서_3분기,11014,CFS,000,정상,163,True
셀트리온,068270,00413046,2019,분기보고서_3분기,11014,OFS,000,정상,120,True
셀트리온,068270,00413046,2019,사업보고서,11011,CFS,000,정상,175,True
셀트리온,068270,00413046,2019,사업보고서,11011,OFS,000,정상,126,True
셀트리온,068270,00413046,2020,반기보고서,11012,CFS,000,정상,205,True
셀트리온,068270,00413046,2020,반기보고서,11012,OFS,000,정상,141,True
셀트리온,068270,00413046,2020,분기보고서_1분기,11013,CFS,000,정상,199,True
셀트리온,068270,00413046,2020,분기보고서_1분기,11013,OFS,000,정상,135,True
셀트리온,068270,00413046,2020,분기보고서_3분기,11014,CFS,000,정상,212,True
셀트리온,068270,00413046,2020,분기보고서_3분기,11014,OFS,000,정상,142,True
셀트리온,068270,00413046,2020,사업보고서,11011,CFS,000,정상,174,True
셀트리온,068270,00413046,2020,사업보고서,11011,OFS,000,정상,122,True
셀트리온,068270,00413046,2021,반기보고서,11012,CFS,000,정상,159,True
셀트리온,068270,00413046,2021,반기보고서,11012,OFS,000,정상,118,True
셀트리온,068270,00413046,2021,분기보고서_1분기,11013,CFS,000,정상,153,True
셀트리온,068270,00413046,2021,분기보고서_1분기,11013,OFS,000,정상,115,True
셀트리온,068270,00413046,2021,분기보고서_3분기,11014,CFS,000,정상,168,True
셀트리온,068270,00413046,2021,분기보고서_3분기,11014,OFS,000,정상,123,True
셀트리온,068270,00413046,2021,사업보고서,11011,CFS,000,정상,174,True
셀트리온,068270,00413046,2021,사업보고서,11011,OFS,000,정상,126,True
셀트리온,068270,00413046,2022,반기보고서,11012,CFS,000,정상,163,True
셀트리온,068270,00413046,2022,반기보고서,11012,OFS,000,정상,123,True
셀트리온,068270,00413046,2022,분기보고서_1분기,11013,CFS,000,정상,159,True
셀트리온,068270,00413046,2022,분기보고서_1분기,11013,OFS,000,정상,119,True
셀트리온,068270,00413046,2022,분기보고서_3분기,11014,CFS,000,정상,177,True
셀트리온,068270,00413046,2022,분기보고서_3분기,11014,OFS,000,정상,126,True
셀트리온,068270,00413046,2022,사업보고서,11011,CFS,000,정상,181,True
셀트리온,068270,00413046,2022,사업보고서,11011,OFS,000,정상,128,True
셀트리온,068270,00413046,2023,반기보고서,11012,CFS,000,정상,178,True
셀트리온,068270,00413046,2023,반기보고서,11012,OFS,000,정상,123,True
셀트리온,068270,00413046,2023,분기보고서_1분기,11013,CFS,000,정상,168,True
셀트리온,068270,00413046,2023,분기보고서_1분기,11013,OFS,000,정상,118,True
셀트리온,068270,00413046,2023,분기보고서_3분기,11014,CFS,000,정상,178,True
셀트리온,068270,00413046,2023,분기보고서_3분기,11014,OFS,000,정상,124,True
셀트리온,068270,00413046,2023,사업보고서,11011,CFS,000,정상,261,True
셀트리온,068270,00413046,2023,사업보고서,11011,OFS,000,정상,161,True
셀트리온,068270,00413046,2024,반기보고서,11012,CFS,000,정상,244,True
셀트리온,068270,00413046,2024,반기보고서,11012,OFS,000,정상,150,True
셀트리온,068270,00413046,2024,분기보고서_1분기,11013,CFS,000,정상,230,True
셀트리온,068270,00413046,2024,분기보고서_1분기,11013,OFS,000,정상,145,True
셀트리온,068270,00413046,2024,분기보고서_3분기,11014,CFS,000,정상,253,True
셀트리온,068270,00413046,2024,분기보고서_3분기,11014,OFS,000,정상,151,True
셀트리온,068270,00413046,2024,사업보고서,11011,CFS,000,정상,270,True
셀트리온,068270,00413046,2024,사업보고서,11011,OFS,000,정상,163,True
셀트리온,068270,00413046,2025,반기보고서,11012,CFS,000,정상,254,True
셀트리온,068270,00413046,2025,반기보고서,11012,OFS,000,정상,166,True
셀트리온,068270,00413046,2025,분기보고서_1분기,11013,CFS,000,정상,233,True
셀트리온,068270,00413046,2025,분기보고서_1분기,11013,OFS,000,정상,156,True
셀트리온,068270,00413046,2025,분기보고서_3분기,11014,CFS,000,정상,248,True
셀트리온,068270,00413046,2025,분기보고서_3분기,11014,OFS,000,정상,165,True
셀트리온,068270,00413046,2025,사업보고서,11011,CFS,000,정상,278,True
셀트리온,068270,00413046,2025,사업보고서,11011,OFS,000,정상,172,True
신세계,004170,00136378,2017,반기보고서,11012,CFS,000,정상,168,True
신세계,004170,00136378,2017,반기보고서,11012,OFS,000,정상,118,True
신세계,004170,00136378,2017,분기보고서_1분기,11013,CFS,000,정상,175,True
신세계,004170,00136378,2017,분기보고서_1분기,11013,OFS,000,정상,125,True
신세계,004170,00136378,2017,분기보고서_3분기,11014,CFS,000,정상,173,True
신세계,004170,00136378,2017,분기보고서_3분기,11014,OFS,000,정상,119,True
신세계,004170,00136378,2017,사업보고서,11011,CFS,000,정상,183,True
신세계,004170,00136378,2017,사업보고서,11011,OFS,000,정상,126,True
신세계,004170,00136378,2018,반기보고서,11012,CFS,000,정상,188,True
신세계,004170,00136378,2018,반기보고서,11012,OFS,000,정상,135,True
신세계,004170,00136378,2018,분기보고서_1분기,11013,CFS,000,정상,174,True
신세계,004170,00136378,2018,분기보고서_1분기,11013,OFS,000,정상,122,True
신세계,004170,00136378,2018,분기보고서_3분기,11014,CFS,000,정상,191,True
신세계,004170,00136378,2018,분기보고서_3분기,11014,OFS,000,정상,136,True
신세계,004170,00136378,2018,사업보고서,11011,CFS,000,정상,200,True
신세계,004170,00136378,2018,사업보고서,11011,OFS,000,정상,145,True
신세계,004170,00136378,2019,반기보고서,11012,CFS,000,정상,185,True
신세계,004170,00136378,2019,반기보고서,11012,OFS,000,정상,134,True
신세계,004170,00136378,2019,분기보고서_1분기,11013,CFS,000,정상,171,True
신세계,004170,00136378,2019,분기보고서_1분기,11013,OFS,000,정상,125,True
신세계,004170,00136378,2019,분기보고서_3분기,11014,CFS,000,정상,188,True
신세계,004170,00136378,2019,분기보고서_3분기,11014,OFS,000,정상,137,True
신세계,004170,00136378,2019,사업보고서,11011,CFS,000,정상,208,True
신세계,004170,00136378,2019,사업보고서,11011,OFS,000,정상,149,True
신세계,004170,00136378,2020,반기보고서,11012,CFS,000,정상,198,True
신세계,004170,00136378,2020,반기보고서,11012,OFS,000,정상,139,True
신세계,004170,00136378,2020,분기보고서_1분기,11013,CFS,000,정상,177,True
신세계,004170,00136378,2020,분기보고서_1분기,11013,OFS,000,정상,118,True
신세계,004170,00136378,2020,분기보고서_3분기,11014,CFS,000,정상,202,True
신세계,004170,00136378,2020,분기보고서_3분기,11014,OFS,000,정상,142,True
신세계,004170,00136378,2020,사업보고서,11011,CFS,000,정상,211,True
신세계,004170,00136378,2020,사업보고서,11011,OFS,000,정상,152,True
신세계,004170,00136378,2021,반기보고서,11012,CFS,000,정상,191,True
신세계,004170,00136378,2021,반기보고서,11012,OFS,000,정상,129,True
신세계,004170,00136378,2021,분기보고서_1분기,11013,CFS,000,정상,181,True
신세계,004170,00136378,2021,분기보고서_1분기,11013,OFS,000,정상,113,True
신세계,004170,00136378,2021,분기보고서_3분기,11014,CFS,000,정상,197,True
신세계,004170,00136378,2021,분기보고서_3분기,11014,OFS,000,정상,130,True
신세계,004170,00136378,2021,사업보고서,11011,CFS,000,정상,216,True
신세계,004170,00136378,2021,사업보고서,11011,OFS,000,정상,145,True
신세계,004170,00136378,2022,반기보고서,11012,CFS,000,정상,181,True
신세계,004170,00136378,2022,반기보고서,11012,OFS,000,정상,120,True
신세계,004170,00136378,2022,분기보고서_1분기,11013,CFS,000,정상,178,True
신세계,004170,00136378,2022,분기보고서_1분기,11013,OFS,000,정상,116,True
신세계,004170,00136378,2022,분기보고서_3분기,11014,CFS,000,정상,184,True
신세계,004170,00136378,2022,분기보고서_3분기,11014,OFS,000,정상,122,True
신세계,004170,00136378,2022,사업보고서,11011,CFS,000,정상,202,True
신세계,004170,00136378,2022,사업보고서,11011,OFS,000,정상,141,True
신세계,004170,00136378,2023,반기보고서,11012,CFS,000,정상,177,True
신세계,004170,00136378,2023,반기보고서,11012,OFS,000,정상,125,True
신세계,004170,00136378,2023,분기보고서_1분기,11013,CFS,000,정상,170,True
신세계,004170,00136378,2023,분기보고서_1분기,11013,OFS,000,정상,121,True
신세계,004170,00136378,2023,분기보고서_3분기,11014,CFS,000,정상,192,True
신세계,004170,00136378,2023,분기보고서_3분기,11014,OFS,000,정상,128,True
신세계,004170,00136378,2023,사업보고서,11011,CFS,000,정상,283,True
신세계,004170,00136378,2023,사업보고서,11011,OFS,000,정상,162,True
신세계,004170,00136378,2024,반기보고서,11012,CFS,000,정상,240,True
신세계,004170,00136378,2024,반기보고서,11012,OFS,000,정상,155,True
신세계,004170,00136378,2024,분기보고서_1분기,11013,CFS,000,정상,217,True
신세계,004170,00136378,2024,분기보고서_1분기,11013,OFS,000,정상,148,True
신세계,004170,00136378,2024,분기보고서_3분기,11014,CFS,000,정상,251,True
신세계,004170,00136378,2024,분기보고서_3분기,11014,OFS,000,정상,155,True
신세계,004170,00136378,2024,사업보고서,11011,CFS,000,정상,265,True
신세계,004170,00136378,2024,사업보고서,11011,OFS,000,정상,159,True
신세계,004170,00136378,2025,반기보고서,11012,CFS,000,정상,240,True
신세계,004170,00136378,2025,반기보고서,11012,OFS,000,정상,160,True
신세계,004170,00136378,2025,분기보고서_1분기,11013,CFS,000,정상,218,True
신세계,004170,00136378,2025,분기보고서_1분기,11013,OFS,000,정상,145,True
신세계,004170,00136378,2025,분기보고서_3분기,11014,CFS,000,정상,250,True
신세계,004170,00136378,2025,분기보고서_3분기,11014,OFS,000,정상,161,True
신세계,004170,00136378,2025,사업보고서,11011,CFS,000,정상,274,True
신세계,004170,00136378,2025,사업보고서,11011,OFS,000,정상,165,True
아모레퍼시픽,090430,00583424,2017,반기보고서,11012,CFS,000,정상,192,True
아모레퍼시픽,090430,00583424,2017,반기보고서,11012,OFS,000,정상,127,True
아모레퍼시픽,090430,00583424,2017,분기보고서_1분기,11013,CFS,000,정상,194,True
아모레퍼시픽,090430,00583424,2017,분기보고서_1분기,11013,OFS,000,정상,128,True
아모레퍼시픽,090430,00583424,2017,분기보고서_3분기,11014,CFS,000,정상,192,True
아모레퍼시픽,090430,00583424,2017,분기보고서_3분기,11014,OFS,000,정상,125,True
아모레퍼시픽,090430,00583424,2017,사업보고서,11011,CFS,000,정상,205,True
아모레퍼시픽,090430,00583424,2017,사업보고서,11011,OFS,000,정상,127,True
아모레퍼시픽,090430,00583424,2018,반기보고서,11012,CFS,000,정상,227,True
아모레퍼시픽,090430,00583424,2018,반기보고서,11012,OFS,000,정상,161,True
아모레퍼시픽,090430,00583424,2018,분기보고서_1분기,11013,CFS,000,정상,210,True
아모레퍼시픽,090430,00583424,2018,분기보고서_1분기,11013,OFS,000,정상,147,True
아모레퍼시픽,090430,00583424,2018,분기보고서_3분기,11014,CFS,000,정상,240,True
아모레퍼시픽,090430,00583424,2018,분기보고서_3분기,11014,OFS,000,정상,164,True
아모레퍼시픽,090430,00583424,2018,사업보고서,11011,CFS,000,정상,244,True
아모레퍼시픽,090430,00583424,2018,사업보고서,11011,OFS,000,정상,168,True
아모레퍼시픽,090430,00583424,2019,반기보고서,11012,CFS,000,정상,228,True
아모레퍼시픽,090430,00583424,2019,반기보고서,11012,OFS,000,정상,161,True
아모레퍼시픽,090430,00583424,2019,분기보고서_1분기,11013,CFS,000,정상,204,True
아모레퍼시픽,090430,00583424,2019,분기보고서_1분기,11013,OFS,000,정상,148,True
아모레퍼시픽,090430,00583424,2019,분기보고서_3분기,11014,CFS,000,정상,230,True
아모레퍼시픽,090430,00583424,2019,분기보고서_3분기,11014,OFS,000,정상,164,True
아모레퍼시픽,090430,00583424,2019,사업보고서,11011,CFS,000,정상,277,True
아모레퍼시픽,090430,00583424,2019,사업보고서,11011,OFS,000,정상,183,True
아모레퍼시픽,090430,00583424,2020,반기보고서,11012,CFS,000,정상,206,True
아모레퍼시픽,090430,00583424,2020,반기보고서,11012,OFS,000,정상,146,True
아모레퍼시픽,090430,00583424,2020,분기보고서_1분기,11013,CFS,000,정상,182,True
아모레퍼시픽,090430,00583424,2020,분기보고서_1분기,11013,OFS,000,정상,134,True
아모레퍼시픽,090430,00583424,2020,분기보고서_3분기,11014,CFS,000,정상,209,True
아모레퍼시픽,090430,00583424,2020,분기보고서_3분기,11014,OFS,000,정상,148,True
아모레퍼시픽,090430,00583424,2020,사업보고서,11011,CFS,000,정상,252,True
아모레퍼시픽,090430,00583424,2020,사업보고서,11011,OFS,000,정상,170,True
아모레퍼시픽,090430,00583424,2021,반기보고서,11012,CFS,000,정상,178,True
아모레퍼시픽,090430,00583424,2021,반기보고서,11012,OFS,000,정상,134,True
아모레퍼시픽,090430,00583424,2021,분기보고서_1분기,11013,CFS,000,정상,175,True
아모레퍼시픽,090430,00583424,2021,분기보고서_1분기,11013,OFS,000,정상,109,True
아모레퍼시픽,090430,00583424,2021,분기보고서_3분기,11014,CFS,000,정상,208,True
아모레퍼시픽,090430,00583424,2021,분기보고서_3분기,11014,OFS,000,정상,158,True
아모레퍼시픽,090430,00583424,2021,사업보고서,11011,CFS,000,정상,180,True
아모레퍼시픽,090430,00583424,2021,사업보고서,11011,OFS,000,정상,137,True
아모레퍼시픽,090430,00583424,2022,반기보고서,11012,CFS,000,정상,159,True
아모레퍼시픽,090430,00583424,2022,반기보고서,11012,OFS,000,정상,125,True
아모레퍼시픽,090430,00583424,2022,분기보고서_1분기,11013,CFS,000,정상,153,True
아모레퍼시픽,090430,00583424,2022,분기보고서_1분기,11013,OFS,000,정상,118,True
아모레퍼시픽,090430,00583424,2022,분기보고서_3분기,11014,CFS,000,정상,169,True
아모레퍼시픽,090430,00583424,2022,분기보고서_3분기,11014,OFS,000,정상,131,True
아모레퍼시픽,090430,00583424,2022,사업보고서,11011,CFS,000,정상,187,True
아모레퍼시픽,090430,00583424,2022,사업보고서,11011,OFS,000,정상,141,True
아모레퍼시픽,090430,00583424,2023,반기보고서,11012,CFS,000,정상,160,True
아모레퍼시픽,090430,00583424,2023,반기보고서,11012,OFS,000,정상,123,True
아모레퍼시픽,090430,00583424,2023,분기보고서_1분기,11013,CFS,000,정상,154,True
아모레퍼시픽,090430,00583424,2023,분기보고서_1분기,11013,OFS,000,정상,119,True
아모레퍼시픽,090430,00583424,2023,분기보고서_3분기,11014,CFS,000,정상,163,True
아모레퍼시픽,090430,00583424,2023,분기보고서_3분기,11014,OFS,000,정상,126,True
아모레퍼시픽,090430,00583424,2023,사업보고서,11011,CFS,000,정상,186,True
아모레퍼시픽,090430,00583424,2023,사업보고서,11011,OFS,000,정상,141,True
아모레퍼시픽,090430,00583424,2024,반기보고서,11012,CFS,000,정상,221,True
아모레퍼시픽,090430,00583424,2024,반기보고서,11012,OFS,000,정상,160,True
아모레퍼시픽,090430,00583424,2024,분기보고서_1분기,11013,CFS,000,정상,206,True
아모레퍼시픽,090430,00583424,2024,분기보고서_1분기,11013,OFS,000,정상,155,True
아모레퍼시픽,090430,00583424,2024,분기보고서_3분기,11014,CFS,000,정상,232,True
아모레퍼시픽,090430,00583424,2024,분기보고서_3분기,11014,OFS,000,정상,161,True
아모레퍼시픽,090430,00583424,2024,사업보고서,11011,CFS,000,정상,256,True
아모레퍼시픽,090430,00583424,2024,사업보고서,11011,OFS,000,정상,175,True
아모레퍼시픽,090430,00583424,2025,반기보고서,11012,CFS,000,정상,243,True
아모레퍼시픽,090430,00583424,2025,반기보고서,11012,OFS,000,정상,169,True
아모레퍼시픽,090430,00583424,2025,분기보고서_1분기,11013,CFS,000,정상,231,True
아모레퍼시픽,090430,00583424,2025,분기보고서_1분기,11013,OFS,000,정상,166,True
아모레퍼시픽,090430,00583424,2025,분기보고서_3분기,11014,CFS,000,정상,244,True
아모레퍼시픽,090430,00583424,2025,분기보고서_3분기,11014,OFS,000,정상,170,True
아모레퍼시픽,090430,00583424,2025,사업보고서,11011,CFS,000,정상,258,True
아모레퍼시픽,090430,00583424,2025,사업보고서,11011,OFS,000,정상,173,True
안랩,053800,00298270,2017,반기보고서,11012,CFS,000,정상,156,True
안랩,053800,00298270,2017,반기보고서,11012,OFS,000,정상,139,True
안랩,053800,00298270,2017,분기보고서_1분기,11013,CFS,000,정상,180,True
안랩,053800,00298270,2017,분기보고서_1분기,11013,OFS,000,정상,153,True
안랩,053800,00298270,2017,분기보고서_3분기,11014,CFS,000,정상,131,True
안랩,053800,00298270,2017,분기보고서_3분기,11014,OFS,000,정상,120,True
안랩,053800,00298270,2017,사업보고서,11011,CFS,000,정상,139,True
안랩,053800,00298270,2017,사업보고서,11011,OFS,000,정상,128,True
안랩,053800,00298270,2018,반기보고서,11012,CFS,000,정상,120,True
안랩,053800,00298270,2018,반기보고서,11012,OFS,000,정상,109,True
안랩,053800,00298270,2018,분기보고서_1분기,11013,CFS,000,정상,123,True
안랩,053800,00298270,2018,분기보고서_1분기,11013,OFS,000,정상,112,True
안랩,053800,00298270,2018,분기보고서_3분기,11014,CFS,000,정상,128,True
안랩,053800,00298270,2018,분기보고서_3분기,11014,OFS,000,정상,117,True
안랩,053800,00298270,2018,사업보고서,11011,CFS,000,정상,140,True
안랩,053800,00298270,2018,사업보고서,11011,OFS,000,정상,128,True
안랩,053800,00298270,2019,반기보고서,11012,CFS,000,정상,101,True
안랩,053800,00298270,2019,반기보고서,11012,OFS,000,정상,88,True
안랩,053800,00298270,2019,분기보고서_1분기,11013,CFS,000,정상,124,True
안랩,053800,00298270,2019,분기보고서_1분기,11013,OFS,000,정상,110,True
안랩,053800,00298270,2019,분기보고서_3분기,11014,CFS,000,정상,101,True
안랩,053800,00298270,2019,분기보고서_3분기,11014,OFS,000,정상,88,True
안랩,053800,00298270,2019,사업보고서,11011,CFS,000,정상,109,True
안랩,053800,00298270,2019,사업보고서,11011,OFS,000,정상,95,True
안랩,053800,00298270,2020,반기보고서,11012,CFS,000,정상,114,True
안랩,053800,00298270,2020,반기보고서,11012,OFS,000,정상,85,True
안랩,053800,00298270,2020,분기보고서_1분기,11013,CFS,000,정상,113,True
안랩,053800,00298270,2020,분기보고서_1분기,11013,OFS,000,정상,83,True
안랩,053800,00298270,2020,분기보고서_3분기,11014,CFS,000,정상,117,True
안랩,053800,00298270,2020,분기보고서_3분기,11014,OFS,000,정상,94,True
안랩,053800,00298270,2020,사업보고서,11011,CFS,000,정상,119,True
안랩,053800,00298270,2020,사업보고서,11011,OFS,000,정상,101,True
안랩,053800,00298270,2021,반기보고서,11012,CFS,000,정상,118,True
안랩,053800,00298270,2021,반기보고서,11012,OFS,000,정상,101,True
안랩,053800,00298270,2021,분기보고서_1분기,11013,CFS,000,정상,115,True
안랩,053800,00298270,2021,분기보고서_1분기,11013,OFS,000,정상,85,True
안랩,053800,00298270,2021,분기보고서_3분기,11014,CFS,000,정상,118,True
안랩,053800,00298270,2021,분기보고서_3분기,11014,OFS,000,정상,101,True
안랩,053800,00298270,2021,사업보고서,11011,CFS,000,정상,123,True
안랩,053800,00298270,2021,사업보고서,11011,OFS,000,정상,100,True
안랩,053800,00298270,2022,반기보고서,11012,CFS,000,정상,117,True
안랩,053800,00298270,2022,반기보고서,11012,OFS,000,정상,104,True
안랩,053800,00298270,2022,분기보고서_1분기,11013,CFS,000,정상,116,True
안랩,053800,00298270,2022,분기보고서_1분기,11013,OFS,000,정상,86,True
안랩,053800,00298270,2022,분기보고서_3분기,11014,CFS,000,정상,138,True
안랩,053800,00298270,2022,분기보고서_3분기,11014,OFS,000,정상,104,True
안랩,053800,00298270,2022,사업보고서,11011,CFS,000,정상,126,True
안랩,053800,00298270,2022,사업보고서,11011,OFS,000,정상,104,True
안랩,053800,00298270,2023,반기보고서,11012,CFS,000,정상,136,True
안랩,053800,00298270,2023,반기보고서,11012,OFS,000,정상,103,True
안랩,053800,00298270,2023,분기보고서_1분기,11013,CFS,000,정상,116,True
안랩,053800,00298270,2023,분기보고서_1분기,11013,OFS,000,정상,88,True
안랩,053800,00298270,2023,분기보고서_3분기,11014,CFS,000,정상,137,True
안랩,053800,00298270,2023,분기보고서_3분기,11014,OFS,000,정상,103,True
안랩,053800,00298270,2023,사업보고서,11011,CFS,000,정상,125,True
안랩,053800,00298270,2023,사업보고서,11011,OFS,000,정상,100,True
안랩,053800,00298270,2024,반기보고서,11012,CFS,000,정상,117,True
안랩,053800,00298270,2024,반기보고서,11012,OFS,000,정상,91,True
안랩,053800,00298270,2024,분기보고서_1분기,11013,CFS,000,정상,110,True
안랩,053800,00298270,2024,분기보고서_1분기,11013,OFS,000,정상,89,True
안랩,053800,00298270,2024,분기보고서_3분기,11014,CFS,000,정상,122,True
안랩,053800,00298270,2024,분기보고서_3분기,11014,OFS,000,정상,95,True
안랩,053800,00298270,2024,사업보고서,11011,CFS,000,정상,170,True
안랩,053800,00298270,2024,사업보고서,11011,OFS,000,정상,112,True
안랩,053800,00298270,2025,반기보고서,11012,CFS,000,정상,161,True
안랩,053800,00298270,2025,반기보고서,11012,OFS,000,정상,105,True
안랩,053800,00298270,2025,분기보고서_1분기,11013,CFS,000,정상,146,True
안랩,053800,00298270,2025,분기보고서_1분기,11013,OFS,000,정상,103,True
안랩,053800,00298270,2025,분기보고서_3분기,11014,CFS,000,정상,169,True
안랩,053800,00298270,2025,분기보고서_3분기,11014,OFS,000,정상,111,True
안랩,053800,00298270,2025,사업보고서,11011,CFS,000,정상,197,True
안랩,053800,00298270,2025,사업보고서,11011,OFS,000,정상,119,True
알테오젠,196170,00989619,2017,반기보고서,11012,CFS,000,정상,176,True
알테오젠,196170,00989619,2017,반기보고서,11012,OFS,000,정상,153,True
알테오젠,196170,00989619,2017,분기보고서_1분기,11013,CFS,000,정상,176,True
알테오젠,196170,00989619,2017,분기보고서_1분기,11013,OFS,000,정상,153,True
알테오젠,196170,00989619,2017,분기보고서_3분기,11014,CFS,000,정상,122,True
알테오젠,196170,00989619,2017,분기보고서_3분기,11014,OFS,000,정상,107,True
알테오젠,196170,00989619,2017,사업보고서,11011,CFS,000,정상,139,True
알테오젠,196170,00989619,2017,사업보고서,11011,OFS,000,정상,123,True
알테오젠,196170,00989619,2018,반기보고서,11012,CFS,000,정상,130,True
알테오젠,196170,00989619,2018,반기보고서,11012,OFS,000,정상,102,True
알테오젠,196170,00989619,2018,분기보고서_1분기,11013,CFS,000,정상,139,True
알테오젠,196170,00989619,2018,분기보고서_1분기,11013,OFS,000,정상,123,True
알테오젠,196170,00989619,2018,분기보고서_3분기,11014,CFS,000,정상,141,True
알테오젠,196170,00989619,2018,분기보고서_3분기,11014,OFS,000,정상,104,True
알테오젠,196170,00989619,2018,사업보고서,11011,CFS,000,정상,166,True
알테오젠,196170,00989619,2018,사업보고서,11011,OFS,000,정상,133,True
알테오젠,196170,00989619,2019,반기보고서,11012,CFS,000,정상,137,True
알테오젠,196170,00989619,2019,반기보고서,11012,OFS,000,정상,110,True
알테오젠,196170,00989619,2019,분기보고서_1분기,11013,CFS,000,정상,133,True
알테오젠,196170,00989619,2019,분기보고서_1분기,11013,OFS,000,정상,107,True
알테오젠,196170,00989619,2019,분기보고서_3분기,11014,CFS,000,정상,147,True
알테오젠,196170,00989619,2019,분기보고서_3분기,11014,OFS,000,정상,110,True
알테오젠,196170,00989619,2019,사업보고서,11011,CFS,000,정상,173,True
알테오젠,196170,00989619,2019,사업보고서,11011,OFS,000,정상,133,True
알테오젠,196170,00989619,2020,반기보고서,11012,CFS,000,정상,144,True
알테오젠,196170,00989619,2020,반기보고서,11012,OFS,000,정상,110,True
알테오젠,196170,00989619,2020,분기보고서_1분기,11013,CFS,000,정상,145,True
알테오젠,196170,00989619,2020,분기보고서_1분기,11013,OFS,000,정상,113,True
알테오젠,196170,00989619,2020,분기보고서_3분기,11014,CFS,000,정상,153,True
알테오젠,196170,00989619,2020,분기보고서_3분기,11014,OFS,000,정상,119,True
알테오젠,196170,00989619,2020,사업보고서,11011,CFS,000,정상,167,True
알테오젠,196170,00989619,2020,사업보고서,11011,OFS,000,정상,125,True
알테오젠,196170,00989619,2021,반기보고서,11012,CFS,000,정상,161,True
알테오젠,196170,00989619,2021,반기보고서,11012,OFS,000,정상,125,True
알테오젠,196170,00989619,2021,분기보고서_1분기,11013,CFS,000,정상,144,True
알테오젠,196170,00989619,2021,분기보고서_1분기,11013,OFS,000,정상,106,True
알테오젠,196170,00989619,2021,분기보고서_3분기,11014,CFS,000,정상,164,True
알테오젠,196170,00989619,2021,분기보고서_3분기,11014,OFS,000,정상,125,True
알테오젠,196170,00989619,2021,사업보고서,11011,CFS,000,정상,180,True
알테오젠,196170,00989619,2021,사업보고서,11011,OFS,000,정상,142,True
알테오젠,196170,00989619,2022,반기보고서,11012,CFS,000,정상,180,True
알테오젠,196170,00989619,2022,반기보고서,11012,OFS,000,정상,143,True
알테오젠,196170,00989619,2022,분기보고서_1분기,11013,CFS,000,정상,180,True
알테오젠,196170,00989619,2022,분기보고서_1분기,11013,OFS,000,정상,142,True
알테오젠,196170,00989619,2022,분기보고서_3분기,11014,CFS,000,정상,173,True
알테오젠,196170,00989619,2022,분기보고서_3분기,11014,OFS,000,정상,132,True
알테오젠,196170,00989619,2022,사업보고서,11011,CFS,000,정상,197,True
알테오젠,196170,00989619,2022,사업보고서,11011,OFS,000,정상,154,True
알테오젠,196170,00989619,2023,반기보고서,11012,CFS,000,정상,205,True
알테오젠,196170,00989619,2023,반기보고서,11012,OFS,000,정상,148,True
알테오젠,196170,00989619,2023,분기보고서_1분기,11013,CFS,000,정상,189,True
알테오젠,196170,00989619,2023,분기보고서_1분기,11013,OFS,000,정상,141,True
알테오젠,196170,00989619,2023,분기보고서_3분기,11014,CFS,000,정상,179,True
알테오젠,196170,00989619,2023,분기보고서_3분기,11014,OFS,000,정상,132,True
알테오젠,196170,00989619,2023,사업보고서,11011,CFS,000,정상,211,True
알테오젠,196170,00989619,2023,사업보고서,11011,OFS,000,정상,165,True
알테오젠,196170,00989619,2024,반기보고서,11012,CFS,000,정상,166,True
알테오젠,196170,00989619,2024,반기보고서,11012,OFS,000,정상,127,True
알테오젠,196170,00989619,2024,분기보고서_1분기,11013,CFS,000,정상,147,True
알테오젠,196170,00989619,2024,분기보고서_1분기,11013,OFS,000,정상,115,True
알테오젠,196170,00989619,2024,분기보고서_3분기,11014,CFS,000,정상,167,True
알테오젠,196170,00989619,2024,분기보고서_3분기,11014,OFS,000,정상,130,True
알테오젠,196170,00989619,2024,사업보고서,11011,CFS,000,정상,214,True
알테오젠,196170,00989619,2024,사업보고서,11011,OFS,000,정상,164,True
알테오젠,196170,00989619,2025,반기보고서,11012,CFS,000,정상,163,True
알테오젠,196170,00989619,2025,반기보고서,11012,OFS,000,정상,132,True
알테오젠,196170,00989619,2025,분기보고서_1분기,11013,CFS,000,정상,151,True
알테오젠,196170,00989619,2025,분기보고서_1분기,11013,OFS,000,정상,121,True
알테오젠,196170,00989619,2025,분기보고서_3분기,11014,CFS,000,정상,165,True
알테오젠,196170,00989619,2025,분기보고서_3분기,11014,OFS,000,정상,132,True
알테오젠,196170,00989619,2025,사업보고서,11011,CFS,000,정상,166,True
알테오젠,196170,00989619,2025,사업보고서,11011,OFS,000,정상,125,True
에스엠,041510,00260930,2017,반기보고서,11012,CFS,000,정상,230,True
에스엠,041510,00260930,2017,반기보고서,11012,OFS,000,정상,165,True
에스엠,041510,00260930,2017,분기보고서_1분기,11013,CFS,000,정상,256,True
에스엠,041510,00260930,2017,분기보고서_1분기,11013,OFS,000,정상,177,True
에스엠,041510,00260930,2017,분기보고서_3분기,11014,CFS,000,정상,246,True
에스엠,041510,00260930,2017,분기보고서_3분기,11014,OFS,000,정상,131,True
에스엠,041510,00260930,2017,사업보고서,11011,CFS,000,정상,233,True
에스엠,041510,00260930,2017,사업보고서,11011,OFS,000,정상,150,True
에스엠,041510,00260930,2018,반기보고서,11012,CFS,000,정상,219,True
에스엠,041510,00260930,2018,반기보고서,11012,OFS,000,정상,150,True
에스엠,041510,00260930,2018,분기보고서_1분기,11013,CFS,000,정상,186,True
에스엠,041510,00260930,2018,분기보고서_1분기,11013,OFS,000,정상,135,True
에스엠,041510,00260930,2018,분기보고서_3분기,11014,CFS,000,정상,229,True
에스엠,041510,00260930,2018,분기보고서_3분기,11014,OFS,000,정상,154,True
에스엠,041510,00260930,2018,사업보고서,11011,CFS,000,정상,249,True
에스엠,041510,00260930,2018,사업보고서,11011,OFS,000,정상,163,True
에스엠,041510,00260930,2019,반기보고서,11012,CFS,000,정상,213,True
에스엠,041510,00260930,2019,반기보고서,11012,OFS,000,정상,149,True
에스엠,041510,00260930,2019,분기보고서_1분기,11013,CFS,000,정상,192,True
에스엠,041510,00260930,2019,분기보고서_1분기,11013,OFS,000,정상,133,True
에스엠,041510,00260930,2019,분기보고서_3분기,11014,CFS,000,정상,221,True
에스엠,041510,00260930,2019,분기보고서_3분기,11014,OFS,000,정상,152,True
에스엠,041510,00260930,2019,사업보고서,11011,CFS,000,정상,248,True
에스엠,041510,00260930,2019,사업보고서,11011,OFS,000,정상,165,True
에스엠,041510,00260930,2020,반기보고서,11012,CFS,000,정상,194,True
에스엠,041510,00260930,2020,반기보고서,11012,OFS,000,정상,141,True
에스엠,041510,00260930,2020,분기보고서_1분기,11013,CFS,000,정상,188,True
에스엠,041510,00260930,2020,분기보고서_1분기,11013,OFS,000,정상,127,True
에스엠,041510,00260930,2020,분기보고서_3분기,11014,CFS,000,정상,204,True
에스엠,041510,00260930,2020,분기보고서_3분기,11014,OFS,000,정상,142,True
에스엠,041510,00260930,2020,사업보고서,11011,CFS,000,정상,230,True
에스엠,041510,00260930,2020,사업보고서,11011,OFS,000,정상,160,True
에스엠,041510,00260930,2021,반기보고서,11012,CFS,000,정상,198,True
에스엠,041510,00260930,2021,반기보고서,11012,OFS,000,정상,145,True
에스엠,041510,00260930,2021,분기보고서_1분기,11013,CFS,000,정상,190,True
에스엠,041510,00260930,2021,분기보고서_1분기,11013,OFS,000,정상,137,True
에스엠,041510,00260930,2021,분기보고서_3분기,11014,CFS,000,정상,199,True
에스엠,041510,00260930,2021,분기보고서_3분기,11014,OFS,000,정상,148,True
에스엠,041510,00260930,2021,사업보고서,11011,CFS,000,정상,220,True
에스엠,041510,00260930,2021,사업보고서,11011,OFS,000,정상,152,True
에스엠,041510,00260930,2022,반기보고서,11012,CFS,000,정상,217,True
에스엠,041510,00260930,2022,반기보고서,11012,OFS,000,정상,148,True
에스엠,041510,00260930,2022,분기보고서_1분기,11013,CFS,000,정상,208,True
에스엠,041510,00260930,2022,분기보고서_1분기,11013,OFS,000,정상,145,True
에스엠,041510,00260930,2022,분기보고서_3분기,11014,CFS,000,정상,220,True
에스엠,041510,00260930,2022,분기보고서_3분기,11014,OFS,000,정상,153,True
에스엠,041510,00260930,2022,사업보고서,11011,CFS,000,정상,231,True
에스엠,041510,00260930,2022,사업보고서,11011,OFS,000,정상,162,True
에스엠,041510,00260930,2023,반기보고서,11012,CFS,000,정상,221,True
에스엠,041510,00260930,2023,반기보고서,11012,OFS,000,정상,147,True
에스엠,041510,00260930,2023,분기보고서_1분기,11013,CFS,000,정상,208,True
에스엠,041510,00260930,2023,분기보고서_1분기,11013,OFS,000,정상,142,True
에스엠,041510,00260930,2023,분기보고서_3분기,11014,CFS,000,정상,226,True
에스엠,041510,00260930,2023,분기보고서_3분기,11014,OFS,000,정상,154,True
에스엠,041510,00260930,2023,사업보고서,11011,CFS,000,정상,241,True
에스엠,041510,00260930,2023,사업보고서,11011,OFS,000,정상,163,True
에스엠,041510,00260930,2024,반기보고서,11012,CFS,000,정상,209,True
에스엠,041510,00260930,2024,반기보고서,11012,OFS,000,정상,142,True
에스엠,041510,00260930,2024,분기보고서_1분기,11013,CFS,000,정상,210,True
에스엠,041510,00260930,2024,분기보고서_1분기,11013,OFS,000,정상,139,True
에스엠,041510,00260930,2024,분기보고서_3분기,11014,CFS,000,정상,217,True
에스엠,041510,00260930,2024,분기보고서_3분기,11014,OFS,000,정상,145,True
에스엠,041510,00260930,2024,사업보고서,11011,CFS,000,정상,312,True
에스엠,041510,00260930,2024,사업보고서,11011,OFS,000,정상,203,True
에스엠,041510,00260930,2025,반기보고서,11012,CFS,000,정상,267,True
에스엠,041510,00260930,2025,반기보고서,11012,OFS,000,정상,154,True
에스엠,041510,00260930,2025,분기보고서_1분기,11013,CFS,000,정상,263,True
에스엠,041510,00260930,2025,분기보고서_1분기,11013,OFS,000,정상,152,True
에스엠,041510,00260930,2025,분기보고서_3분기,11014,CFS,000,정상,285,True
에스엠,041510,00260930,2025,분기보고서_3분기,11014,OFS,000,정상,161,True
에스엠,041510,00260930,2025,사업보고서,11011,CFS,000,정상,325,True
에스엠,041510,00260930,2025,사업보고서,11011,OFS,000,정상,201,True
영원무역,111770,00776820,2017,반기보고서,11012,CFS,000,정상,164,True
영원무역,111770,00776820,2017,반기보고서,11012,OFS,000,정상,115,True
영원무역,111770,00776820,2017,분기보고서_1분기,11013,CFS,000,정상,199,True
영원무역,111770,00776820,2017,분기보고서_1분기,11013,OFS,000,정상,130,True
영원무역,111770,00776820,2017,분기보고서_3분기,11014,CFS,000,정상,161,True
영원무역,111770,00776820,2017,분기보고서_3분기,11014,OFS,000,정상,112,True
영원무역,111770,00776820,2017,사업보고서,11011,CFS,000,정상,162,True
영원무역,111770,00776820,2017,사업보고서,11011,OFS,000,정상,113,True
영원무역,111770,00776820,2018,반기보고서,11012,CFS,000,정상,176,True
영원무역,111770,00776820,2018,반기보고서,11012,OFS,000,정상,118,True
영원무역,111770,00776820,2018,분기보고서_1분기,11013,CFS,000,정상,165,True
영원무역,111770,00776820,2018,분기보고서_1분기,11013,OFS,000,정상,108,True
영원무역,111770,00776820,2018,분기보고서_3분기,11014,CFS,000,정상,171,True
영원무역,111770,00776820,2018,분기보고서_3분기,11014,OFS,000,정상,113,True
영원무역,111770,00776820,2018,사업보고서,11011,CFS,000,정상,180,True
영원무역,111770,00776820,2018,사업보고서,11011,OFS,000,정상,119,True
영원무역,111770,00776820,2019,반기보고서,11012,CFS,000,정상,163,True
영원무역,111770,00776820,2019,반기보고서,11012,OFS,000,정상,107,True
영원무역,111770,00776820,2019,분기보고서_1분기,11013,CFS,000,정상,157,True
영원무역,111770,00776820,2019,분기보고서_1분기,11013,OFS,000,정상,101,True
영원무역,111770,00776820,2019,분기보고서_3분기,11014,CFS,000,정상,158,True
영원무역,111770,00776820,2019,분기보고서_3분기,11014,OFS,000,정상,106,True
영원무역,111770,00776820,2019,사업보고서,11011,CFS,000,정상,184,True
영원무역,111770,00776820,2019,사업보고서,11011,OFS,000,정상,122,True
영원무역,111770,00776820,2020,반기보고서,11012,CFS,000,정상,153,True
영원무역,111770,00776820,2020,반기보고서,11012,OFS,000,정상,114,True
영원무역,111770,00776820,2020,분기보고서_1분기,11013,CFS,000,정상,143,True
영원무역,111770,00776820,2020,분기보고서_1분기,11013,OFS,000,정상,104,True
영원무역,111770,00776820,2020,분기보고서_3분기,11014,CFS,000,정상,157,True
영원무역,111770,00776820,2020,분기보고서_3분기,11014,OFS,000,정상,114,True
영원무역,111770,00776820,2020,사업보고서,11011,CFS,000,정상,172,True
영원무역,111770,00776820,2020,사업보고서,11011,OFS,000,정상,121,True
영원무역,111770,00776820,2021,반기보고서,11012,CFS,000,정상,148,True
영원무역,111770,00776820,2021,반기보고서,11012,OFS,000,정상,111,True
영원무역,111770,00776820,2021,분기보고서_1분기,11013,CFS,000,정상,139,True
영원무역,111770,00776820,2021,분기보고서_1분기,11013,OFS,000,정상,101,True
영원무역,111770,00776820,2021,분기보고서_3분기,11014,CFS,000,정상,151,True
영원무역,111770,00776820,2021,분기보고서_3분기,11014,OFS,000,정상,115,True
영원무역,111770,00776820,2021,사업보고서,11011,CFS,000,정상,176,True
영원무역,111770,00776820,2021,사업보고서,11011,OFS,000,정상,123,True
영원무역,111770,00776820,2022,반기보고서,11012,CFS,000,정상,145,True
영원무역,111770,00776820,2022,반기보고서,11012,OFS,000,정상,105,True
영원무역,111770,00776820,2022,분기보고서_1분기,11013,CFS,000,정상,138,True
영원무역,111770,00776820,2022,분기보고서_1분기,11013,OFS,000,정상,97,True
영원무역,111770,00776820,2022,분기보고서_3분기,11014,CFS,000,정상,151,True
영원무역,111770,00776820,2022,분기보고서_3분기,11014,OFS,000,정상,109,True
영원무역,111770,00776820,2022,사업보고서,11011,CFS,000,정상,162,True
영원무역,111770,00776820,2022,사업보고서,11011,OFS,000,정상,123,True
영원무역,111770,00776820,2023,반기보고서,11012,CFS,000,정상,147,True
영원무역,111770,00776820,2023,반기보고서,11012,OFS,000,정상,103,True
영원무역,111770,00776820,2023,분기보고서_1분기,11013,CFS,000,정상,144,True
영원무역,111770,00776820,2023,분기보고서_1분기,11013,OFS,000,정상,100,True
영원무역,111770,00776820,2023,분기보고서_3분기,11014,CFS,000,정상,150,True
영원무역,111770,00776820,2023,분기보고서_3분기,11014,OFS,000,정상,106,True
영원무역,111770,00776820,2023,사업보고서,11011,CFS,000,정상,160,True
영원무역,111770,00776820,2023,사업보고서,11011,OFS,000,정상,114,True
영원무역,111770,00776820,2024,반기보고서,11012,CFS,000,정상,201,True
영원무역,111770,00776820,2024,반기보고서,11012,OFS,000,정상,124,True
영원무역,111770,00776820,2024,분기보고서_1분기,11013,CFS,000,정상,179,True
영원무역,111770,00776820,2024,분기보고서_1분기,11013,OFS,000,정상,115,True
영원무역,111770,00776820,2024,분기보고서_3분기,11014,CFS,000,정상,190,True
영원무역,111770,00776820,2024,분기보고서_3분기,11014,OFS,000,정상,125,True
영원무역,111770,00776820,2024,사업보고서,11011,CFS,000,정상,195,True
영원무역,111770,00776820,2024,사업보고서,11011,OFS,000,정상,128,True
영원무역,111770,00776820,2025,반기보고서,11012,CFS,000,정상,196,True
영원무역,111770,00776820,2025,반기보고서,11012,OFS,000,정상,130,True
영원무역,111770,00776820,2025,분기보고서_1분기,11013,CFS,000,정상,185,True
영원무역,111770,00776820,2025,분기보고서_1분기,11013,OFS,000,정상,120,True
영원무역,111770,00776820,2025,분기보고서_3분기,11014,CFS,000,정상,203,True
영원무역,111770,00776820,2025,분기보고서_3분기,11014,OFS,000,정상,135,True
영원무역,111770,00776820,2025,사업보고서,11011,CFS,000,정상,210,True
영원무역,111770,00776820,2025,사업보고서,11011,OFS,000,정상,137,True
오리온,271560,01238169,2017,반기보고서,11012,CFS,000,정상,153,True
오리온,271560,01238169,2017,반기보고서,11012,OFS,000,정상,116,True
오리온,271560,01238169,2017,분기보고서_1분기,11013,CFS,013,조회된 데이타가 없습니다.,0,False
오리온,271560,01238169,2017,분기보고서_1분기,11013,OFS,013,조회된 데이타가 없습니다.,0,False
오리온,271560,01238169,2017,분기보고서_3분기,11014,CFS,000,정상,159,True
오리온,271560,01238169,2017,분기보고서_3분기,11014,OFS,000,정상,128,True
오리온,271560,01238169,2017,사업보고서,11011,CFS,000,정상,167,True
오리온,271560,01238169,2017,사업보고서,11011,OFS,000,정상,132,True
오리온,271560,01238169,2018,반기보고서,11012,CFS,000,정상,169,True
오리온,271560,01238169,2018,반기보고서,11012,OFS,000,정상,137,True
오리온,271560,01238169,2018,분기보고서_1분기,11013,CFS,000,정상,160,True
오리온,271560,01238169,2018,분기보고서_1분기,11013,OFS,000,정상,131,True
오리온,271560,01238169,2018,분기보고서_3분기,11014,CFS,000,정상,187,True
오리온,271560,01238169,2018,분기보고서_3분기,11014,OFS,000,정상,150,True
오리온,271560,01238169,2018,사업보고서,11011,CFS,000,정상,195,True
오리온,271560,01238169,2018,사업보고서,11011,OFS,000,정상,156,True
오리온,271560,01238169,2019,반기보고서,11012,CFS,000,정상,197,True
오리온,271560,01238169,2019,반기보고서,11012,OFS,000,정상,162,True
오리온,271560,01238169,2019,분기보고서_1분기,11013,CFS,000,정상,195,True
오리온,271560,01238169,2019,분기보고서_1분기,11013,OFS,000,정상,156,True
오리온,271560,01238169,2019,분기보고서_3분기,11014,CFS,000,정상,211,True
오리온,271560,01238169,2019,분기보고서_3분기,11014,OFS,000,정상,167,True
오리온,271560,01238169,2019,사업보고서,11011,CFS,000,정상,236,True
오리온,271560,01238169,2019,사업보고서,11011,OFS,000,정상,180,True
오리온,271560,01238169,2020,반기보고서,11012,CFS,000,정상,208,True
오리온,271560,01238169,2020,반기보고서,11012,OFS,000,정상,164,True
오리온,271560,01238169,2020,분기보고서_1분기,11013,CFS,000,정상,204,True
오리온,271560,01238169,2020,분기보고서_1분기,11013,OFS,000,정상,161,True
오리온,271560,01238169,2020,분기보고서_3분기,11014,CFS,000,정상,214,True
오리온,271560,01238169,2020,분기보고서_3분기,11014,OFS,000,정상,164,True
오리온,271560,01238169,2020,사업보고서,11011,CFS,000,정상,232,True
오리온,271560,01238169,2020,사업보고서,11011,OFS,000,정상,177,True
오리온,271560,01238169,2021,반기보고서,11012,CFS,000,정상,206,True
오리온,271560,01238169,2021,반기보고서,11012,OFS,000,정상,158,True
오리온,271560,01238169,2021,분기보고서_1분기,11013,CFS,000,정상,200,True
오리온,271560,01238169,2021,분기보고서_1분기,11013,OFS,000,정상,151,True
오리온,271560,01238169,2021,분기보고서_3분기,11014,CFS,000,정상,210,True
오리온,271560,01238169,2021,분기보고서_3분기,11014,OFS,000,정상,159,True
오리온,271560,01238169,2021,사업보고서,11011,CFS,000,정상,238,True
오리온,271560,01238169,2021,사업보고서,11011,OFS,000,정상,175,True
오리온,271560,01238169,2022,반기보고서,11012,CFS,000,정상,212,True
오리온,271560,01238169,2022,반기보고서,11012,OFS,000,정상,161,True
오리온,271560,01238169,2022,분기보고서_1분기,11013,CFS,000,정상,205,True
오리온,271560,01238169,2022,분기보고서_1분기,11013,OFS,000,정상,157,True
오리온,271560,01238169,2022,분기보고서_3분기,11014,CFS,000,정상,217,True
오리온,271560,01238169,2022,분기보고서_3분기,11014,OFS,000,정상,164,True
오리온,271560,01238169,2022,사업보고서,11011,CFS,000,정상,235,True
오리온,271560,01238169,2022,사업보고서,11011,OFS,000,정상,171,True
오리온,271560,01238169,2023,반기보고서,11012,CFS,000,정상,193,True
오리온,271560,01238169,2023,반기보고서,11012,OFS,000,정상,150,True
오리온,271560,01238169,2023,분기보고서_1분기,11013,CFS,000,정상,186,True
오리온,271560,01238169,2023,분기보고서_1분기,11013,OFS,000,정상,145,True
오리온,271560,01238169,2023,분기보고서_3분기,11014,CFS,000,정상,204,True
오리온,271560,01238169,2023,분기보고서_3분기,11014,OFS,000,정상,161,True
오리온,271560,01238169,2023,사업보고서,11011,CFS,000,정상,209,True
오리온,271560,01238169,2023,사업보고서,11011,OFS,000,정상,159,True
오리온,271560,01238169,2024,반기보고서,11012,CFS,000,정상,241,True
오리온,271560,01238169,2024,반기보고서,11012,OFS,000,정상,173,True
오리온,271560,01238169,2024,분기보고서_1분기,11013,CFS,000,정상,222,True
오리온,271560,01238169,2024,분기보고서_1분기,11013,OFS,000,정상,161,True
오리온,271560,01238169,2024,분기보고서_3분기,11014,CFS,000,정상,254,True
오리온,271560,01238169,2024,분기보고서_3분기,11014,OFS,000,정상,182,True
오리온,271560,01238169,2024,사업보고서,11011,CFS,000,정상,319,True
오리온,271560,01238169,2024,사업보고서,11011,OFS,000,정상,208,True
오리온,271560,01238169,2025,반기보고서,11012,CFS,000,정상,271,True
오리온,271560,01238169,2025,반기보고서,11012,OFS,000,정상,204,True
오리온,271560,01238169,2025,분기보고서_1분기,11013,CFS,000,정상,256,True
오리온,271560,01238169,2025,분기보고서_1분기,11013,OFS,000,정상,196,True
오리온,271560,01238169,2025,분기보고서_3분기,11014,CFS,000,정상,273,True
오리온,271560,01238169,2025,분기보고서_3분기,11014,OFS,000,정상,207,True
오리온,271560,01238169,2025,사업보고서,11011,CFS,000,정상,310,True
오리온,271560,01238169,2025,사업보고서,11011,OFS,000,정상,212,True
유한양행,000100,00145109,2017,반기보고서,11012,CFS,000,정상,205,True
유한양행,000100,00145109,2017,반기보고서,11012,OFS,000,정상,165,True
유한양행,000100,00145109,2017,분기보고서_1분기,11013,CFS,000,정상,203,True
유한양행,000100,00145109,2017,분기보고서_1분기,11013,OFS,000,정상,170,True
유한양행,000100,00145109,2017,분기보고서_3분기,11014,CFS,000,정상,207,True
유한양행,000100,00145109,2017,분기보고서_3분기,11014,OFS,000,정상,165,True
유한양행,000100,00145109,2017,사업보고서,11011,CFS,000,정상,229,True
유한양행,000100,00145109,2017,사업보고서,11011,OFS,000,정상,179,True
유한양행,000100,00145109,2018,반기보고서,11012,CFS,000,정상,235,True
유한양행,000100,00145109,2018,반기보고서,11012,OFS,000,정상,181,True
유한양행,000100,00145109,2018,분기보고서_1분기,11013,CFS,000,정상,227,True
유한양행,000100,00145109,2018,분기보고서_1분기,11013,OFS,000,정상,174,True
유한양행,000100,00145109,2018,분기보고서_3분기,11014,CFS,000,정상,242,True
유한양행,000100,00145109,2018,분기보고서_3분기,11014,OFS,000,정상,181,True
유한양행,000100,00145109,2018,사업보고서,11011,CFS,000,정상,259,True
유한양행,000100,00145109,2018,사업보고서,11011,OFS,000,정상,192,True
유한양행,000100,00145109,2019,반기보고서,11012,CFS,000,정상,242,True
유한양행,000100,00145109,2019,반기보고서,11012,OFS,000,정상,184,True
유한양행,000100,00145109,2019,분기보고서_1분기,11013,CFS,000,정상,236,True
유한양행,000100,00145109,2019,분기보고서_1분기,11013,OFS,000,정상,178,True
유한양행,000100,00145109,2019,분기보고서_3분기,11014,CFS,000,정상,249,True
유한양행,000100,00145109,2019,분기보고서_3분기,11014,OFS,000,정상,185,True
유한양행,000100,00145109,2019,사업보고서,11011,CFS,000,정상,271,True
유한양행,000100,00145109,2019,사업보고서,11011,OFS,000,정상,204,True
유한양행,000100,00145109,2020,반기보고서,11012,CFS,000,정상,236,True
유한양행,000100,00145109,2020,반기보고서,11012,OFS,000,정상,177,True
유한양행,000100,00145109,2020,분기보고서_1분기,11013,CFS,000,정상,221,True
유한양행,000100,00145109,2020,분기보고서_1분기,11013,OFS,000,정상,169,True
유한양행,000100,00145109,2020,분기보고서_3분기,11014,CFS,000,정상,241,True
유한양행,000100,00145109,2020,분기보고서_3분기,11014,OFS,000,정상,177,True
유한양행,000100,00145109,2020,사업보고서,11011,CFS,000,정상,269,True
유한양행,000100,00145109,2020,사업보고서,11011,OFS,000,정상,199,True
유한양행,000100,00145109,2021,반기보고서,11012,CFS,000,정상,232,True
유한양행,000100,00145109,2021,반기보고서,11012,OFS,000,정상,177,True
유한양행,000100,00145109,2021,분기보고서_1분기,11013,CFS,000,정상,220,True
유한양행,000100,00145109,2021,분기보고서_1분기,11013,OFS,000,정상,173,True
유한양행,000100,00145109,2021,분기보고서_3분기,11014,CFS,000,정상,238,True
유한양행,000100,00145109,2021,분기보고서_3분기,11014,OFS,000,정상,180,True
유한양행,000100,00145109,2021,사업보고서,11011,CFS,000,정상,261,True
유한양행,000100,00145109,2021,사업보고서,11011,OFS,000,정상,189,True
유한양행,000100,00145109,2022,반기보고서,11012,CFS,000,정상,237,True
유한양행,000100,00145109,2022,반기보고서,11012,OFS,000,정상,178,True
유한양행,000100,00145109,2022,분기보고서_1분기,11013,CFS,000,정상,229,True
유한양행,000100,00145109,2022,분기보고서_1분기,11013,OFS,000,정상,175,True
유한양행,000100,00145109,2022,분기보고서_3분기,11014,CFS,000,정상,246,True
유한양행,000100,00145109,2022,분기보고서_3분기,11014,OFS,000,정상,179,True
유한양행,000100,00145109,2022,사업보고서,11011,CFS,000,정상,267,True
유한양행,000100,00145109,2022,사업보고서,11011,OFS,000,정상,192,True
유한양행,000100,00145109,2023,반기보고서,11012,CFS,000,정상,236,True
유한양행,000100,00145109,2023,반기보고서,11012,OFS,000,정상,175,True
유한양행,000100,00145109,2023,분기보고서_1분기,11013,CFS,000,정상,235,True
유한양행,000100,00145109,2023,분기보고서_1분기,11013,OFS,000,정상,175,True
유한양행,000100,00145109,2023,분기보고서_3분기,11014,CFS,000,정상,243,True
유한양행,000100,00145109,2023,분기보고서_3분기,11014,OFS,000,정상,178,True
유한양행,000100,00145109,2023,사업보고서,11011,CFS,000,정상,280,True
유한양행,000100,00145109,2023,사업보고서,11011,OFS,000,정상,196,True
유한양행,000100,00145109,2024,반기보고서,11012,CFS,000,정상,314,True
유한양행,000100,00145109,2024,반기보고서,11012,OFS,000,정상,213,True
유한양행,000100,00145109,2024,분기보고서_1분기,11013,CFS,000,정상,232,True
유한양행,000100,00145109,2024,분기보고서_1분기,11013,OFS,000,정상,168,True
유한양행,000100,00145109,2024,분기보고서_3분기,11014,CFS,000,정상,342,True
유한양행,000100,00145109,2024,분기보고서_3분기,11014,OFS,000,정상,219,True
유한양행,000100,00145109,2024,사업보고서,11011,CFS,000,정상,366,True
유한양행,000100,00145109,2024,사업보고서,11011,OFS,000,정상,228,True
유한양행,000100,00145109,2025,반기보고서,11012,CFS,000,정상,335,True
유한양행,000100,00145109,2025,반기보고서,11012,OFS,000,정상,224,True
유한양행,000100,00145109,2025,분기보고서_1분기,11013,CFS,000,정상,311,True
유한양행,000100,00145109,2025,분기보고서_1분기,11013,OFS,000,정상,201,True
유한양행,000100,00145109,2025,분기보고서_3분기,11014,CFS,000,정상,360,True
유한양행,000100,00145109,2025,분기보고서_3분기,11014,OFS,000,정상,227,True
유한양행,000100,00145109,2025,사업보고서,11011,CFS,000,정상,402,True
유한양행,000100,00145109,2025,사업보고서,11011,OFS,000,정상,241,True
이마트,139480,00872984,2017,반기보고서,11012,CFS,000,정상,180,True
이마트,139480,00872984,2017,반기보고서,11012,OFS,000,정상,126,True
이마트,139480,00872984,2017,분기보고서_1분기,11013,CFS,000,정상,197,True
이마트,139480,00872984,2017,분기보고서_1분기,11013,OFS,000,정상,142,True
이마트,139480,00872984,2017,분기보고서_3분기,11014,CFS,000,정상,192,True
이마트,139480,00872984,2017,분기보고서_3분기,11014,OFS,000,정상,135,True
이마트,139480,00872984,2017,사업보고서,11011,CFS,000,정상,212,True
이마트,139480,00872984,2017,사업보고서,11011,OFS,000,정상,144,True
이마트,139480,00872984,2018,반기보고서,11012,CFS,000,정상,198,True
이마트,139480,00872984,2018,반기보고서,11012,OFS,000,정상,129,True
이마트,139480,00872984,2018,분기보고서_1분기,11013,CFS,000,정상,195,True
이마트,139480,00872984,2018,분기보고서_1분기,11013,OFS,000,정상,126,True
이마트,139480,00872984,2018,분기보고서_3분기,11014,CFS,000,정상,211,True
이마트,139480,00872984,2018,분기보고서_3분기,11014,OFS,000,정상,135,True
이마트,139480,00872984,2018,사업보고서,11011,CFS,000,정상,219,True
이마트,139480,00872984,2018,사업보고서,11011,OFS,000,정상,148,True
이마트,139480,00872984,2019,반기보고서,11012,CFS,000,정상,217,True
이마트,139480,00872984,2019,반기보고서,11012,OFS,000,정상,142,True
이마트,139480,00872984,2019,분기보고서_1분기,11013,CFS,000,정상,211,True
이마트,139480,00872984,2019,분기보고서_1분기,11013,OFS,000,정상,134,True
이마트,139480,00872984,2019,분기보고서_3분기,11014,CFS,000,정상,225,True
이마트,139480,00872984,2019,분기보고서_3분기,11014,OFS,000,정상,150,True
이마트,139480,00872984,2019,사업보고서,11011,CFS,000,정상,245,True
이마트,139480,00872984,2019,사업보고서,11011,OFS,000,정상,163,True
이마트,139480,00872984,2020,반기보고서,11012,CFS,000,정상,217,True
이마트,139480,00872984,2020,반기보고서,11012,OFS,000,정상,145,True
이마트,139480,00872984,2020,분기보고서_1분기,11013,CFS,000,정상,209,True
이마트,139480,00872984,2020,분기보고서_1분기,11013,OFS,000,정상,140,True
이마트,139480,00872984,2020,분기보고서_3분기,11014,CFS,000,정상,228,True
이마트,139480,00872984,2020,분기보고서_3분기,11014,OFS,000,정상,154,True
이마트,139480,00872984,2020,사업보고서,11011,CFS,000,정상,243,True
이마트,139480,00872984,2020,사업보고서,11011,OFS,000,정상,168,True
이마트,139480,00872984,2021,반기보고서,11012,CFS,000,정상,216,True
이마트,139480,00872984,2021,반기보고서,11012,OFS,000,정상,146,True
이마트,139480,00872984,2021,분기보고서_1분기,11013,CFS,000,정상,202,True
이마트,139480,00872984,2021,분기보고서_1분기,11013,OFS,000,정상,138,True
이마트,139480,00872984,2021,분기보고서_3분기,11014,CFS,000,정상,219,True
이마트,139480,00872984,2021,분기보고서_3분기,11014,OFS,000,정상,152,True
이마트,139480,00872984,2021,사업보고서,11011,CFS,000,정상,231,True
이마트,139480,00872984,2021,사업보고서,11011,OFS,000,정상,161,True
이마트,139480,00872984,2022,반기보고서,11012,CFS,000,정상,223,True
이마트,139480,00872984,2022,반기보고서,11012,OFS,000,정상,152,True
이마트,139480,00872984,2022,분기보고서_1분기,11013,CFS,000,정상,215,True
이마트,139480,00872984,2022,분기보고서_1분기,11013,OFS,000,정상,143,True
이마트,139480,00872984,2022,분기보고서_3분기,11014,CFS,000,정상,223,True
이마트,139480,00872984,2022,분기보고서_3분기,11014,OFS,000,정상,152,True
이마트,139480,00872984,2022,사업보고서,11011,CFS,000,정상,231,True
이마트,139480,00872984,2022,사업보고서,11011,OFS,000,정상,163,True
이마트,139480,00872984,2023,반기보고서,11012,CFS,000,정상,214,True
이마트,139480,00872984,2023,반기보고서,11012,OFS,000,정상,145,True
이마트,139480,00872984,2023,분기보고서_1분기,11013,CFS,000,정상,206,True
이마트,139480,00872984,2023,분기보고서_1분기,11013,OFS,000,정상,140,True
이마트,139480,00872984,2023,분기보고서_3분기,11014,CFS,000,정상,217,True
이마트,139480,00872984,2023,분기보고서_3분기,11014,OFS,000,정상,150,True
이마트,139480,00872984,2023,사업보고서,11011,CFS,000,정상,233,True
이마트,139480,00872984,2023,사업보고서,11011,OFS,000,정상,163,True
이마트,139480,00872984,2024,반기보고서,11012,CFS,000,정상,217,True
이마트,139480,00872984,2024,반기보고서,11012,OFS,000,정상,157,True
이마트,139480,00872984,2024,분기보고서_1분기,11013,CFS,000,정상,203,True
이마트,139480,00872984,2024,분기보고서_1분기,11013,OFS,000,정상,139,True
이마트,139480,00872984,2024,분기보고서_3분기,11014,CFS,000,정상,236,True
이마트,139480,00872984,2024,분기보고서_3분기,11014,OFS,000,정상,163,True
이마트,139480,00872984,2024,사업보고서,11011,CFS,000,정상,232,True
이마트,139480,00872984,2024,사업보고서,11011,OFS,000,정상,159,True
이마트,139480,00872984,2025,반기보고서,11012,CFS,000,정상,219,True
이마트,139480,00872984,2025,반기보고서,11012,OFS,000,정상,152,True
이마트,139480,00872984,2025,분기보고서_1분기,11013,CFS,000,정상,204,True
이마트,139480,00872984,2025,분기보고서_1분기,11013,OFS,000,정상,137,True
이마트,139480,00872984,2025,분기보고서_3분기,11014,CFS,000,정상,221,True
이마트,139480,00872984,2025,분기보고서_3분기,11014,OFS,000,정상,156,True
이마트,139480,00872984,2025,사업보고서,11011,CFS,000,정상,232,True
이마트,139480,00872984,2025,사업보고서,11011,OFS,000,정상,165,True
카카오,035720,00258801,2017,반기보고서,11012,CFS,000,정상,175,True
카카오,035720,00258801,2017,반기보고서,11012,OFS,000,정상,118,True
카카오,035720,00258801,2017,분기보고서_1분기,11013,CFS,000,정상,181,True
카카오,035720,00258801,2017,분기보고서_1분기,11013,OFS,000,정상,126,True
카카오,035720,00258801,2017,분기보고서_3분기,11014,CFS,000,정상,163,True
카카오,035720,00258801,2017,분기보고서_3분기,11014,OFS,000,정상,121,True
카카오,035720,00258801,2017,사업보고서,11011,CFS,000,정상,172,True
카카오,035720,00258801,2017,사업보고서,11011,OFS,000,정상,127,True
카카오,035720,00258801,2018,반기보고서,11012,CFS,000,정상,172,True
카카오,035720,00258801,2018,반기보고서,11012,OFS,000,정상,144,True
카카오,035720,00258801,2018,분기보고서_1분기,11013,CFS,000,정상,173,True
카카오,035720,00258801,2018,분기보고서_1분기,11013,OFS,000,정상,120,True
카카오,035720,00258801,2018,분기보고서_3분기,11014,CFS,000,정상,178,True
카카오,035720,00258801,2018,분기보고서_3분기,11014,OFS,000,정상,137,True
카카오,035720,00258801,2018,사업보고서,11011,CFS,000,정상,181,True
카카오,035720,00258801,2018,사업보고서,11011,OFS,000,정상,143,True
카카오,035720,00258801,2019,반기보고서,11012,CFS,000,정상,176,True
카카오,035720,00258801,2019,반기보고서,11012,OFS,000,정상,137,True
카카오,035720,00258801,2019,분기보고서_1분기,11013,CFS,000,정상,171,True
카카오,035720,00258801,2019,분기보고서_1분기,11013,OFS,000,정상,126,True
카카오,035720,00258801,2019,분기보고서_3분기,11014,CFS,000,정상,183,True
카카오,035720,00258801,2019,분기보고서_3분기,11014,OFS,000,정상,144,True
카카오,035720,00258801,2019,사업보고서,11011,CFS,000,정상,193,True
카카오,035720,00258801,2019,사업보고서,11011,OFS,000,정상,153,True
카카오,035720,00258801,2020,반기보고서,11012,CFS,000,정상,191,True
카카오,035720,00258801,2020,반기보고서,11012,OFS,000,정상,132,True
카카오,035720,00258801,2020,분기보고서_1분기,11013,CFS,000,정상,220,True
카카오,035720,00258801,2020,분기보고서_1분기,11013,OFS,000,정상,125,True
카카오,035720,00258801,2020,분기보고서_3분기,11014,CFS,000,정상,189,True
카카오,035720,00258801,2020,분기보고서_3분기,11014,OFS,000,정상,133,True
카카오,035720,00258801,2020,사업보고서,11011,CFS,000,정상,250,True
카카오,035720,00258801,2020,사업보고서,11011,OFS,000,정상,184,True
카카오,035720,00258801,2021,반기보고서,11012,CFS,000,정상,230,True
카카오,035720,00258801,2021,반기보고서,11012,OFS,000,정상,153,True
카카오,035720,00258801,2021,분기보고서_1분기,11013,CFS,000,정상,226,True
카카오,035720,00258801,2021,분기보고서_1분기,11013,OFS,000,정상,127,True
카카오,035720,00258801,2021,분기보고서_3분기,11014,CFS,000,정상,232,True
카카오,035720,00258801,2021,분기보고서_3분기,11014,OFS,000,정상,162,True
카카오,035720,00258801,2021,사업보고서,11011,CFS,000,정상,234,True
카카오,035720,00258801,2021,사업보고서,11011,OFS,000,정상,191,True
카카오,035720,00258801,2022,반기보고서,11012,CFS,000,정상,242,True
카카오,035720,00258801,2022,반기보고서,11012,OFS,000,정상,156,True
카카오,035720,00258801,2022,분기보고서_1분기,11013,CFS,000,정상,188,True
카카오,035720,00258801,2022,분기보고서_1분기,11013,OFS,000,정상,123,True
카카오,035720,00258801,2022,분기보고서_3분기,11014,CFS,000,정상,250,True
카카오,035720,00258801,2022,분기보고서_3분기,11014,OFS,000,정상,168,True
카카오,035720,00258801,2022,사업보고서,11011,CFS,000,정상,265,True
카카오,035720,00258801,2022,사업보고서,11011,OFS,000,정상,174,True
카카오,035720,00258801,2023,반기보고서,11012,CFS,000,정상,251,True
카카오,035720,00258801,2023,반기보고서,11012,OFS,000,정상,142,True
카카오,035720,00258801,2023,분기보고서_1분기,11013,CFS,000,정상,223,True
카카오,035720,00258801,2023,분기보고서_1분기,11013,OFS,000,정상,133,True
카카오,035720,00258801,2023,분기보고서_3분기,11014,CFS,000,정상,329,True
카카오,035720,00258801,2023,분기보고서_3분기,11014,OFS,000,정상,178,True
카카오,035720,00258801,2023,사업보고서,11011,CFS,000,정상,314,True
카카오,035720,00258801,2023,사업보고서,11011,OFS,000,정상,152,True
카카오,035720,00258801,2024,반기보고서,11012,CFS,000,정상,229,True
카카오,035720,00258801,2024,반기보고서,11012,OFS,000,정상,141,True
카카오,035720,00258801,2024,분기보고서_1분기,11013,CFS,000,정상,217,True
카카오,035720,00258801,2024,분기보고서_1분기,11013,OFS,000,정상,127,True
카카오,035720,00258801,2024,분기보고서_3분기,11014,CFS,000,정상,224,True
카카오,035720,00258801,2024,분기보고서_3분기,11014,OFS,000,정상,148,True
카카오,035720,00258801,2024,사업보고서,11011,CFS,000,정상,231,True
카카오,035720,00258801,2024,사업보고서,11011,OFS,000,정상,153,True
카카오,035720,00258801,2025,반기보고서,11012,CFS,000,정상,282,True
카카오,035720,00258801,2025,반기보고서,11012,OFS,000,정상,180,True
카카오,035720,00258801,2025,분기보고서_1분기,11013,CFS,000,정상,274,True
카카오,035720,00258801,2025,분기보고서_1분기,11013,OFS,000,정상,160,True
카카오,035720,00258801,2025,분기보고서_3분기,11014,CFS,000,정상,284,True
카카오,035720,00258801,2025,분기보고서_3분기,11014,OFS,000,정상,183,True
카카오,035720,00258801,2025,사업보고서,11011,CFS,000,정상,233,True
카카오,035720,00258801,2025,사업보고서,11011,OFS,000,정상,153,True
케이아이엔엑스,093320,00603348,2017,반기보고서,11012,CFS,000,정상,231,True
케이아이엔엑스,093320,00603348,2017,반기보고서,11012,OFS,000,정상,204,True
케이아이엔엑스,093320,00603348,2017,분기보고서_1분기,11013,CFS,000,정상,270,True
케이아이엔엑스,093320,00603348,2017,분기보고서_1분기,11013,OFS,000,정상,232,True
케이아이엔엑스,093320,00603348,2017,분기보고서_3분기,11014,CFS,000,정상,227,True
케이아이엔엑스,093320,00603348,2017,분기보고서_3분기,11014,OFS,000,정상,195,True
케이아이엔엑스,093320,00603348,2017,사업보고서,11011,CFS,000,정상,265,True
케이아이엔엑스,093320,00603348,2017,사업보고서,11011,OFS,000,정상,222,True
케이아이엔엑스,093320,00603348,2018,반기보고서,11012,CFS,000,정상,237,True
케이아이엔엑스,093320,00603348,2018,반기보고서,11012,OFS,000,정상,200,True
케이아이엔엑스,093320,00603348,2018,분기보고서_1분기,11013,CFS,000,정상,228,True
케이아이엔엑스,093320,00603348,2018,분기보고서_1분기,11013,OFS,000,정상,188,True
케이아이엔엑스,093320,00603348,2018,분기보고서_3분기,11014,CFS,000,정상,240,True
케이아이엔엑스,093320,00603348,2018,분기보고서_3분기,11014,OFS,000,정상,201,True
케이아이엔엑스,093320,00603348,2018,사업보고서,11011,CFS,000,정상,284,True
케이아이엔엑스,093320,00603348,2018,사업보고서,11011,OFS,000,정상,224,True
케이아이엔엑스,093320,00603348,2019,반기보고서,11012,CFS,000,정상,257,True
케이아이엔엑스,093320,00603348,2019,반기보고서,11012,OFS,000,정상,209,True
케이아이엔엑스,093320,00603348,2019,분기보고서_1분기,11013,CFS,000,정상,248,True
케이아이엔엑스,093320,00603348,2019,분기보고서_1분기,11013,OFS,000,정상,195,True
케이아이엔엑스,093320,00603348,2019,분기보고서_3분기,11014,CFS,000,정상,265,True
케이아이엔엑스,093320,00603348,2019,분기보고서_3분기,11014,OFS,000,정상,212,True
케이아이엔엑스,093320,00603348,2019,사업보고서,11011,CFS,000,정상,283,True
케이아이엔엑스,093320,00603348,2019,사업보고서,11011,OFS,000,정상,231,True
케이아이엔엑스,093320,00603348,2020,반기보고서,11012,CFS,000,정상,264,True
케이아이엔엑스,093320,00603348,2020,반기보고서,11012,OFS,000,정상,209,True
케이아이엔엑스,093320,00603348,2020,분기보고서_1분기,11013,CFS,000,정상,249,True
케이아이엔엑스,093320,00603348,2020,분기보고서_1분기,11013,OFS,000,정상,200,True
케이아이엔엑스,093320,00603348,2020,분기보고서_3분기,11014,CFS,000,정상,274,True
케이아이엔엑스,093320,00603348,2020,분기보고서_3분기,11014,OFS,000,정상,218,True
케이아이엔엑스,093320,00603348,2020,사업보고서,11011,CFS,000,정상,301,True
케이아이엔엑스,093320,00603348,2020,사업보고서,11011,OFS,000,정상,237,True
케이아이엔엑스,093320,00603348,2021,반기보고서,11012,CFS,000,정상,261,True
케이아이엔엑스,093320,00603348,2021,반기보고서,11012,OFS,000,정상,204,True
케이아이엔엑스,093320,00603348,2021,분기보고서_1분기,11013,CFS,000,정상,247,True
케이아이엔엑스,093320,00603348,2021,분기보고서_1분기,11013,OFS,000,정상,196,True
케이아이엔엑스,093320,00603348,2021,분기보고서_3분기,11014,CFS,000,정상,270,True
케이아이엔엑스,093320,00603348,2021,분기보고서_3분기,11014,OFS,000,정상,212,True
케이아이엔엑스,093320,00603348,2021,사업보고서,11011,CFS,000,정상,309,True
케이아이엔엑스,093320,00603348,2021,사업보고서,11011,OFS,000,정상,232,True
케이아이엔엑스,093320,00603348,2022,반기보고서,11012,CFS,000,정상,263,True
케이아이엔엑스,093320,00603348,2022,반기보고서,11012,OFS,000,정상,202,True
케이아이엔엑스,093320,00603348,2022,분기보고서_1분기,11013,CFS,000,정상,240,True
케이아이엔엑스,093320,00603348,2022,분기보고서_1분기,11013,OFS,000,정상,191,True
케이아이엔엑스,093320,00603348,2022,분기보고서_3분기,11014,CFS,000,정상,271,True
케이아이엔엑스,093320,00603348,2022,분기보고서_3분기,11014,OFS,000,정상,208,True
케이아이엔엑스,093320,00603348,2022,사업보고서,11011,CFS,000,정상,314,True
케이아이엔엑스,093320,00603348,2022,사업보고서,11011,OFS,000,정상,224,True
케이아이엔엑스,093320,00603348,2023,반기보고서,11012,CFS,000,정상,272,True
케이아이엔엑스,093320,00603348,2023,반기보고서,11012,OFS,000,정상,207,True
케이아이엔엑스,093320,00603348,2023,분기보고서_1분기,11013,CFS,000,정상,257,True
케이아이엔엑스,093320,00603348,2023,분기보고서_1분기,11013,OFS,000,정상,196,True
케이아이엔엑스,093320,00603348,2023,분기보고서_3분기,11014,CFS,000,정상,269,True
케이아이엔엑스,093320,00603348,2023,분기보고서_3분기,11014,OFS,000,정상,206,True
케이아이엔엑스,093320,00603348,2023,사업보고서,11011,CFS,000,정상,310,True
케이아이엔엑스,093320,00603348,2023,사업보고서,11011,OFS,000,정상,218,True
케이아이엔엑스,093320,00603348,2024,반기보고서,11012,CFS,000,정상,269,True
케이아이엔엑스,093320,00603348,2024,반기보고서,11012,OFS,000,정상,197,True
케이아이엔엑스,093320,00603348,2024,분기보고서_1분기,11013,CFS,000,정상,262,True
케이아이엔엑스,093320,00603348,2024,분기보고서_1분기,11013,OFS,000,정상,194,True
케이아이엔엑스,093320,00603348,2024,분기보고서_3분기,11014,CFS,000,정상,302,True
케이아이엔엑스,093320,00603348,2024,분기보고서_3분기,11014,OFS,000,정상,200,True
케이아이엔엑스,093320,00603348,2024,사업보고서,11011,CFS,000,정상,340,True
케이아이엔엑스,093320,00603348,2024,사업보고서,11011,OFS,000,정상,216,True
케이아이엔엑스,093320,00603348,2025,반기보고서,11012,CFS,000,정상,297,True
케이아이엔엑스,093320,00603348,2025,반기보고서,11012,OFS,000,정상,200,True
케이아이엔엑스,093320,00603348,2025,분기보고서_1분기,11013,CFS,000,정상,279,True
케이아이엔엑스,093320,00603348,2025,분기보고서_1분기,11013,OFS,000,정상,189,True
케이아이엔엑스,093320,00603348,2025,분기보고서_3분기,11014,CFS,000,정상,312,True
케이아이엔엑스,093320,00603348,2025,분기보고서_3분기,11014,OFS,000,정상,199,True
케이아이엔엑스,093320,00603348,2025,사업보고서,11011,CFS,000,정상,223,True
케이아이엔엑스,093320,00603348,2025,사업보고서,11011,OFS,000,정상,130,True
포스코DX,022100,00155212,2017,반기보고서,11012,CFS,000,정상,158,True
포스코DX,022100,00155212,2017,반기보고서,11012,OFS,000,정상,114,True
포스코DX,022100,00155212,2017,분기보고서_1분기,11013,CFS,000,정상,177,True
포스코DX,022100,00155212,2017,분기보고서_1분기,11013,OFS,000,정상,122,True
포스코DX,022100,00155212,2017,분기보고서_3분기,11014,CFS,000,정상,153,True
포스코DX,022100,00155212,2017,분기보고서_3분기,11014,OFS,000,정상,112,True
포스코DX,022100,00155212,2017,사업보고서,11011,CFS,000,정상,170,True
포스코DX,022100,00155212,2017,사업보고서,11011,OFS,000,정상,116,True
포스코DX,022100,00155212,2018,반기보고서,11012,CFS,000,정상,137,True
포스코DX,022100,00155212,2018,반기보고서,11012,OFS,000,정상,117,True
포스코DX,022100,00155212,2018,분기보고서_1분기,11013,CFS,000,정상,138,True
포스코DX,022100,00155212,2018,분기보고서_1분기,11013,OFS,000,정상,100,True
포스코DX,022100,00155212,2018,분기보고서_3분기,11014,CFS,000,정상,151,True
포스코DX,022100,00155212,2018,분기보고서_3분기,11014,OFS,000,정상,123,True
포스코DX,022100,00155212,2018,사업보고서,11011,CFS,000,정상,179,True
포스코DX,022100,00155212,2018,사업보고서,11011,OFS,000,정상,133,True
포스코DX,022100,00155212,2019,반기보고서,11012,CFS,000,정상,146,True
포스코DX,022100,00155212,2019,반기보고서,11012,OFS,000,정상,119,True
포스코DX,022100,00155212,2019,분기보고서_1분기,11013,CFS,000,정상,140,True
포스코DX,022100,00155212,2019,분기보고서_1분기,11013,OFS,000,정상,111,True
포스코DX,022100,00155212,2019,분기보고서_3분기,11014,CFS,000,정상,151,True
포스코DX,022100,00155212,2019,분기보고서_3분기,11014,OFS,000,정상,123,True
포스코DX,022100,00155212,2019,사업보고서,11011,CFS,000,정상,161,True
포스코DX,022100,00155212,2019,사업보고서,11011,OFS,000,정상,134,True
포스코DX,022100,00155212,2020,반기보고서,11012,CFS,000,정상,138,True
포스코DX,022100,00155212,2020,반기보고서,11012,OFS,000,정상,114,True
포스코DX,022100,00155212,2020,분기보고서_1분기,11013,CFS,000,정상,132,True
포스코DX,022100,00155212,2020,분기보고서_1분기,11013,OFS,000,정상,105,True
포스코DX,022100,00155212,2020,분기보고서_3분기,11014,CFS,000,정상,139,True
포스코DX,022100,00155212,2020,분기보고서_3분기,11014,OFS,000,정상,114,True
포스코DX,022100,00155212,2020,사업보고서,11011,CFS,000,정상,160,True
포스코DX,022100,00155212,2020,사업보고서,11011,OFS,000,정상,133,True
포스코DX,022100,00155212,2021,반기보고서,11012,CFS,000,정상,136,True
포스코DX,022100,00155212,2021,반기보고서,11012,OFS,000,정상,111,True
포스코DX,022100,00155212,2021,분기보고서_1분기,11013,CFS,000,정상,131,True
포스코DX,022100,00155212,2021,분기보고서_1분기,11013,OFS,000,정상,107,True
포스코DX,022100,00155212,2021,분기보고서_3분기,11014,CFS,000,정상,142,True
포스코DX,022100,00155212,2021,분기보고서_3분기,11014,OFS,000,정상,115,True
포스코DX,022100,00155212,2021,사업보고서,11011,CFS,000,정상,146,True
포스코DX,022100,00155212,2021,사업보고서,11011,OFS,000,정상,118,True
포스코DX,022100,00155212,2022,반기보고서,11012,CFS,000,정상,133,True
포스코DX,022100,00155212,2022,반기보고서,11012,OFS,000,정상,108,True
포스코DX,022100,00155212,2022,분기보고서_1분기,11013,CFS,000,정상,128,True
포스코DX,022100,00155212,2022,분기보고서_1분기,11013,OFS,000,정상,103,True
포스코DX,022100,00155212,2022,분기보고서_3분기,11014,CFS,000,정상,141,True
포스코DX,022100,00155212,2022,분기보고서_3분기,11014,OFS,000,정상,114,True
포스코DX,022100,00155212,2022,사업보고서,11011,CFS,000,정상,152,True
포스코DX,022100,00155212,2022,사업보고서,11011,OFS,000,정상,121,True
포스코DX,022100,00155212,2023,반기보고서,11012,CFS,000,정상,137,True
포스코DX,022100,00155212,2023,반기보고서,11012,OFS,000,정상,108,True
포스코DX,022100,00155212,2023,분기보고서_1분기,11013,CFS,000,정상,132,True
포스코DX,022100,00155212,2023,분기보고서_1분기,11013,OFS,000,정상,103,True
포스코DX,022100,00155212,2023,분기보고서_3분기,11014,CFS,000,정상,143,True
포스코DX,022100,00155212,2023,분기보고서_3분기,11014,OFS,000,정상,113,True
포스코DX,022100,00155212,2023,사업보고서,11011,CFS,000,정상,149,True
포스코DX,022100,00155212,2023,사업보고서,11011,OFS,000,정상,121,True
포스코DX,022100,00155212,2024,반기보고서,11012,CFS,000,정상,141,True
포스코DX,022100,00155212,2024,반기보고서,11012,OFS,000,정상,113,True
포스코DX,022100,00155212,2024,분기보고서_1분기,11013,CFS,000,정상,136,True
포스코DX,022100,00155212,2024,분기보고서_1분기,11013,OFS,000,정상,110,True
포스코DX,022100,00155212,2024,분기보고서_3분기,11014,CFS,000,정상,143,True
포스코DX,022100,00155212,2024,분기보고서_3분기,11014,OFS,000,정상,113,True
포스코DX,022100,00155212,2024,사업보고서,11011,CFS,000,정상,172,True
포스코DX,022100,00155212,2024,사업보고서,11011,OFS,000,정상,133,True
포스코DX,022100,00155212,2025,반기보고서,11012,CFS,000,정상,157,True
포스코DX,022100,00155212,2025,반기보고서,11012,OFS,000,정상,118,True
포스코DX,022100,00155212,2025,분기보고서_1분기,11013,CFS,000,정상,172,True
포스코DX,022100,00155212,2025,분기보고서_1분기,11013,OFS,000,정상,116,True
포스코DX,022100,00155212,2025,분기보고서_3분기,11014,CFS,000,정상,158,True
포스코DX,022100,00155212,2025,분기보고서_3분기,11014,OFS,000,정상,121,True
포스코DX,022100,00155212,2025,사업보고서,11011,CFS,000,정상,170,True
포스코DX,022100,00155212,2025,사업보고서,11011,OFS,000,정상,131,True
하림지주,003380,00148364,2017,반기보고서,11012,CFS,000,정상,270,True
하림지주,003380,00148364,2017,반기보고서,11012,OFS,000,정상,113,True
하림지주,003380,00148364,2017,분기보고서_1분기,11013,CFS,013,조회된 데이타가 없습니다.,0,False
하림지주,003380,00148364,2017,분기보고서_1분기,11013,OFS,013,조회된 데이타가 없습니다.,0,False
하림지주,003380,00148364,2017,분기보고서_3분기,11014,CFS,000,정상,228,True
하림지주,003380,00148364,2017,분기보고서_3분기,11014,OFS,000,정상,105,True
하림지주,003380,00148364,2017,사업보고서,11011,CFS,000,정상,236,True
하림지주,003380,00148364,2017,사업보고서,11011,OFS,000,정상,116,True
하림지주,003380,00148364,2018,반기보고서,11012,CFS,000,정상,275,True
하림지주,003380,00148364,2018,반기보고서,11012,OFS,000,정상,108,True
하림지주,003380,00148364,2018,분기보고서_1분기,11013,CFS,000,정상,243,True
하림지주,003380,00148364,2018,분기보고서_1분기,11013,OFS,000,정상,87,True
하림지주,003380,00148364,2018,분기보고서_3분기,11014,CFS,000,정상,289,True
하림지주,003380,00148364,2018,분기보고서_3분기,11014,OFS,000,정상,132,True
하림지주,003380,00148364,2018,사업보고서,11011,CFS,000,정상,261,True
하림지주,003380,00148364,2018,사업보고서,11011,OFS,000,정상,136,True
하림지주,003380,00148364,2019,반기보고서,11012,CFS,000,정상,219,True
하림지주,003380,00148364,2019,반기보고서,11012,OFS,000,정상,113,True
하림지주,003380,00148364,2019,분기보고서_1분기,11013,CFS,000,정상,208,True
하림지주,003380,00148364,2019,분기보고서_1분기,11013,OFS,000,정상,96,True
하림지주,003380,00148364,2019,분기보고서_3분기,11014,CFS,000,정상,227,True
하림지주,003380,00148364,2019,분기보고서_3분기,11014,OFS,000,정상,122,True
하림지주,003380,00148364,2019,사업보고서,11011,CFS,000,정상,296,True
하림지주,003380,00148364,2019,사업보고서,11011,OFS,000,정상,138,True
하림지주,003380,00148364,2020,반기보고서,11012,CFS,000,정상,212,True
하림지주,003380,00148364,2020,반기보고서,11012,OFS,000,정상,118,True
하림지주,003380,00148364,2020,분기보고서_1분기,11013,CFS,000,정상,202,True
하림지주,003380,00148364,2020,분기보고서_1분기,11013,OFS,000,정상,108,True
하림지주,003380,00148364,2020,분기보고서_3분기,11014,CFS,000,정상,216,True
하림지주,003380,00148364,2020,분기보고서_3분기,11014,OFS,000,정상,125,True
하림지주,003380,00148364,2020,사업보고서,11011,CFS,000,정상,244,True
하림지주,003380,00148364,2020,사업보고서,11011,OFS,000,정상,138,True
하림지주,003380,00148364,2021,반기보고서,11012,CFS,000,정상,204,True
하림지주,003380,00148364,2021,반기보고서,11012,OFS,000,정상,118,True
하림지주,003380,00148364,2021,분기보고서_1분기,11013,CFS,000,정상,190,True
하림지주,003380,00148364,2021,분기보고서_1분기,11013,OFS,000,정상,107,True
하림지주,003380,00148364,2021,분기보고서_3분기,11014,CFS,000,정상,209,True
하림지주,003380,00148364,2021,분기보고서_3분기,11014,OFS,000,정상,123,True
하림지주,003380,00148364,2021,사업보고서,11011,CFS,000,정상,228,True
하림지주,003380,00148364,2021,사업보고서,11011,OFS,000,정상,132,True
하림지주,003380,00148364,2022,반기보고서,11012,CFS,000,정상,220,True
하림지주,003380,00148364,2022,반기보고서,11012,OFS,000,정상,133,True
하림지주,003380,00148364,2022,분기보고서_1분기,11013,CFS,000,정상,209,True
하림지주,003380,00148364,2022,분기보고서_1분기,11013,OFS,000,정상,118,True
하림지주,003380,00148364,2022,분기보고서_3분기,11014,CFS,000,정상,224,True
하림지주,003380,00148364,2022,분기보고서_3분기,11014,OFS,000,정상,136,True
하림지주,003380,00148364,2022,사업보고서,11011,CFS,000,정상,235,True
하림지주,003380,00148364,2022,사업보고서,11011,OFS,000,정상,146,True
하림지주,003380,00148364,2023,반기보고서,11012,CFS,000,정상,219,True
하림지주,003380,00148364,2023,반기보고서,11012,OFS,000,정상,133,True
하림지주,003380,00148364,2023,분기보고서_1분기,11013,CFS,000,정상,210,True
하림지주,003380,00148364,2023,분기보고서_1분기,11013,OFS,000,정상,119,True
하림지주,003380,00148364,2023,분기보고서_3분기,11014,CFS,000,정상,218,True
하림지주,003380,00148364,2023,분기보고서_3분기,11014,OFS,000,정상,133,True
하림지주,003380,00148364,2023,사업보고서,11011,CFS,000,정상,235,True
하림지주,003380,00148364,2023,사업보고서,11011,OFS,000,정상,147,True
하림지주,003380,00148364,2024,반기보고서,11012,CFS,000,정상,203,True
하림지주,003380,00148364,2024,반기보고서,11012,OFS,000,정상,125,True
하림지주,003380,00148364,2024,분기보고서_1분기,11013,CFS,000,정상,197,True
하림지주,003380,00148364,2024,분기보고서_1분기,11013,OFS,000,정상,117,True
하림지주,003380,00148364,2024,분기보고서_3분기,11014,CFS,000,정상,208,True
하림지주,003380,00148364,2024,분기보고서_3분기,11014,OFS,000,정상,131,True
하림지주,003380,00148364,2024,사업보고서,11011,CFS,000,정상,235,True
하림지주,003380,00148364,2024,사업보고서,11011,OFS,000,정상,154,True
하림지주,003380,00148364,2025,반기보고서,11012,CFS,000,정상,210,True
하림지주,003380,00148364,2025,반기보고서,11012,OFS,000,정상,117,True
하림지주,003380,00148364,2025,분기보고서_1분기,11013,CFS,000,정상,202,True
하림지주,003380,00148364,2025,분기보고서_1분기,11013,OFS,000,정상,112,True
하림지주,003380,00148364,2025,분기보고서_3분기,11014,CFS,000,정상,217,True
하림지주,003380,00148364,2025,분기보고서_3분기,11014,OFS,000,정상,129,True
하림지주,003380,00148364,2025,사업보고서,11011,CFS,000,정상,225,True
하림지주,003380,00148364,2025,사업보고서,11011,OFS,000,정상,147,True
한국금융지주,071050,00432102,2017,반기보고서,11012,CFS,013,조회된 데이타가 없습니다.,0,False
한국금융지주,071050,00432102,2017,반기보고서,11012,OFS,013,조회된 데이타가 없습니다.,0,False
한국금융지주,071050,00432102,2017,분기보고서_1분기,11013,CFS,013,조회된 데이타가 없습니다.,0,False
한국금융지주,071050,00432102,2017,분기보고서_1분기,11013,OFS,013,조회된 데이타가 없습니다.,0,False
한국금융지주,071050,00432102,2017,분기보고서_3분기,11014,CFS,013,조회된 데이타가 없습니다.,0,False
한국금융지주,071050,00432102,2017,분기보고서_3분기,11014,OFS,013,조회된 데이타가 없습니다.,0,False
한국금융지주,071050,00432102,2017,사업보고서,11011,CFS,013,조회된 데이타가 없습니다.,0,False
한국금융지주,071050,00432102,2017,사업보고서,11011,OFS,013,조회된 데이타가 없습니다.,0,False
한국금융지주,071050,00432102,2018,반기보고서,11012,CFS,013,조회된 데이타가 없습니다.,0,False
한국금융지주,071050,00432102,2018,반기보고서,11012,OFS,013,조회된 데이타가 없습니다.,0,False
한국금융지주,071050,00432102,2018,분기보고서_1분기,11013,CFS,013,조회된 데이타가 없습니다.,0,False
한국금융지주,071050,00432102,2018,분기보고서_1분기,11013,OFS,013,조회된 데이타가 없습니다.,0,False
한국금융지주,071050,00432102,2018,분기보고서_3분기,11014,CFS,013,조회된 데이타가 없습니다.,0,False
한국금융지주,071050,00432102,2018,분기보고서_3분기,11014,OFS,013,조회된 데이타가 없습니다.,0,False
한국금융지주,071050,00432102,2018,사업보고서,11011,CFS,013,조회된 데이타가 없습니다.,0,False
한국금융지주,071050,00432102,2018,사업보고서,11011,OFS,013,조회된 데이타가 없습니다.,0,False
한국금융지주,071050,00432102,2019,반기보고서,11012,CFS,013,조회된 데이타가 없습니다.,0,False
한국금융지주,071050,00432102,2019,반기보고서,11012,OFS,013,조회된 데이타가 없습니다.,0,False
한국금융지주,071050,00432102,2019,분기보고서_1분기,11013,CFS,013,조회된 데이타가 없습니다.,0,False
한국금융지주,071050,00432102,2019,분기보고서_1분기,11013,OFS,013,조회된 데이타가 없습니다.,0,False
한국금융지주,071050,00432102,2019,분기보고서_3분기,11014,CFS,013,조회된 데이타가 없습니다.,0,False
한국금융지주,071050,00432102,2019,분기보고서_3분기,11014,OFS,013,조회된 데이타가 없습니다.,0,False
한국금융지주,071050,00432102,2019,사업보고서,11011,CFS,013,조회된 데이타가 없습니다.,0,False
한국금융지주,071050,00432102,2019,사업보고서,11011,OFS,013,조회된 데이타가 없습니다.,0,False
한국금융지주,071050,00432102,2020,반기보고서,11012,CFS,013,조회된 데이타가 없습니다.,0,False
한국금융지주,071050,00432102,2020,반기보고서,11012,OFS,013,조회된 데이타가 없습니다.,0,False
한국금융지주,071050,00432102,2020,분기보고서_1분기,11013,CFS,013,조회된 데이타가 없습니다.,0,False
한국금융지주,071050,00432102,2020,분기보고서_1분기,11013,OFS,013,조회된 데이타가 없습니다.,0,False
한국금융지주,071050,00432102,2020,분기보고서_3분기,11014,CFS,013,조회된 데이타가 없습니다.,0,False
한국금융지주,071050,00432102,2020,분기보고서_3분기,11014,OFS,013,조회된 데이타가 없습니다.,0,False
한국금융지주,071050,00432102,2020,사업보고서,11011,CFS,013,조회된 데이타가 없습니다.,0,False
한국금융지주,071050,00432102,2020,사업보고서,11011,OFS,013,조회된 데이타가 없습니다.,0,False
한국금융지주,071050,00432102,2021,반기보고서,11012,CFS,013,조회된 데이타가 없습니다.,0,False
한국금융지주,071050,00432102,2021,반기보고서,11012,OFS,013,조회된 데이타가 없습니다.,0,False
한국금융지주,071050,00432102,2021,분기보고서_1분기,11013,CFS,013,조회된 데이타가 없습니다.,0,False
한국금융지주,071050,00432102,2021,분기보고서_1분기,11013,OFS,013,조회된 데이타가 없습니다.,0,False
한국금융지주,071050,00432102,2021,분기보고서_3분기,11014,CFS,013,조회된 데이타가 없습니다.,0,False
한국금융지주,071050,00432102,2021,분기보고서_3분기,11014,OFS,013,조회된 데이타가 없습니다.,0,False
한국금융지주,071050,00432102,2021,사업보고서,11011,CFS,013,조회된 데이타가 없습니다.,0,False
한국금융지주,071050,00432102,2021,사업보고서,11011,OFS,013,조회된 데이타가 없습니다.,0,False
한국금융지주,071050,00432102,2022,반기보고서,11012,CFS,013,조회된 데이타가 없습니다.,0,False
한국금융지주,071050,00432102,2022,반기보고서,11012,OFS,013,조회된 데이타가 없습니다.,0,False
한국금융지주,071050,00432102,2022,분기보고서_1분기,11013,CFS,013,조회된 데이타가 없습니다.,0,False
한국금융지주,071050,00432102,2022,분기보고서_1분기,11013,OFS,013,조회된 데이타가 없습니다.,0,False
한국금융지주,071050,00432102,2022,분기보고서_3분기,11014,CFS,013,조회된 데이타가 없습니다.,0,False
한국금융지주,071050,00432102,2022,분기보고서_3분기,11014,OFS,013,조회된 데이타가 없습니다.,0,False
한국금융지주,071050,00432102,2022,사업보고서,11011,CFS,013,조회된 데이타가 없습니다.,0,False
한국금융지주,071050,00432102,2022,사업보고서,11011,OFS,013,조회된 데이타가 없습니다.,0,False
한국금융지주,071050,00432102,2023,반기보고서,11012,CFS,013,조회된 데이타가 없습니다.,0,False
한국금융지주,071050,00432102,2023,반기보고서,11012,OFS,013,조회된 데이타가 없습니다.,0,False
한국금융지주,071050,00432102,2023,분기보고서_1분기,11013,CFS,013,조회된 데이타가 없습니다.,0,False
한국금융지주,071050,00432102,2023,분기보고서_1분기,11013,OFS,013,조회된 데이타가 없습니다.,0,False
한국금융지주,071050,00432102,2023,분기보고서_3분기,11014,CFS,000,정상,152,True
한국금융지주,071050,00432102,2023,분기보고서_3분기,11014,OFS,000,정상,107,True
한국금융지주,071050,00432102,2023,사업보고서,11011,CFS,000,정상,159,True
한국금융지주,071050,00432102,2023,사업보고서,11011,OFS,000,정상,111,True
한국금융지주,071050,00432102,2024,반기보고서,11012,CFS,000,정상,155,True
한국금융지주,071050,00432102,2024,반기보고서,11012,OFS,000,정상,105,True
한국금융지주,071050,00432102,2024,분기보고서_1분기,11013,CFS,000,정상,154,True
한국금융지주,071050,00432102,2024,분기보고서_1분기,11013,OFS,000,정상,102,True
한국금융지주,071050,00432102,2024,분기보고서_3분기,11014,CFS,000,정상,155,True
한국금융지주,071050,00432102,2024,분기보고서_3분기,11014,OFS,000,정상,105,True
한국금융지주,071050,00432102,2024,사업보고서,11011,CFS,000,정상,159,True
한국금융지주,071050,00432102,2024,사업보고서,11011,OFS,000,정상,109,True
한국금융지주,071050,00432102,2025,반기보고서,11012,CFS,000,정상,172,True
한국금융지주,071050,00432102,2025,반기보고서,11012,OFS,000,정상,112,True
한국금융지주,071050,00432102,2025,분기보고서_1분기,11013,CFS,000,정상,162,True
한국금융지주,071050,00432102,2025,분기보고서_1분기,11013,OFS,000,정상,107,True
한국금융지주,071050,00432102,2025,분기보고서_3분기,11014,CFS,000,정상,191,True
한국금융지주,071050,00432102,2025,분기보고서_3분기,11014,OFS,000,정상,125,True
한국금융지주,071050,00432102,2025,사업보고서,11011,CFS,000,정상,185,True
한국금융지주,071050,00432102,2025,사업보고서,11011,OFS,000,정상,134,True
한국항공우주,047810,00309503,2017,반기보고서,11012,CFS,000,정상,115,True
한국항공우주,047810,00309503,2017,반기보고서,11012,OFS,000,정상,99,True
한국항공우주,047810,00309503,2017,분기보고서_1분기,11013,CFS,000,정상,122,True
한국항공우주,047810,00309503,2017,분기보고서_1분기,11013,OFS,000,정상,106,True
한국항공우주,047810,00309503,2017,분기보고서_3분기,11014,CFS,000,정상,119,True
한국항공우주,047810,00309503,2017,분기보고서_3분기,11014,OFS,000,정상,99,True
한국항공우주,047810,00309503,2017,사업보고서,11011,CFS,000,정상,133,True
한국항공우주,047810,00309503,2017,사업보고서,11011,OFS,000,정상,108,True
한국항공우주,047810,00309503,2018,반기보고서,11012,CFS,000,정상,124,True
한국항공우주,047810,00309503,2018,반기보고서,11012,OFS,000,정상,110,True
한국항공우주,047810,00309503,2018,분기보고서_1분기,11013,CFS,000,정상,124,True
한국항공우주,047810,00309503,2018,분기보고서_1분기,11013,OFS,000,정상,107,True
한국항공우주,047810,00309503,2018,분기보고서_3분기,11014,CFS,000,정상,137,True
한국항공우주,047810,00309503,2018,분기보고서_3분기,11014,OFS,000,정상,113,True
한국항공우주,047810,00309503,2018,사업보고서,11011,CFS,000,정상,156,True
한국항공우주,047810,00309503,2018,사업보고서,11011,OFS,000,정상,118,True
한국항공우주,047810,00309503,2019,반기보고서,11012,CFS,000,정상,129,True
한국항공우주,047810,00309503,2019,반기보고서,11012,OFS,000,정상,107,True
한국항공우주,047810,00309503,2019,분기보고서_1분기,11013,CFS,000,정상,122,True
한국항공우주,047810,00309503,2019,분기보고서_1분기,11013,OFS,000,정상,100,True
한국항공우주,047810,00309503,2019,분기보고서_3분기,11014,CFS,000,정상,134,True
한국항공우주,047810,00309503,2019,분기보고서_3분기,11014,OFS,000,정상,110,True
한국항공우주,047810,00309503,2019,사업보고서,11011,CFS,000,정상,160,True
한국항공우주,047810,00309503,2019,사업보고서,11011,OFS,000,정상,121,True
한국항공우주,047810,00309503,2020,반기보고서,11012,CFS,000,정상,131,True
한국항공우주,047810,00309503,2020,반기보고서,11012,OFS,000,정상,106,True
한국항공우주,047810,00309503,2020,분기보고서_1분기,11013,CFS,000,정상,125,True
한국항공우주,047810,00309503,2020,분기보고서_1분기,11013,OFS,000,정상,101,True
한국항공우주,047810,00309503,2020,분기보고서_3분기,11014,CFS,000,정상,134,True
한국항공우주,047810,00309503,2020,분기보고서_3분기,11014,OFS,000,정상,109,True
한국항공우주,047810,00309503,2020,사업보고서,11011,CFS,000,정상,158,True
한국항공우주,047810,00309503,2020,사업보고서,11011,OFS,000,정상,119,True
한국항공우주,047810,00309503,2021,반기보고서,11012,CFS,000,정상,129,True
한국항공우주,047810,00309503,2021,반기보고서,11012,OFS,000,정상,103,True
한국항공우주,047810,00309503,2021,분기보고서_1분기,11013,CFS,000,정상,124,True
한국항공우주,047810,00309503,2021,분기보고서_1분기,11013,OFS,000,정상,100,True
한국항공우주,047810,00309503,2021,분기보고서_3분기,11014,CFS,000,정상,130,True
한국항공우주,047810,00309503,2021,분기보고서_3분기,11014,OFS,000,정상,105,True
한국항공우주,047810,00309503,2021,사업보고서,11011,CFS,000,정상,145,True
한국항공우주,047810,00309503,2021,사업보고서,11011,OFS,000,정상,118,True
한국항공우주,047810,00309503,2022,반기보고서,11012,CFS,000,정상,128,True
한국항공우주,047810,00309503,2022,반기보고서,11012,OFS,000,정상,104,True
한국항공우주,047810,00309503,2022,분기보고서_1분기,11013,CFS,000,정상,124,True
한국항공우주,047810,00309503,2022,분기보고서_1분기,11013,OFS,000,정상,101,True
한국항공우주,047810,00309503,2022,분기보고서_3분기,11014,CFS,000,정상,128,True
한국항공우주,047810,00309503,2022,분기보고서_3분기,11014,OFS,000,정상,105,True
한국항공우주,047810,00309503,2022,사업보고서,11011,CFS,000,정상,144,True
한국항공우주,047810,00309503,2022,사업보고서,11011,OFS,000,정상,114,True
한국항공우주,047810,00309503,2023,반기보고서,11012,CFS,000,정상,137,True
한국항공우주,047810,00309503,2023,반기보고서,11012,OFS,000,정상,107,True
한국항공우주,047810,00309503,2023,분기보고서_1분기,11013,CFS,000,정상,129,True
한국항공우주,047810,00309503,2023,분기보고서_1분기,11013,OFS,000,정상,100,True
한국항공우주,047810,00309503,2023,분기보고서_3분기,11014,CFS,000,정상,137,True
한국항공우주,047810,00309503,2023,분기보고서_3분기,11014,OFS,000,정상,108,True
한국항공우주,047810,00309503,2023,사업보고서,11011,CFS,000,정상,145,True
한국항공우주,047810,00309503,2023,사업보고서,11011,OFS,000,정상,117,True
한국항공우주,047810,00309503,2024,반기보고서,11012,CFS,000,정상,137,True
한국항공우주,047810,00309503,2024,반기보고서,11012,OFS,000,정상,107,True
한국항공우주,047810,00309503,2024,분기보고서_1분기,11013,CFS,000,정상,135,True
한국항공우주,047810,00309503,2024,분기보고서_1분기,11013,OFS,000,정상,104,True
한국항공우주,047810,00309503,2024,분기보고서_3분기,11014,CFS,000,정상,139,True
한국항공우주,047810,00309503,2024,분기보고서_3분기,11014,OFS,000,정상,112,True
한국항공우주,047810,00309503,2024,사업보고서,11011,CFS,000,정상,145,True
한국항공우주,047810,00309503,2024,사업보고서,11011,OFS,000,정상,118,True
한국항공우주,047810,00309503,2025,반기보고서,11012,CFS,000,정상,127,True
한국항공우주,047810,00309503,2025,반기보고서,11012,OFS,000,정상,103,True
한국항공우주,047810,00309503,2025,분기보고서_1분기,11013,CFS,000,정상,123,True
한국항공우주,047810,00309503,2025,분기보고서_1분기,11013,OFS,000,정상,99,True
한국항공우주,047810,00309503,2025,분기보고서_3분기,11014,CFS,000,정상,133,True
한국항공우주,047810,00309503,2025,분기보고서_3분기,11014,OFS,000,정상,103,True
한국항공우주,047810,00309503,2025,사업보고서,11011,CFS,000,정상,146,True
한국항공우주,047810,00309503,2025,사업보고서,11011,OFS,000,정상,118,True
한컴,030520,00204262,2017,반기보고서,11012,CFS,000,정상,179,True
한컴,030520,00204262,2017,반기보고서,11012,OFS,000,정상,125,True
한컴,030520,00204262,2017,분기보고서_1분기,11013,CFS,000,정상,165,True
한컴,030520,00204262,2017,분기보고서_1분기,11013,OFS,000,정상,160,True
한컴,030520,00204262,2017,분기보고서_3분기,11014,CFS,000,정상,191,True
한컴,030520,00204262,2017,분기보고서_3분기,11014,OFS,000,정상,131,True
한컴,030520,00204262,2017,사업보고서,11011,CFS,000,정상,177,True
한컴,030520,00204262,2017,사업보고서,11011,OFS,000,정상,119,True
한컴,030520,00204262,2018,반기보고서,11012,CFS,000,정상,203,True
한컴,030520,00204262,2018,반기보고서,11012,OFS,000,정상,132,True
한컴,030520,00204262,2018,분기보고서_1분기,11013,CFS,000,정상,155,True
한컴,030520,00204262,2018,분기보고서_1분기,11013,OFS,000,정상,108,True
한컴,030520,00204262,2018,분기보고서_3분기,11014,CFS,000,정상,236,True
한컴,030520,00204262,2018,분기보고서_3분기,11014,OFS,000,정상,141,True
한컴,030520,00204262,2018,사업보고서,11011,CFS,000,정상,249,True
한컴,030520,00204262,2018,사업보고서,11011,OFS,000,정상,150,True
한컴,030520,00204262,2019,반기보고서,11012,CFS,000,정상,225,True
한컴,030520,00204262,2019,반기보고서,11012,OFS,000,정상,126,True
한컴,030520,00204262,2019,분기보고서_1분기,11013,CFS,000,정상,211,True
한컴,030520,00204262,2019,분기보고서_1분기,11013,OFS,000,정상,124,True
한컴,030520,00204262,2019,분기보고서_3분기,11014,CFS,000,정상,262,True
한컴,030520,00204262,2019,분기보고서_3분기,11014,OFS,000,정상,132,True
한컴,030520,00204262,2019,사업보고서,11011,CFS,000,정상,279,True
한컴,030520,00204262,2019,사업보고서,11011,OFS,000,정상,152,True
한컴,030520,00204262,2020,반기보고서,11012,CFS,000,정상,228,True
한컴,030520,00204262,2020,반기보고서,11012,OFS,000,정상,118,True
한컴,030520,00204262,2020,분기보고서_1분기,11013,CFS,000,정상,206,True
한컴,030520,00204262,2020,분기보고서_1분기,11013,OFS,000,정상,116,True
한컴,030520,00204262,2020,분기보고서_3분기,11014,CFS,000,정상,219,True
한컴,030520,00204262,2020,분기보고서_3분기,11014,OFS,000,정상,125,True
한컴,030520,00204262,2020,사업보고서,11011,CFS,000,정상,248,True
한컴,030520,00204262,2020,사업보고서,11011,OFS,000,정상,146,True
한컴,030520,00204262,2021,반기보고서,11012,CFS,000,정상,197,True
한컴,030520,00204262,2021,반기보고서,11012,OFS,000,정상,118,True
한컴,030520,00204262,2021,분기보고서_1분기,11013,CFS,000,정상,246,True
한컴,030520,00204262,2021,분기보고서_1분기,11013,OFS,000,정상,146,True
한컴,030520,00204262,2021,분기보고서_3분기,11014,CFS,000,정상,229,True
한컴,030520,00204262,2021,분기보고서_3분기,11014,OFS,000,정상,118,True
한컴,030520,00204262,2021,사업보고서,11011,CFS,000,정상,245,True
한컴,030520,00204262,2021,사업보고서,11011,OFS,000,정상,141,True
한컴,030520,00204262,2022,반기보고서,11012,CFS,000,정상,244,True
한컴,030520,00204262,2022,반기보고서,11012,OFS,000,정상,125,True
한컴,030520,00204262,2022,분기보고서_1분기,11013,CFS,000,정상,202,True
한컴,030520,00204262,2022,분기보고서_1분기,11013,OFS,000,정상,119,True
한컴,030520,00204262,2022,분기보고서_3분기,11014,CFS,000,정상,250,True
한컴,030520,00204262,2022,분기보고서_3분기,11014,OFS,000,정상,126,True
한컴,030520,00204262,2022,사업보고서,11011,CFS,000,정상,243,True
한컴,030520,00204262,2022,사업보고서,11011,OFS,000,정상,138,True
한컴,030520,00204262,2023,반기보고서,11012,CFS,000,정상,253,True
한컴,030520,00204262,2023,반기보고서,11012,OFS,000,정상,129,True
한컴,030520,00204262,2023,분기보고서_1분기,11013,CFS,000,정상,212,True
한컴,030520,00204262,2023,분기보고서_1분기,11013,OFS,000,정상,121,True
한컴,030520,00204262,2023,분기보고서_3분기,11014,CFS,000,정상,254,True
한컴,030520,00204262,2023,분기보고서_3분기,11014,OFS,000,정상,134,True
한컴,030520,00204262,2023,사업보고서,11011,CFS,000,정상,270,True
한컴,030520,00204262,2023,사업보고서,11011,OFS,000,정상,151,True
한컴,030520,00204262,2024,반기보고서,11012,CFS,000,정상,270,True
한컴,030520,00204262,2024,반기보고서,11012,OFS,000,정상,142,True
한컴,030520,00204262,2024,분기보고서_1분기,11013,CFS,000,정상,237,True
한컴,030520,00204262,2024,분기보고서_1분기,11013,OFS,000,정상,136,True
한컴,030520,00204262,2024,분기보고서_3분기,11014,CFS,000,정상,271,True
한컴,030520,00204262,2024,분기보고서_3분기,11014,OFS,000,정상,147,True
한컴,030520,00204262,2024,사업보고서,11011,CFS,000,정상,281,True
한컴,030520,00204262,2024,사업보고서,11011,OFS,000,정상,157,True
한컴,030520,00204262,2025,반기보고서,11012,CFS,000,정상,237,True
한컴,030520,00204262,2025,반기보고서,11012,OFS,000,정상,131,True
한컴,030520,00204262,2025,분기보고서_1분기,11013,CFS,000,정상,226,True
한컴,030520,00204262,2025,분기보고서_1분기,11013,OFS,000,정상,128,True
한컴,030520,00204262,2025,분기보고서_3분기,11014,CFS,000,정상,245,True
한컴,030520,00204262,2025,분기보고서_3분기,11014,OFS,000,정상,133,True
한컴,030520,00204262,2025,사업보고서,11011,CFS,000,정상,271,True
한컴,030520,00204262,2025,사업보고서,11011,OFS,000,정상,157,True
한화에어로스페이스,012450,00126566,2017,반기보고서,11012,CFS,000,정상,155,True
한화에어로스페이스,012450,00126566,2017,반기보고서,11012,OFS,000,정상,119,True
한화에어로스페이스,012450,00126566,2017,분기보고서_1분기,11013,CFS,000,정상,181,True
한화에어로스페이스,012450,00126566,2017,분기보고서_1분기,11013,OFS,000,정상,140,True
한화에어로스페이스,012450,00126566,2017,분기보고서_3분기,11014,CFS,000,정상,167,True
한화에어로스페이스,012450,00126566,2017,분기보고서_3분기,11014,OFS,000,정상,124,True
한화에어로스페이스,012450,00126566,2017,사업보고서,11011,CFS,000,정상,183,True
한화에어로스페이스,012450,00126566,2017,사업보고서,11011,OFS,000,정상,136,True
한화에어로스페이스,012450,00126566,2018,반기보고서,11012,CFS,000,정상,175,True
한화에어로스페이스,012450,00126566,2018,반기보고서,11012,OFS,000,정상,138,True
한화에어로스페이스,012450,00126566,2018,분기보고서_1분기,11013,CFS,000,정상,163,True
한화에어로스페이스,012450,00126566,2018,분기보고서_1분기,11013,OFS,000,정상,119,True
한화에어로스페이스,012450,00126566,2018,분기보고서_3분기,11014,CFS,000,정상,183,True
한화에어로스페이스,012450,00126566,2018,분기보고서_3분기,11014,OFS,000,정상,137,True
한화에어로스페이스,012450,00126566,2018,사업보고서,11011,CFS,000,정상,199,True
한화에어로스페이스,012450,00126566,2018,사업보고서,11011,OFS,000,정상,148,True
한화에어로스페이스,012450,00126566,2019,반기보고서,11012,CFS,000,정상,177,True
한화에어로스페이스,012450,00126566,2019,반기보고서,11012,OFS,000,정상,134,True
한화에어로스페이스,012450,00126566,2019,분기보고서_1분기,11013,CFS,000,정상,161,True
한화에어로스페이스,012450,00126566,2019,분기보고서_1분기,11013,OFS,000,정상,121,True
한화에어로스페이스,012450,00126566,2019,분기보고서_3분기,11014,CFS,000,정상,185,True
한화에어로스페이스,012450,00126566,2019,분기보고서_3분기,11014,OFS,000,정상,138,True
한화에어로스페이스,012450,00126566,2019,사업보고서,11011,CFS,000,정상,202,True
한화에어로스페이스,012450,00126566,2019,사업보고서,11011,OFS,000,정상,147,True
한화에어로스페이스,012450,00126566,2020,반기보고서,11012,CFS,000,정상,157,True
한화에어로스페이스,012450,00126566,2020,반기보고서,11012,OFS,000,정상,116,True
한화에어로스페이스,012450,00126566,2020,분기보고서_1분기,11013,CFS,000,정상,149,True
한화에어로스페이스,012450,00126566,2020,분기보고서_1분기,11013,OFS,000,정상,110,True
한화에어로스페이스,012450,00126566,2020,분기보고서_3분기,11014,CFS,000,정상,164,True
한화에어로스페이스,012450,00126566,2020,분기보고서_3분기,11014,OFS,000,정상,119,True
한화에어로스페이스,012450,00126566,2020,사업보고서,11011,CFS,000,정상,208,True
한화에어로스페이스,012450,00126566,2020,사업보고서,11011,OFS,000,정상,148,True
한화에어로스페이스,012450,00126566,2021,반기보고서,11012,CFS,000,정상,212,True
한화에어로스페이스,012450,00126566,2021,반기보고서,11012,OFS,000,정상,147,True
한화에어로스페이스,012450,00126566,2021,분기보고서_1분기,11013,CFS,000,정상,200,True
한화에어로스페이스,012450,00126566,2021,분기보고서_1분기,11013,OFS,000,정상,139,True
한화에어로스페이스,012450,00126566,2021,분기보고서_3분기,11014,CFS,000,정상,215,True
한화에어로스페이스,012450,00126566,2021,분기보고서_3분기,11014,OFS,000,정상,147,True
한화에어로스페이스,012450,00126566,2021,사업보고서,11011,CFS,000,정상,271,True
한화에어로스페이스,012450,00126566,2021,사업보고서,11011,OFS,000,정상,167,True
한화에어로스페이스,012450,00126566,2022,반기보고서,11012,CFS,000,정상,208,True
한화에어로스페이스,012450,00126566,2022,반기보고서,11012,OFS,000,정상,138,True
한화에어로스페이스,012450,00126566,2022,분기보고서_1분기,11013,CFS,000,정상,195,True
한화에어로스페이스,012450,00126566,2022,분기보고서_1분기,11013,OFS,000,정상,124,True
한화에어로스페이스,012450,00126566,2022,분기보고서_3분기,11014,CFS,000,정상,231,True
한화에어로스페이스,012450,00126566,2022,분기보고서_3분기,11014,OFS,000,정상,139,True
한화에어로스페이스,012450,00126566,2022,사업보고서,11011,CFS,000,정상,287,True
한화에어로스페이스,012450,00126566,2022,사업보고서,11011,OFS,000,정상,178,True
한화에어로스페이스,012450,00126566,2023,반기보고서,11012,CFS,000,정상,231,True
한화에어로스페이스,012450,00126566,2023,반기보고서,11012,OFS,000,정상,145,True
한화에어로스페이스,012450,00126566,2023,분기보고서_1분기,11013,CFS,000,정상,226,True
한화에어로스페이스,012450,00126566,2023,분기보고서_1분기,11013,OFS,000,정상,132,True
한화에어로스페이스,012450,00126566,2023,분기보고서_3분기,11014,CFS,000,정상,235,True
한화에어로스페이스,012450,00126566,2023,분기보고서_3분기,11014,OFS,000,정상,157,True
한화에어로스페이스,012450,00126566,2023,사업보고서,11011,CFS,000,정상,283,True
한화에어로스페이스,012450,00126566,2023,사업보고서,11011,OFS,000,정상,174,True
한화에어로스페이스,012450,00126566,2024,반기보고서,11012,CFS,000,정상,215,True
한화에어로스페이스,012450,00126566,2024,반기보고서,11012,OFS,000,정상,163,True
한화에어로스페이스,012450,00126566,2024,분기보고서_1분기,11013,CFS,000,정상,213,True
한화에어로스페이스,012450,00126566,2024,분기보고서_1분기,11013,OFS,000,정상,153,True
한화에어로스페이스,012450,00126566,2024,분기보고서_3분기,11014,CFS,000,정상,190,True
한화에어로스페이스,012450,00126566,2024,분기보고서_3분기,11014,OFS,000,정상,164,True
한화에어로스페이스,012450,00126566,2024,사업보고서,11011,CFS,000,정상,282,True
한화에어로스페이스,012450,00126566,2024,사업보고서,11011,OFS,000,정상,190,True
한화에어로스페이스,012450,00126566,2025,반기보고서,11012,CFS,000,정상,249,True
한화에어로스페이스,012450,00126566,2025,반기보고서,11012,OFS,000,정상,169,True
한화에어로스페이스,012450,00126566,2025,분기보고서_1분기,11013,CFS,000,정상,221,True
한화에어로스페이스,012450,00126566,2025,분기보고서_1분기,11013,OFS,000,정상,157,True
한화에어로스페이스,012450,00126566,2025,분기보고서_3분기,11014,CFS,000,정상,197,True
한화에어로스페이스,012450,00126566,2025,분기보고서_3분기,11014,OFS,000,정상,174,True
한화에어로스페이스,012450,00126566,2025,사업보고서,11011,CFS,000,정상,296,True
한화에어로스페이스,012450,00126566,2025,사업보고서,11011,OFS,000,정상,178,True
현대건설,000720,00164478,2017,반기보고서,11012,CFS,000,정상,168,True
현대건설,000720,00164478,2017,반기보고서,11012,OFS,000,정상,129,True
현대건설,000720,00164478,2017,분기보고서_1분기,11013,CFS,000,정상,184,True
현대건설,000720,00164478,2017,분기보고서_1분기,11013,OFS,000,정상,133,True
현대건설,000720,00164478,2017,분기보고서_3분기,11014,CFS,000,정상,171,True
현대건설,000720,00164478,2017,분기보고서_3분기,11014,OFS,000,정상,129,True
현대건설,000720,00164478,2017,사업보고서,11011,CFS,000,정상,188,True
현대건설,000720,00164478,2017,사업보고서,11011,OFS,000,정상,134,True
현대건설,000720,00164478,2018,반기보고서,11012,CFS,000,정상,195,True
현대건설,000720,00164478,2018,반기보고서,11012,OFS,000,정상,148,True
현대건설,000720,00164478,2018,분기보고서_1분기,11013,CFS,000,정상,192,True
현대건설,000720,00164478,2018,분기보고서_1분기,11013,OFS,000,정상,144,True
현대건설,000720,00164478,2018,분기보고서_3분기,11014,CFS,000,정상,203,True
현대건설,000720,00164478,2018,분기보고서_3분기,11014,OFS,000,정상,150,True
현대건설,000720,00164478,2018,사업보고서,11011,CFS,000,정상,206,True
현대건설,000720,00164478,2018,사업보고서,11011,OFS,000,정상,156,True
현대건설,000720,00164478,2019,반기보고서,11012,CFS,000,정상,186,True
현대건설,000720,00164478,2019,반기보고서,11012,OFS,000,정상,146,True
현대건설,000720,00164478,2019,분기보고서_1분기,11013,CFS,000,정상,188,True
현대건설,000720,00164478,2019,분기보고서_1분기,11013,OFS,000,정상,143,True
현대건설,000720,00164478,2019,분기보고서_3분기,11014,CFS,000,정상,194,True
현대건설,000720,00164478,2019,분기보고서_3분기,11014,OFS,000,정상,146,True
현대건설,000720,00164478,2019,사업보고서,11011,CFS,000,정상,210,True
현대건설,000720,00164478,2019,사업보고서,11011,OFS,000,정상,160,True
현대건설,000720,00164478,2020,반기보고서,11012,CFS,000,정상,184,True
현대건설,000720,00164478,2020,반기보고서,11012,OFS,000,정상,145,True
현대건설,000720,00164478,2020,분기보고서_1분기,11013,CFS,000,정상,181,True
현대건설,000720,00164478,2020,분기보고서_1분기,11013,OFS,000,정상,140,True
현대건설,000720,00164478,2020,분기보고서_3분기,11014,CFS,000,정상,182,True
현대건설,000720,00164478,2020,분기보고서_3분기,11014,OFS,000,정상,142,True
현대건설,000720,00164478,2020,사업보고서,11011,CFS,000,정상,196,True
현대건설,000720,00164478,2020,사업보고서,11011,OFS,000,정상,151,True
현대건설,000720,00164478,2021,반기보고서,11012,CFS,000,정상,180,True
현대건설,000720,00164478,2021,반기보고서,11012,OFS,000,정상,143,True
현대건설,000720,00164478,2021,분기보고서_1분기,11013,CFS,000,정상,176,True
현대건설,000720,00164478,2021,분기보고서_1분기,11013,OFS,000,정상,136,True
현대건설,000720,00164478,2021,분기보고서_3분기,11014,CFS,000,정상,190,True
현대건설,000720,00164478,2021,분기보고서_3분기,11014,OFS,000,정상,150,True
현대건설,000720,00164478,2021,사업보고서,11011,CFS,000,정상,195,True
현대건설,000720,00164478,2021,사업보고서,11011,OFS,000,정상,153,True
현대건설,000720,00164478,2022,반기보고서,11012,CFS,000,정상,168,True
현대건설,000720,00164478,2022,반기보고서,11012,OFS,000,정상,139,True
현대건설,000720,00164478,2022,분기보고서_1분기,11013,CFS,000,정상,169,True
현대건설,000720,00164478,2022,분기보고서_1분기,11013,OFS,000,정상,136,True
현대건설,000720,00164478,2022,분기보고서_3분기,11014,CFS,000,정상,193,True
현대건설,000720,00164478,2022,분기보고서_3분기,11014,OFS,000,정상,147,True
현대건설,000720,00164478,2022,사업보고서,11011,CFS,000,정상,196,True
현대건설,000720,00164478,2022,사업보고서,11011,OFS,000,정상,155,True
현대건설,000720,00164478,2023,반기보고서,11012,CFS,000,정상,170,True
현대건설,000720,00164478,2023,반기보고서,11012,OFS,000,정상,137,True
현대건설,000720,00164478,2023,분기보고서_1분기,11013,CFS,000,정상,165,True
현대건설,000720,00164478,2023,분기보고서_1분기,11013,OFS,000,정상,132,True
현대건설,000720,00164478,2023,분기보고서_3분기,11014,CFS,000,정상,181,True
현대건설,000720,00164478,2023,분기보고서_3분기,11014,OFS,000,정상,140,True
현대건설,000720,00164478,2023,사업보고서,11011,CFS,000,정상,216,True
현대건설,000720,00164478,2023,사업보고서,11011,OFS,000,정상,175,True
현대건설,000720,00164478,2024,반기보고서,11012,CFS,000,정상,231,True
현대건설,000720,00164478,2024,반기보고서,11012,OFS,000,정상,170,True
현대건설,000720,00164478,2024,분기보고서_1분기,11013,CFS,000,정상,214,True
현대건설,000720,00164478,2024,분기보고서_1분기,11013,OFS,000,정상,165,True
현대건설,000720,00164478,2024,분기보고서_3분기,11014,CFS,000,정상,233,True
현대건설,000720,00164478,2024,분기보고서_3분기,11014,OFS,000,정상,173,True
현대건설,000720,00164478,2024,사업보고서,11011,CFS,000,정상,213,True
현대건설,000720,00164478,2024,사업보고서,11011,OFS,000,정상,153,True
현대건설,000720,00164478,2025,반기보고서,11012,CFS,000,정상,203,True
현대건설,000720,00164478,2025,반기보고서,11012,OFS,000,정상,152,True
현대건설,000720,00164478,2025,분기보고서_1분기,11013,CFS,000,정상,198,True
현대건설,000720,00164478,2025,분기보고서_1분기,11013,OFS,000,정상,146,True
현대건설,000720,00164478,2025,분기보고서_3분기,11014,CFS,000,정상,202,True
현대건설,000720,00164478,2025,분기보고서_3분기,11014,OFS,000,정상,153,True
현대건설,000720,00164478,2025,사업보고서,11011,CFS,000,정상,209,True
현대건설,000720,00164478,2025,사업보고서,11011,OFS,000,정상,155,True
현대글로비스,086280,00360595,2017,반기보고서,11012,CFS,000,정상,140,True
현대글로비스,086280,00360595,2017,반기보고서,11012,OFS,000,정상,102,True
현대글로비스,086280,00360595,2017,분기보고서_1분기,11013,CFS,000,정상,148,True
현대글로비스,086280,00360595,2017,분기보고서_1분기,11013,OFS,000,정상,104,True
현대글로비스,086280,00360595,2017,분기보고서_3분기,11014,CFS,000,정상,145,True
현대글로비스,086280,00360595,2017,분기보고서_3분기,11014,OFS,000,정상,106,True
현대글로비스,086280,00360595,2017,사업보고서,11011,CFS,000,정상,153,True
현대글로비스,086280,00360595,2017,사업보고서,11011,OFS,000,정상,109,True
현대글로비스,086280,00360595,2018,반기보고서,11012,CFS,000,정상,163,True
현대글로비스,086280,00360595,2018,반기보고서,11012,OFS,000,정상,116,True
현대글로비스,086280,00360595,2018,분기보고서_1분기,11013,CFS,000,정상,164,True
현대글로비스,086280,00360595,2018,분기보고서_1분기,11013,OFS,000,정상,116,True
현대글로비스,086280,00360595,2018,분기보고서_3분기,11014,CFS,000,정상,162,True
현대글로비스,086280,00360595,2018,분기보고서_3분기,11014,OFS,000,정상,116,True
현대글로비스,086280,00360595,2018,사업보고서,11011,CFS,000,정상,169,True
현대글로비스,086280,00360595,2018,사업보고서,11011,OFS,000,정상,120,True
현대글로비스,086280,00360595,2019,반기보고서,11012,CFS,000,정상,159,True
현대글로비스,086280,00360595,2019,반기보고서,11012,OFS,000,정상,116,True
현대글로비스,086280,00360595,2019,분기보고서_1분기,11013,CFS,000,정상,156,True
현대글로비스,086280,00360595,2019,분기보고서_1분기,11013,OFS,000,정상,103,True
현대글로비스,086280,00360595,2019,분기보고서_3분기,11014,CFS,000,정상,156,True
현대글로비스,086280,00360595,2019,분기보고서_3분기,11014,OFS,000,정상,116,True
현대글로비스,086280,00360595,2019,사업보고서,11011,CFS,000,정상,167,True
현대글로비스,086280,00360595,2019,사업보고서,11011,OFS,000,정상,123,True
현대글로비스,086280,00360595,2020,반기보고서,11012,CFS,000,정상,150,True
현대글로비스,086280,00360595,2020,반기보고서,11012,OFS,000,정상,112,True
현대글로비스,086280,00360595,2020,분기보고서_1분기,11013,CFS,000,정상,146,True
현대글로비스,086280,00360595,2020,분기보고서_1분기,11013,OFS,000,정상,111,True
현대글로비스,086280,00360595,2020,분기보고서_3분기,11014,CFS,000,정상,147,True
현대글로비스,086280,00360595,2020,분기보고서_3분기,11014,OFS,000,정상,112,True
현대글로비스,086280,00360595,2020,사업보고서,11011,CFS,000,정상,163,True
현대글로비스,086280,00360595,2020,사업보고서,11011,OFS,000,정상,125,True
현대글로비스,086280,00360595,2021,반기보고서,11012,CFS,000,정상,157,True
현대글로비스,086280,00360595,2021,반기보고서,11012,OFS,000,정상,113,True
현대글로비스,086280,00360595,2021,분기보고서_1분기,11013,CFS,000,정상,149,True
현대글로비스,086280,00360595,2021,분기보고서_1분기,11013,OFS,000,정상,111,True
현대글로비스,086280,00360595,2021,분기보고서_3분기,11014,CFS,000,정상,155,True
현대글로비스,086280,00360595,2021,분기보고서_3분기,11014,OFS,000,정상,113,True
현대글로비스,086280,00360595,2021,사업보고서,11011,CFS,000,정상,160,True
현대글로비스,086280,00360595,2021,사업보고서,11011,OFS,000,정상,123,True
현대글로비스,086280,00360595,2022,반기보고서,11012,CFS,000,정상,162,True
현대글로비스,086280,00360595,2022,반기보고서,11012,OFS,000,정상,117,True
현대글로비스,086280,00360595,2022,분기보고서_1분기,11013,CFS,000,정상,150,True
현대글로비스,086280,00360595,2022,분기보고서_1분기,11013,OFS,000,정상,112,True
현대글로비스,086280,00360595,2022,분기보고서_3분기,11014,CFS,000,정상,162,True
현대글로비스,086280,00360595,2022,분기보고서_3분기,11014,OFS,000,정상,117,True
현대글로비스,086280,00360595,2022,사업보고서,11011,CFS,000,정상,164,True
현대글로비스,086280,00360595,2022,사업보고서,11011,OFS,000,정상,121,True
현대글로비스,086280,00360595,2023,반기보고서,11012,CFS,000,정상,158,True
현대글로비스,086280,00360595,2023,반기보고서,11012,OFS,000,정상,119,True
현대글로비스,086280,00360595,2023,분기보고서_1분기,11013,CFS,000,정상,153,True
현대글로비스,086280,00360595,2023,분기보고서_1분기,11013,OFS,000,정상,115,True
현대글로비스,086280,00360595,2023,분기보고서_3분기,11014,CFS,000,정상,164,True
현대글로비스,086280,00360595,2023,분기보고서_3분기,11014,OFS,000,정상,119,True
현대글로비스,086280,00360595,2023,사업보고서,11011,CFS,000,정상,173,True
현대글로비스,086280,00360595,2023,사업보고서,11011,OFS,000,정상,121,True
현대글로비스,086280,00360595,2024,반기보고서,11012,CFS,000,정상,161,True
현대글로비스,086280,00360595,2024,반기보고서,11012,OFS,000,정상,133,True
현대글로비스,086280,00360595,2024,분기보고서_1분기,11013,CFS,000,정상,157,True
현대글로비스,086280,00360595,2024,분기보고서_1분기,11013,OFS,000,정상,117,True
현대글로비스,086280,00360595,2024,분기보고서_3분기,11014,CFS,000,정상,207,True
현대글로비스,086280,00360595,2024,분기보고서_3분기,11014,OFS,000,정상,141,True
현대글로비스,086280,00360595,2024,사업보고서,11011,CFS,000,정상,183,True
현대글로비스,086280,00360595,2024,사업보고서,11011,OFS,000,정상,126,True
현대글로비스,086280,00360595,2025,반기보고서,11012,CFS,000,정상,170,True
현대글로비스,086280,00360595,2025,반기보고서,11012,OFS,000,정상,135,True
현대글로비스,086280,00360595,2025,분기보고서_1분기,11013,CFS,000,정상,163,True
현대글로비스,086280,00360595,2025,분기보고서_1분기,11013,OFS,000,정상,133,True
현대글로비스,086280,00360595,2025,분기보고서_3분기,11014,CFS,000,정상,177,True
현대글로비스,086280,00360595,2025,분기보고서_3분기,11014,OFS,000,정상,148,True
현대글로비스,086280,00360595,2025,사업보고서,11011,CFS,000,정상,191,True
현대글로비스,086280,00360595,2025,사업보고서,11011,OFS,000,정상,128,True
현대모비스,012330,00164788,2017,반기보고서,11012,CFS,000,정상,151,True
현대모비스,012330,00164788,2017,반기보고서,11012,OFS,000,정상,112,True
현대모비스,012330,00164788,2017,분기보고서_1분기,11013,CFS,000,정상,169,True
현대모비스,012330,00164788,2017,분기보고서_1분기,11013,OFS,000,정상,117,True
현대모비스,012330,00164788,2017,분기보고서_3분기,11014,CFS,000,정상,164,True
현대모비스,012330,00164788,2017,분기보고서_3분기,11014,OFS,000,정상,112,True
현대모비스,012330,00164788,2017,사업보고서,11011,CFS,000,정상,195,True
현대모비스,012330,00164788,2017,사업보고서,11011,OFS,000,정상,122,True
현대모비스,012330,00164788,2018,반기보고서,11012,CFS,000,정상,157,True
현대모비스,012330,00164788,2018,반기보고서,11012,OFS,000,정상,122,True
현대모비스,012330,00164788,2018,분기보고서_1분기,11013,CFS,000,정상,164,True
현대모비스,012330,00164788,2018,분기보고서_1분기,11013,OFS,000,정상,111,True
현대모비스,012330,00164788,2018,분기보고서_3분기,11014,CFS,000,정상,175,True
현대모비스,012330,00164788,2018,분기보고서_3분기,11014,OFS,000,정상,120,True
현대모비스,012330,00164788,2018,사업보고서,11011,CFS,000,정상,181,True
현대모비스,012330,00164788,2018,사업보고서,11011,OFS,000,정상,130,True
현대모비스,012330,00164788,2019,반기보고서,11012,CFS,000,정상,158,True
현대모비스,012330,00164788,2019,반기보고서,11012,OFS,000,정상,117,True
현대모비스,012330,00164788,2019,분기보고서_1분기,11013,CFS,000,정상,155,True
현대모비스,012330,00164788,2019,분기보고서_1분기,11013,OFS,000,정상,112,True
현대모비스,012330,00164788,2019,분기보고서_3분기,11014,CFS,000,정상,164,True
현대모비스,012330,00164788,2019,분기보고서_3분기,11014,OFS,000,정상,121,True
현대모비스,012330,00164788,2019,사업보고서,11011,CFS,000,정상,187,True
현대모비스,012330,00164788,2019,사업보고서,11011,OFS,000,정상,134,True
현대모비스,012330,00164788,2020,반기보고서,11012,CFS,000,정상,152,True
현대모비스,012330,00164788,2020,반기보고서,11012,OFS,000,정상,116,True
현대모비스,012330,00164788,2020,분기보고서_1분기,11013,CFS,000,정상,147,True
현대모비스,012330,00164788,2020,분기보고서_1분기,11013,OFS,000,정상,113,True
현대모비스,012330,00164788,2020,분기보고서_3분기,11014,CFS,000,정상,153,True
현대모비스,012330,00164788,2020,분기보고서_3분기,11014,OFS,000,정상,115,True
현대모비스,012330,00164788,2020,사업보고서,11011,CFS,000,정상,166,True
현대모비스,012330,00164788,2020,사업보고서,11011,OFS,000,정상,120,True
현대모비스,012330,00164788,2021,반기보고서,11012,CFS,000,정상,154,True
현대모비스,012330,00164788,2021,반기보고서,11012,OFS,000,정상,116,True
현대모비스,012330,00164788,2021,분기보고서_1분기,11013,CFS,000,정상,154,True
현대모비스,012330,00164788,2021,분기보고서_1분기,11013,OFS,000,정상,116,True
현대모비스,012330,00164788,2021,분기보고서_3분기,11014,CFS,000,정상,153,True
현대모비스,012330,00164788,2021,분기보고서_3분기,11014,OFS,000,정상,117,True
현대모비스,012330,00164788,2021,사업보고서,11011,CFS,000,정상,156,True
현대모비스,012330,00164788,2021,사업보고서,11011,OFS,000,정상,117,True
현대모비스,012330,00164788,2022,반기보고서,11012,CFS,000,정상,152,True
현대모비스,012330,00164788,2022,반기보고서,11012,OFS,000,정상,114,True
현대모비스,012330,00164788,2022,분기보고서_1분기,11013,CFS,000,정상,147,True
현대모비스,012330,00164788,2022,분기보고서_1분기,11013,OFS,000,정상,107,True
현대모비스,012330,00164788,2022,분기보고서_3분기,11014,CFS,000,정상,157,True
현대모비스,012330,00164788,2022,분기보고서_3분기,11014,OFS,000,정상,114,True
현대모비스,012330,00164788,2022,사업보고서,11011,CFS,000,정상,157,True
현대모비스,012330,00164788,2022,사업보고서,11011,OFS,000,정상,116,True
현대모비스,012330,00164788,2023,반기보고서,11012,CFS,000,정상,151,True
현대모비스,012330,00164788,2023,반기보고서,11012,OFS,000,정상,112,True
현대모비스,012330,00164788,2023,분기보고서_1분기,11013,CFS,000,정상,143,True
현대모비스,012330,00164788,2023,분기보고서_1분기,11013,OFS,000,정상,106,True
현대모비스,012330,00164788,2023,분기보고서_3분기,11014,CFS,000,정상,155,True
현대모비스,012330,00164788,2023,분기보고서_3분기,11014,OFS,000,정상,116,True
현대모비스,012330,00164788,2023,사업보고서,11011,CFS,000,정상,161,True
현대모비스,012330,00164788,2023,사업보고서,11011,OFS,000,정상,117,True
현대모비스,012330,00164788,2024,반기보고서,11012,CFS,000,정상,184,True
현대모비스,012330,00164788,2024,반기보고서,11012,OFS,000,정상,133,True
현대모비스,012330,00164788,2024,분기보고서_1분기,11013,CFS,000,정상,142,True
현대모비스,012330,00164788,2024,분기보고서_1분기,11013,OFS,000,정상,126,True
현대모비스,012330,00164788,2024,분기보고서_3분기,11014,CFS,000,정상,154,True
현대모비스,012330,00164788,2024,분기보고서_3분기,11014,OFS,000,정상,131,True
현대모비스,012330,00164788,2024,사업보고서,11011,CFS,000,정상,162,True
현대모비스,012330,00164788,2024,사업보고서,11011,OFS,000,정상,140,True
현대모비스,012330,00164788,2025,반기보고서,11012,CFS,000,정상,186,True
현대모비스,012330,00164788,2025,반기보고서,11012,OFS,000,정상,130,True
현대모비스,012330,00164788,2025,분기보고서_1분기,11013,CFS,000,정상,173,True
현대모비스,012330,00164788,2025,분기보고서_1분기,11013,OFS,000,정상,125,True
현대모비스,012330,00164788,2025,분기보고서_3분기,11014,CFS,000,정상,194,True
현대모비스,012330,00164788,2025,분기보고서_3분기,11014,OFS,000,정상,132,True
현대모비스,012330,00164788,2025,사업보고서,11011,CFS,000,정상,165,True
현대모비스,012330,00164788,2025,사업보고서,11011,OFS,000,정상,132,True
현대차,005380,00164742,2017,반기보고서,11012,CFS,000,정상,197,True
현대차,005380,00164742,2017,반기보고서,11012,OFS,000,정상,122,True
현대차,005380,00164742,2017,분기보고서_1분기,11013,CFS,000,정상,212,True
현대차,005380,00164742,2017,분기보고서_1분기,11013,OFS,000,정상,129,True
현대차,005380,00164742,2017,분기보고서_3분기,11014,CFS,000,정상,203,True
현대차,005380,00164742,2017,분기보고서_3분기,11014,OFS,000,정상,124,True
현대차,005380,00164742,2017,사업보고서,11011,CFS,000,정상,212,True
현대차,005380,00164742,2017,사업보고서,11011,OFS,000,정상,128,True
현대차,005380,00164742,2018,반기보고서,11012,CFS,000,정상,213,True
현대차,005380,00164742,2018,반기보고서,11012,OFS,000,정상,131,True
현대차,005380,00164742,2018,분기보고서_1분기,11013,CFS,000,정상,206,True
현대차,005380,00164742,2018,분기보고서_1분기,11013,OFS,000,정상,126,True
현대차,005380,00164742,2018,분기보고서_3분기,11014,CFS,000,정상,227,True
현대차,005380,00164742,2018,분기보고서_3분기,11014,OFS,000,정상,134,True
현대차,005380,00164742,2018,사업보고서,11011,CFS,000,정상,240,True
현대차,005380,00164742,2018,사업보고서,11011,OFS,000,정상,145,True
현대차,005380,00164742,2019,반기보고서,11012,CFS,000,정상,214,True
현대차,005380,00164742,2019,반기보고서,11012,OFS,000,정상,136,True
현대차,005380,00164742,2019,분기보고서_1분기,11013,CFS,000,정상,214,True
현대차,005380,00164742,2019,분기보고서_1분기,11013,OFS,000,정상,135,True
현대차,005380,00164742,2019,분기보고서_3분기,11014,CFS,000,정상,221,True
현대차,005380,00164742,2019,분기보고서_3분기,11014,OFS,000,정상,138,True
현대차,005380,00164742,2019,사업보고서,11011,CFS,000,정상,233,True
현대차,005380,00164742,2019,사업보고서,11011,OFS,000,정상,150,True
현대차,005380,00164742,2020,반기보고서,11012,CFS,000,정상,200,True
현대차,005380,00164742,2020,반기보고서,11012,OFS,000,정상,135,True
현대차,005380,00164742,2020,분기보고서_1분기,11013,CFS,000,정상,197,True
현대차,005380,00164742,2020,분기보고서_1분기,11013,OFS,000,정상,127,True
현대차,005380,00164742,2020,분기보고서_3분기,11014,CFS,000,정상,202,True
현대차,005380,00164742,2020,분기보고서_3분기,11014,OFS,000,정상,136,True
현대차,005380,00164742,2020,사업보고서,11011,CFS,000,정상,228,True
현대차,005380,00164742,2020,사업보고서,11011,OFS,000,정상,157,True
현대차,005380,00164742,2021,반기보고서,11012,CFS,000,정상,207,True
현대차,005380,00164742,2021,반기보고서,11012,OFS,000,정상,137,True
현대차,005380,00164742,2021,분기보고서_1분기,11013,CFS,000,정상,201,True
현대차,005380,00164742,2021,분기보고서_1분기,11013,OFS,000,정상,133,True
현대차,005380,00164742,2021,분기보고서_3분기,11014,CFS,000,정상,210,True
현대차,005380,00164742,2021,분기보고서_3분기,11014,OFS,000,정상,143,True
현대차,005380,00164742,2021,사업보고서,11011,CFS,000,정상,218,True
현대차,005380,00164742,2021,사업보고서,11011,OFS,000,정상,149,True
현대차,005380,00164742,2022,반기보고서,11012,CFS,000,정상,207,True
현대차,005380,00164742,2022,반기보고서,11012,OFS,000,정상,139,True
현대차,005380,00164742,2022,분기보고서_1분기,11013,CFS,000,정상,203,True
현대차,005380,00164742,2022,분기보고서_1분기,11013,OFS,000,정상,135,True
현대차,005380,00164742,2022,분기보고서_3분기,11014,CFS,000,정상,210,True
현대차,005380,00164742,2022,분기보고서_3분기,11014,OFS,000,정상,141,True
현대차,005380,00164742,2022,사업보고서,11011,CFS,000,정상,218,True
현대차,005380,00164742,2022,사업보고서,11011,OFS,000,정상,148,True
현대차,005380,00164742,2023,반기보고서,11012,CFS,000,정상,209,True
현대차,005380,00164742,2023,반기보고서,11012,OFS,000,정상,142,True
현대차,005380,00164742,2023,분기보고서_1분기,11013,CFS,000,정상,206,True
현대차,005380,00164742,2023,분기보고서_1분기,11013,OFS,000,정상,139,True
현대차,005380,00164742,2023,분기보고서_3분기,11014,CFS,000,정상,221,True
현대차,005380,00164742,2023,분기보고서_3분기,11014,OFS,000,정상,141,True
현대차,005380,00164742,2023,사업보고서,11011,CFS,000,정상,228,True
현대차,005380,00164742,2023,사업보고서,11011,OFS,000,정상,148,True
현대차,005380,00164742,2024,반기보고서,11012,CFS,000,정상,282,True
현대차,005380,00164742,2024,반기보고서,11012,OFS,000,정상,138,True
현대차,005380,00164742,2024,분기보고서_1분기,11013,CFS,000,정상,273,True
현대차,005380,00164742,2024,분기보고서_1분기,11013,OFS,000,정상,161,True
현대차,005380,00164742,2024,분기보고서_3분기,11014,CFS,000,정상,292,True
현대차,005380,00164742,2024,분기보고서_3분기,11014,OFS,000,정상,165,True
현대차,005380,00164742,2024,사업보고서,11011,CFS,000,정상,320,True
현대차,005380,00164742,2024,사업보고서,11011,OFS,000,정상,184,True
현대차,005380,00164742,2025,반기보고서,11012,CFS,000,정상,291,True
현대차,005380,00164742,2025,반기보고서,11012,OFS,000,정상,171,True
현대차,005380,00164742,2025,분기보고서_1분기,11013,CFS,000,정상,282,True
현대차,005380,00164742,2025,분기보고서_1분기,11013,OFS,000,정상,164,True
현대차,005380,00164742,2025,분기보고서_3분기,11014,CFS,000,정상,291,True
현대차,005380,00164742,2025,분기보고서_3분기,11014,OFS,000,정상,173,True
현대차,005380,00164742,2025,사업보고서,11011,CFS,000,정상,312,True
현대차,005380,00164742,2025,사업보고서,11011,OFS,000,정상,185,True
호텔신라,008770,00165680,2017,반기보고서,11012,CFS,000,정상,177,True
호텔신라,008770,00165680,2017,반기보고서,11012,OFS,000,정상,152,True
호텔신라,008770,00165680,2017,분기보고서_1분기,11013,CFS,000,정상,181,True
호텔신라,008770,00165680,2017,분기보고서_1분기,11013,OFS,000,정상,159,True
호텔신라,008770,00165680,2017,분기보고서_3분기,11014,CFS,000,정상,185,True
호텔신라,008770,00165680,2017,분기보고서_3분기,11014,OFS,000,정상,151,True
호텔신라,008770,00165680,2017,사업보고서,11011,CFS,000,정상,192,True
호텔신라,008770,00165680,2017,사업보고서,11011,OFS,000,정상,160,True
호텔신라,008770,00165680,2018,반기보고서,11012,CFS,000,정상,176,True
호텔신라,008770,00165680,2018,반기보고서,11012,OFS,000,정상,138,True
호텔신라,008770,00165680,2018,분기보고서_1분기,11013,CFS,000,정상,162,True
호텔신라,008770,00165680,2018,분기보고서_1분기,11013,OFS,000,정상,129,True
호텔신라,008770,00165680,2018,분기보고서_3분기,11014,CFS,000,정상,179,True
호텔신라,008770,00165680,2018,분기보고서_3분기,11014,OFS,000,정상,139,True
호텔신라,008770,00165680,2018,사업보고서,11011,CFS,000,정상,201,True
호텔신라,008770,00165680,2018,사업보고서,11011,OFS,000,정상,157,True
호텔신라,008770,00165680,2019,반기보고서,11012,CFS,000,정상,174,True
호텔신라,008770,00165680,2019,반기보고서,11012,OFS,000,정상,132,True
호텔신라,008770,00165680,2019,분기보고서_1분기,11013,CFS,000,정상,165,True
호텔신라,008770,00165680,2019,분기보고서_1분기,11013,OFS,000,정상,126,True
호텔신라,008770,00165680,2019,분기보고서_3분기,11014,CFS,000,정상,177,True
호텔신라,008770,00165680,2019,분기보고서_3분기,11014,OFS,000,정상,135,True
호텔신라,008770,00165680,2019,사업보고서,11011,CFS,000,정상,184,True
호텔신라,008770,00165680,2019,사업보고서,11011,OFS,000,정상,146,True
호텔신라,008770,00165680,2020,반기보고서,11012,CFS,000,정상,177,True
호텔신라,008770,00165680,2020,반기보고서,11012,OFS,000,정상,138,True
호텔신라,008770,00165680,2020,분기보고서_1분기,11013,CFS,000,정상,167,True
호텔신라,008770,00165680,2020,분기보고서_1분기,11013,OFS,000,정상,130,True
호텔신라,008770,00165680,2020,분기보고서_3분기,11014,CFS,000,정상,177,True
호텔신라,008770,00165680,2020,분기보고서_3분기,11014,OFS,000,정상,138,True
호텔신라,008770,00165680,2020,사업보고서,11011,CFS,000,정상,189,True
호텔신라,008770,00165680,2020,사업보고서,11011,OFS,000,정상,153,True
호텔신라,008770,00165680,2021,반기보고서,11012,CFS,000,정상,181,True
호텔신라,008770,00165680,2021,반기보고서,11012,OFS,000,정상,143,True
호텔신라,008770,00165680,2021,분기보고서_1분기,11013,CFS,000,정상,171,True
호텔신라,008770,00165680,2021,분기보고서_1분기,11013,OFS,000,정상,133,True
호텔신라,008770,00165680,2021,분기보고서_3분기,11014,CFS,000,정상,183,True
호텔신라,008770,00165680,2021,분기보고서_3분기,11014,OFS,000,정상,142,True
호텔신라,008770,00165680,2021,사업보고서,11011,CFS,000,정상,193,True
호텔신라,008770,00165680,2021,사업보고서,11011,OFS,000,정상,154,True
호텔신라,008770,00165680,2022,반기보고서,11012,CFS,000,정상,183,True
호텔신라,008770,00165680,2022,반기보고서,11012,OFS,000,정상,143,True
호텔신라,008770,00165680,2022,분기보고서_1분기,11013,CFS,000,정상,174,True
호텔신라,008770,00165680,2022,분기보고서_1분기,11013,OFS,000,정상,136,True
호텔신라,008770,00165680,2022,분기보고서_3분기,11014,CFS,000,정상,185,True
호텔신라,008770,00165680,2022,분기보고서_3분기,11014,OFS,000,정상,143,True
호텔신라,008770,00165680,2022,사업보고서,11011,CFS,000,정상,196,True
호텔신라,008770,00165680,2022,사업보고서,11011,OFS,000,정상,156,True
호텔신라,008770,00165680,2023,반기보고서,11012,CFS,000,정상,176,True
호텔신라,008770,00165680,2023,반기보고서,11012,OFS,000,정상,152,True
호텔신라,008770,00165680,2023,분기보고서_1분기,11013,CFS,000,정상,174,True
호텔신라,008770,00165680,2023,분기보고서_1분기,11013,OFS,000,정상,134,True
호텔신라,008770,00165680,2023,분기보고서_3분기,11014,CFS,000,정상,204,True
호텔신라,008770,00165680,2023,분기보고서_3분기,11014,OFS,000,정상,149,True
호텔신라,008770,00165680,2023,사업보고서,11011,CFS,000,정상,228,True
호텔신라,008770,00165680,2023,사업보고서,11011,OFS,000,정상,175,True
호텔신라,008770,00165680,2024,반기보고서,11012,CFS,000,정상,204,True
호텔신라,008770,00165680,2024,반기보고서,11012,OFS,000,정상,155,True
호텔신라,008770,00165680,2024,분기보고서_1분기,11013,CFS,000,정상,185,True
호텔신라,008770,00165680,2024,분기보고서_1분기,11013,OFS,000,정상,140,True
호텔신라,008770,00165680,2024,분기보고서_3분기,11014,CFS,000,정상,215,True
호텔신라,008770,00165680,2024,분기보고서_3분기,11014,OFS,000,정상,165,True
호텔신라,008770,00165680,2024,사업보고서,11011,CFS,000,정상,243,True
호텔신라,008770,00165680,2024,사업보고서,11011,OFS,000,정상,194,True
호텔신라,008770,00165680,2025,반기보고서,11012,CFS,000,정상,206,True
호텔신라,008770,00165680,2025,반기보고서,11012,OFS,000,정상,161,True
호텔신라,008770,00165680,2025,분기보고서_1분기,11013,CFS,000,정상,191,True
호텔신라,008770,00165680,2025,분기보고서_1분기,11013,OFS,000,정상,143,True
호텔신라,008770,00165680,2025,분기보고서_3분기,11014,CFS,000,정상,217,True
호텔신라,008770,00165680,2025,분기보고서_3분기,11014,OFS,000,정상,171,True
호텔신라,008770,00165680,2025,사업보고서,11011,CFS,000,정상,236,True
호텔신라,008770,00165680,2025,사업보고서,11011,OFS,000,정상,190,True
