series_id,series_name,frequency,stat_code,stat_name,item_code1,item_name1,item_code2,item_name2,reference_period,value,unit,source
BASE_RATE,한국은행 기준금리,D,722Y001,1.3.1. 한국은행 기준금리 및 여수신금리,0101000,한국은행 기준금리,,,20180101,1.5,연%,ECOS
BASE_RATE,한국은행 기준금리,D,722Y001,1.3.1. 한국은행 기준금리 및 여수신금리,0101000,한국은행 기준금리,,,20180102,1.5,연%,ECOS
BASE_RATE,한국은행 기준금리,D,722Y001,1.3.1. 한국은행 기준금리 및 여수신금리,0101000,한국은행 기준금리,,,20180103,1.5,연%,ECOS
BASE_RATE,한국은행 기준금리,D,722Y001,1.3.1. 한국은행 기준금리 및 여수신금리,0101000,한국은행 기준금리,,,20180104,1.5,연%,ECOS
BASE_RATE,한국은행 기준금리,D,722Y001,1.3.1. 한국은행 기준금리 및 여수신금리,0101000,한국은행 기준금리,,,20180105,1.5,연%,ECOS
BASE_RATE,한국은행 기준금리,D,722Y001,1.3.1. 한국은행 기준금리 및 여수신금리,0101000,한국은행 기준금리,,,20180106,1.5,연%,ECOS
BASE_RATE,한국은행 기준금리,D,722Y001,1.3.1. 한국은행 기준금리 및 여수신금리,0101000,한국은행 기준금리,,,20180107,1.5,연%,ECOS
BASE_RATE,한국은행 기준금리,D,722Y001,1.3.1. 한국은행 기준금리 및 여수신금리,0101000,한국은행 기준금리,,,20180108,1.5,연%,ECOS
BASE_RATE,한국은행 기준금리,D,722Y001,1.3.1. 한국은행 기준금리 및 여수신금리,0101000,한국은행 기준금리,,,20180109,1.5,연%,ECOS
BASE_RATE,한국은행 기준금리,D,722Y001,1.3.1. 한국은행 기준금리 및 여수신금리,0101000,한국은행 기준금리,,,20180110,1.5,연%,ECOS
BASE_RATE,한국은행 기준금리,D,722Y001,1.3.1. 한국은행 기준금리 및 여수신금리,0101000,한국은행 기준금리,,,20180111,1.5,연%,ECOS
BASE_RATE,한국은행 기준금리,D,722Y001,1.3.1. 한국은행 기준금리 및 여수신금리,0101000,한국은행 기준금리,,,20180112,1.5,연%,ECOS
BASE_RATE,한국은행 기준금리,D,722Y001,1.3.1. 한국은행 기준금리 및 여수신금리,0101000,한국은행 기준금리,,,20180113,1.5,연%,ECOS
BASE_RATE,한국은행 기준금리,D,722Y001,1.3.1. 한국은행 기준금리 및 여수신금리,0101000,한국은행 기준금리,,,20180114,1.5,연%,ECOS
BASE_RATE,한국은행 기준금리,D,722Y001,1.3.1. 한국은행 기준금리 및 여수신금리,0101000,한국은행 기준금리,,,20180115,1.5,연%,ECOS
BASE_RATE,한국은행 기준금리,D,722Y001,1.3.1. 한국은행 기준금리 및 여수신금리,0101000,한국은행 기준금리,,,20180116,1.5,연%,ECOS
BASE_RATE,한국은행 기준금리,D,722Y001,1.3.1. 한국은행 기준금리 및 여수신금리,0101000,한국은행 기준금리,,,20180117,1.5,연%,ECOS
BASE_RATE,한국은행 기준금리,D,722Y001,1.3.1. 한국은행 기준금리 및 여수신금리,0101000,한국은행 기준금리,,,20180118,1.5,연%,ECOS
BASE_RATE,한국은행 기준금리,D,722Y001,1.3.1. 한국은행 기준금리 및 여수신금리,0101000,한국은행 기준금리,,,20180119,1.5,연%,ECOS
BASE_RATE,한국은행 기준금리,D,722Y001,1.3.1. 한국은행 기준금리 및 여수신금리,0101000,한국은행 기준금리,,,20180120,1.5,연%,ECOS
BASE_RATE,한국은행 기준금리,D,722Y001,1.3.1. 한국은행 기준금리 및 여수신금리,0101000,한국은행 기준금리,,,20180121,1.5,연%,ECOS
BASE_RATE,한국은행 기준금리,D,722Y001,1.3.1. 한국은행 기준금리 및 여수신금리,0101000,한국은행 기준금리,,,20180122,1.5,연%,ECOS
BASE_RATE,한국은행 기준금리,D,722Y001,1.3.1. 한국은행 기준금리 및 여수신금리,0101000,한국은행 기준금리,,,20180123,1.5,연%,ECOS
BASE_RATE,한국은행 기준금리,D,722Y001,1.3.1. 한국은행 기준금리 및 여수신금리,0101000,한국은행 기준금리,,,20180124,1.5,연%,ECOS
BASE_RATE,한국은행 기준금리,D,722Y001,1.3.1. 한국은행 기준금리 및 여수신금리,0101000,한국은행 기준금리,,,20180125,1.5,연%,ECOS
BASE_RATE,한국은행 기준금리,D,722Y001,1.3.1. 한국은행 기준금리 및 여수신금리,0101000,한국은행 기준금리,,,20180126,1.5,연%,ECOS
BASE_RATE,한국은행 기준금리,D,722Y001,1.3.1. 한국은행 기준금리 및 여수신금리,0101000,한국은행 기준금리,,,20180127,1.5,연%,ECOS
BASE_RATE,한국은행 기준금리,D,722Y001,1.3.1. 한국은행 기준금리 및 여수신금리,0101000,한국은행 기준금리,,,20180128,1.5,연%,ECOS
BASE_RATE,한국은행 기준금리,D,722Y001,1.3.1. 한국은행 기준금리 및 여수신금리,0101000,한국은행 기준금리,,,20180129,1.5,연%,ECOS
BASE_RATE,한국은행 기준금리,D,722Y001,1.3.1. 한국은행 기준금리 및 여수신금리,0101000,한국은행 기준금리,,,20180130,1.5,연%,ECOS
BASE_RATE,한국은행 기준금리,D,722Y001,1.3.1. 한국은행 기준금리 및 여수신금리,0101000,한국은행 기준금리,,,20180131,1.5,연%,ECOS
BASE_RATE,한국은행 기준금리,D,722Y001,1.3.1. 한국은행 기준금리 및 여수신금리,0101000,한국은행 기준금리,,,20180201,1.5,연%,ECOS
BASE_RATE,한국은행 기준금리,D,722Y001,1.3.1. 한국은행 기준금리 및 여수신금리,0101000,한국은행 기준금리,,,20180202,1.5,연%,ECOS
BASE_RATE,한국은행 기준금리,D,722Y001,1.3.1. 한국은행 기준금리 및 여수신금리,0101000,한국은행 기준금리,,,20180203,1.5,연%,ECOS
BASE_RATE,한국은행 기준금리,D,722Y001,1.3.1. 한국은행 기준금리 및 여수신금리,0101000,한국은행 기준금리,,,20180204,1.5,연%,ECOS
BASE_RATE,한국은행 기준금리,D,722Y001,1.3.1. 한국은행 기준금리 및 여수신금리,0101000,한국은행 기준금리,,,20180205,1.5,연%,ECOS
BASE_RATE,한국은행 기준금리,D,722Y001,1.3.1. 한국은행 기준금리 및 여수신금리,0101000,한국은행 기준금리,,,20180206,1.5,연%,ECOS
BASE_RATE,한국은행 기준금리,D,722Y001,1.3.1. 한국은행 기준금리 및 여수신금리,0101000,한국은행 기준금리,,,20180207,1.5,연%,ECOS
BASE_RATE,한국은행 기준금리,D,722Y001,1.3.1. 한국은행 기준금리 및 여수신금리,0101000,한국은행 기준금리,,,20180208,1.5,연%,ECOS
BASE_RATE,한국은행 기준금리,D,722Y001,1.3.1. 한국은행 기준금리 및 여수신금리,0101000,한국은행 기준금리,,,20180209,1.5,연%,ECOS
BASE_RATE,한국은행 기준금리,D,722Y001,1.3.1. 한국은행 기준금리 및 여수신금리,0101000,한국은행 기준금리,,,20180210,1.5,연%,ECOS
BASE_RATE,한국은행 기준금리,D,722Y001,1.3.1. 한국은행 기준금리 및 여수신금리,0101000,한국은행 기준금리,,,20180211,1.5,연%,ECOS
BASE_RATE,한국은행 기준금리,D,722Y001,1.3.1. 한국은행 기준금리 및 여수신금리,0101000,한국은행 기준금리,,,20180212,1.5,연%,ECOS
BASE_RATE,한국은행 기준금리,D,722Y001,1.3.1. 한국은행 기준금리 및 여수신금리,0101000,한국은행 기준금리,,,20180213,1.5,연%,ECOS
BASE_RATE,한국은행 기준금리,D,722Y001,1.3.1. 한국은행 기준금리 및 여수신금리,0101000,한국은행 기준금리,,,20180214,1.5,연%,ECOS
BASE_RATE,한국은행 기준금리,D,722Y001,1.3.1. 한국은행 기준금리 및 여수신금리,0101000,한국은행 기준금리,,,20180215,1.5,연%,ECOS
BASE_RATE,한국은행 기준금리,D,722Y001,1.3.1. 한국은행 기준금리 및 여수신금리,0101000,한국은행 기준금리,,,20180216,1.5,연%,ECOS
BASE_RATE,한국은행 기준금리,D,722Y001,1.3.1. 한국은행 기준금리 및 여수신금리,0101000,한국은행 기준금리,,,20180217,1.5,연%,ECOS
BASE_RATE,한국은행 기준금리,D,722Y001,1.3.1. 한국은행 기준금리 및 여수신금리,0101000,한국은행 기준금리,,,20180218,1.5,연%,ECOS
BASE_RATE,한국은행 기준금리,D,722Y001,1.3.1. 한국은행 기준금리 및 여수신금리,0101000,한국은행 기준금리,,,20180219,1.5,연%,ECOS
BASE_RATE,한국은행 기준금리,D,722Y001,1.3.1. 한국은행 기준금리 및 여수신금리,0101000,한국은행 기준금리,,,20180220,1.5,연%,ECOS
BASE_RATE,한국은행 기준금리,D,722Y001,1.3.1. 한국은행 기준금리 및 여수신금리,0101000,한국은행 기준금리,,,20180221,1.5,연%,ECOS
BASE_RATE,한국은행 기준금리,D,722Y001,1.3.1. 한국은행 기준금리 및 여수신금리,0101000,한국은행 기준금리,,,20180222,1.5,연%,ECOS
BASE_RATE,한국은행 기준금리,D,722Y001,1.3.1. 한국은행 기준금리 및 여수신금리,0101000,한국은행 기준금리,,,20180223,1.5,연%,ECOS
BASE_RATE,한국은행 기준금리,D,722Y001,1.3.1. 한국은행 기준금리 및 여수신금리,0101000,한국은행 기준금리,,,20180224,1.5,연%,ECOS
BASE_RATE,한국은행 기준금리,D,722Y001,1.3.1. 한국은행 기준금리 및 여수신금리,0101000,한국은행 기준금리,,,20180225,1.5,연%,ECOS
BASE_RATE,한국은행 기준금리,D,722Y001,1.3.1. 한국은행 기준금리 및 여수신금리,0101000,한국은행 기준금리,,,20180226,1.5,연%,ECOS
BASE_RATE,한국은행 기준금리,D,722Y001,1.3.1. 한국은행 기준금리 및 여수신금리,0101000,한국은행 기준금리,,,20180227,1.5,연%,ECOS
BASE_RATE,한국은행 기준금리,D,722Y001,1.3.1. 한국은행 기준금리 및 여수신금리,0101000,한국은행 기준금리,,,20180228,1.5,연%,ECOS
BASE_RATE,한국은행 기준금리,D,722Y001,1.3.1. 한국은행 기준금리 및 여수신금리,0101000,한국은행 기준금리,,,20180301,1.5,연%,ECOS
BASE_RATE,한국은행 기준금리,D,722Y001,1.3.1. 한국은행 기준금리 및 여수신금리,0101000,한국은행 기준금리,,,20180302,1.5,연%,ECOS
BASE_RATE,한국은행 기준금리,D,722Y001,1.3.1. 한국은행 기준금리 및 여수신금리,0101000,한국은행 기준금리,,,20180303,1.5,연%,ECOS
BASE_RATE,한국은행 기준금리,D,722Y001,1.3.1. 한국은행 기준금리 및 여수신금리,0101000,한국은행 기준금리,,,20180304,1.5,연%,ECOS
BASE_RATE,한국은행 기준금리,D,722Y001,1.3.1. 한국은행 기준금리 및 여수신금리,0101000,한국은행 기준금리,,,20180305,1.5,연%,ECOS
BASE_RATE,한국은행 기준금리,D,722Y001,1.3.1. 한국은행 기준금리 및 여수신금리,0101000,한국은행 기준금리,,,20180306,1.5,연%,ECOS
BASE_RATE,한국은행 기준금리,D,722Y001,1.3.1. 한국은행 기준금리 및 여수신금리,0101000,한국은행 기준금리,,,20180307,1.5,연%,ECOS
BASE_RATE,한국은행 기준금리,D,722Y001,1.3.1. 한국은행 기준금리 및 여수신금리,0101000,한국은행 기준금리,,,20180308,1.5,연%,ECOS
BASE_RATE,한국은행 기준금리,D,722Y001,1.3.1. 한국은행 기준금리 및 여수신금리,0101000,한국은행 기준금리,,,20180309,1.5,연%,ECOS
BASE_RATE,한국은행 기준금리,D,722Y001,1.3.1. 한국은행 기준금리 및 여수신금리,0101000,한국은행 기준금리,,,20180310,1.5,연%,ECOS
BASE_RATE,한국은행 기준금리,D,722Y001,1.3.1. 한국은행 기준금리 및 여수신금리,0101000,한국은행 기준금리,,,20180311,1.5,연%,ECOS
BASE_RATE,한국은행 기준금리,D,722Y001,1.3.1. 한국은행 기준금리 및 여수신금리,0101000,한국은행 기준금리,,,20180312,1.5,연%,ECOS
BASE_RATE,한국은행 기준금리,D,722Y001,1.3.1. 한국은행 기준금리 및 여수신금리,0101000,한국은행 기준금리,,,20180313,1.5,연%,ECOS
BASE_RATE,한국은행 기준금리,D,722Y001,1.3.1. 한국은행 기준금리 및 여수신금리,0101000,한국은행 기준금리,,,20180314,1.5,연%,ECOS
BASE_RATE,한국은행 기준금리,D,722Y001,1.3.1. 한국은행 기준금리 및 여수신금리,0101000,한국은행 기준금리,,,20180315,1.5,연%,ECOS
BASE_RATE,한국은행 기준금리,D,722Y001,1.3.1. 한국은행 기준금리 및 여수신금리,0101000,한국은행 기준금리,,,20180316,1.5,연%,ECOS
BASE_RATE,한국은행 기준금리,D,722Y001,1.3.1. 한국은행 기준금리 및 여수신금리,0101000,한국은행 기준금리,,,20180317,1.5,연%,ECOS
BASE_RATE,한국은행 기준금리,D,722Y001,1.3.1. 한국은행 기준금리 및 여수신금리,0101000,한국은행 기준금리,,,20180318,1.5,연%,ECOS
BASE_RATE,한국은행 기준금리,D,722Y001,1.3.1. 한국은행 기준금리 및 여수신금리,0101000,한국은행 기준금리,,,20180319,1.5,연%,ECOS
BASE_RATE,한국은행 기준금리,D,722Y001,1.3.1. 한국은행 기준금리 및 여수신금리,0101000,한국은행 기준금리,,,20180320,1.5,연%,ECOS
BASE_RATE,한국은행 기준금리,D,722Y001,1.3.1. 한국은행 기준금리 및 여수신금리,0101000,한국은행 기준금리,,,20180321,1.5,연%,ECOS
BASE_RATE,한국은행 기준금리,D,722Y001,1.3.1. 한국은행 기준금리 및 여수신금리,0101000,한국은행 기준금리,,,20180322,1.5,연%,ECOS
BASE_RATE,한국은행 기준금리,D,722Y001,1.3.1. 한국은행 기준금리 및 여수신금리,0101000,한국은행 기준금리,,,20180323,1.5,연%,ECOS
BASE_RATE,한국은행 기준금리,D,722Y001,1.3.1. 한국은행 기준금리 및 여수신금리,0101000,한국은행 기준금리,,,20180324,1.5,연%,ECOS
BASE_RATE,한국은행 기준금리,D,722Y001,1.3.1. 한국은행 기준금리 및 여수신금리,0101000,한국은행 기준금리,,,20180325,1.5,연%,ECOS
BASE_RATE,한국은행 기준금리,D,722Y001,1.3.1. 한국은행 기준금리 및 여수신금리,0101000,한국은행 기준금리,,,20180326,1.5,연%,ECOS
BASE_RATE,한국은행 기준금리,D,722Y001,1.3.1. 한국은행 기준금리 및 여수신금리,0101000,한국은행 기준금리,,,20180327,1.5,연%,ECOS
BASE_RATE,한국은행 기준금리,D,722Y001,1.3.1. 한국은행 기준금리 및 여수신금리,0101000,한국은행 기준금리,,,20180328,1.5,연%,ECOS
BASE_RATE,한국은행 기준금리,D,722Y001,1.3.1. 한국은행 기준금리 및 여수신금리,0101000,한국은행 기준금리,,,20180329,1.5,연%,ECOS
BASE_RATE,한국은행 기준금리,D,722Y001,1.3.1. 한국은행 기준금리 및 여수신금리,0101000,한국은행 기준금리,,,20180330,1.5,연%,ECOS
BASE_RATE,한국은행 기준금리,D,722Y001,1.3.1. 한국은행 기준금리 및 여수신금리,0101000,한국은행 기준금리,,,20180331,1.5,연%,ECOS
BASE_RATE,한국은행 기준금리,D,722Y001,1.3.1. 한국은행 기준금리 및 여수신금리,0101000,한국은행 기준금리,,,20180401,1.5,연%,ECOS
BASE_RATE,한국은행 기준금리,D,722Y001,1.3.1. 한국은행 기준금리 및 여수신금리,0101000,한국은행 기준금리,,,20180402,1.5,연%,ECOS
BASE_RATE,한국은행 기준금리,D,722Y001,1.3.1. 한국은행 기준금리 및 여수신금리,0101000,한국은행 기준금리,,,20180403,1.5,연%,ECOS
BASE_RATE,한국은행 기준금리,D,722Y001,1.3.1. 한국은행 기준금리 및 여수신금리,0101000,한국은행 기준금리,,,20180404,1.5,연%,ECOS
BASE_RATE,한국은행 기준금리,D,722Y001,1.3.1. 한국은행 기준금리 및 여수신금리,0101000,한국은행 기준금리,,,20180405,1.5,연%,ECOS
BASE_RATE,한국은행 기준금리,D,722Y001,1.3.1. 한국은행 기준금리 및 여수신금리,0101000,한국은행 기준금리,,,20180406,1.5,연%,ECOS
BASE_RATE,한국은행 기준금리,D,722Y001,1.3.1. 한국은행 기준금리 및 여수신금리,0101000,한국은행 기준금리,,,20180407,1.5,연%,ECOS
BASE_RATE,한국은행 기준금리,D,722Y001,1.3.1. 한국은행 기준금리 및 여수신금리,0101000,한국은행 기준금리,,,20180408,1.5,연%,ECOS
BASE_RATE,한국은행 기준금리,D,722Y001,1.3.1. 한국은행 기준금리 및 여수신금리,0101000,한국은행 기준금리,,,20180409,1.5,연%,ECOS
BASE_RATE,한국은행 기준금리,D,722Y001,1.3.1. 한국은행 기준금리 및 여수신금리,0101000,한국은행 기준금리,,,20180410,1.5,연%,ECOS
BASE_RATE,한국은행 기준금리,D,722Y001,1.3.1. 한국은행 기준금리 및 여수신금리,0101000,한국은행 기준금리,,,20180411,1.5,연%,ECOS
BASE_RATE,한국은행 기준금리,D,722Y001,1.3.1. 한국은행 기준금리 및 여수신금리,0101000,한국은행 기준금리,,,20180412,1.5,연%,ECOS
BASE_RATE,한국은행 기준금리,D,722Y001,1.3.1. 한국은행 기준금리 및 여수신금리,0101000,한국은행 기준금리,,,20180413,1.5,연%,ECOS
BASE_RATE,한국은행 기준금리,D,722Y001,1.3.1. 한국은행 기준금리 및 여수신금리,0101000,한국은행 기준금리,,,20180414,1.5,연%,ECOS
BASE_RATE,한국은행 기준금리,D,722Y001,1.3.1. 한국은행 기준금리 및 여수신금리,0101000,한국은행 기준금리,,,20180415,1.5,연%,ECOS
BASE_RATE,한국은행 기준금리,D,722Y001,1.3.1. 한국은행 기준금리 및 여수신금리,0101000,한국은행 기준금리,,,20180416,1.5,연%,ECOS
BASE_RATE,한국은행 기준금리,D,722Y001,1.3.1. 한국은행 기준금리 및 여수신금리,0101000,한국은행 기준금리,,,20180417,1.5,연%,ECOS
BASE_RATE,한국은행 기준금리,D,722Y001,1.3.1. 한국은행 기준금리 및 여수신금리,0101000,한국은행 기준금리,,,20180418,1.5,연%,ECOS
BASE_RATE,한국은행 기준금리,D,722Y001,1.3.1. 한국은행 기준금리 및 여수신금리,0101000,한국은행 기준금리,,,20180419,1.5,연%,ECOS
BASE_RATE,한국은행 기준금리,D,722Y001,1.3.1. 한국은행 기준금리 및 여수신금리,0101000,한국은행 기준금리,,,20180420,1.5,연%,ECOS
BASE_RATE,한국은행 기준금리,D,722Y001,1.3.1. 한국은행 기준금리 및 여수신금리,0101000,한국은행 기준금리,,,20180421,1.5,연%,ECOS
BASE_RATE,한국은행 기준금리,D,722Y001,1.3.1. 한국은행 기준금리 및 여수신금리,0101000,한국은행 기준금리,,,20180422,1.5,연%,ECOS
BASE_RATE,한국은행 기준금리,D,722Y001,1.3.1. 한국은행 기준금리 및 여수신금리,0101000,한국은행 기준금리,,,20180423,1.5,연%,ECOS
BASE_RATE,한국은행 기준금리,D,722Y001,1.3.1. 한국은행 기준금리 및 여수신금리,0101000,한국은행 기준금리,,,20180424,1.5,연%,ECOS
BASE_RATE,한국은행 기준금리,D,722Y001,1.3.1. 한국은행 기준금리 및 여수신금리,0101000,한국은행 기준금리,,,20180425,1.5,연%,ECOS
BASE_RATE,한국은행 기준금리,D,722Y001,1.3.1. 한국은행 기준금리 및 여수신금리,0101000,한국은행 기준금리,,,20180426,1.5,연%,ECOS
BASE_RATE,한국은행 기준금리,D,722Y001,1.3.1. 한국은행 기준금리 및 여수신금리,0101000,한국은행 기준금리,,,20180427,1.5,연%,ECOS
BASE_RATE,한국은행 기준금리,D,722Y001,1.3.1. 한국은행 기준금리 및 여수신금리,0101000,한국은행 기준금리,,,20180428,1.5,연%,ECOS
BASE_RATE,한국은행 기준금리,D,722Y001,1.3.1. 한국은행 기준금리 및 여수신금리,0101000,한국은행 기준금리,,,20180429,1.5,연%,ECOS
BASE_RATE,한국은행 기준금리,D,722Y001,1.3.1. 한국은행 기준금리 및 여수신금리,0101000,한국은행 기준금리,,,20180430,1.5,연%,ECOS
BASE_RATE,한국은행 기준금리,D,722Y001,1.3.1. 한국은행 기준금리 및 여수신금리,0101000,한국은행 기준금리,,,20180501,1.5,연%,ECOS
BASE_RATE,한국은행 기준금리,D,722Y001,1.3.1. 한국은행 기준금리 및 여수신금리,0101000,한국은행 기준금리,,,20180502,1.5,연%,ECOS
BASE_RATE,한국은행 기준금리,D,722Y001,1.3.1. 한국은행 기준금리 및 여수신금리,0101000,한국은행 기준금리,,,20180503,1.5,연%,ECOS
BASE_RATE,한국은행 기준금리,D,722Y001,1.3.1. 한국은행 기준금리 및 여수신금리,0101000,한국은행 기준금리,,,20180504,1.5,연%,ECOS
BASE_RATE,한국은행 기준금리,D,722Y001,1.3.1. 한국은행 기준금리 및 여수신금리,0101000,한국은행 기준금리,,,20180505,1.5,연%,ECOS
BASE_RATE,한국은행 기준금리,D,722Y001,1.3.1. 한국은행 기준금리 및 여수신금리,0101000,한국은행 기준금리,,,20180506,1.5,연%,ECOS
BASE_RATE,한국은행 기준금리,D,722Y001,1.3.1. 한국은행 기준금리 및 여수신금리,0101000,한국은행 기준금리,,,20180507,1.5,연%,ECOS
BASE_RATE,한국은행 기준금리,D,722Y001,1.3.1. 한국은행 기준금리 및 여수신금리,0101000,한국은행 기준금리,,,20180508,1.5,연%,ECOS
BASE_RATE,한국은행 기준금리,D,722Y001,1.3.1. 한국은행 기준금리 및 여수신금리,0101000,한국은행 기준금리,,,20180509,1.5,연%,ECOS
BASE_RATE,한국은행 기준금리,D,722Y001,1.3.1. 한국은행 기준금리 및 여수신금리,0101000,한국은행 기준금리,,,20180510,1.5,연%,ECOS
BASE_RATE,한국은행 기준금리,D,722Y001,1.3.1. 한국은행 기준금리 및 여수신금리,0101000,한국은행 기준금리,,,20180511,1.5,연%,ECOS
BASE_RATE,한국은행 기준금리,D,722Y001,1.3.1. 한국은행 기준금리 및 여수신금리,0101000,한국은행 기준금리,,,20180512,1.5,연%,ECOS
BASE_RATE,한국은행 기준금리,D,722Y001,1.3.1. 한국은행 기준금리 및 여수신금리,0101000,한국은행 기준금리,,,20180513,1.5,연%,ECOS
BASE_RATE,한국은행 기준금리,D,722Y001,1.3.1. 한국은행 기준금리 및 여수신금리,0101000,한국은행 기준금리,,,20180514,1.5,연%,ECOS
BASE_RATE,한국은행 기준금리,D,722Y001,1.3.1. 한국은행 기준금리 및 여수신금리,0101000,한국은행 기준금리,,,20180515,1.5,연%,ECOS
BASE_RATE,한국은행 기준금리,D,722Y001,1.3.1. 한국은행 기준금리 및 여수신금리,0101000,한국은행 기준금리,,,20180516,1.5,연%,ECOS
BASE_RATE,한국은행 기준금리,D,722Y001,1.3.1. 한국은행 기준금리 및 여수신금리,0101000,한국은행 기준금리,,,20180517,1.5,연%,ECOS
BASE_RATE,한국은행 기준금리,D,722Y001,1.3.1. 한국은행 기준금리 및 여수신금리,0101000,한국은행 기준금리,,,20180518,1.5,연%,ECOS
BASE_RATE,한국은행 기준금리,D,722Y001,1.3.1. 한국은행 기준금리 및 여수신금리,0101000,한국은행 기준금리,,,20180519,1.5,연%,ECOS
BASE_RATE,한국은행 기준금리,D,722Y001,1.3.1. 한국은행 기준금리 및 여수신금리,0101000,한국은행 기준금리,,,20180520,1.5,연%,ECOS
BASE_RATE,한국은행 기준금리,D,722Y001,1.3.1. 한국은행 기준금리 및 여수신금리,0101000,한국은행 기준금리,,,20180521,1.5,연%,ECOS
BASE_RATE,한국은행 기준금리,D,722Y001,1.3.1. 한국은행 기준금리 및 여수신금리,0101000,한국은행 기준금리,,,20180522,1.5,연%,ECOS
BASE_RATE,한국은행 기준금리,D,722Y001,1.3.1. 한국은행 기준금리 및 여수신금리,0101000,한국은행 기준금리,,,20180523,1.5,연%,ECOS
BASE_RATE,한국은행 기준금리,D,722Y001,1.3.1. 한국은행 기준금리 및 여수신금리,0101000,한국은행 기준금리,,,20180524,1.5,연%,ECOS
BASE_RATE,한국은행 기준금리,D,722Y001,1.3.1. 한국은행 기준금리 및 여수신금리,0101000,한국은행 기준금리,,,20180525,1.5,연%,ECOS
BASE_RATE,한국은행 기준금리,D,722Y001,1.3.1. 한국은행 기준금리 및 여수신금리,0101000,한국은행 기준금리,,,20180526,1.5,연%,ECOS
BASE_RATE,한국은행 기준금리,D,722Y001,1.3.1. 한국은행 기준금리 및 여수신금리,0101000,한국은행 기준금리,,,20180527,1.5,연%,ECOS
BASE_RATE,한국은행 기준금리,D,722Y001,1.3.1. 한국은행 기준금리 및 여수신금리,0101000,한국은행 기준금리,,,20180528,1.5,연%,ECOS
BASE_RATE,한국은행 기준금리,D,722Y001,1.3.1. 한국은행 기준금리 및 여수신금리,0101000,한국은행 기준금리,,,20180529,1.5,연%,ECOS
BASE_RATE,한국은행 기준금리,D,722Y001,1.3.1. 한국은행 기준금리 및 여수신금리,0101000,한국은행 기준금리,,,20180530,1.5,연%,ECOS
BASE_RATE,한국은행 기준금리,D,722Y001,1.3.1. 한국은행 기준금리 및 여수신금리,0101000,한국은행 기준금리,,,20180531,1.5,연%,ECOS
BASE_RATE,한국은행 기준금리,D,722Y001,1.3.1. 한국은행 기준금리 및 여수신금리,0101000,한국은행 기준금리,,,20180601,1.5,연%,ECOS
BASE_RATE,한국은행 기준금리,D,722Y001,1.3.1. 한국은행 기준금리 및 여수신금리,0101000,한국은행 기준금리,,,20180602,1.5,연%,ECOS
BASE_RATE,한국은행 기준금리,D,722Y001,1.3.1. 한국은행 기준금리 및 여수신금리,0101000,한국은행 기준금리,,,20180603,1.5,연%,ECOS
BASE_RATE,한국은행 기준금리,D,722Y001,1.3.1. 한국은행 기준금리 및 여수신금리,0101000,한국은행 기준금리,,,20180604,1.5,연%,ECOS
BASE_RATE,한국은행 기준금리,D,722Y001,1.3.1. 한국은행 기준금리 및 여수신금리,0101000,한국은행 기준금리,,,20180605,1.5,연%,ECOS
BASE_RATE,한국은행 기준금리,D,722Y001,1.3.1. 한국은행 기준금리 및 여수신금리,0101000,한국은행 기준금리,,,20180606,1.5,연%,ECOS
BASE_RATE,한국은행 기준금리,D,722Y001,1.3.1. 한국은행 기준금리 및 여수신금리,0101000,한국은행 기준금리,,,20180607,1.5,연%,ECOS
BASE_RATE,한국은행 기준금리,D,722Y001,1.3.1. 한국은행 기준금리 및 여수신금리,0101000,한국은행 기준금리,,,20180608,1.5,연%,ECOS
BASE_RATE,한국은행 기준금리,D,722Y001,1.3.1. 한국은행 기준금리 및 여수신금리,0101000,한국은행 기준금리,,,20180609,1.5,연%,ECOS
BASE_RATE,한국은행 기준금리,D,722Y001,1.3.1. 한국은행 기준금리 및 여수신금리,0101000,한국은행 기준금리,,,20180610,1.5,연%,ECOS
BASE_RATE,한국은행 기준금리,D,722Y001,1.3.1. 한국은행 기준금리 및 여수신금리,0101000,한국은행 기준금리,,,20180611,1.5,연%,ECOS
BASE_RATE,한국은행 기준금리,D,722Y001,1.3.1. 한국은행 기준금리 및 여수신금리,0101000,한국은행 기준금리,,,20180612,1.5,연%,ECOS
BASE_RATE,한국은행 기준금리,D,722Y001,1.3.1. 한국은행 기준금리 및 여수신금리,0101000,한국은행 기준금리,,,20180613,1.5,연%,ECOS
BASE_RATE,한국은행 기준금리,D,722Y001,1.3.1. 한국은행 기준금리 및 여수신금리,0101000,한국은행 기준금리,,,20180614,1.5,연%,ECOS
BASE_RATE,한국은행 기준금리,D,722Y001,1.3.1. 한국은행 기준금리 및 여수신금리,0101000,한국은행 기준금리,,,20180615,1.5,연%,ECOS
BASE_RATE,한국은행 기준금리,D,722Y001,1.3.1. 한국은행 기준금리 및 여수신금리,0101000,한국은행 기준금리,,,20180616,1.5,연%,ECOS
BASE_RATE,한국은행 기준금리,D,722Y001,1.3.1. 한국은행 기준금리 및 여수신금리,0101000,한국은행 기준금리,,,20180617,1.5,연%,ECOS
BASE_RATE,한국은행 기준금리,D,722Y001,1.3.1. 한국은행 기준금리 및 여수신금리,0101000,한국은행 기준금리,,,20180618,1.5,연%,ECOS
BASE_RATE,한국은행 기준금리,D,722Y001,1.3.1. 한국은행 기준금리 및 여수신금리,0101000,한국은행 기준금리,,,20180619,1.5,연%,ECOS
BASE_RATE,한국은행 기준금리,D,722Y001,1.3.1. 한국은행 기준금리 및 여수신금리,0101000,한국은행 기준금리,,,20180620,1.5,연%,ECOS
BASE_RATE,한국은행 기준금리,D,722Y001,1.3.1. 한국은행 기준금리 및 여수신금리,0101000,한국은행 기준금리,,,20180621,1.5,연%,ECOS
BASE_RATE,한국은행 기준금리,D,722Y001,1.3.1. 한국은행 기준금리 및 여수신금리,0101000,한국은행 기준금리,,,20180622,1.5,연%,ECOS
BASE_RATE,한국은행 기준금리,D,722Y001,1.3.1. 한국은행 기준금리 및 여수신금리,0101000,한국은행 기준금리,,,20180623,1.5,연%,ECOS
BASE_RATE,한국은행 기준금리,D,722Y001,1.3.1. 한국은행 기준금리 및 여수신금리,0101000,한국은행 기준금리,,,20180624,1.5,연%,ECOS
BASE_RATE,한국은행 기준금리,D,722Y001,1.3.1. 한국은행 기준금리 및 여수신금리,0101000,한국은행 기준금리,,,20180625,1.5,연%,ECOS
BASE_RATE,한국은행 기준금리,D,722Y001,1.3.1. 한국은행 기준금리 및 여수신금리,0101000,한국은행 기준금리,,,20180626,1.5,연%,ECOS
BASE_RATE,한국은행 기준금리,D,722Y001,1.3.1. 한국은행 기준금리 및 여수신금리,0101000,한국은행 기준금리,,,20180627,1.5,연%,ECOS
BASE_RATE,한국은행 기준금리,D,722Y001,1.3.1. 한국은행 기준금리 및 여수신금리,0101000,한국은행 기준금리,,,20180628,1.5,연%,ECOS
BASE_RATE,한국은행 기준금리,D,722Y001,1.3.1. 한국은행 기준금리 및 여수신금리,0101000,한국은행 기준금리,,,20180629,1.5,연%,ECOS
BASE_RATE,한국은행 기준금리,D,722Y001,1.3.1. 한국은행 기준금리 및 여수신금리,0101000,한국은행 기준금리,,,20180630,1.5,연%,ECOS
BASE_RATE,한국은행 기준금리,D,722Y001,1.3.1. 한국은행 기준금리 및 여수신금리,0101000,한국은행 기준금리,,,20180701,1.5,연%,ECOS
BASE_RATE,한국은행 기준금리,D,722Y001,1.3.1. 한국은행 기준금리 및 여수신금리,0101000,한국은행 기준금리,,,20180702,1.5,연%,ECOS
BASE_RATE,한국은행 기준금리,D,722Y001,1.3.1. 한국은행 기준금리 및 여수신금리,0101000,한국은행 기준금리,,,20180703,1.5,연%,ECOS
BASE_RATE,한국은행 기준금리,D,722Y001,1.3.1. 한국은행 기준금리 및 여수신금리,0101000,한국은행 기준금리,,,20180704,1.5,연%,ECOS
BASE_RATE,한국은행 기준금리,D,722Y001,1.3.1. 한국은행 기준금리 및 여수신금리,0101000,한국은행 기준금리,,,20180705,1.5,연%,ECOS
BASE_RATE,한국은행 기준금리,D,722Y001,1.3.1. 한국은행 기준금리 및 여수신금리,0101000,한국은행 기준금리,,,20180706,1.5,연%,ECOS
BASE_RATE,한국은행 기준금리,D,722Y001,1.3.1. 한국은행 기준금리 및 여수신금리,0101000,한국은행 기준금리,,,20180707,1.5,연%,ECOS
BASE_RATE,한국은행 기준금리,D,722Y001,1.3.1. 한국은행 기준금리 및 여수신금리,0101000,한국은행 기준금리,,,20180708,1.5,연%,ECOS
BASE_RATE,한국은행 기준금리,D,722Y001,1.3.1. 한국은행 기준금리 및 여수신금리,0101000,한국은행 기준금리,,,20180709,1.5,연%,ECOS
BASE_RATE,한국은행 기준금리,D,722Y001,1.3.1. 한국은행 기준금리 및 여수신금리,0101000,한국은행 기준금리,,,20180710,1.5,연%,ECOS
BASE_RATE,한국은행 기준금리,D,722Y001,1.3.1. 한국은행 기준금리 및 여수신금리,0101000,한국은행 기준금리,,,20180711,1.5,연%,ECOS
BASE_RATE,한국은행 기준금리,D,722Y001,1.3.1. 한국은행 기준금리 및 여수신금리,0101000,한국은행 기준금리,,,20180712,1.5,연%,ECOS
BASE_RATE,한국은행 기준금리,D,722Y001,1.3.1. 한국은행 기준금리 및 여수신금리,0101000,한국은행 기준금리,,,20180713,1.5,연%,ECOS
BASE_RATE,한국은행 기준금리,D,722Y001,1.3.1. 한국은행 기준금리 및 여수신금리,0101000,한국은행 기준금리,,,20180714,1.5,연%,ECOS
BASE_RATE,한국은행 기준금리,D,722Y001,1.3.1. 한국은행 기준금리 및 여수신금리,0101000,한국은행 기준금리,,,20180715,1.5,연%,ECOS
BASE_RATE,한국은행 기준금리,D,722Y001,1.3.1. 한국은행 기준금리 및 여수신금리,0101000,한국은행 기준금리,,,20180716,1.5,연%,ECOS
BASE_RATE,한국은행 기준금리,D,722Y001,1.3.1. 한국은행 기준금리 및 여수신금리,0101000,한국은행 기준금리,,,20180717,1.5,연%,ECOS
BASE_RATE,한국은행 기준금리,D,722Y001,1.3.1. 한국은행 기준금리 및 여수신금리,0101000,한국은행 기준금리,,,20180718,1.5,연%,ECOS
BASE_RATE,한국은행 기준금리,D,722Y001,1.3.1. 한국은행 기준금리 및 여수신금리,0101000,한국은행 기준금리,,,20180719,1.5,연%,ECOS
BASE_RATE,한국은행 기준금리,D,722Y001,1.3.1. 한국은행 기준금리 및 여수신금리,0101000,한국은행 기준금리,,,20180720,1.5,연%,ECOS
BASE_RATE,한국은행 기준금리,D,722Y001,1.3.1. 한국은행 기준금리 및 여수신금리,0101000,한국은행 기준금리,,,20180721,1.5,연%,ECOS
BASE_RATE,한국은행 기준금리,D,722Y001,1.3.1. 한국은행 기준금리 및 여수신금리,0101000,한국은행 기준금리,,,20180722,1.5,연%,ECOS
BASE_RATE,한국은행 기준금리,D,722Y001,1.3.1. 한국은행 기준금리 및 여수신금리,0101000,한국은행 기준금리,,,20180723,1.5,연%,ECOS
BASE_RATE,한국은행 기준금리,D,722Y001,1.3.1. 한국은행 기준금리 및 여수신금리,0101000,한국은행 기준금리,,,20180724,1.5,연%,ECOS
BASE_RATE,한국은행 기준금리,D,722Y001,1.3.1. 한국은행 기준금리 및 여수신금리,0101000,한국은행 기준금리,,,20180725,1.5,연%,ECOS
BASE_RATE,한국은행 기준금리,D,722Y001,1.3.1. 한국은행 기준금리 및 여수신금리,0101000,한국은행 기준금리,,,20180726,1.5,연%,ECOS
BASE_RATE,한국은행 기준금리,D,722Y001,1.3.1. 한국은행 기준금리 및 여수신금리,0101000,한국은행 기준금리,,,20180727,1.5,연%,ECOS
BASE_RATE,한국은행 기준금리,D,722Y001,1.3.1. 한국은행 기준금리 및 여수신금리,0101000,한국은행 기준금리,,,20180728,1.5,연%,ECOS
BASE_RATE,한국은행 기준금리,D,722Y001,1.3.1. 한국은행 기준금리 및 여수신금리,0101000,한국은행 기준금리,,,20180729,1.5,연%,ECOS
BASE_RATE,한국은행 기준금리,D,722Y001,1.3.1. 한국은행 기준금리 및 여수신금리,0101000,한국은행 기준금리,,,20180730,1.5,연%,ECOS
BASE_RATE,한국은행 기준금리,D,722Y001,1.3.1. 한국은행 기준금리 및 여수신금리,0101000,한국은행 기준금리,,,20180731,1.5,연%,ECOS
BASE_RATE,한국은행 기준금리,D,722Y001,1.3.1. 한국은행 기준금리 및 여수신금리,0101000,한국은행 기준금리,,,20180801,1.5,연%,ECOS
BASE_RATE,한국은행 기준금리,D,722Y001,1.3.1. 한국은행 기준금리 및 여수신금리,0101000,한국은행 기준금리,,,20180802,1.5,연%,ECOS
BASE_RATE,한국은행 기준금리,D,722Y001,1.3.1. 한국은행 기준금리 및 여수신금리,0101000,한국은행 기준금리,,,20180803,1.5,연%,ECOS
BASE_RATE,한국은행 기준금리,D,722Y001,1.3.1. 한국은행 기준금리 및 여수신금리,0101000,한국은행 기준금리,,,20180804,1.5,연%,ECOS
BASE_RATE,한국은행 기준금리,D,722Y001,1.3.1. 한국은행 기준금리 및 여수신금리,0101000,한국은행 기준금리,,,20180805,1.5,연%,ECOS
BASE_RATE,한국은행 기준금리,D,722Y001,1.3.1. 한국은행 기준금리 및 여수신금리,0101000,한국은행 기준금리,,,20180806,1.5,연%,ECOS
BASE_RATE,한국은행 기준금리,D,722Y001,1.3.1. 한국은행 기준금리 및 여수신금리,0101000,한국은행 기준금리,,,20180807,1.5,연%,ECOS
BASE_RATE,한국은행 기준금리,D,722Y001,1.3.1. 한국은행 기준금리 및 여수신금리,0101000,한국은행 기준금리,,,20180808,1.5,연%,ECOS
BASE_RATE,한국은행 기준금리,D,722Y001,1.3.1. 한국은행 기준금리 및 여수신금리,0101000,한국은행 기준금리,,,20180809,1.5,연%,ECOS
BASE_RATE,한국은행 기준금리,D,722Y001,1.3.1. 한국은행 기준금리 및 여수신금리,0101000,한국은행 기준금리,,,20180810,1.5,연%,ECOS
BASE_RATE,한국은행 기준금리,D,722Y001,1.3.1. 한국은행 기준금리 및 여수신금리,0101000,한국은행 기준금리,,,20180811,1.5,연%,ECOS
BASE_RATE,한국은행 기준금리,D,722Y001,1.3.1. 한국은행 기준금리 및 여수신금리,0101000,한국은행 기준금리,,,20180812,1.5,연%,ECOS
BASE_RATE,한국은행 기준금리,D,722Y001,1.3.1. 한국은행 기준금리 및 여수신금리,0101000,한국은행 기준금리,,,20180813,1.5,연%,ECOS
BASE_RATE,한국은행 기준금리,D,722Y001,1.3.1. 한국은행 기준금리 및 여수신금리,0101000,한국은행 기준금리,,,20180814,1.5,연%,ECOS
BASE_RATE,한국은행 기준금리,D,722Y001,1.3.1. 한국은행 기준금리 및 여수신금리,0101000,한국은행 기준금리,,,20180815,1.5,연%,ECOS
BASE_RATE,한국은행 기준금리,D,722Y001,1.3.1. 한국은행 기준금리 및 여수신금리,0101000,한국은행 기준금리,,,20180816,1.5,연%,ECOS
BASE_RATE,한국은행 기준금리,D,722Y001,1.3.1. 한국은행 기준금리 및 여수신금리,0101000,한국은행 기준금리,,,20180817,1.5,연%,ECOS
BASE_RATE,한국은행 기준금리,D,722Y001,1.3.1. 한국은행 기준금리 및 여수신금리,0101000,한국은행 기준금리,,,20180818,1.5,연%,ECOS
BASE_RATE,한국은행 기준금리,D,722Y001,1.3.1. 한국은행 기준금리 및 여수신금리,0101000,한국은행 기준금리,,,20180819,1.5,연%,ECOS
BASE_RATE,한국은행 기준금리,D,722Y001,1.3.1. 한국은행 기준금리 및 여수신금리,0101000,한국은행 기준금리,,,20180820,1.5,연%,ECOS
BASE_RATE,한국은행 기준금리,D,722Y001,1.3.1. 한국은행 기준금리 및 여수신금리,0101000,한국은행 기준금리,,,20180821,1.5,연%,ECOS
BASE_RATE,한국은행 기준금리,D,722Y001,1.3.1. 한국은행 기준금리 및 여수신금리,0101000,한국은행 기준금리,,,20180822,1.5,연%,ECOS
BASE_RATE,한국은행 기준금리,D,722Y001,1.3.1. 한국은행 기준금리 및 여수신금리,0101000,한국은행 기준금리,,,20180823,1.5,연%,ECOS
BASE_RATE,한국은행 기준금리,D,722Y001,1.3.1. 한국은행 기준금리 및 여수신금리,0101000,한국은행 기준금리,,,20180824,1.5,연%,ECOS
BASE_RATE,한국은행 기준금리,D,722Y001,1.3.1. 한국은행 기준금리 및 여수신금리,0101000,한국은행 기준금리,,,20180825,1.5,연%,ECOS
BASE_RATE,한국은행 기준금리,D,722Y001,1.3.1. 한국은행 기준금리 및 여수신금리,0101000,한국은행 기준금리,,,20180826,1.5,연%,ECOS
BASE_RATE,한국은행 기준금리,D,722Y001,1.3.1. 한국은행 기준금리 및 여수신금리,0101000,한국은행 기준금리,,,20180827,1.5,연%,ECOS
BASE_RATE,한국은행 기준금리,D,722Y001,1.3.1. 한국은행 기준금리 및 여수신금리,0101000,한국은행 기준금리,,,20180828,1.5,연%,ECOS
BASE_RATE,한국은행 기준금리,D,722Y001,1.3.1. 한국은행 기준금리 및 여수신금리,0101000,한국은행 기준금리,,,20180829,1.5,연%,ECOS
BASE_RATE,한국은행 기준금리,D,722Y001,1.3.1. 한국은행 기준금리 및 여수신금리,0101000,한국은행 기준금리,,,20180830,1.5,연%,ECOS
BASE_RATE,한국은행 기준금리,D,722Y001,1.3.1. 한국은행 기준금리 및 여수신금리,0101000,한국은행 기준금리,,,20180831,1.5,연%,ECOS
BASE_RATE,한국은행 기준금리,D,722Y001,1.3.1. 한국은행 기준금리 및 여수신금리,0101000,한국은행 기준금리,,,20180901,1.5,연%,ECOS
BASE_RATE,한국은행 기준금리,D,722Y001,1.3.1. 한국은행 기준금리 및 여수신금리,0101000,한국은행 기준금리,,,20180902,1.5,연%,ECOS
BASE_RATE,한국은행 기준금리,D,722Y001,1.3.1. 한국은행 기준금리 및 여수신금리,0101000,한국은행 기준금리,,,20180903,1.5,연%,ECOS
BASE_RATE,한국은행 기준금리,D,722Y001,1.3.1. 한국은행 기준금리 및 여수신금리,0101000,한국은행 기준금리,,,20180904,1.5,연%,ECOS
BASE_RATE,한국은행 기준금리,D,722Y001,1.3.1. 한국은행 기준금리 및 여수신금리,0101000,한국은행 기준금리,,,20180905,1.5,연%,ECOS
BASE_RATE,한국은행 기준금리,D,722Y001,1.3.1. 한국은행 기준금리 및 여수신금리,0101000,한국은행 기준금리,,,20180906,1.5,연%,ECOS
BASE_RATE,한국은행 기준금리,D,722Y001,1.3.1. 한국은행 기준금리 및 여수신금리,0101000,한국은행 기준금리,,,20180907,1.5,연%,ECOS
BASE_RATE,한국은행 기준금리,D,722Y001,1.3.1. 한국은행 기준금리 및 여수신금리,0101000,한국은행 기준금리,,,20180908,1.5,연%,ECOS
BASE_RATE,한국은행 기준금리,D,722Y001,1.3.1. 한국은행 기준금리 및 여수신금리,0101000,한국은행 기준금리,,,20180909,1.5,연%,ECOS
BASE_RATE,한국은행 기준금리,D,722Y001,1.3.1. 한국은행 기준금리 및 여수신금리,0101000,한국은행 기준금리,,,20180910,1.5,연%,ECOS
BASE_RATE,한국은행 기준금리,D,722Y001,1.3.1. 한국은행 기준금리 및 여수신금리,0101000,한국은행 기준금리,,,20180911,1.5,연%,ECOS
BASE_RATE,한국은행 기준금리,D,722Y001,1.3.1. 한국은행 기준금리 및 여수신금리,0101000,한국은행 기준금리,,,20180912,1.5,연%,ECOS
BASE_RATE,한국은행 기준금리,D,722Y001,1.3.1. 한국은행 기준금리 및 여수신금리,0101000,한국은행 기준금리,,,20180913,1.5,연%,ECOS
BASE_RATE,한국은행 기준금리,D,722Y001,1.3.1. 한국은행 기준금리 및 여수신금리,0101000,한국은행 기준금리,,,20180914,1.5,연%,ECOS
BASE_RATE,한국은행 기준금리,D,722Y001,1.3.1. 한국은행 기준금리 및 여수신금리,0101000,한국은행 기준금리,,,20180915,1.5,연%,ECOS
BASE_RATE,한국은행 기준금리,D,722Y001,1.3.1. 한국은행 기준금리 및 여수신금리,0101000,한국은행 기준금리,,,20180916,1.5,연%,ECOS
BASE_RATE,한국은행 기준금리,D,722Y001,1.3.1. 한국은행 기준금리 및 여수신금리,0101000,한국은행 기준금리,,,20180917,1.5,연%,ECOS
BASE_RATE,한국은행 기준금리,D,722Y001,1.3.1. 한국은행 기준금리 및 여수신금리,0101000,한국은행 기준금리,,,20180918,1.5,연%,ECOS
BASE_RATE,한국은행 기준금리,D,722Y001,1.3.1. 한국은행 기준금리 및 여수신금리,0101000,한국은행 기준금리,,,20180919,1.5,연%,ECOS
BASE_RATE,한국은행 기준금리,D,722Y001,1.3.1. 한국은행 기준금리 및 여수신금리,0101000,한국은행 기준금리,,,20180920,1.5,연%,ECOS
BASE_RATE,한국은행 기준금리,D,722Y001,1.3.1. 한국은행 기준금리 및 여수신금리,0101000,한국은행 기준금리,,,20180921,1.5,연%,ECOS
BASE_RATE,한국은행 기준금리,D,722Y001,1.3.1. 한국은행 기준금리 및 여수신금리,0101000,한국은행 기준금리,,,20180922,1.5,연%,ECOS
BASE_RATE,한국은행 기준금리,D,722Y001,1.3.1. 한국은행 기준금리 및 여수신금리,0101000,한국은행 기준금리,,,20180923,1.5,연%,ECOS
BASE_RATE,한국은행 기준금리,D,722Y001,1.3.1. 한국은행 기준금리 및 여수신금리,0101000,한국은행 기준금리,,,20180924,1.5,연%,ECOS
BASE_RATE,한국은행 기준금리,D,722Y001,1.3.1. 한국은행 기준금리 및 여수신금리,0101000,한국은행 기준금리,,,20180925,1.5,연%,ECOS
BASE_RATE,한국은행 기준금리,D,722Y001,1.3.1. 한국은행 기준금리 및 여수신금리,0101000,한국은행 기준금리,,,20180926,1.5,연%,ECOS
BASE_RATE,한국은행 기준금리,D,722Y001,1.3.1. 한국은행 기준금리 및 여수신금리,0101000,한국은행 기준금리,,,20180927,1.5,연%,ECOS
BASE_RATE,한국은행 기준금리,D,722Y001,1.3.1. 한국은행 기준금리 및 여수신금리,0101000,한국은행 기준금리,,,20180928,1.5,연%,ECOS
BASE_RATE,한국은행 기준금리,D,722Y001,1.3.1. 한국은행 기준금리 및 여수신금리,0101000,한국은행 기준금리,,,20180929,1.5,연%,ECOS
BASE_RATE,한국은행 기준금리,D,722Y001,1.3.1. 한국은행 기준금리 및 여수신금리,0101000,한국은행 기준금리,,,20180930,1.5,연%,ECOS
BASE_RATE,한국은행 기준금리,D,722Y001,1.3.1. 한국은행 기준금리 및 여수신금리,0101000,한국은행 기준금리,,,20181001,1.5,연%,ECOS
BASE_RATE,한국은행 기준금리,D,722Y001,1.3.1. 한국은행 기준금리 및 여수신금리,0101000,한국은행 기준금리,,,20181002,1.5,연%,ECOS
BASE_RATE,한국은행 기준금리,D,722Y001,1.3.1. 한국은행 기준금리 및 여수신금리,0101000,한국은행 기준금리,,,20181003,1.5,연%,ECOS
BASE_RATE,한국은행 기준금리,D,722Y001,1.3.1. 한국은행 기준금리 및 여수신금리,0101000,한국은행 기준금리,,,20181004,1.5,연%,ECOS
BASE_RATE,한국은행 기준금리,D,722Y001,1.3.1. 한국은행 기준금리 및 여수신금리,0101000,한국은행 기준금리,,,20181005,1.5,연%,ECOS
BASE_RATE,한국은행 기준금리,D,722Y001,1.3.1. 한국은행 기준금리 및 여수신금리,0101000,한국은행 기준금리,,,20181006,1.5,연%,ECOS
BASE_RATE,한국은행 기준금리,D,722Y001,1.3.1. 한국은행 기준금리 및 여수신금리,0101000,한국은행 기준금리,,,20181007,1.5,연%,ECOS
BASE_RATE,한국은행 기준금리,D,722Y001,1.3.1. 한국은행 기준금리 및 여수신금리,0101000,한국은행 기준금리,,,20181008,1.5,연%,ECOS
BASE_RATE,한국은행 기준금리,D,722Y001,1.3.1. 한국은행 기준금리 및 여수신금리,0101000,한국은행 기준금리,,,20181009,1.5,연%,ECOS
BASE_RATE,한국은행 기준금리,D,722Y001,1.3.1. 한국은행 기준금리 및 여수신금리,0101000,한국은행 기준금리,,,20181010,1.5,연%,ECOS
BASE_RATE,한국은행 기준금리,D,722Y001,1.3.1. 한국은행 기준금리 및 여수신금리,0101000,한국은행 기준금리,,,20181011,1.5,연%,ECOS
BASE_RATE,한국은행 기준금리,D,722Y001,1.3.1. 한국은행 기준금리 및 여수신금리,0101000,한국은행 기준금리,,,20181012,1.5,연%,ECOS
BASE_RATE,한국은행 기준금리,D,722Y001,1.3.1. 한국은행 기준금리 및 여수신금리,0101000,한국은행 기준금리,,,20181013,1.5,연%,ECOS
BASE_RATE,한국은행 기준금리,D,722Y001,1.3.1. 한국은행 기준금리 및 여수신금리,0101000,한국은행 기준금리,,,20181014,1.5,연%,ECOS
BASE_RATE,한국은행 기준금리,D,722Y001,1.3.1. 한국은행 기준금리 및 여수신금리,0101000,한국은행 기준금리,,,20181015,1.5,연%,ECOS
BASE_RATE,한국은행 기준금리,D,722Y001,1.3.1. 한국은행 기준금리 및 여수신금리,0101000,한국은행 기준금리,,,20181016,1.5,연%,ECOS
BASE_RATE,한국은행 기준금리,D,722Y001,1.3.1. 한국은행 기준금리 및 여수신금리,0101000,한국은행 기준금리,,,20181017,1.5,연%,ECOS
BASE_RATE,한국은행 기준금리,D,722Y001,1.3.1. 한국은행 기준금리 및 여수신금리,0101000,한국은행 기준금리,,,20181018,1.5,연%,ECOS
BASE_RATE,한국은행 기준금리,D,722Y001,1.3.1. 한국은행 기준금리 및 여수신금리,0101000,한국은행 기준금리,,,20181019,1.5,연%,ECOS
BASE_RATE,한국은행 기준금리,D,722Y001,1.3.1. 한국은행 기준금리 및 여수신금리,0101000,한국은행 기준금리,,,20181020,1.5,연%,ECOS
BASE_RATE,한국은행 기준금리,D,722Y001,1.3.1. 한국은행 기준금리 및 여수신금리,0101000,한국은행 기준금리,,,20181021,1.5,연%,ECOS
BASE_RATE,한국은행 기준금리,D,722Y001,1.3.1. 한국은행 기준금리 및 여수신금리,0101000,한국은행 기준금리,,,20181022,1.5,연%,ECOS
BASE_RATE,한국은행 기준금리,D,722Y001,1.3.1. 한국은행 기준금리 및 여수신금리,0101000,한국은행 기준금리,,,20181023,1.5,연%,ECOS
BASE_RATE,한국은행 기준금리,D,722Y001,1.3.1. 한국은행 기준금리 및 여수신금리,0101000,한국은행 기준금리,,,20181024,1.5,연%,ECOS
BASE_RATE,한국은행 기준금리,D,722Y001,1.3.1. 한국은행 기준금리 및 여수신금리,0101000,한국은행 기준금리,,,20181025,1.5,연%,ECOS
BASE_RATE,한국은행 기준금리,D,722Y001,1.3.1. 한국은행 기준금리 및 여수신금리,0101000,한국은행 기준금리,,,20181026,1.5,연%,ECOS
BASE_RATE,한국은행 기준금리,D,722Y001,1.3.1. 한국은행 기준금리 및 여수신금리,0101000,한국은행 기준금리,,,20181027,1.5,연%,ECOS
BASE_RATE,한국은행 기준금리,D,722Y001,1.3.1. 한국은행 기준금리 및 여수신금리,0101000,한국은행 기준금리,,,20181028,1.5,연%,ECOS
BASE_RATE,한국은행 기준금리,D,722Y001,1.3.1. 한국은행 기준금리 및 여수신금리,0101000,한국은행 기준금리,,,20181029,1.5,연%,ECOS
BASE_RATE,한국은행 기준금리,D,722Y001,1.3.1. 한국은행 기준금리 및 여수신금리,0101000,한국은행 기준금리,,,20181030,1.5,연%,ECOS
BASE_RATE,한국은행 기준금리,D,722Y001,1.3.1. 한국은행 기준금리 및 여수신금리,0101000,한국은행 기준금리,,,20181031,1.5,연%,ECOS
BASE_RATE,한국은행 기준금리,D,722Y001,1.3.1. 한국은행 기준금리 및 여수신금리,0101000,한국은행 기준금리,,,20181101,1.5,연%,ECOS
BASE_RATE,한국은행 기준금리,D,722Y001,1.3.1. 한국은행 기준금리 및 여수신금리,0101000,한국은행 기준금리,,,20181102,1.5,연%,ECOS
BASE_RATE,한국은행 기준금리,D,722Y001,1.3.1. 한국은행 기준금리 및 여수신금리,0101000,한국은행 기준금리,,,20181103,1.5,연%,ECOS
BASE_RATE,한국은행 기준금리,D,722Y001,1.3.1. 한국은행 기준금리 및 여수신금리,0101000,한국은행 기준금리,,,20181104,1.5,연%,ECOS
BASE_RATE,한국은행 기준금리,D,722Y001,1.3.1. 한국은행 기준금리 및 여수신금리,0101000,한국은행 기준금리,,,20181105,1.5,연%,ECOS
BASE_RATE,한국은행 기준금리,D,722Y001,1.3.1. 한국은행 기준금리 및 여수신금리,0101000,한국은행 기준금리,,,20181106,1.5,연%,ECOS
BASE_RATE,한국은행 기준금리,D,722Y001,1.3.1. 한국은행 기준금리 및 여수신금리,0101000,한국은행 기준금리,,,20181107,1.5,연%,ECOS
BASE_RATE,한국은행 기준금리,D,722Y001,1.3.1. 한국은행 기준금리 및 여수신금리,0101000,한국은행 기준금리,,,20181108,1.5,연%,ECOS
BASE_RATE,한국은행 기준금리,D,722Y001,1.3.1. 한국은행 기준금리 및 여수신금리,0101000,한국은행 기준금리,,,20181109,1.5,연%,ECOS
BASE_RATE,한국은행 기준금리,D,722Y001,1.3.1. 한국은행 기준금리 및 여수신금리,0101000,한국은행 기준금리,,,20181110,1.5,연%,ECOS
BASE_RATE,한국은행 기준금리,D,722Y001,1.3.1. 한국은행 기준금리 및 여수신금리,0101000,한국은행 기준금리,,,20181111,1.5,연%,ECOS
BASE_RATE,한국은행 기준금리,D,722Y001,1.3.1. 한국은행 기준금리 및 여수신금리,0101000,한국은행 기준금리,,,20181112,1.5,연%,ECOS
BASE_RATE,한국은행 기준금리,D,722Y001,1.3.1. 한국은행 기준금리 및 여수신금리,0101000,한국은행 기준금리,,,20181113,1.5,연%,ECOS
BASE_RATE,한국은행 기준금리,D,722Y001,1.3.1. 한국은행 기준금리 및 여수신금리,0101000,한국은행 기준금리,,,20181114,1.5,연%,ECOS
BASE_RATE,한국은행 기준금리,D,722Y001,1.3.1. 한국은행 기준금리 및 여수신금리,0101000,한국은행 기준금리,,,20181115,1.5,연%,ECOS
BASE_RATE,한국은행 기준금리,D,722Y001,1.3.1. 한국은행 기준금리 및 여수신금리,0101000,한국은행 기준금리,,,20181116,1.5,연%,ECOS
BASE_RATE,한국은행 기준금리,D,722Y001,1.3.1. 한국은행 기준금리 및 여수신금리,0101000,한국은행 기준금리,,,20181117,1.5,연%,ECOS
BASE_RATE,한국은행 기준금리,D,722Y001,1.3.1. 한국은행 기준금리 및 여수신금리,0101000,한국은행 기준금리,,,20181118,1.5,연%,ECOS
BASE_RATE,한국은행 기준금리,D,722Y001,1.3.1. 한국은행 기준금리 및 여수신금리,0101000,한국은행 기준금리,,,20181119,1.5,연%,ECOS
BASE_RATE,한국은행 기준금리,D,722Y001,1.3.1. 한국은행 기준금리 및 여수신금리,0101000,한국은행 기준금리,,,20181120,1.5,연%,ECOS
BASE_RATE,한국은행 기준금리,D,722Y001,1.3.1. 한국은행 기준금리 및 여수신금리,0101000,한국은행 기준금리,,,20181121,1.5,연%,ECOS
BASE_RATE,한국은행 기준금리,D,722Y001,1.3.1. 한국은행 기준금리 및 여수신금리,0101000,한국은행 기준금리,,,20181122,1.5,연%,ECOS
BASE_RATE,한국은행 기준금리,D,722Y001,1.3.1. 한국은행 기준금리 및 여수신금리,0101000,한국은행 기준금리,,,20181123,1.5,연%,ECOS
BASE_RATE,한국은행 기준금리,D,722Y001,1.3.1. 한국은행 기준금리 및 여수신금리,0101000,한국은행 기준금리,,,20181124,1.5,연%,ECOS
BASE_RATE,한국은행 기준금리,D,722Y001,1.3.1. 한국은행 기준금리 및 여수신금리,0101000,한국은행 기준금리,,,20181125,1.5,연%,ECOS
BASE_RATE,한국은행 기준금리,D,722Y001,1.3.1. 한국은행 기준금리 및 여수신금리,0101000,한국은행 기준금리,,,20181126,1.5,연%,ECOS
BASE_RATE,한국은행 기준금리,D,722Y001,1.3.1. 한국은행 기준금리 및 여수신금리,0101000,한국은행 기준금리,,,20181127,1.5,연%,ECOS
BASE_RATE,한국은행 기준금리,D,722Y001,1.3.1. 한국은행 기준금리 및 여수신금리,0101000,한국은행 기준금리,,,20181128,1.5,연%,ECOS
BASE_RATE,한국은행 기준금리,D,722Y001,1.3.1. 한국은행 기준금리 및 여수신금리,0101000,한국은행 기준금리,,,20181129,1.5,연%,ECOS
BASE_RATE,한국은행 기준금리,D,722Y001,1.3.1. 한국은행 기준금리 및 여수신금리,0101000,한국은행 기준금리,,,20181130,1.75,연%,ECOS
BASE_RATE,한국은행 기준금리,D,722Y001,1.3.1. 한국은행 기준금리 및 여수신금리,0101000,한국은행 기준금리,,,20181201,1.75,연%,ECOS
BASE_RATE,한국은행 기준금리,D,722Y001,1.3.1. 한국은행 기준금리 및 여수신금리,0101000,한국은행 기준금리,,,20181202,1.75,연%,ECOS
BASE_RATE,한국은행 기준금리,D,722Y001,1.3.1. 한국은행 기준금리 및 여수신금리,0101000,한국은행 기준금리,,,20181203,1.75,연%,ECOS
BASE_RATE,한국은행 기준금리,D,722Y001,1.3.1. 한국은행 기준금리 및 여수신금리,0101000,한국은행 기준금리,,,20181204,1.75,연%,ECOS
BASE_RATE,한국은행 기준금리,D,722Y001,1.3.1. 한국은행 기준금리 및 여수신금리,0101000,한국은행 기준금리,,,20181205,1.75,연%,ECOS
BASE_RATE,한국은행 기준금리,D,722Y001,1.3.1. 한국은행 기준금리 및 여수신금리,0101000,한국은행 기준금리,,,20181206,1.75,연%,ECOS
BASE_RATE,한국은행 기준금리,D,722Y001,1.3.1. 한국은행 기준금리 및 여수신금리,0101000,한국은행 기준금리,,,20181207,1.75,연%,ECOS
BASE_RATE,한국은행 기준금리,D,722Y001,1.3.1. 한국은행 기준금리 및 여수신금리,0101000,한국은행 기준금리,,,20181208,1.75,연%,ECOS
BASE_RATE,한국은행 기준금리,D,722Y001,1.3.1. 한국은행 기준금리 및 여수신금리,0101000,한국은행 기준금리,,,20181209,1.75,연%,ECOS
BASE_RATE,한국은행 기준금리,D,722Y001,1.3.1. 한국은행 기준금리 및 여수신금리,0101000,한국은행 기준금리,,,20181210,1.75,연%,ECOS
BASE_RATE,한국은행 기준금리,D,722Y001,1.3.1. 한국은행 기준금리 및 여수신금리,0101000,한국은행 기준금리,,,20181211,1.75,연%,ECOS
BASE_RATE,한국은행 기준금리,D,722Y001,1.3.1. 한국은행 기준금리 및 여수신금리,0101000,한국은행 기준금리,,,20181212,1.75,연%,ECOS
BASE_RATE,한국은행 기준금리,D,722Y001,1.3.1. 한국은행 기준금리 및 여수신금리,0101000,한국은행 기준금리,,,20181213,1.75,연%,ECOS
BASE_RATE,한국은행 기준금리,D,722Y001,1.3.1. 한국은행 기준금리 및 여수신금리,0101000,한국은행 기준금리,,,20181214,1.75,연%,ECOS
BASE_RATE,한국은행 기준금리,D,722Y001,1.3.1. 한국은행 기준금리 및 여수신금리,0101000,한국은행 기준금리,,,20181215,1.75,연%,ECOS
BASE_RATE,한국은행 기준금리,D,722Y001,1.3.1. 한국은행 기준금리 및 여수신금리,0101000,한국은행 기준금리,,,20181216,1.75,연%,ECOS
BASE_RATE,한국은행 기준금리,D,722Y001,1.3.1. 한국은행 기준금리 및 여수신금리,0101000,한국은행 기준금리,,,20181217,1.75,연%,ECOS
BASE_RATE,한국은행 기준금리,D,722Y001,1.3.1. 한국은행 기준금리 및 여수신금리,0101000,한국은행 기준금리,,,20181218,1.75,연%,ECOS
BASE_RATE,한국은행 기준금리,D,722Y001,1.3.1. 한국은행 기준금리 및 여수신금리,0101000,한국은행 기준금리,,,20181219,1.75,연%,ECOS
BASE_RATE,한국은행 기준금리,D,722Y001,1.3.1. 한국은행 기준금리 및 여수신금리,0101000,한국은행 기준금리,,,20181220,1.75,연%,ECOS
BASE_RATE,한국은행 기준금리,D,722Y001,1.3.1. 한국은행 기준금리 및 여수신금리,0101000,한국은행 기준금리,,,20181221,1.75,연%,ECOS
BASE_RATE,한국은행 기준금리,D,722Y001,1.3.1. 한국은행 기준금리 및 여수신금리,0101000,한국은행 기준금리,,,20181222,1.75,연%,ECOS
BASE_RATE,한국은행 기준금리,D,722Y001,1.3.1. 한국은행 기준금리 및 여수신금리,0101000,한국은행 기준금리,,,20181223,1.75,연%,ECOS
BASE_RATE,한국은행 기준금리,D,722Y001,1.3.1. 한국은행 기준금리 및 여수신금리,0101000,한국은행 기준금리,,,20181224,1.75,연%,ECOS
BASE_RATE,한국은행 기준금리,D,722Y001,1.3.1. 한국은행 기준금리 및 여수신금리,0101000,한국은행 기준금리,,,20181225,1.75,연%,ECOS
BASE_RATE,한국은행 기준금리,D,722Y001,1.3.1. 한국은행 기준금리 및 여수신금리,0101000,한국은행 기준금리,,,20181226,1.75,연%,ECOS
BASE_RATE,한국은행 기준금리,D,722Y001,1.3.1. 한국은행 기준금리 및 여수신금리,0101000,한국은행 기준금리,,,20181227,1.75,연%,ECOS
BASE_RATE,한국은행 기준금리,D,722Y001,1.3.1. 한국은행 기준금리 및 여수신금리,0101000,한국은행 기준금리,,,20181228,1.75,연%,ECOS
BASE_RATE,한국은행 기준금리,D,722Y001,1.3.1. 한국은행 기준금리 및 여수신금리,0101000,한국은행 기준금리,,,20181229,1.75,연%,ECOS
BASE_RATE,한국은행 기준금리,D,722Y001,1.3.1. 한국은행 기준금리 및 여수신금리,0101000,한국은행 기준금리,,,20181230,1.75,연%,ECOS
BASE_RATE,한국은행 기준금리,D,722Y001,1.3.1. 한국은행 기준금리 및 여수신금리,0101000,한국은행 기준금리,,,20181231,1.75,연%,ECOS
BASE_RATE,한국은행 기준금리,D,722Y001,1.3.1. 한국은행 기준금리 및 여수신금리,0101000,한국은행 기준금리,,,20190101,1.75,연%,ECOS
BASE_RATE,한국은행 기준금리,D,722Y001,1.3.1. 한국은행 기준금리 및 여수신금리,0101000,한국은행 기준금리,,,20190102,1.75,연%,ECOS
BASE_RATE,한국은행 기준금리,D,722Y001,1.3.1. 한국은행 기준금리 및 여수신금리,0101000,한국은행 기준금리,,,20190103,1.75,연%,ECOS
BASE_RATE,한국은행 기준금리,D,722Y001,1.3.1. 한국은행 기준금리 및 여수신금리,0101000,한국은행 기준금리,,,20190104,1.75,연%,ECOS
BASE_RATE,한국은행 기준금리,D,722Y001,1.3.1. 한국은행 기준금리 및 여수신금리,0101000,한국은행 기준금리,,,20190105,1.75,연%,ECOS
BASE_RATE,한국은행 기준금리,D,722Y001,1.3.1. 한국은행 기준금리 및 여수신금리,0101000,한국은행 기준금리,,,20190106,1.75,연%,ECOS
BASE_RATE,한국은행 기준금리,D,722Y001,1.3.1. 한국은행 기준금리 및 여수신금리,0101000,한국은행 기준금리,,,20190107,1.75,연%,ECOS
BASE_RATE,한국은행 기준금리,D,722Y001,1.3.1. 한국은행 기준금리 및 여수신금리,0101000,한국은행 기준금리,,,20190108,1.75,연%,ECOS
BASE_RATE,한국은행 기준금리,D,722Y001,1.3.1. 한국은행 기준금리 및 여수신금리,0101000,한국은행 기준금리,,,20190109,1.75,연%,ECOS
BASE_RATE,한국은행 기준금리,D,722Y001,1.3.1. 한국은행 기준금리 및 여수신금리,0101000,한국은행 기준금리,,,20190110,1.75,연%,ECOS
BASE_RATE,한국은행 기준금리,D,722Y001,1.3.1. 한국은행 기준금리 및 여수신금리,0101000,한국은행 기준금리,,,20190111,1.75,연%,ECOS
BASE_RATE,한국은행 기준금리,D,722Y001,1.3.1. 한국은행 기준금리 및 여수신금리,0101000,한국은행 기준금리,,,20190112,1.75,연%,ECOS
BASE_RATE,한국은행 기준금리,D,722Y001,1.3.1. 한국은행 기준금리 및 여수신금리,0101000,한국은행 기준금리,,,20190113,1.75,연%,ECOS
BASE_RATE,한국은행 기준금리,D,722Y001,1.3.1. 한국은행 기준금리 및 여수신금리,0101000,한국은행 기준금리,,,20190114,1.75,연%,ECOS
BASE_RATE,한국은행 기준금리,D,722Y001,1.3.1. 한국은행 기준금리 및 여수신금리,0101000,한국은행 기준금리,,,20190115,1.75,연%,ECOS
BASE_RATE,한국은행 기준금리,D,722Y001,1.3.1. 한국은행 기준금리 및 여수신금리,0101000,한국은행 기준금리,,,20190116,1.75,연%,ECOS
BASE_RATE,한국은행 기준금리,D,722Y001,1.3.1. 한국은행 기준금리 및 여수신금리,0101000,한국은행 기준금리,,,20190117,1.75,연%,ECOS
BASE_RATE,한국은행 기준금리,D,722Y001,1.3.1. 한국은행 기준금리 및 여수신금리,0101000,한국은행 기준금리,,,20190118,1.75,연%,ECOS
BASE_RATE,한국은행 기준금리,D,722Y001,1.3.1. 한국은행 기준금리 및 여수신금리,0101000,한국은행 기준금리,,,20190119,1.75,연%,ECOS
BASE_RATE,한국은행 기준금리,D,722Y001,1.3.1. 한국은행 기준금리 및 여수신금리,0101000,한국은행 기준금리,,,20190120,1.75,연%,ECOS
BASE_RATE,한국은행 기준금리,D,722Y001,1.3.1. 한국은행 기준금리 및 여수신금리,0101000,한국은행 기준금리,,,20190121,1.75,연%,ECOS
BASE_RATE,한국은행 기준금리,D,722Y001,1.3.1. 한국은행 기준금리 및 여수신금리,0101000,한국은행 기준금리,,,20190122,1.75,연%,ECOS
BASE_RATE,한국은행 기준금리,D,722Y001,1.3.1. 한국은행 기준금리 및 여수신금리,0101000,한국은행 기준금리,,,20190123,1.75,연%,ECOS
BASE_RATE,한국은행 기준금리,D,722Y001,1.3.1. 한국은행 기준금리 및 여수신금리,0101000,한국은행 기준금리,,,20190124,1.75,연%,ECOS
BASE_RATE,한국은행 기준금리,D,722Y001,1.3.1. 한국은행 기준금리 및 여수신금리,0101000,한국은행 기준금리,,,20190125,1.75,연%,ECOS
BASE_RATE,한국은행 기준금리,D,722Y001,1.3.1. 한국은행 기준금리 및 여수신금리,0101000,한국은행 기준금리,,,20190126,1.75,연%,ECOS
BASE_RATE,한국은행 기준금리,D,722Y001,1.3.1. 한국은행 기준금리 및 여수신금리,0101000,한국은행 기준금리,,,20190127,1.75,연%,ECOS
BASE_RATE,한국은행 기준금리,D,722Y001,1.3.1. 한국은행 기준금리 및 여수신금리,0101000,한국은행 기준금리,,,20190128,1.75,연%,ECOS
BASE_RATE,한국은행 기준금리,D,722Y001,1.3.1. 한국은행 기준금리 및 여수신금리,0101000,한국은행 기준금리,,,20190129,1.75,연%,ECOS
BASE_RATE,한국은행 기준금리,D,722Y001,1.3.1. 한국은행 기준금리 및 여수신금리,0101000,한국은행 기준금리,,,20190130,1.75,연%,ECOS
BASE_RATE,한국은행 기준금리,D,722Y001,1.3.1. 한국은행 기준금리 및 여수신금리,0101000,한국은행 기준금리,,,20190131,1.75,연%,ECOS
BASE_RATE,한국은행 기준금리,D,722Y001,1.3.1. 한국은행 기준금리 및 여수신금리,0101000,한국은행 기준금리,,,20190201,1.75,연%,ECOS
BASE_RATE,한국은행 기준금리,D,722Y001,1.3.1. 한국은행 기준금리 및 여수신금리,0101000,한국은행 기준금리,,,20190202,1.75,연%,ECOS
BASE_RATE,한국은행 기준금리,D,722Y001,1.3.1. 한국은행 기준금리 및 여수신금리,0101000,한국은행 기준금리,,,20190203,1.75,연%,ECOS
BASE_RATE,한국은행 기준금리,D,722Y001,1.3.1. 한국은행 기준금리 및 여수신금리,0101000,한국은행 기준금리,,,20190204,1.75,연%,ECOS
BASE_RATE,한국은행 기준금리,D,722Y001,1.3.1. 한국은행 기준금리 및 여수신금리,0101000,한국은행 기준금리,,,20190205,1.75,연%,ECOS
BASE_RATE,한국은행 기준금리,D,722Y001,1.3.1. 한국은행 기준금리 및 여수신금리,0101000,한국은행 기준금리,,,20190206,1.75,연%,ECOS
BASE_RATE,한국은행 기준금리,D,722Y001,1.3.1. 한국은행 기준금리 및 여수신금리,0101000,한국은행 기준금리,,,20190207,1.75,연%,ECOS
BASE_RATE,한국은행 기준금리,D,722Y001,1.3.1. 한국은행 기준금리 및 여수신금리,0101000,한국은행 기준금리,,,20190208,1.75,연%,ECOS
BASE_RATE,한국은행 기준금리,D,722Y001,1.3.1. 한국은행 기준금리 및 여수신금리,0101000,한국은행 기준금리,,,20190209,1.75,연%,ECOS
BASE_RATE,한국은행 기준금리,D,722Y001,1.3.1. 한국은행 기준금리 및 여수신금리,0101000,한국은행 기준금리,,,20190210,1.75,연%,ECOS
BASE_RATE,한국은행 기준금리,D,722Y001,1.3.1. 한국은행 기준금리 및 여수신금리,0101000,한국은행 기준금리,,,20190211,1.75,연%,ECOS
BASE_RATE,한국은행 기준금리,D,722Y001,1.3.1. 한국은행 기준금리 및 여수신금리,0101000,한국은행 기준금리,,,20190212,1.75,연%,ECOS
BASE_RATE,한국은행 기준금리,D,722Y001,1.3.1. 한국은행 기준금리 및 여수신금리,0101000,한국은행 기준금리,,,20190213,1.75,연%,ECOS
BASE_RATE,한국은행 기준금리,D,722Y001,1.3.1. 한국은행 기준금리 및 여수신금리,0101000,한국은행 기준금리,,,20190214,1.75,연%,ECOS
BASE_RATE,한국은행 기준금리,D,722Y001,1.3.1. 한국은행 기준금리 및 여수신금리,0101000,한국은행 기준금리,,,20190215,1.75,연%,ECOS
BASE_RATE,한국은행 기준금리,D,722Y001,1.3.1. 한국은행 기준금리 및 여수신금리,0101000,한국은행 기준금리,,,20190216,1.75,연%,ECOS
BASE_RATE,한국은행 기준금리,D,722Y001,1.3.1. 한국은행 기준금리 및 여수신금리,0101000,한국은행 기준금리,,,20190217,1.75,연%,ECOS
BASE_RATE,한국은행 기준금리,D,722Y001,1.3.1. 한국은행 기준금리 및 여수신금리,0101000,한국은행 기준금리,,,20190218,1.75,연%,ECOS
BASE_RATE,한국은행 기준금리,D,722Y001,1.3.1. 한국은행 기준금리 및 여수신금리,0101000,한국은행 기준금리,,,20190219,1.75,연%,ECOS
BASE_RATE,한국은행 기준금리,D,722Y001,1.3.1. 한국은행 기준금리 및 여수신금리,0101000,한국은행 기준금리,,,20190220,1.75,연%,ECOS
BASE_RATE,한국은행 기준금리,D,722Y001,1.3.1. 한국은행 기준금리 및 여수신금리,0101000,한국은행 기준금리,,,20190221,1.75,연%,ECOS
BASE_RATE,한국은행 기준금리,D,722Y001,1.3.1. 한국은행 기준금리 및 여수신금리,0101000,한국은행 기준금리,,,20190222,1.75,연%,ECOS
BASE_RATE,한국은행 기준금리,D,722Y001,1.3.1. 한국은행 기준금리 및 여수신금리,0101000,한국은행 기준금리,,,20190223,1.75,연%,ECOS
BASE_RATE,한국은행 기준금리,D,722Y001,1.3.1. 한국은행 기준금리 및 여수신금리,0101000,한국은행 기준금리,,,20190224,1.75,연%,ECOS
BASE_RATE,한국은행 기준금리,D,722Y001,1.3.1. 한국은행 기준금리 및 여수신금리,0101000,한국은행 기준금리,,,20190225,1.75,연%,ECOS
BASE_RATE,한국은행 기준금리,D,722Y001,1.3.1. 한국은행 기준금리 및 여수신금리,0101000,한국은행 기준금리,,,20190226,1.75,연%,ECOS
BASE_RATE,한국은행 기준금리,D,722Y001,1.3.1. 한국은행 기준금리 및 여수신금리,0101000,한국은행 기준금리,,,20190227,1.75,연%,ECOS
BASE_RATE,한국은행 기준금리,D,722Y001,1.3.1. 한국은행 기준금리 및 여수신금리,0101000,한국은행 기준금리,,,20190228,1.75,연%,ECOS
BASE_RATE,한국은행 기준금리,D,722Y001,1.3.1. 한국은행 기준금리 및 여수신금리,0101000,한국은행 기준금리,,,20190301,1.75,연%,ECOS
BASE_RATE,한국은행 기준금리,D,722Y001,1.3.1. 한국은행 기준금리 및 여수신금리,0101000,한국은행 기준금리,,,20190302,1.75,연%,ECOS
BASE_RATE,한국은행 기준금리,D,722Y001,1.3.1. 한국은행 기준금리 및 여수신금리,0101000,한국은행 기준금리,,,20190303,1.75,연%,ECOS
BASE_RATE,한국은행 기준금리,D,722Y001,1.3.1. 한국은행 기준금리 및 여수신금리,0101000,한국은행 기준금리,,,20190304,1.75,연%,ECOS
BASE_RATE,한국은행 기준금리,D,722Y001,1.3.1. 한국은행 기준금리 및 여수신금리,0101000,한국은행 기준금리,,,20190305,1.75,연%,ECOS
BASE_RATE,한국은행 기준금리,D,722Y001,1.3.1. 한국은행 기준금리 및 여수신금리,0101000,한국은행 기준금리,,,20190306,1.75,연%,ECOS
BASE_RATE,한국은행 기준금리,D,722Y001,1.3.1. 한국은행 기준금리 및 여수신금리,0101000,한국은행 기준금리,,,20190307,1.75,연%,ECOS
BASE_RATE,한국은행 기준금리,D,722Y001,1.3.1. 한국은행 기준금리 및 여수신금리,0101000,한국은행 기준금리,,,20190308,1.75,연%,ECOS
BASE_RATE,한국은행 기준금리,D,722Y001,1.3.1. 한국은행 기준금리 및 여수신금리,0101000,한국은행 기준금리,,,20190309,1.75,연%,ECOS
BASE_RATE,한국은행 기준금리,D,722Y001,1.3.1. 한국은행 기준금리 및 여수신금리,0101000,한국은행 기준금리,,,20190310,1.75,연%,ECOS
BASE_RATE,한국은행 기준금리,D,722Y001,1.3.1. 한국은행 기준금리 및 여수신금리,0101000,한국은행 기준금리,,,20190311,1.75,연%,ECOS
BASE_RATE,한국은행 기준금리,D,722Y001,1.3.1. 한국은행 기준금리 및 여수신금리,0101000,한국은행 기준금리,,,20190312,1.75,연%,ECOS
BASE_RATE,한국은행 기준금리,D,722Y001,1.3.1. 한국은행 기준금리 및 여수신금리,0101000,한국은행 기준금리,,,20190313,1.75,연%,ECOS
BASE_RATE,한국은행 기준금리,D,722Y001,1.3.1. 한국은행 기준금리 및 여수신금리,0101000,한국은행 기준금리,,,20190314,1.75,연%,ECOS
BASE_RATE,한국은행 기준금리,D,722Y001,1.3.1. 한국은행 기준금리 및 여수신금리,0101000,한국은행 기준금리,,,20190315,1.75,연%,ECOS
BASE_RATE,한국은행 기준금리,D,722Y001,1.3.1. 한국은행 기준금리 및 여수신금리,0101000,한국은행 기준금리,,,20190316,1.75,연%,ECOS
BASE_RATE,한국은행 기준금리,D,722Y001,1.3.1. 한국은행 기준금리 및 여수신금리,0101000,한국은행 기준금리,,,20190317,1.75,연%,ECOS
BASE_RATE,한국은행 기준금리,D,722Y001,1.3.1. 한국은행 기준금리 및 여수신금리,0101000,한국은행 기준금리,,,20190318,1.75,연%,ECOS
BASE_RATE,한국은행 기준금리,D,722Y001,1.3.1. 한국은행 기준금리 및 여수신금리,0101000,한국은행 기준금리,,,20190319,1.75,연%,ECOS
BASE_RATE,한국은행 기준금리,D,722Y001,1.3.1. 한국은행 기준금리 및 여수신금리,0101000,한국은행 기준금리,,,20190320,1.75,연%,ECOS
BASE_RATE,한국은행 기준금리,D,722Y001,1.3.1. 한국은행 기준금리 및 여수신금리,0101000,한국은행 기준금리,,,20190321,1.75,연%,ECOS
BASE_RATE,한국은행 기준금리,D,722Y001,1.3.1. 한국은행 기준금리 및 여수신금리,0101000,한국은행 기준금리,,,20190322,1.75,연%,ECOS
BASE_RATE,한국은행 기준금리,D,722Y001,1.3.1. 한국은행 기준금리 및 여수신금리,0101000,한국은행 기준금리,,,20190323,1.75,연%,ECOS
BASE_RATE,한국은행 기준금리,D,722Y001,1.3.1. 한국은행 기준금리 및 여수신금리,0101000,한국은행 기준금리,,,20190324,1.75,연%,ECOS
BASE_RATE,한국은행 기준금리,D,722Y001,1.3.1. 한국은행 기준금리 및 여수신금리,0101000,한국은행 기준금리,,,20190325,1.75,연%,ECOS
BASE_RATE,한국은행 기준금리,D,722Y001,1.3.1. 한국은행 기준금리 및 여수신금리,0101000,한국은행 기준금리,,,20190326,1.75,연%,ECOS
BASE_RATE,한국은행 기준금리,D,722Y001,1.3.1. 한국은행 기준금리 및 여수신금리,0101000,한국은행 기준금리,,,20190327,1.75,연%,ECOS
BASE_RATE,한국은행 기준금리,D,722Y001,1.3.1. 한국은행 기준금리 및 여수신금리,0101000,한국은행 기준금리,,,20190328,1.75,연%,ECOS
BASE_RATE,한국은행 기준금리,D,722Y001,1.3.1. 한국은행 기준금리 및 여수신금리,0101000,한국은행 기준금리,,,20190329,1.75,연%,ECOS
BASE_RATE,한국은행 기준금리,D,722Y001,1.3.1. 한국은행 기준금리 및 여수신금리,0101000,한국은행 기준금리,,,20190330,1.75,연%,ECOS
BASE_RATE,한국은행 기준금리,D,722Y001,1.3.1. 한국은행 기준금리 및 여수신금리,0101000,한국은행 기준금리,,,20190331,1.75,연%,ECOS
BASE_RATE,한국은행 기준금리,D,722Y001,1.3.1. 한국은행 기준금리 및 여수신금리,0101000,한국은행 기준금리,,,20190401,1.75,연%,ECOS
BASE_RATE,한국은행 기준금리,D,722Y001,1.3.1. 한국은행 기준금리 및 여수신금리,0101000,한국은행 기준금리,,,20190402,1.75,연%,ECOS
BASE_RATE,한국은행 기준금리,D,722Y001,1.3.1. 한국은행 기준금리 및 여수신금리,0101000,한국은행 기준금리,,,20190403,1.75,연%,ECOS
BASE_RATE,한국은행 기준금리,D,722Y001,1.3.1. 한국은행 기준금리 및 여수신금리,0101000,한국은행 기준금리,,,20190404,1.75,연%,ECOS
BASE_RATE,한국은행 기준금리,D,722Y001,1.3.1. 한국은행 기준금리 및 여수신금리,0101000,한국은행 기준금리,,,20190405,1.75,연%,ECOS
BASE_RATE,한국은행 기준금리,D,722Y001,1.3.1. 한국은행 기준금리 및 여수신금리,0101000,한국은행 기준금리,,,20190406,1.75,연%,ECOS
BASE_RATE,한국은행 기준금리,D,722Y001,1.3.1. 한국은행 기준금리 및 여수신금리,0101000,한국은행 기준금리,,,20190407,1.75,연%,ECOS
BASE_RATE,한국은행 기준금리,D,722Y001,1.3.1. 한국은행 기준금리 및 여수신금리,0101000,한국은행 기준금리,,,20190408,1.75,연%,ECOS
BASE_RATE,한국은행 기준금리,D,722Y001,1.3.1. 한국은행 기준금리 및 여수신금리,0101000,한국은행 기준금리,,,20190409,1.75,연%,ECOS
BASE_RATE,한국은행 기준금리,D,722Y001,1.3.1. 한국은행 기준금리 및 여수신금리,0101000,한국은행 기준금리,,,20190410,1.75,연%,ECOS
BASE_RATE,한국은행 기준금리,D,722Y001,1.3.1. 한국은행 기준금리 및 여수신금리,0101000,한국은행 기준금리,,,20190411,1.75,연%,ECOS
BASE_RATE,한국은행 기준금리,D,722Y001,1.3.1. 한국은행 기준금리 및 여수신금리,0101000,한국은행 기준금리,,,20190412,1.75,연%,ECOS
BASE_RATE,한국은행 기준금리,D,722Y001,1.3.1. 한국은행 기준금리 및 여수신금리,0101000,한국은행 기준금리,,,20190413,1.75,연%,ECOS
BASE_RATE,한국은행 기준금리,D,722Y001,1.3.1. 한국은행 기준금리 및 여수신금리,0101000,한국은행 기준금리,,,20190414,1.75,연%,ECOS
BASE_RATE,한국은행 기준금리,D,722Y001,1.3.1. 한국은행 기준금리 및 여수신금리,0101000,한국은행 기준금리,,,20190415,1.75,연%,ECOS
BASE_RATE,한국은행 기준금리,D,722Y001,1.3.1. 한국은행 기준금리 및 여수신금리,0101000,한국은행 기준금리,,,20190416,1.75,연%,ECOS
BASE_RATE,한국은행 기준금리,D,722Y001,1.3.1. 한국은행 기준금리 및 여수신금리,0101000,한국은행 기준금리,,,20190417,1.75,연%,ECOS
BASE_RATE,한국은행 기준금리,D,722Y001,1.3.1. 한국은행 기준금리 및 여수신금리,0101000,한국은행 기준금리,,,20190418,1.75,연%,ECOS
BASE_RATE,한국은행 기준금리,D,722Y001,1.3.1. 한국은행 기준금리 및 여수신금리,0101000,한국은행 기준금리,,,20190419,1.75,연%,ECOS
BASE_RATE,한국은행 기준금리,D,722Y001,1.3.1. 한국은행 기준금리 및 여수신금리,0101000,한국은행 기준금리,,,20190420,1.75,연%,ECOS
BASE_RATE,한국은행 기준금리,D,722Y001,1.3.1. 한국은행 기준금리 및 여수신금리,0101000,한국은행 기준금리,,,20190421,1.75,연%,ECOS
BASE_RATE,한국은행 기준금리,D,722Y001,1.3.1. 한국은행 기준금리 및 여수신금리,0101000,한국은행 기준금리,,,20190422,1.75,연%,ECOS
BASE_RATE,한국은행 기준금리,D,722Y001,1.3.1. 한국은행 기준금리 및 여수신금리,0101000,한국은행 기준금리,,,20190423,1.75,연%,ECOS
BASE_RATE,한국은행 기준금리,D,722Y001,1.3.1. 한국은행 기준금리 및 여수신금리,0101000,한국은행 기준금리,,,20190424,1.75,연%,ECOS
BASE_RATE,한국은행 기준금리,D,722Y001,1.3.1. 한국은행 기준금리 및 여수신금리,0101000,한국은행 기준금리,,,20190425,1.75,연%,ECOS
BASE_RATE,한국은행 기준금리,D,722Y001,1.3.1. 한국은행 기준금리 및 여수신금리,0101000,한국은행 기준금리,,,20190426,1.75,연%,ECOS
BASE_RATE,한국은행 기준금리,D,722Y001,1.3.1. 한국은행 기준금리 및 여수신금리,0101000,한국은행 기준금리,,,20190427,1.75,연%,ECOS
BASE_RATE,한국은행 기준금리,D,722Y001,1.3.1. 한국은행 기준금리 및 여수신금리,0101000,한국은행 기준금리,,,20190428,1.75,연%,ECOS
BASE_RATE,한국은행 기준금리,D,722Y001,1.3.1. 한국은행 기준금리 및 여수신금리,0101000,한국은행 기준금리,,,20190429,1.75,연%,ECOS
BASE_RATE,한국은행 기준금리,D,722Y001,1.3.1. 한국은행 기준금리 및 여수신금리,0101000,한국은행 기준금리,,,20190430,1.75,연%,ECOS
BASE_RATE,한국은행 기준금리,D,722Y001,1.3.1. 한국은행 기준금리 및 여수신금리,0101000,한국은행 기준금리,,,20190501,1.75,연%,ECOS
BASE_RATE,한국은행 기준금리,D,722Y001,1.3.1. 한국은행 기준금리 및 여수신금리,0101000,한국은행 기준금리,,,20190502,1.75,연%,ECOS
BASE_RATE,한국은행 기준금리,D,722Y001,1.3.1. 한국은행 기준금리 및 여수신금리,0101000,한국은행 기준금리,,,20190503,1.75,연%,ECOS
BASE_RATE,한국은행 기준금리,D,722Y001,1.3.1. 한국은행 기준금리 및 여수신금리,0101000,한국은행 기준금리,,,20190504,1.75,연%,ECOS
BASE_RATE,한국은행 기준금리,D,722Y001,1.3.1. 한국은행 기준금리 및 여수신금리,0101000,한국은행 기준금리,,,20190505,1.75,연%,ECOS
BASE_RATE,한국은행 기준금리,D,722Y001,1.3.1. 한국은행 기준금리 및 여수신금리,0101000,한국은행 기준금리,,,20190506,1.75,연%,ECOS
BASE_RATE,한국은행 기준금리,D,722Y001,1.3.1. 한국은행 기준금리 및 여수신금리,0101000,한국은행 기준금리,,,20190507,1.75,연%,ECOS
BASE_RATE,한국은행 기준금리,D,722Y001,1.3.1. 한국은행 기준금리 및 여수신금리,0101000,한국은행 기준금리,,,20190508,1.75,연%,ECOS
BASE_RATE,한국은행 기준금리,D,722Y001,1.3.1. 한국은행 기준금리 및 여수신금리,0101000,한국은행 기준금리,,,20190509,1.75,연%,ECOS
BASE_RATE,한국은행 기준금리,D,722Y001,1.3.1. 한국은행 기준금리 및 여수신금리,0101000,한국은행 기준금리,,,20190510,1.75,연%,ECOS
BASE_RATE,한국은행 기준금리,D,722Y001,1.3.1. 한국은행 기준금리 및 여수신금리,0101000,한국은행 기준금리,,,20190511,1.75,연%,ECOS
BASE_RATE,한국은행 기준금리,D,722Y001,1.3.1. 한국은행 기준금리 및 여수신금리,0101000,한국은행 기준금리,,,20190512,1.75,연%,ECOS
BASE_RATE,한국은행 기준금리,D,722Y001,1.3.1. 한국은행 기준금리 및 여수신금리,0101000,한국은행 기준금리,,,20190513,1.75,연%,ECOS
BASE_RATE,한국은행 기준금리,D,722Y001,1.3.1. 한국은행 기준금리 및 여수신금리,0101000,한국은행 기준금리,,,20190514,1.75,연%,ECOS
BASE_RATE,한국은행 기준금리,D,722Y001,1.3.1. 한국은행 기준금리 및 여수신금리,0101000,한국은행 기준금리,,,20190515,1.75,연%,ECOS
BASE_RATE,한국은행 기준금리,D,722Y001,1.3.1. 한국은행 기준금리 및 여수신금리,0101000,한국은행 기준금리,,,20190516,1.75,연%,ECOS
BASE_RATE,한국은행 기준금리,D,722Y001,1.3.1. 한국은행 기준금리 및 여수신금리,0101000,한국은행 기준금리,,,20190517,1.75,연%,ECOS
BASE_RATE,한국은행 기준금리,D,722Y001,1.3.1. 한국은행 기준금리 및 여수신금리,0101000,한국은행 기준금리,,,20190518,1.75,연%,ECOS
BASE_RATE,한국은행 기준금리,D,722Y001,1.3.1. 한국은행 기준금리 및 여수신금리,0101000,한국은행 기준금리,,,20190519,1.75,연%,ECOS
BASE_RATE,한국은행 기준금리,D,722Y001,1.3.1. 한국은행 기준금리 및 여수신금리,0101000,한국은행 기준금리,,,20190520,1.75,연%,ECOS
BASE_RATE,한국은행 기준금리,D,722Y001,1.3.1. 한국은행 기준금리 및 여수신금리,0101000,한국은행 기준금리,,,20190521,1.75,연%,ECOS
BASE_RATE,한국은행 기준금리,D,722Y001,1.3.1. 한국은행 기준금리 및 여수신금리,0101000,한국은행 기준금리,,,20190522,1.75,연%,ECOS
BASE_RATE,한국은행 기준금리,D,722Y001,1.3.1. 한국은행 기준금리 및 여수신금리,0101000,한국은행 기준금리,,,20190523,1.75,연%,ECOS
BASE_RATE,한국은행 기준금리,D,722Y001,1.3.1. 한국은행 기준금리 및 여수신금리,0101000,한국은행 기준금리,,,20190524,1.75,연%,ECOS
BASE_RATE,한국은행 기준금리,D,722Y001,1.3.1. 한국은행 기준금리 및 여수신금리,0101000,한국은행 기준금리,,,20190525,1.75,연%,ECOS
BASE_RATE,한국은행 기준금리,D,722Y001,1.3.1. 한국은행 기준금리 및 여수신금리,0101000,한국은행 기준금리,,,20190526,1.75,연%,ECOS
BASE_RATE,한국은행 기준금리,D,722Y001,1.3.1. 한국은행 기준금리 및 여수신금리,0101000,한국은행 기준금리,,,20190527,1.75,연%,ECOS
BASE_RATE,한국은행 기준금리,D,722Y001,1.3.1. 한국은행 기준금리 및 여수신금리,0101000,한국은행 기준금리,,,20190528,1.75,연%,ECOS
BASE_RATE,한국은행 기준금리,D,722Y001,1.3.1. 한국은행 기준금리 및 여수신금리,0101000,한국은행 기준금리,,,20190529,1.75,연%,ECOS
BASE_RATE,한국은행 기준금리,D,722Y001,1.3.1. 한국은행 기준금리 및 여수신금리,0101000,한국은행 기준금리,,,20190530,1.75,연%,ECOS
BASE_RATE,한국은행 기준금리,D,722Y001,1.3.1. 한국은행 기준금리 및 여수신금리,0101000,한국은행 기준금리,,,20190531,1.75,연%,ECOS
BASE_RATE,한국은행 기준금리,D,722Y001,1.3.1. 한국은행 기준금리 및 여수신금리,0101000,한국은행 기준금리,,,20190601,1.75,연%,ECOS
BASE_RATE,한국은행 기준금리,D,722Y001,1.3.1. 한국은행 기준금리 및 여수신금리,0101000,한국은행 기준금리,,,20190602,1.75,연%,ECOS
BASE_RATE,한국은행 기준금리,D,722Y001,1.3.1. 한국은행 기준금리 및 여수신금리,0101000,한국은행 기준금리,,,20190603,1.75,연%,ECOS
BASE_RATE,한국은행 기준금리,D,722Y001,1.3.1. 한국은행 기준금리 및 여수신금리,0101000,한국은행 기준금리,,,20190604,1.75,연%,ECOS
BASE_RATE,한국은행 기준금리,D,722Y001,1.3.1. 한국은행 기준금리 및 여수신금리,0101000,한국은행 기준금리,,,20190605,1.75,연%,ECOS
BASE_RATE,한국은행 기준금리,D,722Y001,1.3.1. 한국은행 기준금리 및 여수신금리,0101000,한국은행 기준금리,,,20190606,1.75,연%,ECOS
BASE_RATE,한국은행 기준금리,D,722Y001,1.3.1. 한국은행 기준금리 및 여수신금리,0101000,한국은행 기준금리,,,20190607,1.75,연%,ECOS
BASE_RATE,한국은행 기준금리,D,722Y001,1.3.1. 한국은행 기준금리 및 여수신금리,0101000,한국은행 기준금리,,,20190608,1.75,연%,ECOS
BASE_RATE,한국은행 기준금리,D,722Y001,1.3.1. 한국은행 기준금리 및 여수신금리,0101000,한국은행 기준금리,,,20190609,1.75,연%,ECOS
BASE_RATE,한국은행 기준금리,D,722Y001,1.3.1. 한국은행 기준금리 및 여수신금리,0101000,한국은행 기준금리,,,20190610,1.75,연%,ECOS
BASE_RATE,한국은행 기준금리,D,722Y001,1.3.1. 한국은행 기준금리 및 여수신금리,0101000,한국은행 기준금리,,,20190611,1.75,연%,ECOS
BASE_RATE,한국은행 기준금리,D,722Y001,1.3.1. 한국은행 기준금리 및 여수신금리,0101000,한국은행 기준금리,,,20190612,1.75,연%,ECOS
BASE_RATE,한국은행 기준금리,D,722Y001,1.3.1. 한국은행 기준금리 및 여수신금리,0101000,한국은행 기준금리,,,20190613,1.75,연%,ECOS
BASE_RATE,한국은행 기준금리,D,722Y001,1.3.1. 한국은행 기준금리 및 여수신금리,0101000,한국은행 기준금리,,,20190614,1.75,연%,ECOS
BASE_RATE,한국은행 기준금리,D,722Y001,1.3.1. 한국은행 기준금리 및 여수신금리,0101000,한국은행 기준금리,,,20190615,1.75,연%,ECOS
BASE_RATE,한국은행 기준금리,D,722Y001,1.3.1. 한국은행 기준금리 및 여수신금리,0101000,한국은행 기준금리,,,20190616,1.75,연%,ECOS
BASE_RATE,한국은행 기준금리,D,722Y001,1.3.1. 한국은행 기준금리 및 여수신금리,0101000,한국은행 기준금리,,,20190617,1.75,연%,ECOS
BASE_RATE,한국은행 기준금리,D,722Y001,1.3.1. 한국은행 기준금리 및 여수신금리,0101000,한국은행 기준금리,,,20190618,1.75,연%,ECOS
BASE_RATE,한국은행 기준금리,D,722Y001,1.3.1. 한국은행 기준금리 및 여수신금리,0101000,한국은행 기준금리,,,20190619,1.75,연%,ECOS
BASE_RATE,한국은행 기준금리,D,722Y001,1.3.1. 한국은행 기준금리 및 여수신금리,0101000,한국은행 기준금리,,,20190620,1.75,연%,ECOS
BASE_RATE,한국은행 기준금리,D,722Y001,1.3.1. 한국은행 기준금리 및 여수신금리,0101000,한국은행 기준금리,,,20190621,1.75,연%,ECOS
BASE_RATE,한국은행 기준금리,D,722Y001,1.3.1. 한국은행 기준금리 및 여수신금리,0101000,한국은행 기준금리,,,20190622,1.75,연%,ECOS
BASE_RATE,한국은행 기준금리,D,722Y001,1.3.1. 한국은행 기준금리 및 여수신금리,0101000,한국은행 기준금리,,,20190623,1.75,연%,ECOS
BASE_RATE,한국은행 기준금리,D,722Y001,1.3.1. 한국은행 기준금리 및 여수신금리,0101000,한국은행 기준금리,,,20190624,1.75,연%,ECOS
BASE_RATE,한국은행 기준금리,D,722Y001,1.3.1. 한국은행 기준금리 및 여수신금리,0101000,한국은행 기준금리,,,20190625,1.75,연%,ECOS
BASE_RATE,한국은행 기준금리,D,722Y001,1.3.1. 한국은행 기준금리 및 여수신금리,0101000,한국은행 기준금리,,,20190626,1.75,연%,ECOS
BASE_RATE,한국은행 기준금리,D,722Y001,1.3.1. 한국은행 기준금리 및 여수신금리,0101000,한국은행 기준금리,,,20190627,1.75,연%,ECOS
BASE_RATE,한국은행 기준금리,D,722Y001,1.3.1. 한국은행 기준금리 및 여수신금리,0101000,한국은행 기준금리,,,20190628,1.75,연%,ECOS
BASE_RATE,한국은행 기준금리,D,722Y001,1.3.1. 한국은행 기준금리 및 여수신금리,0101000,한국은행 기준금리,,,20190629,1.75,연%,ECOS
BASE_RATE,한국은행 기준금리,D,722Y001,1.3.1. 한국은행 기준금리 및 여수신금리,0101000,한국은행 기준금리,,,20190630,1.75,연%,ECOS
BASE_RATE,한국은행 기준금리,D,722Y001,1.3.1. 한국은행 기준금리 및 여수신금리,0101000,한국은행 기준금리,,,20190701,1.75,연%,ECOS
BASE_RATE,한국은행 기준금리,D,722Y001,1.3.1. 한국은행 기준금리 및 여수신금리,0101000,한국은행 기준금리,,,20190702,1.75,연%,ECOS
BASE_RATE,한국은행 기준금리,D,722Y001,1.3.1. 한국은행 기준금리 및 여수신금리,0101000,한국은행 기준금리,,,20190703,1.75,연%,ECOS
BASE_RATE,한국은행 기준금리,D,722Y001,1.3.1. 한국은행 기준금리 및 여수신금리,0101000,한국은행 기준금리,,,20190704,1.75,연%,ECOS
BASE_RATE,한국은행 기준금리,D,722Y001,1.3.1. 한국은행 기준금리 및 여수신금리,0101000,한국은행 기준금리,,,20190705,1.75,연%,ECOS
BASE_RATE,한국은행 기준금리,D,722Y001,1.3.1. 한국은행 기준금리 및 여수신금리,0101000,한국은행 기준금리,,,20190706,1.75,연%,ECOS
BASE_RATE,한국은행 기준금리,D,722Y001,1.3.1. 한국은행 기준금리 및 여수신금리,0101000,한국은행 기준금리,,,20190707,1.75,연%,ECOS
BASE_RATE,한국은행 기준금리,D,722Y001,1.3.1. 한국은행 기준금리 및 여수신금리,0101000,한국은행 기준금리,,,20190708,1.75,연%,ECOS
BASE_RATE,한국은행 기준금리,D,722Y001,1.3.1. 한국은행 기준금리 및 여수신금리,0101000,한국은행 기준금리,,,20190709,1.75,연%,ECOS
BASE_RATE,한국은행 기준금리,D,722Y001,1.3.1. 한국은행 기준금리 및 여수신금리,0101000,한국은행 기준금리,,,20190710,1.75,연%,ECOS
BASE_RATE,한국은행 기준금리,D,722Y001,1.3.1. 한국은행 기준금리 및 여수신금리,0101000,한국은행 기준금리,,,20190711,1.75,연%,ECOS
BASE_RATE,한국은행 기준금리,D,722Y001,1.3.1. 한국은행 기준금리 및 여수신금리,0101000,한국은행 기준금리,,,20190712,1.75,연%,ECOS
BASE_RATE,한국은행 기준금리,D,722Y001,1.3.1. 한국은행 기준금리 및 여수신금리,0101000,한국은행 기준금리,,,20190713,1.75,연%,ECOS
BASE_RATE,한국은행 기준금리,D,722Y001,1.3.1. 한국은행 기준금리 및 여수신금리,0101000,한국은행 기준금리,,,20190714,1.75,연%,ECOS
BASE_RATE,한국은행 기준금리,D,722Y001,1.3.1. 한국은행 기준금리 및 여수신금리,0101000,한국은행 기준금리,,,20190715,1.75,연%,ECOS
BASE_RATE,한국은행 기준금리,D,722Y001,1.3.1. 한국은행 기준금리 및 여수신금리,0101000,한국은행 기준금리,,,20190716,1.75,연%,ECOS
BASE_RATE,한국은행 기준금리,D,722Y001,1.3.1. 한국은행 기준금리 및 여수신금리,0101000,한국은행 기준금리,,,20190717,1.75,연%,ECOS
BASE_RATE,한국은행 기준금리,D,722Y001,1.3.1. 한국은행 기준금리 및 여수신금리,0101000,한국은행 기준금리,,,20190718,1.5,연%,ECOS
BASE_RATE,한국은행 기준금리,D,722Y001,1.3.1. 한국은행 기준금리 및 여수신금리,0101000,한국은행 기준금리,,,20190719,1.5,연%,ECOS
BASE_RATE,한국은행 기준금리,D,722Y001,1.3.1. 한국은행 기준금리 및 여수신금리,0101000,한국은행 기준금리,,,20190720,1.5,연%,ECOS
BASE_RATE,한국은행 기준금리,D,722Y001,1.3.1. 한국은행 기준금리 및 여수신금리,0101000,한국은행 기준금리,,,20190721,1.5,연%,ECOS
BASE_RATE,한국은행 기준금리,D,722Y001,1.3.1. 한국은행 기준금리 및 여수신금리,0101000,한국은행 기준금리,,,20190722,1.5,연%,ECOS
BASE_RATE,한국은행 기준금리,D,722Y001,1.3.1. 한국은행 기준금리 및 여수신금리,0101000,한국은행 기준금리,,,20190723,1.5,연%,ECOS
BASE_RATE,한국은행 기준금리,D,722Y001,1.3.1. 한국은행 기준금리 및 여수신금리,0101000,한국은행 기준금리,,,20190724,1.5,연%,ECOS
BASE_RATE,한국은행 기준금리,D,722Y001,1.3.1. 한국은행 기준금리 및 여수신금리,0101000,한국은행 기준금리,,,20190725,1.5,연%,ECOS
BASE_RATE,한국은행 기준금리,D,722Y001,1.3.1. 한국은행 기준금리 및 여수신금리,0101000,한국은행 기준금리,,,20190726,1.5,연%,ECOS
BASE_RATE,한국은행 기준금리,D,722Y001,1.3.1. 한국은행 기준금리 및 여수신금리,0101000,한국은행 기준금리,,,20190727,1.5,연%,ECOS
BASE_RATE,한국은행 기준금리,D,722Y001,1.3.1. 한국은행 기준금리 및 여수신금리,0101000,한국은행 기준금리,,,20190728,1.5,연%,ECOS
BASE_RATE,한국은행 기준금리,D,722Y001,1.3.1. 한국은행 기준금리 및 여수신금리,0101000,한국은행 기준금리,,,20190729,1.5,연%,ECOS
BASE_RATE,한국은행 기준금리,D,722Y001,1.3.1. 한국은행 기준금리 및 여수신금리,0101000,한국은행 기준금리,,,20190730,1.5,연%,ECOS
BASE_RATE,한국은행 기준금리,D,722Y001,1.3.1. 한국은행 기준금리 및 여수신금리,0101000,한국은행 기준금리,,,20190731,1.5,연%,ECOS
BASE_RATE,한국은행 기준금리,D,722Y001,1.3.1. 한국은행 기준금리 및 여수신금리,0101000,한국은행 기준금리,,,20190801,1.5,연%,ECOS
BASE_RATE,한국은행 기준금리,D,722Y001,1.3.1. 한국은행 기준금리 및 여수신금리,0101000,한국은행 기준금리,,,20190802,1.5,연%,ECOS
BASE_RATE,한국은행 기준금리,D,722Y001,1.3.1. 한국은행 기준금리 및 여수신금리,0101000,한국은행 기준금리,,,20190803,1.5,연%,ECOS
BASE_RATE,한국은행 기준금리,D,722Y001,1.3.1. 한국은행 기준금리 및 여수신금리,0101000,한국은행 기준금리,,,20190804,1.5,연%,ECOS
BASE_RATE,한국은행 기준금리,D,722Y001,1.3.1. 한국은행 기준금리 및 여수신금리,0101000,한국은행 기준금리,,,20190805,1.5,연%,ECOS
BASE_RATE,한국은행 기준금리,D,722Y001,1.3.1. 한국은행 기준금리 및 여수신금리,0101000,한국은행 기준금리,,,20190806,1.5,연%,ECOS
BASE_RATE,한국은행 기준금리,D,722Y001,1.3.1. 한국은행 기준금리 및 여수신금리,0101000,한국은행 기준금리,,,20190807,1.5,연%,ECOS
BASE_RATE,한국은행 기준금리,D,722Y001,1.3.1. 한국은행 기준금리 및 여수신금리,0101000,한국은행 기준금리,,,20190808,1.5,연%,ECOS
BASE_RATE,한국은행 기준금리,D,722Y001,1.3.1. 한국은행 기준금리 및 여수신금리,0101000,한국은행 기준금리,,,20190809,1.5,연%,ECOS
BASE_RATE,한국은행 기준금리,D,722Y001,1.3.1. 한국은행 기준금리 및 여수신금리,0101000,한국은행 기준금리,,,20190810,1.5,연%,ECOS
BASE_RATE,한국은행 기준금리,D,722Y001,1.3.1. 한국은행 기준금리 및 여수신금리,0101000,한국은행 기준금리,,,20190811,1.5,연%,ECOS
BASE_RATE,한국은행 기준금리,D,722Y001,1.3.1. 한국은행 기준금리 및 여수신금리,0101000,한국은행 기준금리,,,20190812,1.5,연%,ECOS
BASE_RATE,한국은행 기준금리,D,722Y001,1.3.1. 한국은행 기준금리 및 여수신금리,0101000,한국은행 기준금리,,,20190813,1.5,연%,ECOS
BASE_RATE,한국은행 기준금리,D,722Y001,1.3.1. 한국은행 기준금리 및 여수신금리,0101000,한국은행 기준금리,,,20190814,1.5,연%,ECOS
BASE_RATE,한국은행 기준금리,D,722Y001,1.3.1. 한국은행 기준금리 및 여수신금리,0101000,한국은행 기준금리,,,20190815,1.5,연%,ECOS
BASE_RATE,한국은행 기준금리,D,722Y001,1.3.1. 한국은행 기준금리 및 여수신금리,0101000,한국은행 기준금리,,,20190816,1.5,연%,ECOS
BASE_RATE,한국은행 기준금리,D,722Y001,1.3.1. 한국은행 기준금리 및 여수신금리,0101000,한국은행 기준금리,,,20190817,1.5,연%,ECOS
BASE_RATE,한국은행 기준금리,D,722Y001,1.3.1. 한국은행 기준금리 및 여수신금리,0101000,한국은행 기준금리,,,20190818,1.5,연%,ECOS
BASE_RATE,한국은행 기준금리,D,722Y001,1.3.1. 한국은행 기준금리 및 여수신금리,0101000,한국은행 기준금리,,,20190819,1.5,연%,ECOS
BASE_RATE,한국은행 기준금리,D,722Y001,1.3.1. 한국은행 기준금리 및 여수신금리,0101000,한국은행 기준금리,,,20190820,1.5,연%,ECOS
BASE_RATE,한국은행 기준금리,D,722Y001,1.3.1. 한국은행 기준금리 및 여수신금리,0101000,한국은행 기준금리,,,20190821,1.5,연%,ECOS
BASE_RATE,한국은행 기준금리,D,722Y001,1.3.1. 한국은행 기준금리 및 여수신금리,0101000,한국은행 기준금리,,,20190822,1.5,연%,ECOS
BASE_RATE,한국은행 기준금리,D,722Y001,1.3.1. 한국은행 기준금리 및 여수신금리,0101000,한국은행 기준금리,,,20190823,1.5,연%,ECOS
BASE_RATE,한국은행 기준금리,D,722Y001,1.3.1. 한국은행 기준금리 및 여수신금리,0101000,한국은행 기준금리,,,20190824,1.5,연%,ECOS
BASE_RATE,한국은행 기준금리,D,722Y001,1.3.1. 한국은행 기준금리 및 여수신금리,0101000,한국은행 기준금리,,,20190825,1.5,연%,ECOS
BASE_RATE,한국은행 기준금리,D,722Y001,1.3.1. 한국은행 기준금리 및 여수신금리,0101000,한국은행 기준금리,,,20190826,1.5,연%,ECOS
BASE_RATE,한국은행 기준금리,D,722Y001,1.3.1. 한국은행 기준금리 및 여수신금리,0101000,한국은행 기준금리,,,20190827,1.5,연%,ECOS
BASE_RATE,한국은행 기준금리,D,722Y001,1.3.1. 한국은행 기준금리 및 여수신금리,0101000,한국은행 기준금리,,,20190828,1.5,연%,ECOS
BASE_RATE,한국은행 기준금리,D,722Y001,1.3.1. 한국은행 기준금리 및 여수신금리,0101000,한국은행 기준금리,,,20190829,1.5,연%,ECOS
BASE_RATE,한국은행 기준금리,D,722Y001,1.3.1. 한국은행 기준금리 및 여수신금리,0101000,한국은행 기준금리,,,20190830,1.5,연%,ECOS
BASE_RATE,한국은행 기준금리,D,722Y001,1.3.1. 한국은행 기준금리 및 여수신금리,0101000,한국은행 기준금리,,,20190831,1.5,연%,ECOS
BASE_RATE,한국은행 기준금리,D,722Y001,1.3.1. 한국은행 기준금리 및 여수신금리,0101000,한국은행 기준금리,,,20190901,1.5,연%,ECOS
BASE_RATE,한국은행 기준금리,D,722Y001,1.3.1. 한국은행 기준금리 및 여수신금리,0101000,한국은행 기준금리,,,20190902,1.5,연%,ECOS
BASE_RATE,한국은행 기준금리,D,722Y001,1.3.1. 한국은행 기준금리 및 여수신금리,0101000,한국은행 기준금리,,,20190903,1.5,연%,ECOS
BASE_RATE,한국은행 기준금리,D,722Y001,1.3.1. 한국은행 기준금리 및 여수신금리,0101000,한국은행 기준금리,,,20190904,1.5,연%,ECOS
BASE_RATE,한국은행 기준금리,D,722Y001,1.3.1. 한국은행 기준금리 및 여수신금리,0101000,한국은행 기준금리,,,20190905,1.5,연%,ECOS
BASE_RATE,한국은행 기준금리,D,722Y001,1.3.1. 한국은행 기준금리 및 여수신금리,0101000,한국은행 기준금리,,,20190906,1.5,연%,ECOS
BASE_RATE,한국은행 기준금리,D,722Y001,1.3.1. 한국은행 기준금리 및 여수신금리,0101000,한국은행 기준금리,,,20190907,1.5,연%,ECOS
BASE_RATE,한국은행 기준금리,D,722Y001,1.3.1. 한국은행 기준금리 및 여수신금리,0101000,한국은행 기준금리,,,20190908,1.5,연%,ECOS
BASE_RATE,한국은행 기준금리,D,722Y001,1.3.1. 한국은행 기준금리 및 여수신금리,0101000,한국은행 기준금리,,,20190909,1.5,연%,ECOS
BASE_RATE,한국은행 기준금리,D,722Y001,1.3.1. 한국은행 기준금리 및 여수신금리,0101000,한국은행 기준금리,,,20190910,1.5,연%,ECOS
BASE_RATE,한국은행 기준금리,D,722Y001,1.3.1. 한국은행 기준금리 및 여수신금리,0101000,한국은행 기준금리,,,20190911,1.5,연%,ECOS
BASE_RATE,한국은행 기준금리,D,722Y001,1.3.1. 한국은행 기준금리 및 여수신금리,0101000,한국은행 기준금리,,,20190912,1.5,연%,ECOS
BASE_RATE,한국은행 기준금리,D,722Y001,1.3.1. 한국은행 기준금리 및 여수신금리,0101000,한국은행 기준금리,,,20190913,1.5,연%,ECOS
BASE_RATE,한국은행 기준금리,D,722Y001,1.3.1. 한국은행 기준금리 및 여수신금리,0101000,한국은행 기준금리,,,20190914,1.5,연%,ECOS
BASE_RATE,한국은행 기준금리,D,722Y001,1.3.1. 한국은행 기준금리 및 여수신금리,0101000,한국은행 기준금리,,,20190915,1.5,연%,ECOS
BASE_RATE,한국은행 기준금리,D,722Y001,1.3.1. 한국은행 기준금리 및 여수신금리,0101000,한국은행 기준금리,,,20190916,1.5,연%,ECOS
BASE_RATE,한국은행 기준금리,D,722Y001,1.3.1. 한국은행 기준금리 및 여수신금리,0101000,한국은행 기준금리,,,20190917,1.5,연%,ECOS
BASE_RATE,한국은행 기준금리,D,722Y001,1.3.1. 한국은행 기준금리 및 여수신금리,0101000,한국은행 기준금리,,,20190918,1.5,연%,ECOS
BASE_RATE,한국은행 기준금리,D,722Y001,1.3.1. 한국은행 기준금리 및 여수신금리,0101000,한국은행 기준금리,,,20190919,1.5,연%,ECOS
BASE_RATE,한국은행 기준금리,D,722Y001,1.3.1. 한국은행 기준금리 및 여수신금리,0101000,한국은행 기준금리,,,20190920,1.5,연%,ECOS
BASE_RATE,한국은행 기준금리,D,722Y001,1.3.1. 한국은행 기준금리 및 여수신금리,0101000,한국은행 기준금리,,,20190921,1.5,연%,ECOS
BASE_RATE,한국은행 기준금리,D,722Y001,1.3.1. 한국은행 기준금리 및 여수신금리,0101000,한국은행 기준금리,,,20190922,1.5,연%,ECOS
BASE_RATE,한국은행 기준금리,D,722Y001,1.3.1. 한국은행 기준금리 및 여수신금리,0101000,한국은행 기준금리,,,20190923,1.5,연%,ECOS
BASE_RATE,한국은행 기준금리,D,722Y001,1.3.1. 한국은행 기준금리 및 여수신금리,0101000,한국은행 기준금리,,,20190924,1.5,연%,ECOS
BASE_RATE,한국은행 기준금리,D,722Y001,1.3.1. 한국은행 기준금리 및 여수신금리,0101000,한국은행 기준금리,,,20190925,1.5,연%,ECOS
BASE_RATE,한국은행 기준금리,D,722Y001,1.3.1. 한국은행 기준금리 및 여수신금리,0101000,한국은행 기준금리,,,20190926,1.5,연%,ECOS
BASE_RATE,한국은행 기준금리,D,722Y001,1.3.1. 한국은행 기준금리 및 여수신금리,0101000,한국은행 기준금리,,,20190927,1.5,연%,ECOS
BASE_RATE,한국은행 기준금리,D,722Y001,1.3.1. 한국은행 기준금리 및 여수신금리,0101000,한국은행 기준금리,,,20190928,1.5,연%,ECOS
BASE_RATE,한국은행 기준금리,D,722Y001,1.3.1. 한국은행 기준금리 및 여수신금리,0101000,한국은행 기준금리,,,20190929,1.5,연%,ECOS
BASE_RATE,한국은행 기준금리,D,722Y001,1.3.1. 한국은행 기준금리 및 여수신금리,0101000,한국은행 기준금리,,,20190930,1.5,연%,ECOS
BASE_RATE,한국은행 기준금리,D,722Y001,1.3.1. 한국은행 기준금리 및 여수신금리,0101000,한국은행 기준금리,,,20191001,1.5,연%,ECOS
BASE_RATE,한국은행 기준금리,D,722Y001,1.3.1. 한국은행 기준금리 및 여수신금리,0101000,한국은행 기준금리,,,20191002,1.5,연%,ECOS
BASE_RATE,한국은행 기준금리,D,722Y001,1.3.1. 한국은행 기준금리 및 여수신금리,0101000,한국은행 기준금리,,,20191003,1.5,연%,ECOS
BASE_RATE,한국은행 기준금리,D,722Y001,1.3.1. 한국은행 기준금리 및 여수신금리,0101000,한국은행 기준금리,,,20191004,1.5,연%,ECOS
BASE_RATE,한국은행 기준금리,D,722Y001,1.3.1. 한국은행 기준금리 및 여수신금리,0101000,한국은행 기준금리,,,20191005,1.5,연%,ECOS
BASE_RATE,한국은행 기준금리,D,722Y001,1.3.1. 한국은행 기준금리 및 여수신금리,0101000,한국은행 기준금리,,,20191006,1.5,연%,ECOS
BASE_RATE,한국은행 기준금리,D,722Y001,1.3.1. 한국은행 기준금리 및 여수신금리,0101000,한국은행 기준금리,,,20191007,1.5,연%,ECOS
BASE_RATE,한국은행 기준금리,D,722Y001,1.3.1. 한국은행 기준금리 및 여수신금리,0101000,한국은행 기준금리,,,20191008,1.5,연%,ECOS
BASE_RATE,한국은행 기준금리,D,722Y001,1.3.1. 한국은행 기준금리 및 여수신금리,0101000,한국은행 기준금리,,,20191009,1.5,연%,ECOS
BASE_RATE,한국은행 기준금리,D,722Y001,1.3.1. 한국은행 기준금리 및 여수신금리,0101000,한국은행 기준금리,,,20191010,1.5,연%,ECOS
BASE_RATE,한국은행 기준금리,D,722Y001,1.3.1. 한국은행 기준금리 및 여수신금리,0101000,한국은행 기준금리,,,20191011,1.5,연%,ECOS
BASE_RATE,한국은행 기준금리,D,722Y001,1.3.1. 한국은행 기준금리 및 여수신금리,0101000,한국은행 기준금리,,,20191012,1.5,연%,ECOS
BASE_RATE,한국은행 기준금리,D,722Y001,1.3.1. 한국은행 기준금리 및 여수신금리,0101000,한국은행 기준금리,,,20191013,1.5,연%,ECOS
BASE_RATE,한국은행 기준금리,D,722Y001,1.3.1. 한국은행 기준금리 및 여수신금리,0101000,한국은행 기준금리,,,20191014,1.5,연%,ECOS
BASE_RATE,한국은행 기준금리,D,722Y001,1.3.1. 한국은행 기준금리 및 여수신금리,0101000,한국은행 기준금리,,,20191015,1.5,연%,ECOS
BASE_RATE,한국은행 기준금리,D,722Y001,1.3.1. 한국은행 기준금리 및 여수신금리,0101000,한국은행 기준금리,,,20191016,1.25,연%,ECOS
BASE_RATE,한국은행 기준금리,D,722Y001,1.3.1. 한국은행 기준금리 및 여수신금리,0101000,한국은행 기준금리,,,20191017,1.25,연%,ECOS
BASE_RATE,한국은행 기준금리,D,722Y001,1.3.1. 한국은행 기준금리 및 여수신금리,0101000,한국은행 기준금리,,,20191018,1.25,연%,ECOS
BASE_RATE,한국은행 기준금리,D,722Y001,1.3.1. 한국은행 기준금리 및 여수신금리,0101000,한국은행 기준금리,,,20191019,1.25,연%,ECOS
BASE_RATE,한국은행 기준금리,D,722Y001,1.3.1. 한국은행 기준금리 및 여수신금리,0101000,한국은행 기준금리,,,20191020,1.25,연%,ECOS
BASE_RATE,한국은행 기준금리,D,722Y001,1.3.1. 한국은행 기준금리 및 여수신금리,0101000,한국은행 기준금리,,,20191021,1.25,연%,ECOS
BASE_RATE,한국은행 기준금리,D,722Y001,1.3.1. 한국은행 기준금리 및 여수신금리,0101000,한국은행 기준금리,,,20191022,1.25,연%,ECOS
BASE_RATE,한국은행 기준금리,D,722Y001,1.3.1. 한국은행 기준금리 및 여수신금리,0101000,한국은행 기준금리,,,20191023,1.25,연%,ECOS
BASE_RATE,한국은행 기준금리,D,722Y001,1.3.1. 한국은행 기준금리 및 여수신금리,0101000,한국은행 기준금리,,,20191024,1.25,연%,ECOS
BASE_RATE,한국은행 기준금리,D,722Y001,1.3.1. 한국은행 기준금리 및 여수신금리,0101000,한국은행 기준금리,,,20191025,1.25,연%,ECOS
BASE_RATE,한국은행 기준금리,D,722Y001,1.3.1. 한국은행 기준금리 및 여수신금리,0101000,한국은행 기준금리,,,20191026,1.25,연%,ECOS
BASE_RATE,한국은행 기준금리,D,722Y001,1.3.1. 한국은행 기준금리 및 여수신금리,0101000,한국은행 기준금리,,,20191027,1.25,연%,ECOS
BASE_RATE,한국은행 기준금리,D,722Y001,1.3.1. 한국은행 기준금리 및 여수신금리,0101000,한국은행 기준금리,,,20191028,1.25,연%,ECOS
BASE_RATE,한국은행 기준금리,D,722Y001,1.3.1. 한국은행 기준금리 및 여수신금리,0101000,한국은행 기준금리,,,20191029,1.25,연%,ECOS
BASE_RATE,한국은행 기준금리,D,722Y001,1.3.1. 한국은행 기준금리 및 여수신금리,0101000,한국은행 기준금리,,,20191030,1.25,연%,ECOS
BASE_RATE,한국은행 기준금리,D,722Y001,1.3.1. 한국은행 기준금리 및 여수신금리,0101000,한국은행 기준금리,,,20191031,1.25,연%,ECOS
BASE_RATE,한국은행 기준금리,D,722Y001,1.3.1. 한국은행 기준금리 및 여수신금리,0101000,한국은행 기준금리,,,20191101,1.25,연%,ECOS
BASE_RATE,한국은행 기준금리,D,722Y001,1.3.1. 한국은행 기준금리 및 여수신금리,0101000,한국은행 기준금리,,,20191102,1.25,연%,ECOS
BASE_RATE,한국은행 기준금리,D,722Y001,1.3.1. 한국은행 기준금리 및 여수신금리,0101000,한국은행 기준금리,,,20191103,1.25,연%,ECOS
BASE_RATE,한국은행 기준금리,D,722Y001,1.3.1. 한국은행 기준금리 및 여수신금리,0101000,한국은행 기준금리,,,20191104,1.25,연%,ECOS
BASE_RATE,한국은행 기준금리,D,722Y001,1.3.1. 한국은행 기준금리 및 여수신금리,0101000,한국은행 기준금리,,,20191105,1.25,연%,ECOS
BASE_RATE,한국은행 기준금리,D,722Y001,1.3.1. 한국은행 기준금리 및 여수신금리,0101000,한국은행 기준금리,,,20191106,1.25,연%,ECOS
BASE_RATE,한국은행 기준금리,D,722Y001,1.3.1. 한국은행 기준금리 및 여수신금리,0101000,한국은행 기준금리,,,20191107,1.25,연%,ECOS
BASE_RATE,한국은행 기준금리,D,722Y001,1.3.1. 한국은행 기준금리 및 여수신금리,0101000,한국은행 기준금리,,,20191108,1.25,연%,ECOS
BASE_RATE,한국은행 기준금리,D,722Y001,1.3.1. 한국은행 기준금리 및 여수신금리,0101000,한국은행 기준금리,,,20191109,1.25,연%,ECOS
BASE_RATE,한국은행 기준금리,D,722Y001,1.3.1. 한국은행 기준금리 및 여수신금리,0101000,한국은행 기준금리,,,20191110,1.25,연%,ECOS
BASE_RATE,한국은행 기준금리,D,722Y001,1.3.1. 한국은행 기준금리 및 여수신금리,0101000,한국은행 기준금리,,,20191111,1.25,연%,ECOS
BASE_RATE,한국은행 기준금리,D,722Y001,1.3.1. 한국은행 기준금리 및 여수신금리,0101000,한국은행 기준금리,,,20191112,1.25,연%,ECOS
BASE_RATE,한국은행 기준금리,D,722Y001,1.3.1. 한국은행 기준금리 및 여수신금리,0101000,한국은행 기준금리,,,20191113,1.25,연%,ECOS
BASE_RATE,한국은행 기준금리,D,722Y001,1.3.1. 한국은행 기준금리 및 여수신금리,0101000,한국은행 기준금리,,,20191114,1.25,연%,ECOS
BASE_RATE,한국은행 기준금리,D,722Y001,1.3.1. 한국은행 기준금리 및 여수신금리,0101000,한국은행 기준금리,,,20191115,1.25,연%,ECOS
BASE_RATE,한국은행 기준금리,D,722Y001,1.3.1. 한국은행 기준금리 및 여수신금리,0101000,한국은행 기준금리,,,20191116,1.25,연%,ECOS
BASE_RATE,한국은행 기준금리,D,722Y001,1.3.1. 한국은행 기준금리 및 여수신금리,0101000,한국은행 기준금리,,,20191117,1.25,연%,ECOS
BASE_RATE,한국은행 기준금리,D,722Y001,1.3.1. 한국은행 기준금리 및 여수신금리,0101000,한국은행 기준금리,,,20191118,1.25,연%,ECOS
BASE_RATE,한국은행 기준금리,D,722Y001,1.3.1. 한국은행 기준금리 및 여수신금리,0101000,한국은행 기준금리,,,20191119,1.25,연%,ECOS
BASE_RATE,한국은행 기준금리,D,722Y001,1.3.1. 한국은행 기준금리 및 여수신금리,0101000,한국은행 기준금리,,,20191120,1.25,연%,ECOS
BASE_RATE,한국은행 기준금리,D,722Y001,1.3.1. 한국은행 기준금리 및 여수신금리,0101000,한국은행 기준금리,,,20191121,1.25,연%,ECOS
BASE_RATE,한국은행 기준금리,D,722Y001,1.3.1. 한국은행 기준금리 및 여수신금리,0101000,한국은행 기준금리,,,20191122,1.25,연%,ECOS
BASE_RATE,한국은행 기준금리,D,722Y001,1.3.1. 한국은행 기준금리 및 여수신금리,0101000,한국은행 기준금리,,,20191123,1.25,연%,ECOS
BASE_RATE,한국은행 기준금리,D,722Y001,1.3.1. 한국은행 기준금리 및 여수신금리,0101000,한국은행 기준금리,,,20191124,1.25,연%,ECOS
BASE_RATE,한국은행 기준금리,D,722Y001,1.3.1. 한국은행 기준금리 및 여수신금리,0101000,한국은행 기준금리,,,20191125,1.25,연%,ECOS
BASE_RATE,한국은행 기준금리,D,722Y001,1.3.1. 한국은행 기준금리 및 여수신금리,0101000,한국은행 기준금리,,,20191126,1.25,연%,ECOS
BASE_RATE,한국은행 기준금리,D,722Y001,1.3.1. 한국은행 기준금리 및 여수신금리,0101000,한국은행 기준금리,,,20191127,1.25,연%,ECOS
BASE_RATE,한국은행 기준금리,D,722Y001,1.3.1. 한국은행 기준금리 및 여수신금리,0101000,한국은행 기준금리,,,20191128,1.25,연%,ECOS
BASE_RATE,한국은행 기준금리,D,722Y001,1.3.1. 한국은행 기준금리 및 여수신금리,0101000,한국은행 기준금리,,,20191129,1.25,연%,ECOS
BASE_RATE,한국은행 기준금리,D,722Y001,1.3.1. 한국은행 기준금리 및 여수신금리,0101000,한국은행 기준금리,,,20191130,1.25,연%,ECOS
BASE_RATE,한국은행 기준금리,D,722Y001,1.3.1. 한국은행 기준금리 및 여수신금리,0101000,한국은행 기준금리,,,20191201,1.25,연%,ECOS
BASE_RATE,한국은행 기준금리,D,722Y001,1.3.1. 한국은행 기준금리 및 여수신금리,0101000,한국은행 기준금리,,,20191202,1.25,연%,ECOS
BASE_RATE,한국은행 기준금리,D,722Y001,1.3.1. 한국은행 기준금리 및 여수신금리,0101000,한국은행 기준금리,,,20191203,1.25,연%,ECOS
BASE_RATE,한국은행 기준금리,D,722Y001,1.3.1. 한국은행 기준금리 및 여수신금리,0101000,한국은행 기준금리,,,20191204,1.25,연%,ECOS
BASE_RATE,한국은행 기준금리,D,722Y001,1.3.1. 한국은행 기준금리 및 여수신금리,0101000,한국은행 기준금리,,,20191205,1.25,연%,ECOS
BASE_RATE,한국은행 기준금리,D,722Y001,1.3.1. 한국은행 기준금리 및 여수신금리,0101000,한국은행 기준금리,,,20191206,1.25,연%,ECOS
BASE_RATE,한국은행 기준금리,D,722Y001,1.3.1. 한국은행 기준금리 및 여수신금리,0101000,한국은행 기준금리,,,20191207,1.25,연%,ECOS
BASE_RATE,한국은행 기준금리,D,722Y001,1.3.1. 한국은행 기준금리 및 여수신금리,0101000,한국은행 기준금리,,,20191208,1.25,연%,ECOS
BASE_RATE,한국은행 기준금리,D,722Y001,1.3.1. 한국은행 기준금리 및 여수신금리,0101000,한국은행 기준금리,,,20191209,1.25,연%,ECOS
BASE_RATE,한국은행 기준금리,D,722Y001,1.3.1. 한국은행 기준금리 및 여수신금리,0101000,한국은행 기준금리,,,20191210,1.25,연%,ECOS
BASE_RATE,한국은행 기준금리,D,722Y001,1.3.1. 한국은행 기준금리 및 여수신금리,0101000,한국은행 기준금리,,,20191211,1.25,연%,ECOS
BASE_RATE,한국은행 기준금리,D,722Y001,1.3.1. 한국은행 기준금리 및 여수신금리,0101000,한국은행 기준금리,,,20191212,1.25,연%,ECOS
BASE_RATE,한국은행 기준금리,D,722Y001,1.3.1. 한국은행 기준금리 및 여수신금리,0101000,한국은행 기준금리,,,20191213,1.25,연%,ECOS
BASE_RATE,한국은행 기준금리,D,722Y001,1.3.1. 한국은행 기준금리 및 여수신금리,0101000,한국은행 기준금리,,,20191214,1.25,연%,ECOS
BASE_RATE,한국은행 기준금리,D,722Y001,1.3.1. 한국은행 기준금리 및 여수신금리,0101000,한국은행 기준금리,,,20191215,1.25,연%,ECOS
BASE_RATE,한국은행 기준금리,D,722Y001,1.3.1. 한국은행 기준금리 및 여수신금리,0101000,한국은행 기준금리,,,20191216,1.25,연%,ECOS
BASE_RATE,한국은행 기준금리,D,722Y001,1.3.1. 한국은행 기준금리 및 여수신금리,0101000,한국은행 기준금리,,,20191217,1.25,연%,ECOS
BASE_RATE,한국은행 기준금리,D,722Y001,1.3.1. 한국은행 기준금리 및 여수신금리,0101000,한국은행 기준금리,,,20191218,1.25,연%,ECOS
BASE_RATE,한국은행 기준금리,D,722Y001,1.3.1. 한국은행 기준금리 및 여수신금리,0101000,한국은행 기준금리,,,20191219,1.25,연%,ECOS
BASE_RATE,한국은행 기준금리,D,722Y001,1.3.1. 한국은행 기준금리 및 여수신금리,0101000,한국은행 기준금리,,,20191220,1.25,연%,ECOS
BASE_RATE,한국은행 기준금리,D,722Y001,1.3.1. 한국은행 기준금리 및 여수신금리,0101000,한국은행 기준금리,,,20191221,1.25,연%,ECOS
BASE_RATE,한국은행 기준금리,D,722Y001,1.3.1. 한국은행 기준금리 및 여수신금리,0101000,한국은행 기준금리,,,20191222,1.25,연%,ECOS
BASE_RATE,한국은행 기준금리,D,722Y001,1.3.1. 한국은행 기준금리 및 여수신금리,0101000,한국은행 기준금리,,,20191223,1.25,연%,ECOS
BASE_RATE,한국은행 기준금리,D,722Y001,1.3.1. 한국은행 기준금리 및 여수신금리,0101000,한국은행 기준금리,,,20191224,1.25,연%,ECOS
BASE_RATE,한국은행 기준금리,D,722Y001,1.3.1. 한국은행 기준금리 및 여수신금리,0101000,한국은행 기준금리,,,20191225,1.25,연%,ECOS
BASE_RATE,한국은행 기준금리,D,722Y001,1.3.1. 한국은행 기준금리 및 여수신금리,0101000,한국은행 기준금리,,,20191226,1.25,연%,ECOS
BASE_RATE,한국은행 기준금리,D,722Y001,1.3.1. 한국은행 기준금리 및 여수신금리,0101000,한국은행 기준금리,,,20191227,1.25,연%,ECOS
BASE_RATE,한국은행 기준금리,D,722Y001,1.3.1. 한국은행 기준금리 및 여수신금리,0101000,한국은행 기준금리,,,20191228,1.25,연%,ECOS
BASE_RATE,한국은행 기준금리,D,722Y001,1.3.1. 한국은행 기준금리 및 여수신금리,0101000,한국은행 기준금리,,,20191229,1.25,연%,ECOS
BASE_RATE,한국은행 기준금리,D,722Y001,1.3.1. 한국은행 기준금리 및 여수신금리,0101000,한국은행 기준금리,,,20191230,1.25,연%,ECOS
BASE_RATE,한국은행 기준금리,D,722Y001,1.3.1. 한국은행 기준금리 및 여수신금리,0101000,한국은행 기준금리,,,20191231,1.25,연%,ECOS
BASE_RATE,한국은행 기준금리,D,722Y001,1.3.1. 한국은행 기준금리 및 여수신금리,0101000,한국은행 기준금리,,,20200101,1.25,연%,ECOS
BASE_RATE,한국은행 기준금리,D,722Y001,1.3.1. 한국은행 기준금리 및 여수신금리,0101000,한국은행 기준금리,,,20200102,1.25,연%,ECOS
BASE_RATE,한국은행 기준금리,D,722Y001,1.3.1. 한국은행 기준금리 및 여수신금리,0101000,한국은행 기준금리,,,20200103,1.25,연%,ECOS
BASE_RATE,한국은행 기준금리,D,722Y001,1.3.1. 한국은행 기준금리 및 여수신금리,0101000,한국은행 기준금리,,,20200104,1.25,연%,ECOS
BASE_RATE,한국은행 기준금리,D,722Y001,1.3.1. 한국은행 기준금리 및 여수신금리,0101000,한국은행 기준금리,,,20200105,1.25,연%,ECOS
BASE_RATE,한국은행 기준금리,D,722Y001,1.3.1. 한국은행 기준금리 및 여수신금리,0101000,한국은행 기준금리,,,20200106,1.25,연%,ECOS
BASE_RATE,한국은행 기준금리,D,722Y001,1.3.1. 한국은행 기준금리 및 여수신금리,0101000,한국은행 기준금리,,,20200107,1.25,연%,ECOS
BASE_RATE,한국은행 기준금리,D,722Y001,1.3.1. 한국은행 기준금리 및 여수신금리,0101000,한국은행 기준금리,,,20200108,1.25,연%,ECOS
BASE_RATE,한국은행 기준금리,D,722Y001,1.3.1. 한국은행 기준금리 및 여수신금리,0101000,한국은행 기준금리,,,20200109,1.25,연%,ECOS
BASE_RATE,한국은행 기준금리,D,722Y001,1.3.1. 한국은행 기준금리 및 여수신금리,0101000,한국은행 기준금리,,,20200110,1.25,연%,ECOS
BASE_RATE,한국은행 기준금리,D,722Y001,1.3.1. 한국은행 기준금리 및 여수신금리,0101000,한국은행 기준금리,,,20200111,1.25,연%,ECOS
BASE_RATE,한국은행 기준금리,D,722Y001,1.3.1. 한국은행 기준금리 및 여수신금리,0101000,한국은행 기준금리,,,20200112,1.25,연%,ECOS
BASE_RATE,한국은행 기준금리,D,722Y001,1.3.1. 한국은행 기준금리 및 여수신금리,0101000,한국은행 기준금리,,,20200113,1.25,연%,ECOS
BASE_RATE,한국은행 기준금리,D,722Y001,1.3.1. 한국은행 기준금리 및 여수신금리,0101000,한국은행 기준금리,,,20200114,1.25,연%,ECOS
BASE_RATE,한국은행 기준금리,D,722Y001,1.3.1. 한국은행 기준금리 및 여수신금리,0101000,한국은행 기준금리,,,20200115,1.25,연%,ECOS
BASE_RATE,한국은행 기준금리,D,722Y001,1.3.1. 한국은행 기준금리 및 여수신금리,0101000,한국은행 기준금리,,,20200116,1.25,연%,ECOS
BASE_RATE,한국은행 기준금리,D,722Y001,1.3.1. 한국은행 기준금리 및 여수신금리,0101000,한국은행 기준금리,,,20200117,1.25,연%,ECOS
BASE_RATE,한국은행 기준금리,D,722Y001,1.3.1. 한국은행 기준금리 및 여수신금리,0101000,한국은행 기준금리,,,20200118,1.25,연%,ECOS
BASE_RATE,한국은행 기준금리,D,722Y001,1.3.1. 한국은행 기준금리 및 여수신금리,0101000,한국은행 기준금리,,,20200119,1.25,연%,ECOS
BASE_RATE,한국은행 기준금리,D,722Y001,1.3.1. 한국은행 기준금리 및 여수신금리,0101000,한국은행 기준금리,,,20200120,1.25,연%,ECOS
BASE_RATE,한국은행 기준금리,D,722Y001,1.3.1. 한국은행 기준금리 및 여수신금리,0101000,한국은행 기준금리,,,20200121,1.25,연%,ECOS
BASE_RATE,한국은행 기준금리,D,722Y001,1.3.1. 한국은행 기준금리 및 여수신금리,0101000,한국은행 기준금리,,,20200122,1.25,연%,ECOS
BASE_RATE,한국은행 기준금리,D,722Y001,1.3.1. 한국은행 기준금리 및 여수신금리,0101000,한국은행 기준금리,,,20200123,1.25,연%,ECOS
BASE_RATE,한국은행 기준금리,D,722Y001,1.3.1. 한국은행 기준금리 및 여수신금리,0101000,한국은행 기준금리,,,20200124,1.25,연%,ECOS
BASE_RATE,한국은행 기준금리,D,722Y001,1.3.1. 한국은행 기준금리 및 여수신금리,0101000,한국은행 기준금리,,,20200125,1.25,연%,ECOS
BASE_RATE,한국은행 기준금리,D,722Y001,1.3.1. 한국은행 기준금리 및 여수신금리,0101000,한국은행 기준금리,,,20200126,1.25,연%,ECOS
BASE_RATE,한국은행 기준금리,D,722Y001,1.3.1. 한국은행 기준금리 및 여수신금리,0101000,한국은행 기준금리,,,20200127,1.25,연%,ECOS
BASE_RATE,한국은행 기준금리,D,722Y001,1.3.1. 한국은행 기준금리 및 여수신금리,0101000,한국은행 기준금리,,,20200128,1.25,연%,ECOS
BASE_RATE,한국은행 기준금리,D,722Y001,1.3.1. 한국은행 기준금리 및 여수신금리,0101000,한국은행 기준금리,,,20200129,1.25,연%,ECOS
BASE_RATE,한국은행 기준금리,D,722Y001,1.3.1. 한국은행 기준금리 및 여수신금리,0101000,한국은행 기준금리,,,20200130,1.25,연%,ECOS
BASE_RATE,한국은행 기준금리,D,722Y001,1.3.1. 한국은행 기준금리 및 여수신금리,0101000,한국은행 기준금리,,,20200131,1.25,연%,ECOS
BASE_RATE,한국은행 기준금리,D,722Y001,1.3.1. 한국은행 기준금리 및 여수신금리,0101000,한국은행 기준금리,,,20200201,1.25,연%,ECOS
BASE_RATE,한국은행 기준금리,D,722Y001,1.3.1. 한국은행 기준금리 및 여수신금리,0101000,한국은행 기준금리,,,20200202,1.25,연%,ECOS
BASE_RATE,한국은행 기준금리,D,722Y001,1.3.1. 한국은행 기준금리 및 여수신금리,0101000,한국은행 기준금리,,,20200203,1.25,연%,ECOS
BASE_RATE,한국은행 기준금리,D,722Y001,1.3.1. 한국은행 기준금리 및 여수신금리,0101000,한국은행 기준금리,,,20200204,1.25,연%,ECOS
BASE_RATE,한국은행 기준금리,D,722Y001,1.3.1. 한국은행 기준금리 및 여수신금리,0101000,한국은행 기준금리,,,20200205,1.25,연%,ECOS
BASE_RATE,한국은행 기준금리,D,722Y001,1.3.1. 한국은행 기준금리 및 여수신금리,0101000,한국은행 기준금리,,,20200206,1.25,연%,ECOS
BASE_RATE,한국은행 기준금리,D,722Y001,1.3.1. 한국은행 기준금리 및 여수신금리,0101000,한국은행 기준금리,,,20200207,1.25,연%,ECOS
BASE_RATE,한국은행 기준금리,D,722Y001,1.3.1. 한국은행 기준금리 및 여수신금리,0101000,한국은행 기준금리,,,20200208,1.25,연%,ECOS
BASE_RATE,한국은행 기준금리,D,722Y001,1.3.1. 한국은행 기준금리 및 여수신금리,0101000,한국은행 기준금리,,,20200209,1.25,연%,ECOS
BASE_RATE,한국은행 기준금리,D,722Y001,1.3.1. 한국은행 기준금리 및 여수신금리,0101000,한국은행 기준금리,,,20200210,1.25,연%,ECOS
BASE_RATE,한국은행 기준금리,D,722Y001,1.3.1. 한국은행 기준금리 및 여수신금리,0101000,한국은행 기준금리,,,20200211,1.25,연%,ECOS
BASE_RATE,한국은행 기준금리,D,722Y001,1.3.1. 한국은행 기준금리 및 여수신금리,0101000,한국은행 기준금리,,,20200212,1.25,연%,ECOS
BASE_RATE,한국은행 기준금리,D,722Y001,1.3.1. 한국은행 기준금리 및 여수신금리,0101000,한국은행 기준금리,,,20200213,1.25,연%,ECOS
BASE_RATE,한국은행 기준금리,D,722Y001,1.3.1. 한국은행 기준금리 및 여수신금리,0101000,한국은행 기준금리,,,20200214,1.25,연%,ECOS
BASE_RATE,한국은행 기준금리,D,722Y001,1.3.1. 한국은행 기준금리 및 여수신금리,0101000,한국은행 기준금리,,,20200215,1.25,연%,ECOS
BASE_RATE,한국은행 기준금리,D,722Y001,1.3.1. 한국은행 기준금리 및 여수신금리,0101000,한국은행 기준금리,,,20200216,1.25,연%,ECOS
BASE_RATE,한국은행 기준금리,D,722Y001,1.3.1. 한국은행 기준금리 및 여수신금리,0101000,한국은행 기준금리,,,20200217,1.25,연%,ECOS
BASE_RATE,한국은행 기준금리,D,722Y001,1.3.1. 한국은행 기준금리 및 여수신금리,0101000,한국은행 기준금리,,,20200218,1.25,연%,ECOS
BASE_RATE,한국은행 기준금리,D,722Y001,1.3.1. 한국은행 기준금리 및 여수신금리,0101000,한국은행 기준금리,,,20200219,1.25,연%,ECOS
BASE_RATE,한국은행 기준금리,D,722Y001,1.3.1. 한국은행 기준금리 및 여수신금리,0101000,한국은행 기준금리,,,20200220,1.25,연%,ECOS
BASE_RATE,한국은행 기준금리,D,722Y001,1.3.1. 한국은행 기준금리 및 여수신금리,0101000,한국은행 기준금리,,,20200221,1.25,연%,ECOS
BASE_RATE,한국은행 기준금리,D,722Y001,1.3.1. 한국은행 기준금리 및 여수신금리,0101000,한국은행 기준금리,,,20200222,1.25,연%,ECOS
BASE_RATE,한국은행 기준금리,D,722Y001,1.3.1. 한국은행 기준금리 및 여수신금리,0101000,한국은행 기준금리,,,20200223,1.25,연%,ECOS
BASE_RATE,한국은행 기준금리,D,722Y001,1.3.1. 한국은행 기준금리 및 여수신금리,0101000,한국은행 기준금리,,,20200224,1.25,연%,ECOS
BASE_RATE,한국은행 기준금리,D,722Y001,1.3.1. 한국은행 기준금리 및 여수신금리,0101000,한국은행 기준금리,,,20200225,1.25,연%,ECOS
BASE_RATE,한국은행 기준금리,D,722Y001,1.3.1. 한국은행 기준금리 및 여수신금리,0101000,한국은행 기준금리,,,20200226,1.25,연%,ECOS
BASE_RATE,한국은행 기준금리,D,722Y001,1.3.1. 한국은행 기준금리 및 여수신금리,0101000,한국은행 기준금리,,,20200227,1.25,연%,ECOS
BASE_RATE,한국은행 기준금리,D,722Y001,1.3.1. 한국은행 기준금리 및 여수신금리,0101000,한국은행 기준금리,,,20200228,1.25,연%,ECOS
BASE_RATE,한국은행 기준금리,D,722Y001,1.3.1. 한국은행 기준금리 및 여수신금리,0101000,한국은행 기준금리,,,20200229,1.25,연%,ECOS
BASE_RATE,한국은행 기준금리,D,722Y001,1.3.1. 한국은행 기준금리 및 여수신금리,0101000,한국은행 기준금리,,,20200301,1.25,연%,ECOS
BASE_RATE,한국은행 기준금리,D,722Y001,1.3.1. 한국은행 기준금리 및 여수신금리,0101000,한국은행 기준금리,,,20200302,1.25,연%,ECOS
BASE_RATE,한국은행 기준금리,D,722Y001,1.3.1. 한국은행 기준금리 및 여수신금리,0101000,한국은행 기준금리,,,20200303,1.25,연%,ECOS
BASE_RATE,한국은행 기준금리,D,722Y001,1.3.1. 한국은행 기준금리 및 여수신금리,0101000,한국은행 기준금리,,,20200304,1.25,연%,ECOS
BASE_RATE,한국은행 기준금리,D,722Y001,1.3.1. 한국은행 기준금리 및 여수신금리,0101000,한국은행 기준금리,,,20200305,1.25,연%,ECOS
BASE_RATE,한국은행 기준금리,D,722Y001,1.3.1. 한국은행 기준금리 및 여수신금리,0101000,한국은행 기준금리,,,20200306,1.25,연%,ECOS
BASE_RATE,한국은행 기준금리,D,722Y001,1.3.1. 한국은행 기준금리 및 여수신금리,0101000,한국은행 기준금리,,,20200307,1.25,연%,ECOS
BASE_RATE,한국은행 기준금리,D,722Y001,1.3.1. 한국은행 기준금리 및 여수신금리,0101000,한국은행 기준금리,,,20200308,1.25,연%,ECOS
BASE_RATE,한국은행 기준금리,D,722Y001,1.3.1. 한국은행 기준금리 및 여수신금리,0101000,한국은행 기준금리,,,20200309,1.25,연%,ECOS
BASE_RATE,한국은행 기준금리,D,722Y001,1.3.1. 한국은행 기준금리 및 여수신금리,0101000,한국은행 기준금리,,,20200310,1.25,연%,ECOS
BASE_RATE,한국은행 기준금리,D,722Y001,1.3.1. 한국은행 기준금리 및 여수신금리,0101000,한국은행 기준금리,,,20200311,1.25,연%,ECOS
BASE_RATE,한국은행 기준금리,D,722Y001,1.3.1. 한국은행 기준금리 및 여수신금리,0101000,한국은행 기준금리,,,20200312,1.25,연%,ECOS
BASE_RATE,한국은행 기준금리,D,722Y001,1.3.1. 한국은행 기준금리 및 여수신금리,0101000,한국은행 기준금리,,,20200313,1.25,연%,ECOS
BASE_RATE,한국은행 기준금리,D,722Y001,1.3.1. 한국은행 기준금리 및 여수신금리,0101000,한국은행 기준금리,,,20200314,1.25,연%,ECOS
BASE_RATE,한국은행 기준금리,D,722Y001,1.3.1. 한국은행 기준금리 및 여수신금리,0101000,한국은행 기준금리,,,20200315,1.25,연%,ECOS
BASE_RATE,한국은행 기준금리,D,722Y001,1.3.1. 한국은행 기준금리 및 여수신금리,0101000,한국은행 기준금리,,,20200316,1.25,연%,ECOS
BASE_RATE,한국은행 기준금리,D,722Y001,1.3.1. 한국은행 기준금리 및 여수신금리,0101000,한국은행 기준금리,,,20200317,0.75,연%,ECOS
BASE_RATE,한국은행 기준금리,D,722Y001,1.3.1. 한국은행 기준금리 및 여수신금리,0101000,한국은행 기준금리,,,20200318,0.75,연%,ECOS
BASE_RATE,한국은행 기준금리,D,722Y001,1.3.1. 한국은행 기준금리 및 여수신금리,0101000,한국은행 기준금리,,,20200319,0.75,연%,ECOS
BASE_RATE,한국은행 기준금리,D,722Y001,1.3.1. 한국은행 기준금리 및 여수신금리,0101000,한국은행 기준금리,,,20200320,0.75,연%,ECOS
BASE_RATE,한국은행 기준금리,D,722Y001,1.3.1. 한국은행 기준금리 및 여수신금리,0101000,한국은행 기준금리,,,20200321,0.75,연%,ECOS
BASE_RATE,한국은행 기준금리,D,722Y001,1.3.1. 한국은행 기준금리 및 여수신금리,0101000,한국은행 기준금리,,,20200322,0.75,연%,ECOS
BASE_RATE,한국은행 기준금리,D,722Y001,1.3.1. 한국은행 기준금리 및 여수신금리,0101000,한국은행 기준금리,,,20200323,0.75,연%,ECOS
BASE_RATE,한국은행 기준금리,D,722Y001,1.3.1. 한국은행 기준금리 및 여수신금리,0101000,한국은행 기준금리,,,20200324,0.75,연%,ECOS
BASE_RATE,한국은행 기준금리,D,722Y001,1.3.1. 한국은행 기준금리 및 여수신금리,0101000,한국은행 기준금리,,,20200325,0.75,연%,ECOS
BASE_RATE,한국은행 기준금리,D,722Y001,1.3.1. 한국은행 기준금리 및 여수신금리,0101000,한국은행 기준금리,,,20200326,0.75,연%,ECOS
BASE_RATE,한국은행 기준금리,D,722Y001,1.3.1. 한국은행 기준금리 및 여수신금리,0101000,한국은행 기준금리,,,20200327,0.75,연%,ECOS
BASE_RATE,한국은행 기준금리,D,722Y001,1.3.1. 한국은행 기준금리 및 여수신금리,0101000,한국은행 기준금리,,,20200328,0.75,연%,ECOS
BASE_RATE,한국은행 기준금리,D,722Y001,1.3.1. 한국은행 기준금리 및 여수신금리,0101000,한국은행 기준금리,,,20200329,0.75,연%,ECOS
BASE_RATE,한국은행 기준금리,D,722Y001,1.3.1. 한국은행 기준금리 및 여수신금리,0101000,한국은행 기준금리,,,20200330,0.75,연%,ECOS
BASE_RATE,한국은행 기준금리,D,722Y001,1.3.1. 한국은행 기준금리 및 여수신금리,0101000,한국은행 기준금리,,,20200331,0.75,연%,ECOS
BASE_RATE,한국은행 기준금리,D,722Y001,1.3.1. 한국은행 기준금리 및 여수신금리,0101000,한국은행 기준금리,,,20200401,0.75,연%,ECOS
BASE_RATE,한국은행 기준금리,D,722Y001,1.3.1. 한국은행 기준금리 및 여수신금리,0101000,한국은행 기준금리,,,20200402,0.75,연%,ECOS
BASE_RATE,한국은행 기준금리,D,722Y001,1.3.1. 한국은행 기준금리 및 여수신금리,0101000,한국은행 기준금리,,,20200403,0.75,연%,ECOS
BASE_RATE,한국은행 기준금리,D,722Y001,1.3.1. 한국은행 기준금리 및 여수신금리,0101000,한국은행 기준금리,,,20200404,0.75,연%,ECOS
BASE_RATE,한국은행 기준금리,D,722Y001,1.3.1. 한국은행 기준금리 및 여수신금리,0101000,한국은행 기준금리,,,20200405,0.75,연%,ECOS
BASE_RATE,한국은행 기준금리,D,722Y001,1.3.1. 한국은행 기준금리 및 여수신금리,0101000,한국은행 기준금리,,,20200406,0.75,연%,ECOS
BASE_RATE,한국은행 기준금리,D,722Y001,1.3.1. 한국은행 기준금리 및 여수신금리,0101000,한국은행 기준금리,,,20200407,0.75,연%,ECOS
BASE_RATE,한국은행 기준금리,D,722Y001,1.3.1. 한국은행 기준금리 및 여수신금리,0101000,한국은행 기준금리,,,20200408,0.75,연%,ECOS
BASE_RATE,한국은행 기준금리,D,722Y001,1.3.1. 한국은행 기준금리 및 여수신금리,0101000,한국은행 기준금리,,,20200409,0.75,연%,ECOS
BASE_RATE,한국은행 기준금리,D,722Y001,1.3.1. 한국은행 기준금리 및 여수신금리,0101000,한국은행 기준금리,,,20200410,0.75,연%,ECOS
BASE_RATE,한국은행 기준금리,D,722Y001,1.3.1. 한국은행 기준금리 및 여수신금리,0101000,한국은행 기준금리,,,20200411,0.75,연%,ECOS
BASE_RATE,한국은행 기준금리,D,722Y001,1.3.1. 한국은행 기준금리 및 여수신금리,0101000,한국은행 기준금리,,,20200412,0.75,연%,ECOS
BASE_RATE,한국은행 기준금리,D,722Y001,1.3.1. 한국은행 기준금리 및 여수신금리,0101000,한국은행 기준금리,,,20200413,0.75,연%,ECOS
BASE_RATE,한국은행 기준금리,D,722Y001,1.3.1. 한국은행 기준금리 및 여수신금리,0101000,한국은행 기준금리,,,20200414,0.75,연%,ECOS
BASE_RATE,한국은행 기준금리,D,722Y001,1.3.1. 한국은행 기준금리 및 여수신금리,0101000,한국은행 기준금리,,,20200415,0.75,연%,ECOS
BASE_RATE,한국은행 기준금리,D,722Y001,1.3.1. 한국은행 기준금리 및 여수신금리,0101000,한국은행 기준금리,,,20200416,0.75,연%,ECOS
BASE_RATE,한국은행 기준금리,D,722Y001,1.3.1. 한국은행 기준금리 및 여수신금리,0101000,한국은행 기준금리,,,20200417,0.75,연%,ECOS
BASE_RATE,한국은행 기준금리,D,722Y001,1.3.1. 한국은행 기준금리 및 여수신금리,0101000,한국은행 기준금리,,,20200418,0.75,연%,ECOS
BASE_RATE,한국은행 기준금리,D,722Y001,1.3.1. 한국은행 기준금리 및 여수신금리,0101000,한국은행 기준금리,,,20200419,0.75,연%,ECOS
BASE_RATE,한국은행 기준금리,D,722Y001,1.3.1. 한국은행 기준금리 및 여수신금리,0101000,한국은행 기준금리,,,20200420,0.75,연%,ECOS
BASE_RATE,한국은행 기준금리,D,722Y001,1.3.1. 한국은행 기준금리 및 여수신금리,0101000,한국은행 기준금리,,,20200421,0.75,연%,ECOS
BASE_RATE,한국은행 기준금리,D,722Y001,1.3.1. 한국은행 기준금리 및 여수신금리,0101000,한국은행 기준금리,,,20200422,0.75,연%,ECOS
BASE_RATE,한국은행 기준금리,D,722Y001,1.3.1. 한국은행 기준금리 및 여수신금리,0101000,한국은행 기준금리,,,20200423,0.75,연%,ECOS
BASE_RATE,한국은행 기준금리,D,722Y001,1.3.1. 한국은행 기준금리 및 여수신금리,0101000,한국은행 기준금리,,,20200424,0.75,연%,ECOS
BASE_RATE,한국은행 기준금리,D,722Y001,1.3.1. 한국은행 기준금리 및 여수신금리,0101000,한국은행 기준금리,,,20200425,0.75,연%,ECOS
BASE_RATE,한국은행 기준금리,D,722Y001,1.3.1. 한국은행 기준금리 및 여수신금리,0101000,한국은행 기준금리,,,20200426,0.75,연%,ECOS
BASE_RATE,한국은행 기준금리,D,722Y001,1.3.1. 한국은행 기준금리 및 여수신금리,0101000,한국은행 기준금리,,,20200427,0.75,연%,ECOS
BASE_RATE,한국은행 기준금리,D,722Y001,1.3.1. 한국은행 기준금리 및 여수신금리,0101000,한국은행 기준금리,,,20200428,0.75,연%,ECOS
BASE_RATE,한국은행 기준금리,D,722Y001,1.3.1. 한국은행 기준금리 및 여수신금리,0101000,한국은행 기준금리,,,20200429,0.75,연%,ECOS
BASE_RATE,한국은행 기준금리,D,722Y001,1.3.1. 한국은행 기준금리 및 여수신금리,0101000,한국은행 기준금리,,,20200430,0.75,연%,ECOS
BASE_RATE,한국은행 기준금리,D,722Y001,1.3.1. 한국은행 기준금리 및 여수신금리,0101000,한국은행 기준금리,,,20200501,0.75,연%,ECOS
BASE_RATE,한국은행 기준금리,D,722Y001,1.3.1. 한국은행 기준금리 및 여수신금리,0101000,한국은행 기준금리,,,20200502,0.75,연%,ECOS
BASE_RATE,한국은행 기준금리,D,722Y001,1.3.1. 한국은행 기준금리 및 여수신금리,0101000,한국은행 기준금리,,,20200503,0.75,연%,ECOS
BASE_RATE,한국은행 기준금리,D,722Y001,1.3.1. 한국은행 기준금리 및 여수신금리,0101000,한국은행 기준금리,,,20200504,0.75,연%,ECOS
BASE_RATE,한국은행 기준금리,D,722Y001,1.3.1. 한국은행 기준금리 및 여수신금리,0101000,한국은행 기준금리,,,20200505,0.75,연%,ECOS
BASE_RATE,한국은행 기준금리,D,722Y001,1.3.1. 한국은행 기준금리 및 여수신금리,0101000,한국은행 기준금리,,,20200506,0.75,연%,ECOS
BASE_RATE,한국은행 기준금리,D,722Y001,1.3.1. 한국은행 기준금리 및 여수신금리,0101000,한국은행 기준금리,,,20200507,0.75,연%,ECOS
BASE_RATE,한국은행 기준금리,D,722Y001,1.3.1. 한국은행 기준금리 및 여수신금리,0101000,한국은행 기준금리,,,20200508,0.75,연%,ECOS
BASE_RATE,한국은행 기준금리,D,722Y001,1.3.1. 한국은행 기준금리 및 여수신금리,0101000,한국은행 기준금리,,,20200509,0.75,연%,ECOS
BASE_RATE,한국은행 기준금리,D,722Y001,1.3.1. 한국은행 기준금리 및 여수신금리,0101000,한국은행 기준금리,,,20200510,0.75,연%,ECOS
BASE_RATE,한국은행 기준금리,D,722Y001,1.3.1. 한국은행 기준금리 및 여수신금리,0101000,한국은행 기준금리,,,20200511,0.75,연%,ECOS
BASE_RATE,한국은행 기준금리,D,722Y001,1.3.1. 한국은행 기준금리 및 여수신금리,0101000,한국은행 기준금리,,,20200512,0.75,연%,ECOS
BASE_RATE,한국은행 기준금리,D,722Y001,1.3.1. 한국은행 기준금리 및 여수신금리,0101000,한국은행 기준금리,,,20200513,0.75,연%,ECOS
BASE_RATE,한국은행 기준금리,D,722Y001,1.3.1. 한국은행 기준금리 및 여수신금리,0101000,한국은행 기준금리,,,20200514,0.75,연%,ECOS
BASE_RATE,한국은행 기준금리,D,722Y001,1.3.1. 한국은행 기준금리 및 여수신금리,0101000,한국은행 기준금리,,,20200515,0.75,연%,ECOS
BASE_RATE,한국은행 기준금리,D,722Y001,1.3.1. 한국은행 기준금리 및 여수신금리,0101000,한국은행 기준금리,,,20200516,0.75,연%,ECOS
BASE_RATE,한국은행 기준금리,D,722Y001,1.3.1. 한국은행 기준금리 및 여수신금리,0101000,한국은행 기준금리,,,20200517,0.75,연%,ECOS
BASE_RATE,한국은행 기준금리,D,722Y001,1.3.1. 한국은행 기준금리 및 여수신금리,0101000,한국은행 기준금리,,,20200518,0.75,연%,ECOS
BASE_RATE,한국은행 기준금리,D,722Y001,1.3.1. 한국은행 기준금리 및 여수신금리,0101000,한국은행 기준금리,,,20200519,0.75,연%,ECOS
BASE_RATE,한국은행 기준금리,D,722Y001,1.3.1. 한국은행 기준금리 및 여수신금리,0101000,한국은행 기준금리,,,20200520,0.75,연%,ECOS
BASE_RATE,한국은행 기준금리,D,722Y001,1.3.1. 한국은행 기준금리 및 여수신금리,0101000,한국은행 기준금리,,,20200521,0.75,연%,ECOS
BASE_RATE,한국은행 기준금리,D,722Y001,1.3.1. 한국은행 기준금리 및 여수신금리,0101000,한국은행 기준금리,,,20200522,0.75,연%,ECOS
BASE_RATE,한국은행 기준금리,D,722Y001,1.3.1. 한국은행 기준금리 및 여수신금리,0101000,한국은행 기준금리,,,20200523,0.75,연%,ECOS
BASE_RATE,한국은행 기준금리,D,722Y001,1.3.1. 한국은행 기준금리 및 여수신금리,0101000,한국은행 기준금리,,,20200524,0.75,연%,ECOS
BASE_RATE,한국은행 기준금리,D,722Y001,1.3.1. 한국은행 기준금리 및 여수신금리,0101000,한국은행 기준금리,,,20200525,0.75,연%,ECOS
BASE_RATE,한국은행 기준금리,D,722Y001,1.3.1. 한국은행 기준금리 및 여수신금리,0101000,한국은행 기준금리,,,20200526,0.75,연%,ECOS
BASE_RATE,한국은행 기준금리,D,722Y001,1.3.1. 한국은행 기준금리 및 여수신금리,0101000,한국은행 기준금리,,,20200527,0.75,연%,ECOS
BASE_RATE,한국은행 기준금리,D,722Y001,1.3.1. 한국은행 기준금리 및 여수신금리,0101000,한국은행 기준금리,,,20200528,0.5,연%,ECOS
BASE_RATE,한국은행 기준금리,D,722Y001,1.3.1. 한국은행 기준금리 및 여수신금리,0101000,한국은행 기준금리,,,20200529,0.5,연%,ECOS
BASE_RATE,한국은행 기준금리,D,722Y001,1.3.1. 한국은행 기준금리 및 여수신금리,0101000,한국은행 기준금리,,,20200530,0.5,연%,ECOS
BASE_RATE,한국은행 기준금리,D,722Y001,1.3.1. 한국은행 기준금리 및 여수신금리,0101000,한국은행 기준금리,,,20200531,0.5,연%,ECOS
BASE_RATE,한국은행 기준금리,D,722Y001,1.3.1. 한국은행 기준금리 및 여수신금리,0101000,한국은행 기준금리,,,20200601,0.5,연%,ECOS
BASE_RATE,한국은행 기준금리,D,722Y001,1.3.1. 한국은행 기준금리 및 여수신금리,0101000,한국은행 기준금리,,,20200602,0.5,연%,ECOS
BASE_RATE,한국은행 기준금리,D,722Y001,1.3.1. 한국은행 기준금리 및 여수신금리,0101000,한국은행 기준금리,,,20200603,0.5,연%,ECOS
BASE_RATE,한국은행 기준금리,D,722Y001,1.3.1. 한국은행 기준금리 및 여수신금리,0101000,한국은행 기준금리,,,20200604,0.5,연%,ECOS
BASE_RATE,한국은행 기준금리,D,722Y001,1.3.1. 한국은행 기준금리 및 여수신금리,0101000,한국은행 기준금리,,,20200605,0.5,연%,ECOS
BASE_RATE,한국은행 기준금리,D,722Y001,1.3.1. 한국은행 기준금리 및 여수신금리,0101000,한국은행 기준금리,,,20200606,0.5,연%,ECOS
BASE_RATE,한국은행 기준금리,D,722Y001,1.3.1. 한국은행 기준금리 및 여수신금리,0101000,한국은행 기준금리,,,20200607,0.5,연%,ECOS
BASE_RATE,한국은행 기준금리,D,722Y001,1.3.1. 한국은행 기준금리 및 여수신금리,0101000,한국은행 기준금리,,,20200608,0.5,연%,ECOS
BASE_RATE,한국은행 기준금리,D,722Y001,1.3.1. 한국은행 기준금리 및 여수신금리,0101000,한국은행 기준금리,,,20200609,0.5,연%,ECOS
BASE_RATE,한국은행 기준금리,D,722Y001,1.3.1. 한국은행 기준금리 및 여수신금리,0101000,한국은행 기준금리,,,20200610,0.5,연%,ECOS
BASE_RATE,한국은행 기준금리,D,722Y001,1.3.1. 한국은행 기준금리 및 여수신금리,0101000,한국은행 기준금리,,,20200611,0.5,연%,ECOS
BASE_RATE,한국은행 기준금리,D,722Y001,1.3.1. 한국은행 기준금리 및 여수신금리,0101000,한국은행 기준금리,,,20200612,0.5,연%,ECOS
BASE_RATE,한국은행 기준금리,D,722Y001,1.3.1. 한국은행 기준금리 및 여수신금리,0101000,한국은행 기준금리,,,20200613,0.5,연%,ECOS
BASE_RATE,한국은행 기준금리,D,722Y001,1.3.1. 한국은행 기준금리 및 여수신금리,0101000,한국은행 기준금리,,,20200614,0.5,연%,ECOS
BASE_RATE,한국은행 기준금리,D,722Y001,1.3.1. 한국은행 기준금리 및 여수신금리,0101000,한국은행 기준금리,,,20200615,0.5,연%,ECOS
BASE_RATE,한국은행 기준금리,D,722Y001,1.3.1. 한국은행 기준금리 및 여수신금리,0101000,한국은행 기준금리,,,20200616,0.5,연%,ECOS
BASE_RATE,한국은행 기준금리,D,722Y001,1.3.1. 한국은행 기준금리 및 여수신금리,0101000,한국은행 기준금리,,,20200617,0.5,연%,ECOS
BASE_RATE,한국은행 기준금리,D,722Y001,1.3.1. 한국은행 기준금리 및 여수신금리,0101000,한국은행 기준금리,,,20200618,0.5,연%,ECOS
BASE_RATE,한국은행 기준금리,D,722Y001,1.3.1. 한국은행 기준금리 및 여수신금리,0101000,한국은행 기준금리,,,20200619,0.5,연%,ECOS
BASE_RATE,한국은행 기준금리,D,722Y001,1.3.1. 한국은행 기준금리 및 여수신금리,0101000,한국은행 기준금리,,,20200620,0.5,연%,ECOS
BASE_RATE,한국은행 기준금리,D,722Y001,1.3.1. 한국은행 기준금리 및 여수신금리,0101000,한국은행 기준금리,,,20200621,0.5,연%,ECOS
BASE_RATE,한국은행 기준금리,D,722Y001,1.3.1. 한국은행 기준금리 및 여수신금리,0101000,한국은행 기준금리,,,20200622,0.5,연%,ECOS
BASE_RATE,한국은행 기준금리,D,722Y001,1.3.1. 한국은행 기준금리 및 여수신금리,0101000,한국은행 기준금리,,,20200623,0.5,연%,ECOS
BASE_RATE,한국은행 기준금리,D,722Y001,1.3.1. 한국은행 기준금리 및 여수신금리,0101000,한국은행 기준금리,,,20200624,0.5,연%,ECOS
BASE_RATE,한국은행 기준금리,D,722Y001,1.3.1. 한국은행 기준금리 및 여수신금리,0101000,한국은행 기준금리,,,20200625,0.5,연%,ECOS
BASE_RATE,한국은행 기준금리,D,722Y001,1.3.1. 한국은행 기준금리 및 여수신금리,0101000,한국은행 기준금리,,,20200626,0.5,연%,ECOS
BASE_RATE,한국은행 기준금리,D,722Y001,1.3.1. 한국은행 기준금리 및 여수신금리,0101000,한국은행 기준금리,,,20200627,0.5,연%,ECOS
BASE_RATE,한국은행 기준금리,D,722Y001,1.3.1. 한국은행 기준금리 및 여수신금리,0101000,한국은행 기준금리,,,20200628,0.5,연%,ECOS
BASE_RATE,한국은행 기준금리,D,722Y001,1.3.1. 한국은행 기준금리 및 여수신금리,0101000,한국은행 기준금리,,,20200629,0.5,연%,ECOS
BASE_RATE,한국은행 기준금리,D,722Y001,1.3.1. 한국은행 기준금리 및 여수신금리,0101000,한국은행 기준금리,,,20200630,0.5,연%,ECOS
BASE_RATE,한국은행 기준금리,D,722Y001,1.3.1. 한국은행 기준금리 및 여수신금리,0101000,한국은행 기준금리,,,20200701,0.5,연%,ECOS
BASE_RATE,한국은행 기준금리,D,722Y001,1.3.1. 한국은행 기준금리 및 여수신금리,0101000,한국은행 기준금리,,,20200702,0.5,연%,ECOS
BASE_RATE,한국은행 기준금리,D,722Y001,1.3.1. 한국은행 기준금리 및 여수신금리,0101000,한국은행 기준금리,,,20200703,0.5,연%,ECOS
BASE_RATE,한국은행 기준금리,D,722Y001,1.3.1. 한국은행 기준금리 및 여수신금리,0101000,한국은행 기준금리,,,20200704,0.5,연%,ECOS
BASE_RATE,한국은행 기준금리,D,722Y001,1.3.1. 한국은행 기준금리 및 여수신금리,0101000,한국은행 기준금리,,,20200705,0.5,연%,ECOS
BASE_RATE,한국은행 기준금리,D,722Y001,1.3.1. 한국은행 기준금리 및 여수신금리,0101000,한국은행 기준금리,,,20200706,0.5,연%,ECOS
BASE_RATE,한국은행 기준금리,D,722Y001,1.3.1. 한국은행 기준금리 및 여수신금리,0101000,한국은행 기준금리,,,20200707,0.5,연%,ECOS
BASE_RATE,한국은행 기준금리,D,722Y001,1.3.1. 한국은행 기준금리 및 여수신금리,0101000,한국은행 기준금리,,,20200708,0.5,연%,ECOS
BASE_RATE,한국은행 기준금리,D,722Y001,1.3.1. 한국은행 기준금리 및 여수신금리,0101000,한국은행 기준금리,,,20200709,0.5,연%,ECOS
BASE_RATE,한국은행 기준금리,D,722Y001,1.3.1. 한국은행 기준금리 및 여수신금리,0101000,한국은행 기준금리,,,20200710,0.5,연%,ECOS
BASE_RATE,한국은행 기준금리,D,722Y001,1.3.1. 한국은행 기준금리 및 여수신금리,0101000,한국은행 기준금리,,,20200711,0.5,연%,ECOS
BASE_RATE,한국은행 기준금리,D,722Y001,1.3.1. 한국은행 기준금리 및 여수신금리,0101000,한국은행 기준금리,,,20200712,0.5,연%,ECOS
BASE_RATE,한국은행 기준금리,D,722Y001,1.3.1. 한국은행 기준금리 및 여수신금리,0101000,한국은행 기준금리,,,20200713,0.5,연%,ECOS
BASE_RATE,한국은행 기준금리,D,722Y001,1.3.1. 한국은행 기준금리 및 여수신금리,0101000,한국은행 기준금리,,,20200714,0.5,연%,ECOS
BASE_RATE,한국은행 기준금리,D,722Y001,1.3.1. 한국은행 기준금리 및 여수신금리,0101000,한국은행 기준금리,,,20200715,0.5,연%,ECOS
BASE_RATE,한국은행 기준금리,D,722Y001,1.3.1. 한국은행 기준금리 및 여수신금리,0101000,한국은행 기준금리,,,20200716,0.5,연%,ECOS
BASE_RATE,한국은행 기준금리,D,722Y001,1.3.1. 한국은행 기준금리 및 여수신금리,0101000,한국은행 기준금리,,,20200717,0.5,연%,ECOS
BASE_RATE,한국은행 기준금리,D,722Y001,1.3.1. 한국은행 기준금리 및 여수신금리,0101000,한국은행 기준금리,,,20200718,0.5,연%,ECOS
BASE_RATE,한국은행 기준금리,D,722Y001,1.3.1. 한국은행 기준금리 및 여수신금리,0101000,한국은행 기준금리,,,20200719,0.5,연%,ECOS
BASE_RATE,한국은행 기준금리,D,722Y001,1.3.1. 한국은행 기준금리 및 여수신금리,0101000,한국은행 기준금리,,,20200720,0.5,연%,ECOS
BASE_RATE,한국은행 기준금리,D,722Y001,1.3.1. 한국은행 기준금리 및 여수신금리,0101000,한국은행 기준금리,,,20200721,0.5,연%,ECOS
BASE_RATE,한국은행 기준금리,D,722Y001,1.3.1. 한국은행 기준금리 및 여수신금리,0101000,한국은행 기준금리,,,20200722,0.5,연%,ECOS
BASE_RATE,한국은행 기준금리,D,722Y001,1.3.1. 한국은행 기준금리 및 여수신금리,0101000,한국은행 기준금리,,,20200723,0.5,연%,ECOS
BASE_RATE,한국은행 기준금리,D,722Y001,1.3.1. 한국은행 기준금리 및 여수신금리,0101000,한국은행 기준금리,,,20200724,0.5,연%,ECOS
BASE_RATE,한국은행 기준금리,D,722Y001,1.3.1. 한국은행 기준금리 및 여수신금리,0101000,한국은행 기준금리,,,20200725,0.5,연%,ECOS
BASE_RATE,한국은행 기준금리,D,722Y001,1.3.1. 한국은행 기준금리 및 여수신금리,0101000,한국은행 기준금리,,,20200726,0.5,연%,ECOS
BASE_RATE,한국은행 기준금리,D,722Y001,1.3.1. 한국은행 기준금리 및 여수신금리,0101000,한국은행 기준금리,,,20200727,0.5,연%,ECOS
BASE_RATE,한국은행 기준금리,D,722Y001,1.3.1. 한국은행 기준금리 및 여수신금리,0101000,한국은행 기준금리,,,20200728,0.5,연%,ECOS
BASE_RATE,한국은행 기준금리,D,722Y001,1.3.1. 한국은행 기준금리 및 여수신금리,0101000,한국은행 기준금리,,,20200729,0.5,연%,ECOS
BASE_RATE,한국은행 기준금리,D,722Y001,1.3.1. 한국은행 기준금리 및 여수신금리,0101000,한국은행 기준금리,,,20200730,0.5,연%,ECOS
BASE_RATE,한국은행 기준금리,D,722Y001,1.3.1. 한국은행 기준금리 및 여수신금리,0101000,한국은행 기준금리,,,20200731,0.5,연%,ECOS
BASE_RATE,한국은행 기준금리,D,722Y001,1.3.1. 한국은행 기준금리 및 여수신금리,0101000,한국은행 기준금리,,,20200801,0.5,연%,ECOS
BASE_RATE,한국은행 기준금리,D,722Y001,1.3.1. 한국은행 기준금리 및 여수신금리,0101000,한국은행 기준금리,,,20200802,0.5,연%,ECOS
BASE_RATE,한국은행 기준금리,D,722Y001,1.3.1. 한국은행 기준금리 및 여수신금리,0101000,한국은행 기준금리,,,20200803,0.5,연%,ECOS
BASE_RATE,한국은행 기준금리,D,722Y001,1.3.1. 한국은행 기준금리 및 여수신금리,0101000,한국은행 기준금리,,,20200804,0.5,연%,ECOS
BASE_RATE,한국은행 기준금리,D,722Y001,1.3.1. 한국은행 기준금리 및 여수신금리,0101000,한국은행 기준금리,,,20200805,0.5,연%,ECOS
BASE_RATE,한국은행 기준금리,D,722Y001,1.3.1. 한국은행 기준금리 및 여수신금리,0101000,한국은행 기준금리,,,20200806,0.5,연%,ECOS
BASE_RATE,한국은행 기준금리,D,722Y001,1.3.1. 한국은행 기준금리 및 여수신금리,0101000,한국은행 기준금리,,,20200807,0.5,연%,ECOS
BASE_RATE,한국은행 기준금리,D,722Y001,1.3.1. 한국은행 기준금리 및 여수신금리,0101000,한국은행 기준금리,,,20200808,0.5,연%,ECOS
BASE_RATE,한국은행 기준금리,D,722Y001,1.3.1. 한국은행 기준금리 및 여수신금리,0101000,한국은행 기준금리,,,20200809,0.5,연%,ECOS
BASE_RATE,한국은행 기준금리,D,722Y001,1.3.1. 한국은행 기준금리 및 여수신금리,0101000,한국은행 기준금리,,,20200810,0.5,연%,ECOS
BASE_RATE,한국은행 기준금리,D,722Y001,1.3.1. 한국은행 기준금리 및 여수신금리,0101000,한국은행 기준금리,,,20200811,0.5,연%,ECOS
BASE_RATE,한국은행 기준금리,D,722Y001,1.3.1. 한국은행 기준금리 및 여수신금리,0101000,한국은행 기준금리,,,20200812,0.5,연%,ECOS
BASE_RATE,한국은행 기준금리,D,722Y001,1.3.1. 한국은행 기준금리 및 여수신금리,0101000,한국은행 기준금리,,,20200813,0.5,연%,ECOS
BASE_RATE,한국은행 기준금리,D,722Y001,1.3.1. 한국은행 기준금리 및 여수신금리,0101000,한국은행 기준금리,,,20200814,0.5,연%,ECOS
BASE_RATE,한국은행 기준금리,D,722Y001,1.3.1. 한국은행 기준금리 및 여수신금리,0101000,한국은행 기준금리,,,20200815,0.5,연%,ECOS
BASE_RATE,한국은행 기준금리,D,722Y001,1.3.1. 한국은행 기준금리 및 여수신금리,0101000,한국은행 기준금리,,,20200816,0.5,연%,ECOS
BASE_RATE,한국은행 기준금리,D,722Y001,1.3.1. 한국은행 기준금리 및 여수신금리,0101000,한국은행 기준금리,,,20200817,0.5,연%,ECOS
BASE_RATE,한국은행 기준금리,D,722Y001,1.3.1. 한국은행 기준금리 및 여수신금리,0101000,한국은행 기준금리,,,20200818,0.5,연%,ECOS
BASE_RATE,한국은행 기준금리,D,722Y001,1.3.1. 한국은행 기준금리 및 여수신금리,0101000,한국은행 기준금리,,,20200819,0.5,연%,ECOS
BASE_RATE,한국은행 기준금리,D,722Y001,1.3.1. 한국은행 기준금리 및 여수신금리,0101000,한국은행 기준금리,,,20200820,0.5,연%,ECOS
BASE_RATE,한국은행 기준금리,D,722Y001,1.3.1. 한국은행 기준금리 및 여수신금리,0101000,한국은행 기준금리,,,20200821,0.5,연%,ECOS
BASE_RATE,한국은행 기준금리,D,722Y001,1.3.1. 한국은행 기준금리 및 여수신금리,0101000,한국은행 기준금리,,,20200822,0.5,연%,ECOS
BASE_RATE,한국은행 기준금리,D,722Y001,1.3.1. 한국은행 기준금리 및 여수신금리,0101000,한국은행 기준금리,,,20200823,0.5,연%,ECOS
BASE_RATE,한국은행 기준금리,D,722Y001,1.3.1. 한국은행 기준금리 및 여수신금리,0101000,한국은행 기준금리,,,20200824,0.5,연%,ECOS
BASE_RATE,한국은행 기준금리,D,722Y001,1.3.1. 한국은행 기준금리 및 여수신금리,0101000,한국은행 기준금리,,,20200825,0.5,연%,ECOS
BASE_RATE,한국은행 기준금리,D,722Y001,1.3.1. 한국은행 기준금리 및 여수신금리,0101000,한국은행 기준금리,,,20200826,0.5,연%,ECOS
BASE_RATE,한국은행 기준금리,D,722Y001,1.3.1. 한국은행 기준금리 및 여수신금리,0101000,한국은행 기준금리,,,20200827,0.5,연%,ECOS
BASE_RATE,한국은행 기준금리,D,722Y001,1.3.1. 한국은행 기준금리 및 여수신금리,0101000,한국은행 기준금리,,,20200828,0.5,연%,ECOS
BASE_RATE,한국은행 기준금리,D,722Y001,1.3.1. 한국은행 기준금리 및 여수신금리,0101000,한국은행 기준금리,,,20200829,0.5,연%,ECOS
BASE_RATE,한국은행 기준금리,D,722Y001,1.3.1. 한국은행 기준금리 및 여수신금리,0101000,한국은행 기준금리,,,20200830,0.5,연%,ECOS
BASE_RATE,한국은행 기준금리,D,722Y001,1.3.1. 한국은행 기준금리 및 여수신금리,0101000,한국은행 기준금리,,,20200831,0.5,연%,ECOS
BASE_RATE,한국은행 기준금리,D,722Y001,1.3.1. 한국은행 기준금리 및 여수신금리,0101000,한국은행 기준금리,,,20200901,0.5,연%,ECOS
BASE_RATE,한국은행 기준금리,D,722Y001,1.3.1. 한국은행 기준금리 및 여수신금리,0101000,한국은행 기준금리,,,20200902,0.5,연%,ECOS
BASE_RATE,한국은행 기준금리,D,722Y001,1.3.1. 한국은행 기준금리 및 여수신금리,0101000,한국은행 기준금리,,,20200903,0.5,연%,ECOS
BASE_RATE,한국은행 기준금리,D,722Y001,1.3.1. 한국은행 기준금리 및 여수신금리,0101000,한국은행 기준금리,,,20200904,0.5,연%,ECOS
BASE_RATE,한국은행 기준금리,D,722Y001,1.3.1. 한국은행 기준금리 및 여수신금리,0101000,한국은행 기준금리,,,20200905,0.5,연%,ECOS
BASE_RATE,한국은행 기준금리,D,722Y001,1.3.1. 한국은행 기준금리 및 여수신금리,0101000,한국은행 기준금리,,,20200906,0.5,연%,ECOS
BASE_RATE,한국은행 기준금리,D,722Y001,1.3.1. 한국은행 기준금리 및 여수신금리,0101000,한국은행 기준금리,,,20200907,0.5,연%,ECOS
BASE_RATE,한국은행 기준금리,D,722Y001,1.3.1. 한국은행 기준금리 및 여수신금리,0101000,한국은행 기준금리,,,20200908,0.5,연%,ECOS
BASE_RATE,한국은행 기준금리,D,722Y001,1.3.1. 한국은행 기준금리 및 여수신금리,0101000,한국은행 기준금리,,,20200909,0.5,연%,ECOS
BASE_RATE,한국은행 기준금리,D,722Y001,1.3.1. 한국은행 기준금리 및 여수신금리,0101000,한국은행 기준금리,,,20200910,0.5,연%,ECOS
BASE_RATE,한국은행 기준금리,D,722Y001,1.3.1. 한국은행 기준금리 및 여수신금리,0101000,한국은행 기준금리,,,20200911,0.5,연%,ECOS
BASE_RATE,한국은행 기준금리,D,722Y001,1.3.1. 한국은행 기준금리 및 여수신금리,0101000,한국은행 기준금리,,,20200912,0.5,연%,ECOS
BASE_RATE,한국은행 기준금리,D,722Y001,1.3.1. 한국은행 기준금리 및 여수신금리,0101000,한국은행 기준금리,,,20200913,0.5,연%,ECOS
BASE_RATE,한국은행 기준금리,D,722Y001,1.3.1. 한국은행 기준금리 및 여수신금리,0101000,한국은행 기준금리,,,20200914,0.5,연%,ECOS
BASE_RATE,한국은행 기준금리,D,722Y001,1.3.1. 한국은행 기준금리 및 여수신금리,0101000,한국은행 기준금리,,,20200915,0.5,연%,ECOS
BASE_RATE,한국은행 기준금리,D,722Y001,1.3.1. 한국은행 기준금리 및 여수신금리,0101000,한국은행 기준금리,,,20200916,0.5,연%,ECOS
BASE_RATE,한국은행 기준금리,D,722Y001,1.3.1. 한국은행 기준금리 및 여수신금리,0101000,한국은행 기준금리,,,20200917,0.5,연%,ECOS
BASE_RATE,한국은행 기준금리,D,722Y001,1.3.1. 한국은행 기준금리 및 여수신금리,0101000,한국은행 기준금리,,,20200918,0.5,연%,ECOS
BASE_RATE,한국은행 기준금리,D,722Y001,1.3.1. 한국은행 기준금리 및 여수신금리,0101000,한국은행 기준금리,,,20200919,0.5,연%,ECOS
BASE_RATE,한국은행 기준금리,D,722Y001,1.3.1. 한국은행 기준금리 및 여수신금리,0101000,한국은행 기준금리,,,20200920,0.5,연%,ECOS
BASE_RATE,한국은행 기준금리,D,722Y001,1.3.1. 한국은행 기준금리 및 여수신금리,0101000,한국은행 기준금리,,,20200921,0.5,연%,ECOS
BASE_RATE,한국은행 기준금리,D,722Y001,1.3.1. 한국은행 기준금리 및 여수신금리,0101000,한국은행 기준금리,,,20200922,0.5,연%,ECOS
BASE_RATE,한국은행 기준금리,D,722Y001,1.3.1. 한국은행 기준금리 및 여수신금리,0101000,한국은행 기준금리,,,20200923,0.5,연%,ECOS
BASE_RATE,한국은행 기준금리,D,722Y001,1.3.1. 한국은행 기준금리 및 여수신금리,0101000,한국은행 기준금리,,,20200924,0.5,연%,ECOS
BASE_RATE,한국은행 기준금리,D,722Y001,1.3.1. 한국은행 기준금리 및 여수신금리,0101000,한국은행 기준금리,,,20200925,0.5,연%,ECOS
BASE_RATE,한국은행 기준금리,D,722Y001,1.3.1. 한국은행 기준금리 및 여수신금리,0101000,한국은행 기준금리,,,20200926,0.5,연%,ECOS
BASE_RATE,한국은행 기준금리,D,722Y001,1.3.1. 한국은행 기준금리 및 여수신금리,0101000,한국은행 기준금리,,,20200927,0.5,연%,ECOS
BASE_RATE,한국은행 기준금리,D,722Y001,1.3.1. 한국은행 기준금리 및 여수신금리,0101000,한국은행 기준금리,,,20200928,0.5,연%,ECOS
BASE_RATE,한국은행 기준금리,D,722Y001,1.3.1. 한국은행 기준금리 및 여수신금리,0101000,한국은행 기준금리,,,20200929,0.5,연%,ECOS
BASE_RATE,한국은행 기준금리,D,722Y001,1.3.1. 한국은행 기준금리 및 여수신금리,0101000,한국은행 기준금리,,,20200930,0.5,연%,ECOS
BASE_RATE,한국은행 기준금리,D,722Y001,1.3.1. 한국은행 기준금리 및 여수신금리,0101000,한국은행 기준금리,,,20201001,0.5,연%,ECOS
BASE_RATE,한국은행 기준금리,D,722Y001,1.3.1. 한국은행 기준금리 및 여수신금리,0101000,한국은행 기준금리,,,20201002,0.5,연%,ECOS
BASE_RATE,한국은행 기준금리,D,722Y001,1.3.1. 한국은행 기준금리 및 여수신금리,0101000,한국은행 기준금리,,,20201003,0.5,연%,ECOS
BASE_RATE,한국은행 기준금리,D,722Y001,1.3.1. 한국은행 기준금리 및 여수신금리,0101000,한국은행 기준금리,,,20201004,0.5,연%,ECOS
BASE_RATE,한국은행 기준금리,D,722Y001,1.3.1. 한국은행 기준금리 및 여수신금리,0101000,한국은행 기준금리,,,20201005,0.5,연%,ECOS
BASE_RATE,한국은행 기준금리,D,722Y001,1.3.1. 한국은행 기준금리 및 여수신금리,0101000,한국은행 기준금리,,,20201006,0.5,연%,ECOS
BASE_RATE,한국은행 기준금리,D,722Y001,1.3.1. 한국은행 기준금리 및 여수신금리,0101000,한국은행 기준금리,,,20201007,0.5,연%,ECOS
BASE_RATE,한국은행 기준금리,D,722Y001,1.3.1. 한국은행 기준금리 및 여수신금리,0101000,한국은행 기준금리,,,20201008,0.5,연%,ECOS
BASE_RATE,한국은행 기준금리,D,722Y001,1.3.1. 한국은행 기준금리 및 여수신금리,0101000,한국은행 기준금리,,,20201009,0.5,연%,ECOS
BASE_RATE,한국은행 기준금리,D,722Y001,1.3.1. 한국은행 기준금리 및 여수신금리,0101000,한국은행 기준금리,,,20201010,0.5,연%,ECOS
BASE_RATE,한국은행 기준금리,D,722Y001,1.3.1. 한국은행 기준금리 및 여수신금리,0101000,한국은행 기준금리,,,20201011,0.5,연%,ECOS
BASE_RATE,한국은행 기준금리,D,722Y001,1.3.1. 한국은행 기준금리 및 여수신금리,0101000,한국은행 기준금리,,,20201012,0.5,연%,ECOS
BASE_RATE,한국은행 기준금리,D,722Y001,1.3.1. 한국은행 기준금리 및 여수신금리,0101000,한국은행 기준금리,,,20201013,0.5,연%,ECOS
BASE_RATE,한국은행 기준금리,D,722Y001,1.3.1. 한국은행 기준금리 및 여수신금리,0101000,한국은행 기준금리,,,20201014,0.5,연%,ECOS
BASE_RATE,한국은행 기준금리,D,722Y001,1.3.1. 한국은행 기준금리 및 여수신금리,0101000,한국은행 기준금리,,,20201015,0.5,연%,ECOS
BASE_RATE,한국은행 기준금리,D,722Y001,1.3.1. 한국은행 기준금리 및 여수신금리,0101000,한국은행 기준금리,,,20201016,0.5,연%,ECOS
BASE_RATE,한국은행 기준금리,D,722Y001,1.3.1. 한국은행 기준금리 및 여수신금리,0101000,한국은행 기준금리,,,20201017,0.5,연%,ECOS
BASE_RATE,한국은행 기준금리,D,722Y001,1.3.1. 한국은행 기준금리 및 여수신금리,0101000,한국은행 기준금리,,,20201018,0.5,연%,ECOS
BASE_RATE,한국은행 기준금리,D,722Y001,1.3.1. 한국은행 기준금리 및 여수신금리,0101000,한국은행 기준금리,,,20201019,0.5,연%,ECOS
BASE_RATE,한국은행 기준금리,D,722Y001,1.3.1. 한국은행 기준금리 및 여수신금리,0101000,한국은행 기준금리,,,20201020,0.5,연%,ECOS
BASE_RATE,한국은행 기준금리,D,722Y001,1.3.1. 한국은행 기준금리 및 여수신금리,0101000,한국은행 기준금리,,,20201021,0.5,연%,ECOS
BASE_RATE,한국은행 기준금리,D,722Y001,1.3.1. 한국은행 기준금리 및 여수신금리,0101000,한국은행 기준금리,,,20201022,0.5,연%,ECOS
BASE_RATE,한국은행 기준금리,D,722Y001,1.3.1. 한국은행 기준금리 및 여수신금리,0101000,한국은행 기준금리,,,20201023,0.5,연%,ECOS
BASE_RATE,한국은행 기준금리,D,722Y001,1.3.1. 한국은행 기준금리 및 여수신금리,0101000,한국은행 기준금리,,,20201024,0.5,연%,ECOS
BASE_RATE,한국은행 기준금리,D,722Y001,1.3.1. 한국은행 기준금리 및 여수신금리,0101000,한국은행 기준금리,,,20201025,0.5,연%,ECOS
BASE_RATE,한국은행 기준금리,D,722Y001,1.3.1. 한국은행 기준금리 및 여수신금리,0101000,한국은행 기준금리,,,20201026,0.5,연%,ECOS
BASE_RATE,한국은행 기준금리,D,722Y001,1.3.1. 한국은행 기준금리 및 여수신금리,0101000,한국은행 기준금리,,,20201027,0.5,연%,ECOS
BASE_RATE,한국은행 기준금리,D,722Y001,1.3.1. 한국은행 기준금리 및 여수신금리,0101000,한국은행 기준금리,,,20201028,0.5,연%,ECOS
BASE_RATE,한국은행 기준금리,D,722Y001,1.3.1. 한국은행 기준금리 및 여수신금리,0101000,한국은행 기준금리,,,20201029,0.5,연%,ECOS
BASE_RATE,한국은행 기준금리,D,722Y001,1.3.1. 한국은행 기준금리 및 여수신금리,0101000,한국은행 기준금리,,,20201030,0.5,연%,ECOS
BASE_RATE,한국은행 기준금리,D,722Y001,1.3.1. 한국은행 기준금리 및 여수신금리,0101000,한국은행 기준금리,,,20201031,0.5,연%,ECOS
BASE_RATE,한국은행 기준금리,D,722Y001,1.3.1. 한국은행 기준금리 및 여수신금리,0101000,한국은행 기준금리,,,20201101,0.5,연%,ECOS
BASE_RATE,한국은행 기준금리,D,722Y001,1.3.1. 한국은행 기준금리 및 여수신금리,0101000,한국은행 기준금리,,,20201102,0.5,연%,ECOS
BASE_RATE,한국은행 기준금리,D,722Y001,1.3.1. 한국은행 기준금리 및 여수신금리,0101000,한국은행 기준금리,,,20201103,0.5,연%,ECOS
BASE_RATE,한국은행 기준금리,D,722Y001,1.3.1. 한국은행 기준금리 및 여수신금리,0101000,한국은행 기준금리,,,20201104,0.5,연%,ECOS
BASE_RATE,한국은행 기준금리,D,722Y001,1.3.1. 한국은행 기준금리 및 여수신금리,0101000,한국은행 기준금리,,,20201105,0.5,연%,ECOS
BASE_RATE,한국은행 기준금리,D,722Y001,1.3.1. 한국은행 기준금리 및 여수신금리,0101000,한국은행 기준금리,,,20201106,0.5,연%,ECOS
BASE_RATE,한국은행 기준금리,D,722Y001,1.3.1. 한국은행 기준금리 및 여수신금리,0101000,한국은행 기준금리,,,20201107,0.5,연%,ECOS
BASE_RATE,한국은행 기준금리,D,722Y001,1.3.1. 한국은행 기준금리 및 여수신금리,0101000,한국은행 기준금리,,,20201108,0.5,연%,ECOS
BASE_RATE,한국은행 기준금리,D,722Y001,1.3.1. 한국은행 기준금리 및 여수신금리,0101000,한국은행 기준금리,,,20201109,0.5,연%,ECOS
BASE_RATE,한국은행 기준금리,D,722Y001,1.3.1. 한국은행 기준금리 및 여수신금리,0101000,한국은행 기준금리,,,20201110,0.5,연%,ECOS
BASE_RATE,한국은행 기준금리,D,722Y001,1.3.1. 한국은행 기준금리 및 여수신금리,0101000,한국은행 기준금리,,,20201111,0.5,연%,ECOS
BASE_RATE,한국은행 기준금리,D,722Y001,1.3.1. 한국은행 기준금리 및 여수신금리,0101000,한국은행 기준금리,,,20201112,0.5,연%,ECOS
BASE_RATE,한국은행 기준금리,D,722Y001,1.3.1. 한국은행 기준금리 및 여수신금리,0101000,한국은행 기준금리,,,20201113,0.5,연%,ECOS
BASE_RATE,한국은행 기준금리,D,722Y001,1.3.1. 한국은행 기준금리 및 여수신금리,0101000,한국은행 기준금리,,,20201114,0.5,연%,ECOS
BASE_RATE,한국은행 기준금리,D,722Y001,1.3.1. 한국은행 기준금리 및 여수신금리,0101000,한국은행 기준금리,,,20201115,0.5,연%,ECOS
BASE_RATE,한국은행 기준금리,D,722Y001,1.3.1. 한국은행 기준금리 및 여수신금리,0101000,한국은행 기준금리,,,20201116,0.5,연%,ECOS
BASE_RATE,한국은행 기준금리,D,722Y001,1.3.1. 한국은행 기준금리 및 여수신금리,0101000,한국은행 기준금리,,,20201117,0.5,연%,ECOS
BASE_RATE,한국은행 기준금리,D,722Y001,1.3.1. 한국은행 기준금리 및 여수신금리,0101000,한국은행 기준금리,,,20201118,0.5,연%,ECOS
BASE_RATE,한국은행 기준금리,D,722Y001,1.3.1. 한국은행 기준금리 및 여수신금리,0101000,한국은행 기준금리,,,20201119,0.5,연%,ECOS
BASE_RATE,한국은행 기준금리,D,722Y001,1.3.1. 한국은행 기준금리 및 여수신금리,0101000,한국은행 기준금리,,,20201120,0.5,연%,ECOS
BASE_RATE,한국은행 기준금리,D,722Y001,1.3.1. 한국은행 기준금리 및 여수신금리,0101000,한국은행 기준금리,,,20201121,0.5,연%,ECOS
BASE_RATE,한국은행 기준금리,D,722Y001,1.3.1. 한국은행 기준금리 및 여수신금리,0101000,한국은행 기준금리,,,20201122,0.5,연%,ECOS
BASE_RATE,한국은행 기준금리,D,722Y001,1.3.1. 한국은행 기준금리 및 여수신금리,0101000,한국은행 기준금리,,,20201123,0.5,연%,ECOS
BASE_RATE,한국은행 기준금리,D,722Y001,1.3.1. 한국은행 기준금리 및 여수신금리,0101000,한국은행 기준금리,,,20201124,0.5,연%,ECOS
BASE_RATE,한국은행 기준금리,D,722Y001,1.3.1. 한국은행 기준금리 및 여수신금리,0101000,한국은행 기준금리,,,20201125,0.5,연%,ECOS
BASE_RATE,한국은행 기준금리,D,722Y001,1.3.1. 한국은행 기준금리 및 여수신금리,0101000,한국은행 기준금리,,,20201126,0.5,연%,ECOS
BASE_RATE,한국은행 기준금리,D,722Y001,1.3.1. 한국은행 기준금리 및 여수신금리,0101000,한국은행 기준금리,,,20201127,0.5,연%,ECOS
BASE_RATE,한국은행 기준금리,D,722Y001,1.3.1. 한국은행 기준금리 및 여수신금리,0101000,한국은행 기준금리,,,20201128,0.5,연%,ECOS
BASE_RATE,한국은행 기준금리,D,722Y001,1.3.1. 한국은행 기준금리 및 여수신금리,0101000,한국은행 기준금리,,,20201129,0.5,연%,ECOS
BASE_RATE,한국은행 기준금리,D,722Y001,1.3.1. 한국은행 기준금리 및 여수신금리,0101000,한국은행 기준금리,,,20201130,0.5,연%,ECOS
BASE_RATE,한국은행 기준금리,D,722Y001,1.3.1. 한국은행 기준금리 및 여수신금리,0101000,한국은행 기준금리,,,20201201,0.5,연%,ECOS
BASE_RATE,한국은행 기준금리,D,722Y001,1.3.1. 한국은행 기준금리 및 여수신금리,0101000,한국은행 기준금리,,,20201202,0.5,연%,ECOS
BASE_RATE,한국은행 기준금리,D,722Y001,1.3.1. 한국은행 기준금리 및 여수신금리,0101000,한국은행 기준금리,,,20201203,0.5,연%,ECOS
BASE_RATE,한국은행 기준금리,D,722Y001,1.3.1. 한국은행 기준금리 및 여수신금리,0101000,한국은행 기준금리,,,20201204,0.5,연%,ECOS
BASE_RATE,한국은행 기준금리,D,722Y001,1.3.1. 한국은행 기준금리 및 여수신금리,0101000,한국은행 기준금리,,,20201205,0.5,연%,ECOS
BASE_RATE,한국은행 기준금리,D,722Y001,1.3.1. 한국은행 기준금리 및 여수신금리,0101000,한국은행 기준금리,,,20201206,0.5,연%,ECOS
BASE_RATE,한국은행 기준금리,D,722Y001,1.3.1. 한국은행 기준금리 및 여수신금리,0101000,한국은행 기준금리,,,20201207,0.5,연%,ECOS
BASE_RATE,한국은행 기준금리,D,722Y001,1.3.1. 한국은행 기준금리 및 여수신금리,0101000,한국은행 기준금리,,,20201208,0.5,연%,ECOS
BASE_RATE,한국은행 기준금리,D,722Y001,1.3.1. 한국은행 기준금리 및 여수신금리,0101000,한국은행 기준금리,,,20201209,0.5,연%,ECOS
BASE_RATE,한국은행 기준금리,D,722Y001,1.3.1. 한국은행 기준금리 및 여수신금리,0101000,한국은행 기준금리,,,20201210,0.5,연%,ECOS
BASE_RATE,한국은행 기준금리,D,722Y001,1.3.1. 한국은행 기준금리 및 여수신금리,0101000,한국은행 기준금리,,,20201211,0.5,연%,ECOS
BASE_RATE,한국은행 기준금리,D,722Y001,1.3.1. 한국은행 기준금리 및 여수신금리,0101000,한국은행 기준금리,,,20201212,0.5,연%,ECOS
BASE_RATE,한국은행 기준금리,D,722Y001,1.3.1. 한국은행 기준금리 및 여수신금리,0101000,한국은행 기준금리,,,20201213,0.5,연%,ECOS
BASE_RATE,한국은행 기준금리,D,722Y001,1.3.1. 한국은행 기준금리 및 여수신금리,0101000,한국은행 기준금리,,,20201214,0.5,연%,ECOS
BASE_RATE,한국은행 기준금리,D,722Y001,1.3.1. 한국은행 기준금리 및 여수신금리,0101000,한국은행 기준금리,,,20201215,0.5,연%,ECOS
BASE_RATE,한국은행 기준금리,D,722Y001,1.3.1. 한국은행 기준금리 및 여수신금리,0101000,한국은행 기준금리,,,20201216,0.5,연%,ECOS
BASE_RATE,한국은행 기준금리,D,722Y001,1.3.1. 한국은행 기준금리 및 여수신금리,0101000,한국은행 기준금리,,,20201217,0.5,연%,ECOS
BASE_RATE,한국은행 기준금리,D,722Y001,1.3.1. 한국은행 기준금리 및 여수신금리,0101000,한국은행 기준금리,,,20201218,0.5,연%,ECOS
BASE_RATE,한국은행 기준금리,D,722Y001,1.3.1. 한국은행 기준금리 및 여수신금리,0101000,한국은행 기준금리,,,20201219,0.5,연%,ECOS
BASE_RATE,한국은행 기준금리,D,722Y001,1.3.1. 한국은행 기준금리 및 여수신금리,0101000,한국은행 기준금리,,,20201220,0.5,연%,ECOS
BASE_RATE,한국은행 기준금리,D,722Y001,1.3.1. 한국은행 기준금리 및 여수신금리,0101000,한국은행 기준금리,,,20201221,0.5,연%,ECOS
BASE_RATE,한국은행 기준금리,D,722Y001,1.3.1. 한국은행 기준금리 및 여수신금리,0101000,한국은행 기준금리,,,20201222,0.5,연%,ECOS
BASE_RATE,한국은행 기준금리,D,722Y001,1.3.1. 한국은행 기준금리 및 여수신금리,0101000,한국은행 기준금리,,,20201223,0.5,연%,ECOS
BASE_RATE,한국은행 기준금리,D,722Y001,1.3.1. 한국은행 기준금리 및 여수신금리,0101000,한국은행 기준금리,,,20201224,0.5,연%,ECOS
BASE_RATE,한국은행 기준금리,D,722Y001,1.3.1. 한국은행 기준금리 및 여수신금리,0101000,한국은행 기준금리,,,20201225,0.5,연%,ECOS
BASE_RATE,한국은행 기준금리,D,722Y001,1.3.1. 한국은행 기준금리 및 여수신금리,0101000,한국은행 기준금리,,,20201226,0.5,연%,ECOS
BASE_RATE,한국은행 기준금리,D,722Y001,1.3.1. 한국은행 기준금리 및 여수신금리,0101000,한국은행 기준금리,,,20201227,0.5,연%,ECOS
BASE_RATE,한국은행 기준금리,D,722Y001,1.3.1. 한국은행 기준금리 및 여수신금리,0101000,한국은행 기준금리,,,20201228,0.5,연%,ECOS
BASE_RATE,한국은행 기준금리,D,722Y001,1.3.1. 한국은행 기준금리 및 여수신금리,0101000,한국은행 기준금리,,,20201229,0.5,연%,ECOS
BASE_RATE,한국은행 기준금리,D,722Y001,1.3.1. 한국은행 기준금리 및 여수신금리,0101000,한국은행 기준금리,,,20201230,0.5,연%,ECOS
BASE_RATE,한국은행 기준금리,D,722Y001,1.3.1. 한국은행 기준금리 및 여수신금리,0101000,한국은행 기준금리,,,20201231,0.5,연%,ECOS
BASE_RATE,한국은행 기준금리,D,722Y001,1.3.1. 한국은행 기준금리 및 여수신금리,0101000,한국은행 기준금리,,,20210101,0.5,연%,ECOS
BASE_RATE,한국은행 기준금리,D,722Y001,1.3.1. 한국은행 기준금리 및 여수신금리,0101000,한국은행 기준금리,,,20210102,0.5,연%,ECOS
BASE_RATE,한국은행 기준금리,D,722Y001,1.3.1. 한국은행 기준금리 및 여수신금리,0101000,한국은행 기준금리,,,20210103,0.5,연%,ECOS
BASE_RATE,한국은행 기준금리,D,722Y001,1.3.1. 한국은행 기준금리 및 여수신금리,0101000,한국은행 기준금리,,,20210104,0.5,연%,ECOS
BASE_RATE,한국은행 기준금리,D,722Y001,1.3.1. 한국은행 기준금리 및 여수신금리,0101000,한국은행 기준금리,,,20210105,0.5,연%,ECOS
BASE_RATE,한국은행 기준금리,D,722Y001,1.3.1. 한국은행 기준금리 및 여수신금리,0101000,한국은행 기준금리,,,20210106,0.5,연%,ECOS
BASE_RATE,한국은행 기준금리,D,722Y001,1.3.1. 한국은행 기준금리 및 여수신금리,0101000,한국은행 기준금리,,,20210107,0.5,연%,ECOS
BASE_RATE,한국은행 기준금리,D,722Y001,1.3.1. 한국은행 기준금리 및 여수신금리,0101000,한국은행 기준금리,,,20210108,0.5,연%,ECOS
BASE_RATE,한국은행 기준금리,D,722Y001,1.3.1. 한국은행 기준금리 및 여수신금리,0101000,한국은행 기준금리,,,20210109,0.5,연%,ECOS
BASE_RATE,한국은행 기준금리,D,722Y001,1.3.1. 한국은행 기준금리 및 여수신금리,0101000,한국은행 기준금리,,,20210110,0.5,연%,ECOS
BASE_RATE,한국은행 기준금리,D,722Y001,1.3.1. 한국은행 기준금리 및 여수신금리,0101000,한국은행 기준금리,,,20210111,0.5,연%,ECOS
BASE_RATE,한국은행 기준금리,D,722Y001,1.3.1. 한국은행 기준금리 및 여수신금리,0101000,한국은행 기준금리,,,20210112,0.5,연%,ECOS
BASE_RATE,한국은행 기준금리,D,722Y001,1.3.1. 한국은행 기준금리 및 여수신금리,0101000,한국은행 기준금리,,,20210113,0.5,연%,ECOS
BASE_RATE,한국은행 기준금리,D,722Y001,1.3.1. 한국은행 기준금리 및 여수신금리,0101000,한국은행 기준금리,,,20210114,0.5,연%,ECOS
BASE_RATE,한국은행 기준금리,D,722Y001,1.3.1. 한국은행 기준금리 및 여수신금리,0101000,한국은행 기준금리,,,20210115,0.5,연%,ECOS
BASE_RATE,한국은행 기준금리,D,722Y001,1.3.1. 한국은행 기준금리 및 여수신금리,0101000,한국은행 기준금리,,,20210116,0.5,연%,ECOS
BASE_RATE,한국은행 기준금리,D,722Y001,1.3.1. 한국은행 기준금리 및 여수신금리,0101000,한국은행 기준금리,,,20210117,0.5,연%,ECOS
BASE_RATE,한국은행 기준금리,D,722Y001,1.3.1. 한국은행 기준금리 및 여수신금리,0101000,한국은행 기준금리,,,20210118,0.5,연%,ECOS
BASE_RATE,한국은행 기준금리,D,722Y001,1.3.1. 한국은행 기준금리 및 여수신금리,0101000,한국은행 기준금리,,,20210119,0.5,연%,ECOS
BASE_RATE,한국은행 기준금리,D,722Y001,1.3.1. 한국은행 기준금리 및 여수신금리,0101000,한국은행 기준금리,,,20210120,0.5,연%,ECOS
BASE_RATE,한국은행 기준금리,D,722Y001,1.3.1. 한국은행 기준금리 및 여수신금리,0101000,한국은행 기준금리,,,20210121,0.5,연%,ECOS
BASE_RATE,한국은행 기준금리,D,722Y001,1.3.1. 한국은행 기준금리 및 여수신금리,0101000,한국은행 기준금리,,,20210122,0.5,연%,ECOS
BASE_RATE,한국은행 기준금리,D,722Y001,1.3.1. 한국은행 기준금리 및 여수신금리,0101000,한국은행 기준금리,,,20210123,0.5,연%,ECOS
BASE_RATE,한국은행 기준금리,D,722Y001,1.3.1. 한국은행 기준금리 및 여수신금리,0101000,한국은행 기준금리,,,20210124,0.5,연%,ECOS
BASE_RATE,한국은행 기준금리,D,722Y001,1.3.1. 한국은행 기준금리 및 여수신금리,0101000,한국은행 기준금리,,,20210125,0.5,연%,ECOS
BASE_RATE,한국은행 기준금리,D,722Y001,1.3.1. 한국은행 기준금리 및 여수신금리,0101000,한국은행 기준금리,,,20210126,0.5,연%,ECOS
BASE_RATE,한국은행 기준금리,D,722Y001,1.3.1. 한국은행 기준금리 및 여수신금리,0101000,한국은행 기준금리,,,20210127,0.5,연%,ECOS
BASE_RATE,한국은행 기준금리,D,722Y001,1.3.1. 한국은행 기준금리 및 여수신금리,0101000,한국은행 기준금리,,,20210128,0.5,연%,ECOS
BASE_RATE,한국은행 기준금리,D,722Y001,1.3.1. 한국은행 기준금리 및 여수신금리,0101000,한국은행 기준금리,,,20210129,0.5,연%,ECOS
BASE_RATE,한국은행 기준금리,D,722Y001,1.3.1. 한국은행 기준금리 및 여수신금리,0101000,한국은행 기준금리,,,20210130,0.5,연%,ECOS
BASE_RATE,한국은행 기준금리,D,722Y001,1.3.1. 한국은행 기준금리 및 여수신금리,0101000,한국은행 기준금리,,,20210131,0.5,연%,ECOS
BASE_RATE,한국은행 기준금리,D,722Y001,1.3.1. 한국은행 기준금리 및 여수신금리,0101000,한국은행 기준금리,,,20210201,0.5,연%,ECOS
BASE_RATE,한국은행 기준금리,D,722Y001,1.3.1. 한국은행 기준금리 및 여수신금리,0101000,한국은행 기준금리,,,20210202,0.5,연%,ECOS
BASE_RATE,한국은행 기준금리,D,722Y001,1.3.1. 한국은행 기준금리 및 여수신금리,0101000,한국은행 기준금리,,,20210203,0.5,연%,ECOS
BASE_RATE,한국은행 기준금리,D,722Y001,1.3.1. 한국은행 기준금리 및 여수신금리,0101000,한국은행 기준금리,,,20210204,0.5,연%,ECOS
BASE_RATE,한국은행 기준금리,D,722Y001,1.3.1. 한국은행 기준금리 및 여수신금리,0101000,한국은행 기준금리,,,20210205,0.5,연%,ECOS
BASE_RATE,한국은행 기준금리,D,722Y001,1.3.1. 한국은행 기준금리 및 여수신금리,0101000,한국은행 기준금리,,,20210206,0.5,연%,ECOS
BASE_RATE,한국은행 기준금리,D,722Y001,1.3.1. 한국은행 기준금리 및 여수신금리,0101000,한국은행 기준금리,,,20210207,0.5,연%,ECOS
BASE_RATE,한국은행 기준금리,D,722Y001,1.3.1. 한국은행 기준금리 및 여수신금리,0101000,한국은행 기준금리,,,20210208,0.5,연%,ECOS
BASE_RATE,한국은행 기준금리,D,722Y001,1.3.1. 한국은행 기준금리 및 여수신금리,0101000,한국은행 기준금리,,,20210209,0.5,연%,ECOS
BASE_RATE,한국은행 기준금리,D,722Y001,1.3.1. 한국은행 기준금리 및 여수신금리,0101000,한국은행 기준금리,,,20210210,0.5,연%,ECOS
BASE_RATE,한국은행 기준금리,D,722Y001,1.3.1. 한국은행 기준금리 및 여수신금리,0101000,한국은행 기준금리,,,20210211,0.5,연%,ECOS
BASE_RATE,한국은행 기준금리,D,722Y001,1.3.1. 한국은행 기준금리 및 여수신금리,0101000,한국은행 기준금리,,,20210212,0.5,연%,ECOS
BASE_RATE,한국은행 기준금리,D,722Y001,1.3.1. 한국은행 기준금리 및 여수신금리,0101000,한국은행 기준금리,,,20210213,0.5,연%,ECOS
BASE_RATE,한국은행 기준금리,D,722Y001,1.3.1. 한국은행 기준금리 및 여수신금리,0101000,한국은행 기준금리,,,20210214,0.5,연%,ECOS
BASE_RATE,한국은행 기준금리,D,722Y001,1.3.1. 한국은행 기준금리 및 여수신금리,0101000,한국은행 기준금리,,,20210215,0.5,연%,ECOS
BASE_RATE,한국은행 기준금리,D,722Y001,1.3.1. 한국은행 기준금리 및 여수신금리,0101000,한국은행 기준금리,,,20210216,0.5,연%,ECOS
BASE_RATE,한국은행 기준금리,D,722Y001,1.3.1. 한국은행 기준금리 및 여수신금리,0101000,한국은행 기준금리,,,20210217,0.5,연%,ECOS
BASE_RATE,한국은행 기준금리,D,722Y001,1.3.1. 한국은행 기준금리 및 여수신금리,0101000,한국은행 기준금리,,,20210218,0.5,연%,ECOS
BASE_RATE,한국은행 기준금리,D,722Y001,1.3.1. 한국은행 기준금리 및 여수신금리,0101000,한국은행 기준금리,,,20210219,0.5,연%,ECOS
BASE_RATE,한국은행 기준금리,D,722Y001,1.3.1. 한국은행 기준금리 및 여수신금리,0101000,한국은행 기준금리,,,20210220,0.5,연%,ECOS
BASE_RATE,한국은행 기준금리,D,722Y001,1.3.1. 한국은행 기준금리 및 여수신금리,0101000,한국은행 기준금리,,,20210221,0.5,연%,ECOS
BASE_RATE,한국은행 기준금리,D,722Y001,1.3.1. 한국은행 기준금리 및 여수신금리,0101000,한국은행 기준금리,,,20210222,0.5,연%,ECOS
BASE_RATE,한국은행 기준금리,D,722Y001,1.3.1. 한국은행 기준금리 및 여수신금리,0101000,한국은행 기준금리,,,20210223,0.5,연%,ECOS
BASE_RATE,한국은행 기준금리,D,722Y001,1.3.1. 한국은행 기준금리 및 여수신금리,0101000,한국은행 기준금리,,,20210224,0.5,연%,ECOS
BASE_RATE,한국은행 기준금리,D,722Y001,1.3.1. 한국은행 기준금리 및 여수신금리,0101000,한국은행 기준금리,,,20210225,0.5,연%,ECOS
BASE_RATE,한국은행 기준금리,D,722Y001,1.3.1. 한국은행 기준금리 및 여수신금리,0101000,한국은행 기준금리,,,20210226,0.5,연%,ECOS
BASE_RATE,한국은행 기준금리,D,722Y001,1.3.1. 한국은행 기준금리 및 여수신금리,0101000,한국은행 기준금리,,,20210227,0.5,연%,ECOS
BASE_RATE,한국은행 기준금리,D,722Y001,1.3.1. 한국은행 기준금리 및 여수신금리,0101000,한국은행 기준금리,,,20210228,0.5,연%,ECOS
BASE_RATE,한국은행 기준금리,D,722Y001,1.3.1. 한국은행 기준금리 및 여수신금리,0101000,한국은행 기준금리,,,20210301,0.5,연%,ECOS
BASE_RATE,한국은행 기준금리,D,722Y001,1.3.1. 한국은행 기준금리 및 여수신금리,0101000,한국은행 기준금리,,,20210302,0.5,연%,ECOS
BASE_RATE,한국은행 기준금리,D,722Y001,1.3.1. 한국은행 기준금리 및 여수신금리,0101000,한국은행 기준금리,,,20210303,0.5,연%,ECOS
BASE_RATE,한국은행 기준금리,D,722Y001,1.3.1. 한국은행 기준금리 및 여수신금리,0101000,한국은행 기준금리,,,20210304,0.5,연%,ECOS
BASE_RATE,한국은행 기준금리,D,722Y001,1.3.1. 한국은행 기준금리 및 여수신금리,0101000,한국은행 기준금리,,,20210305,0.5,연%,ECOS
BASE_RATE,한국은행 기준금리,D,722Y001,1.3.1. 한국은행 기준금리 및 여수신금리,0101000,한국은행 기준금리,,,20210306,0.5,연%,ECOS
BASE_RATE,한국은행 기준금리,D,722Y001,1.3.1. 한국은행 기준금리 및 여수신금리,0101000,한국은행 기준금리,,,20210307,0.5,연%,ECOS
BASE_RATE,한국은행 기준금리,D,722Y001,1.3.1. 한국은행 기준금리 및 여수신금리,0101000,한국은행 기준금리,,,20210308,0.5,연%,ECOS
BASE_RATE,한국은행 기준금리,D,722Y001,1.3.1. 한국은행 기준금리 및 여수신금리,0101000,한국은행 기준금리,,,20210309,0.5,연%,ECOS
BASE_RATE,한국은행 기준금리,D,722Y001,1.3.1. 한국은행 기준금리 및 여수신금리,0101000,한국은행 기준금리,,,20210310,0.5,연%,ECOS
BASE_RATE,한국은행 기준금리,D,722Y001,1.3.1. 한국은행 기준금리 및 여수신금리,0101000,한국은행 기준금리,,,20210311,0.5,연%,ECOS
BASE_RATE,한국은행 기준금리,D,722Y001,1.3.1. 한국은행 기준금리 및 여수신금리,0101000,한국은행 기준금리,,,20210312,0.5,연%,ECOS
BASE_RATE,한국은행 기준금리,D,722Y001,1.3.1. 한국은행 기준금리 및 여수신금리,0101000,한국은행 기준금리,,,20210313,0.5,연%,ECOS
BASE_RATE,한국은행 기준금리,D,722Y001,1.3.1. 한국은행 기준금리 및 여수신금리,0101000,한국은행 기준금리,,,20210314,0.5,연%,ECOS
BASE_RATE,한국은행 기준금리,D,722Y001,1.3.1. 한국은행 기준금리 및 여수신금리,0101000,한국은행 기준금리,,,20210315,0.5,연%,ECOS
BASE_RATE,한국은행 기준금리,D,722Y001,1.3.1. 한국은행 기준금리 및 여수신금리,0101000,한국은행 기준금리,,,20210316,0.5,연%,ECOS
BASE_RATE,한국은행 기준금리,D,722Y001,1.3.1. 한국은행 기준금리 및 여수신금리,0101000,한국은행 기준금리,,,20210317,0.5,연%,ECOS
BASE_RATE,한국은행 기준금리,D,722Y001,1.3.1. 한국은행 기준금리 및 여수신금리,0101000,한국은행 기준금리,,,20210318,0.5,연%,ECOS
BASE_RATE,한국은행 기준금리,D,722Y001,1.3.1. 한국은행 기준금리 및 여수신금리,0101000,한국은행 기준금리,,,20210319,0.5,연%,ECOS
BASE_RATE,한국은행 기준금리,D,722Y001,1.3.1. 한국은행 기준금리 및 여수신금리,0101000,한국은행 기준금리,,,20210320,0.5,연%,ECOS
BASE_RATE,한국은행 기준금리,D,722Y001,1.3.1. 한국은행 기준금리 및 여수신금리,0101000,한국은행 기준금리,,,20210321,0.5,연%,ECOS
BASE_RATE,한국은행 기준금리,D,722Y001,1.3.1. 한국은행 기준금리 및 여수신금리,0101000,한국은행 기준금리,,,20210322,0.5,연%,ECOS
BASE_RATE,한국은행 기준금리,D,722Y001,1.3.1. 한국은행 기준금리 및 여수신금리,0101000,한국은행 기준금리,,,20210323,0.5,연%,ECOS
BASE_RATE,한국은행 기준금리,D,722Y001,1.3.1. 한국은행 기준금리 및 여수신금리,0101000,한국은행 기준금리,,,20210324,0.5,연%,ECOS
BASE_RATE,한국은행 기준금리,D,722Y001,1.3.1. 한국은행 기준금리 및 여수신금리,0101000,한국은행 기준금리,,,20210325,0.5,연%,ECOS
BASE_RATE,한국은행 기준금리,D,722Y001,1.3.1. 한국은행 기준금리 및 여수신금리,0101000,한국은행 기준금리,,,20210326,0.5,연%,ECOS
BASE_RATE,한국은행 기준금리,D,722Y001,1.3.1. 한국은행 기준금리 및 여수신금리,0101000,한국은행 기준금리,,,20210327,0.5,연%,ECOS
BASE_RATE,한국은행 기준금리,D,722Y001,1.3.1. 한국은행 기준금리 및 여수신금리,0101000,한국은행 기준금리,,,20210328,0.5,연%,ECOS
BASE_RATE,한국은행 기준금리,D,722Y001,1.3.1. 한국은행 기준금리 및 여수신금리,0101000,한국은행 기준금리,,,20210329,0.5,연%,ECOS
BASE_RATE,한국은행 기준금리,D,722Y001,1.3.1. 한국은행 기준금리 및 여수신금리,0101000,한국은행 기준금리,,,20210330,0.5,연%,ECOS
BASE_RATE,한국은행 기준금리,D,722Y001,1.3.1. 한국은행 기준금리 및 여수신금리,0101000,한국은행 기준금리,,,20210331,0.5,연%,ECOS
BASE_RATE,한국은행 기준금리,D,722Y001,1.3.1. 한국은행 기준금리 및 여수신금리,0101000,한국은행 기준금리,,,20210401,0.5,연%,ECOS
BASE_RATE,한국은행 기준금리,D,722Y001,1.3.1. 한국은행 기준금리 및 여수신금리,0101000,한국은행 기준금리,,,20210402,0.5,연%,ECOS
BASE_RATE,한국은행 기준금리,D,722Y001,1.3.1. 한국은행 기준금리 및 여수신금리,0101000,한국은행 기준금리,,,20210403,0.5,연%,ECOS
BASE_RATE,한국은행 기준금리,D,722Y001,1.3.1. 한국은행 기준금리 및 여수신금리,0101000,한국은행 기준금리,,,20210404,0.5,연%,ECOS
BASE_RATE,한국은행 기준금리,D,722Y001,1.3.1. 한국은행 기준금리 및 여수신금리,0101000,한국은행 기준금리,,,20210405,0.5,연%,ECOS
BASE_RATE,한국은행 기준금리,D,722Y001,1.3.1. 한국은행 기준금리 및 여수신금리,0101000,한국은행 기준금리,,,20210406,0.5,연%,ECOS
BASE_RATE,한국은행 기준금리,D,722Y001,1.3.1. 한국은행 기준금리 및 여수신금리,0101000,한국은행 기준금리,,,20210407,0.5,연%,ECOS
BASE_RATE,한국은행 기준금리,D,722Y001,1.3.1. 한국은행 기준금리 및 여수신금리,0101000,한국은행 기준금리,,,20210408,0.5,연%,ECOS
BASE_RATE,한국은행 기준금리,D,722Y001,1.3.1. 한국은행 기준금리 및 여수신금리,0101000,한국은행 기준금리,,,20210409,0.5,연%,ECOS
BASE_RATE,한국은행 기준금리,D,722Y001,1.3.1. 한국은행 기준금리 및 여수신금리,0101000,한국은행 기준금리,,,20210410,0.5,연%,ECOS
BASE_RATE,한국은행 기준금리,D,722Y001,1.3.1. 한국은행 기준금리 및 여수신금리,0101000,한국은행 기준금리,,,20210411,0.5,연%,ECOS
BASE_RATE,한국은행 기준금리,D,722Y001,1.3.1. 한국은행 기준금리 및 여수신금리,0101000,한국은행 기준금리,,,20210412,0.5,연%,ECOS
BASE_RATE,한국은행 기준금리,D,722Y001,1.3.1. 한국은행 기준금리 및 여수신금리,0101000,한국은행 기준금리,,,20210413,0.5,연%,ECOS
BASE_RATE,한국은행 기준금리,D,722Y001,1.3.1. 한국은행 기준금리 및 여수신금리,0101000,한국은행 기준금리,,,20210414,0.5,연%,ECOS
BASE_RATE,한국은행 기준금리,D,722Y001,1.3.1. 한국은행 기준금리 및 여수신금리,0101000,한국은행 기준금리,,,20210415,0.5,연%,ECOS
BASE_RATE,한국은행 기준금리,D,722Y001,1.3.1. 한국은행 기준금리 및 여수신금리,0101000,한국은행 기준금리,,,20210416,0.5,연%,ECOS
BASE_RATE,한국은행 기준금리,D,722Y001,1.3.1. 한국은행 기준금리 및 여수신금리,0101000,한국은행 기준금리,,,20210417,0.5,연%,ECOS
BASE_RATE,한국은행 기준금리,D,722Y001,1.3.1. 한국은행 기준금리 및 여수신금리,0101000,한국은행 기준금리,,,20210418,0.5,연%,ECOS
BASE_RATE,한국은행 기준금리,D,722Y001,1.3.1. 한국은행 기준금리 및 여수신금리,0101000,한국은행 기준금리,,,20210419,0.5,연%,ECOS
BASE_RATE,한국은행 기준금리,D,722Y001,1.3.1. 한국은행 기준금리 및 여수신금리,0101000,한국은행 기준금리,,,20210420,0.5,연%,ECOS
BASE_RATE,한국은행 기준금리,D,722Y001,1.3.1. 한국은행 기준금리 및 여수신금리,0101000,한국은행 기준금리,,,20210421,0.5,연%,ECOS
BASE_RATE,한국은행 기준금리,D,722Y001,1.3.1. 한국은행 기준금리 및 여수신금리,0101000,한국은행 기준금리,,,20210422,0.5,연%,ECOS
BASE_RATE,한국은행 기준금리,D,722Y001,1.3.1. 한국은행 기준금리 및 여수신금리,0101000,한국은행 기준금리,,,20210423,0.5,연%,ECOS
BASE_RATE,한국은행 기준금리,D,722Y001,1.3.1. 한국은행 기준금리 및 여수신금리,0101000,한국은행 기준금리,,,20210424,0.5,연%,ECOS
BASE_RATE,한국은행 기준금리,D,722Y001,1.3.1. 한국은행 기준금리 및 여수신금리,0101000,한국은행 기준금리,,,20210425,0.5,연%,ECOS
BASE_RATE,한국은행 기준금리,D,722Y001,1.3.1. 한국은행 기준금리 및 여수신금리,0101000,한국은행 기준금리,,,20210426,0.5,연%,ECOS
BASE_RATE,한국은행 기준금리,D,722Y001,1.3.1. 한국은행 기준금리 및 여수신금리,0101000,한국은행 기준금리,,,20210427,0.5,연%,ECOS
BASE_RATE,한국은행 기준금리,D,722Y001,1.3.1. 한국은행 기준금리 및 여수신금리,0101000,한국은행 기준금리,,,20210428,0.5,연%,ECOS
BASE_RATE,한국은행 기준금리,D,722Y001,1.3.1. 한국은행 기준금리 및 여수신금리,0101000,한국은행 기준금리,,,20210429,0.5,연%,ECOS
BASE_RATE,한국은행 기준금리,D,722Y001,1.3.1. 한국은행 기준금리 및 여수신금리,0101000,한국은행 기준금리,,,20210430,0.5,연%,ECOS
BASE_RATE,한국은행 기준금리,D,722Y001,1.3.1. 한국은행 기준금리 및 여수신금리,0101000,한국은행 기준금리,,,20210501,0.5,연%,ECOS
BASE_RATE,한국은행 기준금리,D,722Y001,1.3.1. 한국은행 기준금리 및 여수신금리,0101000,한국은행 기준금리,,,20210502,0.5,연%,ECOS
BASE_RATE,한국은행 기준금리,D,722Y001,1.3.1. 한국은행 기준금리 및 여수신금리,0101000,한국은행 기준금리,,,20210503,0.5,연%,ECOS
BASE_RATE,한국은행 기준금리,D,722Y001,1.3.1. 한국은행 기준금리 및 여수신금리,0101000,한국은행 기준금리,,,20210504,0.5,연%,ECOS
BASE_RATE,한국은행 기준금리,D,722Y001,1.3.1. 한국은행 기준금리 및 여수신금리,0101000,한국은행 기준금리,,,20210505,0.5,연%,ECOS
BASE_RATE,한국은행 기준금리,D,722Y001,1.3.1. 한국은행 기준금리 및 여수신금리,0101000,한국은행 기준금리,,,20210506,0.5,연%,ECOS
BASE_RATE,한국은행 기준금리,D,722Y001,1.3.1. 한국은행 기준금리 및 여수신금리,0101000,한국은행 기준금리,,,20210507,0.5,연%,ECOS
BASE_RATE,한국은행 기준금리,D,722Y001,1.3.1. 한국은행 기준금리 및 여수신금리,0101000,한국은행 기준금리,,,20210508,0.5,연%,ECOS
BASE_RATE,한국은행 기준금리,D,722Y001,1.3.1. 한국은행 기준금리 및 여수신금리,0101000,한국은행 기준금리,,,20210509,0.5,연%,ECOS
BASE_RATE,한국은행 기준금리,D,722Y001,1.3.1. 한국은행 기준금리 및 여수신금리,0101000,한국은행 기준금리,,,20210510,0.5,연%,ECOS
BASE_RATE,한국은행 기준금리,D,722Y001,1.3.1. 한국은행 기준금리 및 여수신금리,0101000,한국은행 기준금리,,,20210511,0.5,연%,ECOS
BASE_RATE,한국은행 기준금리,D,722Y001,1.3.1. 한국은행 기준금리 및 여수신금리,0101000,한국은행 기준금리,,,20210512,0.5,연%,ECOS
BASE_RATE,한국은행 기준금리,D,722Y001,1.3.1. 한국은행 기준금리 및 여수신금리,0101000,한국은행 기준금리,,,20210513,0.5,연%,ECOS
BASE_RATE,한국은행 기준금리,D,722Y001,1.3.1. 한국은행 기준금리 및 여수신금리,0101000,한국은행 기준금리,,,20210514,0.5,연%,ECOS
BASE_RATE,한국은행 기준금리,D,722Y001,1.3.1. 한국은행 기준금리 및 여수신금리,0101000,한국은행 기준금리,,,20210515,0.5,연%,ECOS
BASE_RATE,한국은행 기준금리,D,722Y001,1.3.1. 한국은행 기준금리 및 여수신금리,0101000,한국은행 기준금리,,,20210516,0.5,연%,ECOS
BASE_RATE,한국은행 기준금리,D,722Y001,1.3.1. 한국은행 기준금리 및 여수신금리,0101000,한국은행 기준금리,,,20210517,0.5,연%,ECOS
BASE_RATE,한국은행 기준금리,D,722Y001,1.3.1. 한국은행 기준금리 및 여수신금리,0101000,한국은행 기준금리,,,20210518,0.5,연%,ECOS
BASE_RATE,한국은행 기준금리,D,722Y001,1.3.1. 한국은행 기준금리 및 여수신금리,0101000,한국은행 기준금리,,,20210519,0.5,연%,ECOS
BASE_RATE,한국은행 기준금리,D,722Y001,1.3.1. 한국은행 기준금리 및 여수신금리,0101000,한국은행 기준금리,,,20210520,0.5,연%,ECOS
BASE_RATE,한국은행 기준금리,D,722Y001,1.3.1. 한국은행 기준금리 및 여수신금리,0101000,한국은행 기준금리,,,20210521,0.5,연%,ECOS
BASE_RATE,한국은행 기준금리,D,722Y001,1.3.1. 한국은행 기준금리 및 여수신금리,0101000,한국은행 기준금리,,,20210522,0.5,연%,ECOS
BASE_RATE,한국은행 기준금리,D,722Y001,1.3.1. 한국은행 기준금리 및 여수신금리,0101000,한국은행 기준금리,,,20210523,0.5,연%,ECOS
BASE_RATE,한국은행 기준금리,D,722Y001,1.3.1. 한국은행 기준금리 및 여수신금리,0101000,한국은행 기준금리,,,20210524,0.5,연%,ECOS
BASE_RATE,한국은행 기준금리,D,722Y001,1.3.1. 한국은행 기준금리 및 여수신금리,0101000,한국은행 기준금리,,,20210525,0.5,연%,ECOS
BASE_RATE,한국은행 기준금리,D,722Y001,1.3.1. 한국은행 기준금리 및 여수신금리,0101000,한국은행 기준금리,,,20210526,0.5,연%,ECOS
BASE_RATE,한국은행 기준금리,D,722Y001,1.3.1. 한국은행 기준금리 및 여수신금리,0101000,한국은행 기준금리,,,20210527,0.5,연%,ECOS
BASE_RATE,한국은행 기준금리,D,722Y001,1.3.1. 한국은행 기준금리 및 여수신금리,0101000,한국은행 기준금리,,,20210528,0.5,연%,ECOS
BASE_RATE,한국은행 기준금리,D,722Y001,1.3.1. 한국은행 기준금리 및 여수신금리,0101000,한국은행 기준금리,,,20210529,0.5,연%,ECOS
BASE_RATE,한국은행 기준금리,D,722Y001,1.3.1. 한국은행 기준금리 및 여수신금리,0101000,한국은행 기준금리,,,20210530,0.5,연%,ECOS
BASE_RATE,한국은행 기준금리,D,722Y001,1.3.1. 한국은행 기준금리 및 여수신금리,0101000,한국은행 기준금리,,,20210531,0.5,연%,ECOS
BASE_RATE,한국은행 기준금리,D,722Y001,1.3.1. 한국은행 기준금리 및 여수신금리,0101000,한국은행 기준금리,,,20210601,0.5,연%,ECOS
BASE_RATE,한국은행 기준금리,D,722Y001,1.3.1. 한국은행 기준금리 및 여수신금리,0101000,한국은행 기준금리,,,20210602,0.5,연%,ECOS
BASE_RATE,한국은행 기준금리,D,722Y001,1.3.1. 한국은행 기준금리 및 여수신금리,0101000,한국은행 기준금리,,,20210603,0.5,연%,ECOS
BASE_RATE,한국은행 기준금리,D,722Y001,1.3.1. 한국은행 기준금리 및 여수신금리,0101000,한국은행 기준금리,,,20210604,0.5,연%,ECOS
BASE_RATE,한국은행 기준금리,D,722Y001,1.3.1. 한국은행 기준금리 및 여수신금리,0101000,한국은행 기준금리,,,20210605,0.5,연%,ECOS
BASE_RATE,한국은행 기준금리,D,722Y001,1.3.1. 한국은행 기준금리 및 여수신금리,0101000,한국은행 기준금리,,,20210606,0.5,연%,ECOS
BASE_RATE,한국은행 기준금리,D,722Y001,1.3.1. 한국은행 기준금리 및 여수신금리,0101000,한국은행 기준금리,,,20210607,0.5,연%,ECOS
BASE_RATE,한국은행 기준금리,D,722Y001,1.3.1. 한국은행 기준금리 및 여수신금리,0101000,한국은행 기준금리,,,20210608,0.5,연%,ECOS
BASE_RATE,한국은행 기준금리,D,722Y001,1.3.1. 한국은행 기준금리 및 여수신금리,0101000,한국은행 기준금리,,,20210609,0.5,연%,ECOS
BASE_RATE,한국은행 기준금리,D,722Y001,1.3.1. 한국은행 기준금리 및 여수신금리,0101000,한국은행 기준금리,,,20210610,0.5,연%,ECOS
BASE_RATE,한국은행 기준금리,D,722Y001,1.3.1. 한국은행 기준금리 및 여수신금리,0101000,한국은행 기준금리,,,20210611,0.5,연%,ECOS
BASE_RATE,한국은행 기준금리,D,722Y001,1.3.1. 한국은행 기준금리 및 여수신금리,0101000,한국은행 기준금리,,,20210612,0.5,연%,ECOS
BASE_RATE,한국은행 기준금리,D,722Y001,1.3.1. 한국은행 기준금리 및 여수신금리,0101000,한국은행 기준금리,,,20210613,0.5,연%,ECOS
BASE_RATE,한국은행 기준금리,D,722Y001,1.3.1. 한국은행 기준금리 및 여수신금리,0101000,한국은행 기준금리,,,20210614,0.5,연%,ECOS
BASE_RATE,한국은행 기준금리,D,722Y001,1.3.1. 한국은행 기준금리 및 여수신금리,0101000,한국은행 기준금리,,,20210615,0.5,연%,ECOS
BASE_RATE,한국은행 기준금리,D,722Y001,1.3.1. 한국은행 기준금리 및 여수신금리,0101000,한국은행 기준금리,,,20210616,0.5,연%,ECOS
BASE_RATE,한국은행 기준금리,D,722Y001,1.3.1. 한국은행 기준금리 및 여수신금리,0101000,한국은행 기준금리,,,20210617,0.5,연%,ECOS
BASE_RATE,한국은행 기준금리,D,722Y001,1.3.1. 한국은행 기준금리 및 여수신금리,0101000,한국은행 기준금리,,,20210618,0.5,연%,ECOS
BASE_RATE,한국은행 기준금리,D,722Y001,1.3.1. 한국은행 기준금리 및 여수신금리,0101000,한국은행 기준금리,,,20210619,0.5,연%,ECOS
BASE_RATE,한국은행 기준금리,D,722Y001,1.3.1. 한국은행 기준금리 및 여수신금리,0101000,한국은행 기준금리,,,20210620,0.5,연%,ECOS
BASE_RATE,한국은행 기준금리,D,722Y001,1.3.1. 한국은행 기준금리 및 여수신금리,0101000,한국은행 기준금리,,,20210621,0.5,연%,ECOS
BASE_RATE,한국은행 기준금리,D,722Y001,1.3.1. 한국은행 기준금리 및 여수신금리,0101000,한국은행 기준금리,,,20210622,0.5,연%,ECOS
BASE_RATE,한국은행 기준금리,D,722Y001,1.3.1. 한국은행 기준금리 및 여수신금리,0101000,한국은행 기준금리,,,20210623,0.5,연%,ECOS
BASE_RATE,한국은행 기준금리,D,722Y001,1.3.1. 한국은행 기준금리 및 여수신금리,0101000,한국은행 기준금리,,,20210624,0.5,연%,ECOS
BASE_RATE,한국은행 기준금리,D,722Y001,1.3.1. 한국은행 기준금리 및 여수신금리,0101000,한국은행 기준금리,,,20210625,0.5,연%,ECOS
BASE_RATE,한국은행 기준금리,D,722Y001,1.3.1. 한국은행 기준금리 및 여수신금리,0101000,한국은행 기준금리,,,20210626,0.5,연%,ECOS
BASE_RATE,한국은행 기준금리,D,722Y001,1.3.1. 한국은행 기준금리 및 여수신금리,0101000,한국은행 기준금리,,,20210627,0.5,연%,ECOS
BASE_RATE,한국은행 기준금리,D,722Y001,1.3.1. 한국은행 기준금리 및 여수신금리,0101000,한국은행 기준금리,,,20210628,0.5,연%,ECOS
BASE_RATE,한국은행 기준금리,D,722Y001,1.3.1. 한국은행 기준금리 및 여수신금리,0101000,한국은행 기준금리,,,20210629,0.5,연%,ECOS
BASE_RATE,한국은행 기준금리,D,722Y001,1.3.1. 한국은행 기준금리 및 여수신금리,0101000,한국은행 기준금리,,,20210630,0.5,연%,ECOS
BASE_RATE,한국은행 기준금리,D,722Y001,1.3.1. 한국은행 기준금리 및 여수신금리,0101000,한국은행 기준금리,,,20210701,0.5,연%,ECOS
BASE_RATE,한국은행 기준금리,D,722Y001,1.3.1. 한국은행 기준금리 및 여수신금리,0101000,한국은행 기준금리,,,20210702,0.5,연%,ECOS
BASE_RATE,한국은행 기준금리,D,722Y001,1.3.1. 한국은행 기준금리 및 여수신금리,0101000,한국은행 기준금리,,,20210703,0.5,연%,ECOS
BASE_RATE,한국은행 기준금리,D,722Y001,1.3.1. 한국은행 기준금리 및 여수신금리,0101000,한국은행 기준금리,,,20210704,0.5,연%,ECOS
BASE_RATE,한국은행 기준금리,D,722Y001,1.3.1. 한국은행 기준금리 및 여수신금리,0101000,한국은행 기준금리,,,20210705,0.5,연%,ECOS
BASE_RATE,한국은행 기준금리,D,722Y001,1.3.1. 한국은행 기준금리 및 여수신금리,0101000,한국은행 기준금리,,,20210706,0.5,연%,ECOS
BASE_RATE,한국은행 기준금리,D,722Y001,1.3.1. 한국은행 기준금리 및 여수신금리,0101000,한국은행 기준금리,,,20210707,0.5,연%,ECOS
BASE_RATE,한국은행 기준금리,D,722Y001,1.3.1. 한국은행 기준금리 및 여수신금리,0101000,한국은행 기준금리,,,20210708,0.5,연%,ECOS
BASE_RATE,한국은행 기준금리,D,722Y001,1.3.1. 한국은행 기준금리 및 여수신금리,0101000,한국은행 기준금리,,,20210709,0.5,연%,ECOS
BASE_RATE,한국은행 기준금리,D,722Y001,1.3.1. 한국은행 기준금리 및 여수신금리,0101000,한국은행 기준금리,,,20210710,0.5,연%,ECOS
BASE_RATE,한국은행 기준금리,D,722Y001,1.3.1. 한국은행 기준금리 및 여수신금리,0101000,한국은행 기준금리,,,20210711,0.5,연%,ECOS
BASE_RATE,한국은행 기준금리,D,722Y001,1.3.1. 한국은행 기준금리 및 여수신금리,0101000,한국은행 기준금리,,,20210712,0.5,연%,ECOS
BASE_RATE,한국은행 기준금리,D,722Y001,1.3.1. 한국은행 기준금리 및 여수신금리,0101000,한국은행 기준금리,,,20210713,0.5,연%,ECOS
BASE_RATE,한국은행 기준금리,D,722Y001,1.3.1. 한국은행 기준금리 및 여수신금리,0101000,한국은행 기준금리,,,20210714,0.5,연%,ECOS
BASE_RATE,한국은행 기준금리,D,722Y001,1.3.1. 한국은행 기준금리 및 여수신금리,0101000,한국은행 기준금리,,,20210715,0.5,연%,ECOS
BASE_RATE,한국은행 기준금리,D,722Y001,1.3.1. 한국은행 기준금리 및 여수신금리,0101000,한국은행 기준금리,,,20210716,0.5,연%,ECOS
BASE_RATE,한국은행 기준금리,D,722Y001,1.3.1. 한국은행 기준금리 및 여수신금리,0101000,한국은행 기준금리,,,20210717,0.5,연%,ECOS
BASE_RATE,한국은행 기준금리,D,722Y001,1.3.1. 한국은행 기준금리 및 여수신금리,0101000,한국은행 기준금리,,,20210718,0.5,연%,ECOS
BASE_RATE,한국은행 기준금리,D,722Y001,1.3.1. 한국은행 기준금리 및 여수신금리,0101000,한국은행 기준금리,,,20210719,0.5,연%,ECOS
BASE_RATE,한국은행 기준금리,D,722Y001,1.3.1. 한국은행 기준금리 및 여수신금리,0101000,한국은행 기준금리,,,20210720,0.5,연%,ECOS
BASE_RATE,한국은행 기준금리,D,722Y001,1.3.1. 한국은행 기준금리 및 여수신금리,0101000,한국은행 기준금리,,,20210721,0.5,연%,ECOS
BASE_RATE,한국은행 기준금리,D,722Y001,1.3.1. 한국은행 기준금리 및 여수신금리,0101000,한국은행 기준금리,,,20210722,0.5,연%,ECOS
BASE_RATE,한국은행 기준금리,D,722Y001,1.3.1. 한국은행 기준금리 및 여수신금리,0101000,한국은행 기준금리,,,20210723,0.5,연%,ECOS
BASE_RATE,한국은행 기준금리,D,722Y001,1.3.1. 한국은행 기준금리 및 여수신금리,0101000,한국은행 기준금리,,,20210724,0.5,연%,ECOS
BASE_RATE,한국은행 기준금리,D,722Y001,1.3.1. 한국은행 기준금리 및 여수신금리,0101000,한국은행 기준금리,,,20210725,0.5,연%,ECOS
BASE_RATE,한국은행 기준금리,D,722Y001,1.3.1. 한국은행 기준금리 및 여수신금리,0101000,한국은행 기준금리,,,20210726,0.5,연%,ECOS
BASE_RATE,한국은행 기준금리,D,722Y001,1.3.1. 한국은행 기준금리 및 여수신금리,0101000,한국은행 기준금리,,,20210727,0.5,연%,ECOS
BASE_RATE,한국은행 기준금리,D,722Y001,1.3.1. 한국은행 기준금리 및 여수신금리,0101000,한국은행 기준금리,,,20210728,0.5,연%,ECOS
BASE_RATE,한국은행 기준금리,D,722Y001,1.3.1. 한국은행 기준금리 및 여수신금리,0101000,한국은행 기준금리,,,20210729,0.5,연%,ECOS
BASE_RATE,한국은행 기준금리,D,722Y001,1.3.1. 한국은행 기준금리 및 여수신금리,0101000,한국은행 기준금리,,,20210730,0.5,연%,ECOS
BASE_RATE,한국은행 기준금리,D,722Y001,1.3.1. 한국은행 기준금리 및 여수신금리,0101000,한국은행 기준금리,,,20210731,0.5,연%,ECOS
BASE_RATE,한국은행 기준금리,D,722Y001,1.3.1. 한국은행 기준금리 및 여수신금리,0101000,한국은행 기준금리,,,20210801,0.5,연%,ECOS
BASE_RATE,한국은행 기준금리,D,722Y001,1.3.1. 한국은행 기준금리 및 여수신금리,0101000,한국은행 기준금리,,,20210802,0.5,연%,ECOS
BASE_RATE,한국은행 기준금리,D,722Y001,1.3.1. 한국은행 기준금리 및 여수신금리,0101000,한국은행 기준금리,,,20210803,0.5,연%,ECOS
BASE_RATE,한국은행 기준금리,D,722Y001,1.3.1. 한국은행 기준금리 및 여수신금리,0101000,한국은행 기준금리,,,20210804,0.5,연%,ECOS
BASE_RATE,한국은행 기준금리,D,722Y001,1.3.1. 한국은행 기준금리 및 여수신금리,0101000,한국은행 기준금리,,,20210805,0.5,연%,ECOS
BASE_RATE,한국은행 기준금리,D,722Y001,1.3.1. 한국은행 기준금리 및 여수신금리,0101000,한국은행 기준금리,,,20210806,0.5,연%,ECOS
BASE_RATE,한국은행 기준금리,D,722Y001,1.3.1. 한국은행 기준금리 및 여수신금리,0101000,한국은행 기준금리,,,20210807,0.5,연%,ECOS
BASE_RATE,한국은행 기준금리,D,722Y001,1.3.1. 한국은행 기준금리 및 여수신금리,0101000,한국은행 기준금리,,,20210808,0.5,연%,ECOS
BASE_RATE,한국은행 기준금리,D,722Y001,1.3.1. 한국은행 기준금리 및 여수신금리,0101000,한국은행 기준금리,,,20210809,0.5,연%,ECOS
BASE_RATE,한국은행 기준금리,D,722Y001,1.3.1. 한국은행 기준금리 및 여수신금리,0101000,한국은행 기준금리,,,20210810,0.5,연%,ECOS
BASE_RATE,한국은행 기준금리,D,722Y001,1.3.1. 한국은행 기준금리 및 여수신금리,0101000,한국은행 기준금리,,,20210811,0.5,연%,ECOS
BASE_RATE,한국은행 기준금리,D,722Y001,1.3.1. 한국은행 기준금리 및 여수신금리,0101000,한국은행 기준금리,,,20210812,0.5,연%,ECOS
BASE_RATE,한국은행 기준금리,D,722Y001,1.3.1. 한국은행 기준금리 및 여수신금리,0101000,한국은행 기준금리,,,20210813,0.5,연%,ECOS
BASE_RATE,한국은행 기준금리,D,722Y001,1.3.1. 한국은행 기준금리 및 여수신금리,0101000,한국은행 기준금리,,,20210814,0.5,연%,ECOS
BASE_RATE,한국은행 기준금리,D,722Y001,1.3.1. 한국은행 기준금리 및 여수신금리,0101000,한국은행 기준금리,,,20210815,0.5,연%,ECOS
BASE_RATE,한국은행 기준금리,D,722Y001,1.3.1. 한국은행 기준금리 및 여수신금리,0101000,한국은행 기준금리,,,20210816,0.5,연%,ECOS
BASE_RATE,한국은행 기준금리,D,722Y001,1.3.1. 한국은행 기준금리 및 여수신금리,0101000,한국은행 기준금리,,,20210817,0.5,연%,ECOS
BASE_RATE,한국은행 기준금리,D,722Y001,1.3.1. 한국은행 기준금리 및 여수신금리,0101000,한국은행 기준금리,,,20210818,0.5,연%,ECOS
BASE_RATE,한국은행 기준금리,D,722Y001,1.3.1. 한국은행 기준금리 및 여수신금리,0101000,한국은행 기준금리,,,20210819,0.5,연%,ECOS
BASE_RATE,한국은행 기준금리,D,722Y001,1.3.1. 한국은행 기준금리 및 여수신금리,0101000,한국은행 기준금리,,,20210820,0.5,연%,ECOS
BASE_RATE,한국은행 기준금리,D,722Y001,1.3.1. 한국은행 기준금리 및 여수신금리,0101000,한국은행 기준금리,,,20210821,0.5,연%,ECOS
BASE_RATE,한국은행 기준금리,D,722Y001,1.3.1. 한국은행 기준금리 및 여수신금리,0101000,한국은행 기준금리,,,20210822,0.5,연%,ECOS
BASE_RATE,한국은행 기준금리,D,722Y001,1.3.1. 한국은행 기준금리 및 여수신금리,0101000,한국은행 기준금리,,,20210823,0.5,연%,ECOS
BASE_RATE,한국은행 기준금리,D,722Y001,1.3.1. 한국은행 기준금리 및 여수신금리,0101000,한국은행 기준금리,,,20210824,0.5,연%,ECOS
BASE_RATE,한국은행 기준금리,D,722Y001,1.3.1. 한국은행 기준금리 및 여수신금리,0101000,한국은행 기준금리,,,20210825,0.5,연%,ECOS
BASE_RATE,한국은행 기준금리,D,722Y001,1.3.1. 한국은행 기준금리 및 여수신금리,0101000,한국은행 기준금리,,,20210826,0.75,연%,ECOS
BASE_RATE,한국은행 기준금리,D,722Y001,1.3.1. 한국은행 기준금리 및 여수신금리,0101000,한국은행 기준금리,,,20210827,0.75,연%,ECOS
BASE_RATE,한국은행 기준금리,D,722Y001,1.3.1. 한국은행 기준금리 및 여수신금리,0101000,한국은행 기준금리,,,20210828,0.75,연%,ECOS
BASE_RATE,한국은행 기준금리,D,722Y001,1.3.1. 한국은행 기준금리 및 여수신금리,0101000,한국은행 기준금리,,,20210829,0.75,연%,ECOS
BASE_RATE,한국은행 기준금리,D,722Y001,1.3.1. 한국은행 기준금리 및 여수신금리,0101000,한국은행 기준금리,,,20210830,0.75,연%,ECOS
BASE_RATE,한국은행 기준금리,D,722Y001,1.3.1. 한국은행 기준금리 및 여수신금리,0101000,한국은행 기준금리,,,20210831,0.75,연%,ECOS
BASE_RATE,한국은행 기준금리,D,722Y001,1.3.1. 한국은행 기준금리 및 여수신금리,0101000,한국은행 기준금리,,,20210901,0.75,연%,ECOS
BASE_RATE,한국은행 기준금리,D,722Y001,1.3.1. 한국은행 기준금리 및 여수신금리,0101000,한국은행 기준금리,,,20210902,0.75,연%,ECOS
BASE_RATE,한국은행 기준금리,D,722Y001,1.3.1. 한국은행 기준금리 및 여수신금리,0101000,한국은행 기준금리,,,20210903,0.75,연%,ECOS
BASE_RATE,한국은행 기준금리,D,722Y001,1.3.1. 한국은행 기준금리 및 여수신금리,0101000,한국은행 기준금리,,,20210904,0.75,연%,ECOS
BASE_RATE,한국은행 기준금리,D,722Y001,1.3.1. 한국은행 기준금리 및 여수신금리,0101000,한국은행 기준금리,,,20210905,0.75,연%,ECOS
BASE_RATE,한국은행 기준금리,D,722Y001,1.3.1. 한국은행 기준금리 및 여수신금리,0101000,한국은행 기준금리,,,20210906,0.75,연%,ECOS
BASE_RATE,한국은행 기준금리,D,722Y001,1.3.1. 한국은행 기준금리 및 여수신금리,0101000,한국은행 기준금리,,,20210907,0.75,연%,ECOS
BASE_RATE,한국은행 기준금리,D,722Y001,1.3.1. 한국은행 기준금리 및 여수신금리,0101000,한국은행 기준금리,,,20210908,0.75,연%,ECOS
BASE_RATE,한국은행 기준금리,D,722Y001,1.3.1. 한국은행 기준금리 및 여수신금리,0101000,한국은행 기준금리,,,20210909,0.75,연%,ECOS
BASE_RATE,한국은행 기준금리,D,722Y001,1.3.1. 한국은행 기준금리 및 여수신금리,0101000,한국은행 기준금리,,,20210910,0.75,연%,ECOS
BASE_RATE,한국은행 기준금리,D,722Y001,1.3.1. 한국은행 기준금리 및 여수신금리,0101000,한국은행 기준금리,,,20210911,0.75,연%,ECOS
BASE_RATE,한국은행 기준금리,D,722Y001,1.3.1. 한국은행 기준금리 및 여수신금리,0101000,한국은행 기준금리,,,20210912,0.75,연%,ECOS
BASE_RATE,한국은행 기준금리,D,722Y001,1.3.1. 한국은행 기준금리 및 여수신금리,0101000,한국은행 기준금리,,,20210913,0.75,연%,ECOS
BASE_RATE,한국은행 기준금리,D,722Y001,1.3.1. 한국은행 기준금리 및 여수신금리,0101000,한국은행 기준금리,,,20210914,0.75,연%,ECOS
BASE_RATE,한국은행 기준금리,D,722Y001,1.3.1. 한국은행 기준금리 및 여수신금리,0101000,한국은행 기준금리,,,20210915,0.75,연%,ECOS
BASE_RATE,한국은행 기준금리,D,722Y001,1.3.1. 한국은행 기준금리 및 여수신금리,0101000,한국은행 기준금리,,,20210916,0.75,연%,ECOS
BASE_RATE,한국은행 기준금리,D,722Y001,1.3.1. 한국은행 기준금리 및 여수신금리,0101000,한국은행 기준금리,,,20210917,0.75,연%,ECOS
BASE_RATE,한국은행 기준금리,D,722Y001,1.3.1. 한국은행 기준금리 및 여수신금리,0101000,한국은행 기준금리,,,20210918,0.75,연%,ECOS
BASE_RATE,한국은행 기준금리,D,722Y001,1.3.1. 한국은행 기준금리 및 여수신금리,0101000,한국은행 기준금리,,,20210919,0.75,연%,ECOS
BASE_RATE,한국은행 기준금리,D,722Y001,1.3.1. 한국은행 기준금리 및 여수신금리,0101000,한국은행 기준금리,,,20210920,0.75,연%,ECOS
BASE_RATE,한국은행 기준금리,D,722Y001,1.3.1. 한국은행 기준금리 및 여수신금리,0101000,한국은행 기준금리,,,20210921,0.75,연%,ECOS
BASE_RATE,한국은행 기준금리,D,722Y001,1.3.1. 한국은행 기준금리 및 여수신금리,0101000,한국은행 기준금리,,,20210922,0.75,연%,ECOS
BASE_RATE,한국은행 기준금리,D,722Y001,1.3.1. 한국은행 기준금리 및 여수신금리,0101000,한국은행 기준금리,,,20210923,0.75,연%,ECOS
BASE_RATE,한국은행 기준금리,D,722Y001,1.3.1. 한국은행 기준금리 및 여수신금리,0101000,한국은행 기준금리,,,20210924,0.75,연%,ECOS
BASE_RATE,한국은행 기준금리,D,722Y001,1.3.1. 한국은행 기준금리 및 여수신금리,0101000,한국은행 기준금리,,,20210925,0.75,연%,ECOS
BASE_RATE,한국은행 기준금리,D,722Y001,1.3.1. 한국은행 기준금리 및 여수신금리,0101000,한국은행 기준금리,,,20210926,0.75,연%,ECOS
BASE_RATE,한국은행 기준금리,D,722Y001,1.3.1. 한국은행 기준금리 및 여수신금리,0101000,한국은행 기준금리,,,20210927,0.75,연%,ECOS
BASE_RATE,한국은행 기준금리,D,722Y001,1.3.1. 한국은행 기준금리 및 여수신금리,0101000,한국은행 기준금리,,,20210928,0.75,연%,ECOS
BASE_RATE,한국은행 기준금리,D,722Y001,1.3.1. 한국은행 기준금리 및 여수신금리,0101000,한국은행 기준금리,,,20210929,0.75,연%,ECOS
BASE_RATE,한국은행 기준금리,D,722Y001,1.3.1. 한국은행 기준금리 및 여수신금리,0101000,한국은행 기준금리,,,20210930,0.75,연%,ECOS
BASE_RATE,한국은행 기준금리,D,722Y001,1.3.1. 한국은행 기준금리 및 여수신금리,0101000,한국은행 기준금리,,,20211001,0.75,연%,ECOS
BASE_RATE,한국은행 기준금리,D,722Y001,1.3.1. 한국은행 기준금리 및 여수신금리,0101000,한국은행 기준금리,,,20211002,0.75,연%,ECOS
BASE_RATE,한국은행 기준금리,D,722Y001,1.3.1. 한국은행 기준금리 및 여수신금리,0101000,한국은행 기준금리,,,20211003,0.75,연%,ECOS
BASE_RATE,한국은행 기준금리,D,722Y001,1.3.1. 한국은행 기준금리 및 여수신금리,0101000,한국은행 기준금리,,,20211004,0.75,연%,ECOS
BASE_RATE,한국은행 기준금리,D,722Y001,1.3.1. 한국은행 기준금리 및 여수신금리,0101000,한국은행 기준금리,,,20211005,0.75,연%,ECOS
BASE_RATE,한국은행 기준금리,D,722Y001,1.3.1. 한국은행 기준금리 및 여수신금리,0101000,한국은행 기준금리,,,20211006,0.75,연%,ECOS
BASE_RATE,한국은행 기준금리,D,722Y001,1.3.1. 한국은행 기준금리 및 여수신금리,0101000,한국은행 기준금리,,,20211007,0.75,연%,ECOS
BASE_RATE,한국은행 기준금리,D,722Y001,1.3.1. 한국은행 기준금리 및 여수신금리,0101000,한국은행 기준금리,,,20211008,0.75,연%,ECOS
BASE_RATE,한국은행 기준금리,D,722Y001,1.3.1. 한국은행 기준금리 및 여수신금리,0101000,한국은행 기준금리,,,20211009,0.75,연%,ECOS
BASE_RATE,한국은행 기준금리,D,722Y001,1.3.1. 한국은행 기준금리 및 여수신금리,0101000,한국은행 기준금리,,,20211010,0.75,연%,ECOS
BASE_RATE,한국은행 기준금리,D,722Y001,1.3.1. 한국은행 기준금리 및 여수신금리,0101000,한국은행 기준금리,,,20211011,0.75,연%,ECOS
BASE_RATE,한국은행 기준금리,D,722Y001,1.3.1. 한국은행 기준금리 및 여수신금리,0101000,한국은행 기준금리,,,20211012,0.75,연%,ECOS
BASE_RATE,한국은행 기준금리,D,722Y001,1.3.1. 한국은행 기준금리 및 여수신금리,0101000,한국은행 기준금리,,,20211013,0.75,연%,ECOS
BASE_RATE,한국은행 기준금리,D,722Y001,1.3.1. 한국은행 기준금리 및 여수신금리,0101000,한국은행 기준금리,,,20211014,0.75,연%,ECOS
BASE_RATE,한국은행 기준금리,D,722Y001,1.3.1. 한국은행 기준금리 및 여수신금리,0101000,한국은행 기준금리,,,20211015,0.75,연%,ECOS
BASE_RATE,한국은행 기준금리,D,722Y001,1.3.1. 한국은행 기준금리 및 여수신금리,0101000,한국은행 기준금리,,,20211016,0.75,연%,ECOS
BASE_RATE,한국은행 기준금리,D,722Y001,1.3.1. 한국은행 기준금리 및 여수신금리,0101000,한국은행 기준금리,,,20211017,0.75,연%,ECOS
BASE_RATE,한국은행 기준금리,D,722Y001,1.3.1. 한국은행 기준금리 및 여수신금리,0101000,한국은행 기준금리,,,20211018,0.75,연%,ECOS
BASE_RATE,한국은행 기준금리,D,722Y001,1.3.1. 한국은행 기준금리 및 여수신금리,0101000,한국은행 기준금리,,,20211019,0.75,연%,ECOS
BASE_RATE,한국은행 기준금리,D,722Y001,1.3.1. 한국은행 기준금리 및 여수신금리,0101000,한국은행 기준금리,,,20211020,0.75,연%,ECOS
BASE_RATE,한국은행 기준금리,D,722Y001,1.3.1. 한국은행 기준금리 및 여수신금리,0101000,한국은행 기준금리,,,20211021,0.75,연%,ECOS
BASE_RATE,한국은행 기준금리,D,722Y001,1.3.1. 한국은행 기준금리 및 여수신금리,0101000,한국은행 기준금리,,,20211022,0.75,연%,ECOS
BASE_RATE,한국은행 기준금리,D,722Y001,1.3.1. 한국은행 기준금리 및 여수신금리,0101000,한국은행 기준금리,,,20211023,0.75,연%,ECOS
BASE_RATE,한국은행 기준금리,D,722Y001,1.3.1. 한국은행 기준금리 및 여수신금리,0101000,한국은행 기준금리,,,20211024,0.75,연%,ECOS
BASE_RATE,한국은행 기준금리,D,722Y001,1.3.1. 한국은행 기준금리 및 여수신금리,0101000,한국은행 기준금리,,,20211025,0.75,연%,ECOS
BASE_RATE,한국은행 기준금리,D,722Y001,1.3.1. 한국은행 기준금리 및 여수신금리,0101000,한국은행 기준금리,,,20211026,0.75,연%,ECOS
BASE_RATE,한국은행 기준금리,D,722Y001,1.3.1. 한국은행 기준금리 및 여수신금리,0101000,한국은행 기준금리,,,20211027,0.75,연%,ECOS
BASE_RATE,한국은행 기준금리,D,722Y001,1.3.1. 한국은행 기준금리 및 여수신금리,0101000,한국은행 기준금리,,,20211028,0.75,연%,ECOS
BASE_RATE,한국은행 기준금리,D,722Y001,1.3.1. 한국은행 기준금리 및 여수신금리,0101000,한국은행 기준금리,,,20211029,0.75,연%,ECOS
BASE_RATE,한국은행 기준금리,D,722Y001,1.3.1. 한국은행 기준금리 및 여수신금리,0101000,한국은행 기준금리,,,20211030,0.75,연%,ECOS
BASE_RATE,한국은행 기준금리,D,722Y001,1.3.1. 한국은행 기준금리 및 여수신금리,0101000,한국은행 기준금리,,,20211031,0.75,연%,ECOS
BASE_RATE,한국은행 기준금리,D,722Y001,1.3.1. 한국은행 기준금리 및 여수신금리,0101000,한국은행 기준금리,,,20211101,0.75,연%,ECOS
BASE_RATE,한국은행 기준금리,D,722Y001,1.3.1. 한국은행 기준금리 및 여수신금리,0101000,한국은행 기준금리,,,20211102,0.75,연%,ECOS
BASE_RATE,한국은행 기준금리,D,722Y001,1.3.1. 한국은행 기준금리 및 여수신금리,0101000,한국은행 기준금리,,,20211103,0.75,연%,ECOS
BASE_RATE,한국은행 기준금리,D,722Y001,1.3.1. 한국은행 기준금리 및 여수신금리,0101000,한국은행 기준금리,,,20211104,0.75,연%,ECOS
BASE_RATE,한국은행 기준금리,D,722Y001,1.3.1. 한국은행 기준금리 및 여수신금리,0101000,한국은행 기준금리,,,20211105,0.75,연%,ECOS
BASE_RATE,한국은행 기준금리,D,722Y001,1.3.1. 한국은행 기준금리 및 여수신금리,0101000,한국은행 기준금리,,,20211106,0.75,연%,ECOS
BASE_RATE,한국은행 기준금리,D,722Y001,1.3.1. 한국은행 기준금리 및 여수신금리,0101000,한국은행 기준금리,,,20211107,0.75,연%,ECOS
BASE_RATE,한국은행 기준금리,D,722Y001,1.3.1. 한국은행 기준금리 및 여수신금리,0101000,한국은행 기준금리,,,20211108,0.75,연%,ECOS
BASE_RATE,한국은행 기준금리,D,722Y001,1.3.1. 한국은행 기준금리 및 여수신금리,0101000,한국은행 기준금리,,,20211109,0.75,연%,ECOS
BASE_RATE,한국은행 기준금리,D,722Y001,1.3.1. 한국은행 기준금리 및 여수신금리,0101000,한국은행 기준금리,,,20211110,0.75,연%,ECOS
BASE_RATE,한국은행 기준금리,D,722Y001,1.3.1. 한국은행 기준금리 및 여수신금리,0101000,한국은행 기준금리,,,20211111,0.75,연%,ECOS
BASE_RATE,한국은행 기준금리,D,722Y001,1.3.1. 한국은행 기준금리 및 여수신금리,0101000,한국은행 기준금리,,,20211112,0.75,연%,ECOS
BASE_RATE,한국은행 기준금리,D,722Y001,1.3.1. 한국은행 기준금리 및 여수신금리,0101000,한국은행 기준금리,,,20211113,0.75,연%,ECOS
BASE_RATE,한국은행 기준금리,D,722Y001,1.3.1. 한국은행 기준금리 및 여수신금리,0101000,한국은행 기준금리,,,20211114,0.75,연%,ECOS
BASE_RATE,한국은행 기준금리,D,722Y001,1.3.1. 한국은행 기준금리 및 여수신금리,0101000,한국은행 기준금리,,,20211115,0.75,연%,ECOS
BASE_RATE,한국은행 기준금리,D,722Y001,1.3.1. 한국은행 기준금리 및 여수신금리,0101000,한국은행 기준금리,,,20211116,0.75,연%,ECOS
BASE_RATE,한국은행 기준금리,D,722Y001,1.3.1. 한국은행 기준금리 및 여수신금리,0101000,한국은행 기준금리,,,20211117,0.75,연%,ECOS
BASE_RATE,한국은행 기준금리,D,722Y001,1.3.1. 한국은행 기준금리 및 여수신금리,0101000,한국은행 기준금리,,,20211118,0.75,연%,ECOS
BASE_RATE,한국은행 기준금리,D,722Y001,1.3.1. 한국은행 기준금리 및 여수신금리,0101000,한국은행 기준금리,,,20211119,0.75,연%,ECOS
BASE_RATE,한국은행 기준금리,D,722Y001,1.3.1. 한국은행 기준금리 및 여수신금리,0101000,한국은행 기준금리,,,20211120,0.75,연%,ECOS
BASE_RATE,한국은행 기준금리,D,722Y001,1.3.1. 한국은행 기준금리 및 여수신금리,0101000,한국은행 기준금리,,,20211121,0.75,연%,ECOS
BASE_RATE,한국은행 기준금리,D,722Y001,1.3.1. 한국은행 기준금리 및 여수신금리,0101000,한국은행 기준금리,,,20211122,0.75,연%,ECOS
BASE_RATE,한국은행 기준금리,D,722Y001,1.3.1. 한국은행 기준금리 및 여수신금리,0101000,한국은행 기준금리,,,20211123,0.75,연%,ECOS
BASE_RATE,한국은행 기준금리,D,722Y001,1.3.1. 한국은행 기준금리 및 여수신금리,0101000,한국은행 기준금리,,,20211124,0.75,연%,ECOS
BASE_RATE,한국은행 기준금리,D,722Y001,1.3.1. 한국은행 기준금리 및 여수신금리,0101000,한국은행 기준금리,,,20211125,1.0,연%,ECOS
BASE_RATE,한국은행 기준금리,D,722Y001,1.3.1. 한국은행 기준금리 및 여수신금리,0101000,한국은행 기준금리,,,20211126,1.0,연%,ECOS
BASE_RATE,한국은행 기준금리,D,722Y001,1.3.1. 한국은행 기준금리 및 여수신금리,0101000,한국은행 기준금리,,,20211127,1.0,연%,ECOS
BASE_RATE,한국은행 기준금리,D,722Y001,1.3.1. 한국은행 기준금리 및 여수신금리,0101000,한국은행 기준금리,,,20211128,1.0,연%,ECOS
BASE_RATE,한국은행 기준금리,D,722Y001,1.3.1. 한국은행 기준금리 및 여수신금리,0101000,한국은행 기준금리,,,20211129,1.0,연%,ECOS
BASE_RATE,한국은행 기준금리,D,722Y001,1.3.1. 한국은행 기준금리 및 여수신금리,0101000,한국은행 기준금리,,,20211130,1.0,연%,ECOS
BASE_RATE,한국은행 기준금리,D,722Y001,1.3.1. 한국은행 기준금리 및 여수신금리,0101000,한국은행 기준금리,,,20211201,1.0,연%,ECOS
BASE_RATE,한국은행 기준금리,D,722Y001,1.3.1. 한국은행 기준금리 및 여수신금리,0101000,한국은행 기준금리,,,20211202,1.0,연%,ECOS
BASE_RATE,한국은행 기준금리,D,722Y001,1.3.1. 한국은행 기준금리 및 여수신금리,0101000,한국은행 기준금리,,,20211203,1.0,연%,ECOS
BASE_RATE,한국은행 기준금리,D,722Y001,1.3.1. 한국은행 기준금리 및 여수신금리,0101000,한국은행 기준금리,,,20211204,1.0,연%,ECOS
BASE_RATE,한국은행 기준금리,D,722Y001,1.3.1. 한국은행 기준금리 및 여수신금리,0101000,한국은행 기준금리,,,20211205,1.0,연%,ECOS
BASE_RATE,한국은행 기준금리,D,722Y001,1.3.1. 한국은행 기준금리 및 여수신금리,0101000,한국은행 기준금리,,,20211206,1.0,연%,ECOS
BASE_RATE,한국은행 기준금리,D,722Y001,1.3.1. 한국은행 기준금리 및 여수신금리,0101000,한국은행 기준금리,,,20211207,1.0,연%,ECOS
BASE_RATE,한국은행 기준금리,D,722Y001,1.3.1. 한국은행 기준금리 및 여수신금리,0101000,한국은행 기준금리,,,20211208,1.0,연%,ECOS
BASE_RATE,한국은행 기준금리,D,722Y001,1.3.1. 한국은행 기준금리 및 여수신금리,0101000,한국은행 기준금리,,,20211209,1.0,연%,ECOS
BASE_RATE,한국은행 기준금리,D,722Y001,1.3.1. 한국은행 기준금리 및 여수신금리,0101000,한국은행 기준금리,,,20211210,1.0,연%,ECOS
BASE_RATE,한국은행 기준금리,D,722Y001,1.3.1. 한국은행 기준금리 및 여수신금리,0101000,한국은행 기준금리,,,20211211,1.0,연%,ECOS
BASE_RATE,한국은행 기준금리,D,722Y001,1.3.1. 한국은행 기준금리 및 여수신금리,0101000,한국은행 기준금리,,,20211212,1.0,연%,ECOS
BASE_RATE,한국은행 기준금리,D,722Y001,1.3.1. 한국은행 기준금리 및 여수신금리,0101000,한국은행 기준금리,,,20211213,1.0,연%,ECOS
BASE_RATE,한국은행 기준금리,D,722Y001,1.3.1. 한국은행 기준금리 및 여수신금리,0101000,한국은행 기준금리,,,20211214,1.0,연%,ECOS
BASE_RATE,한국은행 기준금리,D,722Y001,1.3.1. 한국은행 기준금리 및 여수신금리,0101000,한국은행 기준금리,,,20211215,1.0,연%,ECOS
BASE_RATE,한국은행 기준금리,D,722Y001,1.3.1. 한국은행 기준금리 및 여수신금리,0101000,한국은행 기준금리,,,20211216,1.0,연%,ECOS
BASE_RATE,한국은행 기준금리,D,722Y001,1.3.1. 한국은행 기준금리 및 여수신금리,0101000,한국은행 기준금리,,,20211217,1.0,연%,ECOS
BASE_RATE,한국은행 기준금리,D,722Y001,1.3.1. 한국은행 기준금리 및 여수신금리,0101000,한국은행 기준금리,,,20211218,1.0,연%,ECOS
BASE_RATE,한국은행 기준금리,D,722Y001,1.3.1. 한국은행 기준금리 및 여수신금리,0101000,한국은행 기준금리,,,20211219,1.0,연%,ECOS
BASE_RATE,한국은행 기준금리,D,722Y001,1.3.1. 한국은행 기준금리 및 여수신금리,0101000,한국은행 기준금리,,,20211220,1.0,연%,ECOS
BASE_RATE,한국은행 기준금리,D,722Y001,1.3.1. 한국은행 기준금리 및 여수신금리,0101000,한국은행 기준금리,,,20211221,1.0,연%,ECOS
BASE_RATE,한국은행 기준금리,D,722Y001,1.3.1. 한국은행 기준금리 및 여수신금리,0101000,한국은행 기준금리,,,20211222,1.0,연%,ECOS
BASE_RATE,한국은행 기준금리,D,722Y001,1.3.1. 한국은행 기준금리 및 여수신금리,0101000,한국은행 기준금리,,,20211223,1.0,연%,ECOS
BASE_RATE,한국은행 기준금리,D,722Y001,1.3.1. 한국은행 기준금리 및 여수신금리,0101000,한국은행 기준금리,,,20211224,1.0,연%,ECOS
BASE_RATE,한국은행 기준금리,D,722Y001,1.3.1. 한국은행 기준금리 및 여수신금리,0101000,한국은행 기준금리,,,20211225,1.0,연%,ECOS
BASE_RATE,한국은행 기준금리,D,722Y001,1.3.1. 한국은행 기준금리 및 여수신금리,0101000,한국은행 기준금리,,,20211226,1.0,연%,ECOS
BASE_RATE,한국은행 기준금리,D,722Y001,1.3.1. 한국은행 기준금리 및 여수신금리,0101000,한국은행 기준금리,,,20211227,1.0,연%,ECOS
BASE_RATE,한국은행 기준금리,D,722Y001,1.3.1. 한국은행 기준금리 및 여수신금리,0101000,한국은행 기준금리,,,20211228,1.0,연%,ECOS
BASE_RATE,한국은행 기준금리,D,722Y001,1.3.1. 한국은행 기준금리 및 여수신금리,0101000,한국은행 기준금리,,,20211229,1.0,연%,ECOS
BASE_RATE,한국은행 기준금리,D,722Y001,1.3.1. 한국은행 기준금리 및 여수신금리,0101000,한국은행 기준금리,,,20211230,1.0,연%,ECOS
BASE_RATE,한국은행 기준금리,D,722Y001,1.3.1. 한국은행 기준금리 및 여수신금리,0101000,한국은행 기준금리,,,20211231,1.0,연%,ECOS
BASE_RATE,한국은행 기준금리,D,722Y001,1.3.1. 한국은행 기준금리 및 여수신금리,0101000,한국은행 기준금리,,,20220101,1.0,연%,ECOS
BASE_RATE,한국은행 기준금리,D,722Y001,1.3.1. 한국은행 기준금리 및 여수신금리,0101000,한국은행 기준금리,,,20220102,1.0,연%,ECOS
BASE_RATE,한국은행 기준금리,D,722Y001,1.3.1. 한국은행 기준금리 및 여수신금리,0101000,한국은행 기준금리,,,20220103,1.0,연%,ECOS
BASE_RATE,한국은행 기준금리,D,722Y001,1.3.1. 한국은행 기준금리 및 여수신금리,0101000,한국은행 기준금리,,,20220104,1.0,연%,ECOS
BASE_RATE,한국은행 기준금리,D,722Y001,1.3.1. 한국은행 기준금리 및 여수신금리,0101000,한국은행 기준금리,,,20220105,1.0,연%,ECOS
BASE_RATE,한국은행 기준금리,D,722Y001,1.3.1. 한국은행 기준금리 및 여수신금리,0101000,한국은행 기준금리,,,20220106,1.0,연%,ECOS
BASE_RATE,한국은행 기준금리,D,722Y001,1.3.1. 한국은행 기준금리 및 여수신금리,0101000,한국은행 기준금리,,,20220107,1.0,연%,ECOS
BASE_RATE,한국은행 기준금리,D,722Y001,1.3.1. 한국은행 기준금리 및 여수신금리,0101000,한국은행 기준금리,,,20220108,1.0,연%,ECOS
BASE_RATE,한국은행 기준금리,D,722Y001,1.3.1. 한국은행 기준금리 및 여수신금리,0101000,한국은행 기준금리,,,20220109,1.0,연%,ECOS
BASE_RATE,한국은행 기준금리,D,722Y001,1.3.1. 한국은행 기준금리 및 여수신금리,0101000,한국은행 기준금리,,,20220110,1.0,연%,ECOS
BASE_RATE,한국은행 기준금리,D,722Y001,1.3.1. 한국은행 기준금리 및 여수신금리,0101000,한국은행 기준금리,,,20220111,1.0,연%,ECOS
BASE_RATE,한국은행 기준금리,D,722Y001,1.3.1. 한국은행 기준금리 및 여수신금리,0101000,한국은행 기준금리,,,20220112,1.0,연%,ECOS
BASE_RATE,한국은행 기준금리,D,722Y001,1.3.1. 한국은행 기준금리 및 여수신금리,0101000,한국은행 기준금리,,,20220113,1.0,연%,ECOS
BASE_RATE,한국은행 기준금리,D,722Y001,1.3.1. 한국은행 기준금리 및 여수신금리,0101000,한국은행 기준금리,,,20220114,1.25,연%,ECOS
BASE_RATE,한국은행 기준금리,D,722Y001,1.3.1. 한국은행 기준금리 및 여수신금리,0101000,한국은행 기준금리,,,20220115,1.25,연%,ECOS
BASE_RATE,한국은행 기준금리,D,722Y001,1.3.1. 한국은행 기준금리 및 여수신금리,0101000,한국은행 기준금리,,,20220116,1.25,연%,ECOS
BASE_RATE,한국은행 기준금리,D,722Y001,1.3.1. 한국은행 기준금리 및 여수신금리,0101000,한국은행 기준금리,,,20220117,1.25,연%,ECOS
BASE_RATE,한국은행 기준금리,D,722Y001,1.3.1. 한국은행 기준금리 및 여수신금리,0101000,한국은행 기준금리,,,20220118,1.25,연%,ECOS
BASE_RATE,한국은행 기준금리,D,722Y001,1.3.1. 한국은행 기준금리 및 여수신금리,0101000,한국은행 기준금리,,,20220119,1.25,연%,ECOS
BASE_RATE,한국은행 기준금리,D,722Y001,1.3.1. 한국은행 기준금리 및 여수신금리,0101000,한국은행 기준금리,,,20220120,1.25,연%,ECOS
BASE_RATE,한국은행 기준금리,D,722Y001,1.3.1. 한국은행 기준금리 및 여수신금리,0101000,한국은행 기준금리,,,20220121,1.25,연%,ECOS
BASE_RATE,한국은행 기준금리,D,722Y001,1.3.1. 한국은행 기준금리 및 여수신금리,0101000,한국은행 기준금리,,,20220122,1.25,연%,ECOS
BASE_RATE,한국은행 기준금리,D,722Y001,1.3.1. 한국은행 기준금리 및 여수신금리,0101000,한국은행 기준금리,,,20220123,1.25,연%,ECOS
BASE_RATE,한국은행 기준금리,D,722Y001,1.3.1. 한국은행 기준금리 및 여수신금리,0101000,한국은행 기준금리,,,20220124,1.25,연%,ECOS
BASE_RATE,한국은행 기준금리,D,722Y001,1.3.1. 한국은행 기준금리 및 여수신금리,0101000,한국은행 기준금리,,,20220125,1.25,연%,ECOS
BASE_RATE,한국은행 기준금리,D,722Y001,1.3.1. 한국은행 기준금리 및 여수신금리,0101000,한국은행 기준금리,,,20220126,1.25,연%,ECOS
BASE_RATE,한국은행 기준금리,D,722Y001,1.3.1. 한국은행 기준금리 및 여수신금리,0101000,한국은행 기준금리,,,20220127,1.25,연%,ECOS
BASE_RATE,한국은행 기준금리,D,722Y001,1.3.1. 한국은행 기준금리 및 여수신금리,0101000,한국은행 기준금리,,,20220128,1.25,연%,ECOS
BASE_RATE,한국은행 기준금리,D,722Y001,1.3.1. 한국은행 기준금리 및 여수신금리,0101000,한국은행 기준금리,,,20220129,1.25,연%,ECOS
BASE_RATE,한국은행 기준금리,D,722Y001,1.3.1. 한국은행 기준금리 및 여수신금리,0101000,한국은행 기준금리,,,20220130,1.25,연%,ECOS
BASE_RATE,한국은행 기준금리,D,722Y001,1.3.1. 한국은행 기준금리 및 여수신금리,0101000,한국은행 기준금리,,,20220131,1.25,연%,ECOS
BASE_RATE,한국은행 기준금리,D,722Y001,1.3.1. 한국은행 기준금리 및 여수신금리,0101000,한국은행 기준금리,,,20220201,1.25,연%,ECOS
BASE_RATE,한국은행 기준금리,D,722Y001,1.3.1. 한국은행 기준금리 및 여수신금리,0101000,한국은행 기준금리,,,20220202,1.25,연%,ECOS
BASE_RATE,한국은행 기준금리,D,722Y001,1.3.1. 한국은행 기준금리 및 여수신금리,0101000,한국은행 기준금리,,,20220203,1.25,연%,ECOS
BASE_RATE,한국은행 기준금리,D,722Y001,1.3.1. 한국은행 기준금리 및 여수신금리,0101000,한국은행 기준금리,,,20220204,1.25,연%,ECOS
BASE_RATE,한국은행 기준금리,D,722Y001,1.3.1. 한국은행 기준금리 및 여수신금리,0101000,한국은행 기준금리,,,20220205,1.25,연%,ECOS
BASE_RATE,한국은행 기준금리,D,722Y001,1.3.1. 한국은행 기준금리 및 여수신금리,0101000,한국은행 기준금리,,,20220206,1.25,연%,ECOS
BASE_RATE,한국은행 기준금리,D,722Y001,1.3.1. 한국은행 기준금리 및 여수신금리,0101000,한국은행 기준금리,,,20220207,1.25,연%,ECOS
BASE_RATE,한국은행 기준금리,D,722Y001,1.3.1. 한국은행 기준금리 및 여수신금리,0101000,한국은행 기준금리,,,20220208,1.25,연%,ECOS
BASE_RATE,한국은행 기준금리,D,722Y001,1.3.1. 한국은행 기준금리 및 여수신금리,0101000,한국은행 기준금리,,,20220209,1.25,연%,ECOS
BASE_RATE,한국은행 기준금리,D,722Y001,1.3.1. 한국은행 기준금리 및 여수신금리,0101000,한국은행 기준금리,,,20220210,1.25,연%,ECOS
BASE_RATE,한국은행 기준금리,D,722Y001,1.3.1. 한국은행 기준금리 및 여수신금리,0101000,한국은행 기준금리,,,20220211,1.25,연%,ECOS
BASE_RATE,한국은행 기준금리,D,722Y001,1.3.1. 한국은행 기준금리 및 여수신금리,0101000,한국은행 기준금리,,,20220212,1.25,연%,ECOS
BASE_RATE,한국은행 기준금리,D,722Y001,1.3.1. 한국은행 기준금리 및 여수신금리,0101000,한국은행 기준금리,,,20220213,1.25,연%,ECOS
BASE_RATE,한국은행 기준금리,D,722Y001,1.3.1. 한국은행 기준금리 및 여수신금리,0101000,한국은행 기준금리,,,20220214,1.25,연%,ECOS
BASE_RATE,한국은행 기준금리,D,722Y001,1.3.1. 한국은행 기준금리 및 여수신금리,0101000,한국은행 기준금리,,,20220215,1.25,연%,ECOS
BASE_RATE,한국은행 기준금리,D,722Y001,1.3.1. 한국은행 기준금리 및 여수신금리,0101000,한국은행 기준금리,,,20220216,1.25,연%,ECOS
BASE_RATE,한국은행 기준금리,D,722Y001,1.3.1. 한국은행 기준금리 및 여수신금리,0101000,한국은행 기준금리,,,20220217,1.25,연%,ECOS
BASE_RATE,한국은행 기준금리,D,722Y001,1.3.1. 한국은행 기준금리 및 여수신금리,0101000,한국은행 기준금리,,,20220218,1.25,연%,ECOS
BASE_RATE,한국은행 기준금리,D,722Y001,1.3.1. 한국은행 기준금리 및 여수신금리,0101000,한국은행 기준금리,,,20220219,1.25,연%,ECOS
BASE_RATE,한국은행 기준금리,D,722Y001,1.3.1. 한국은행 기준금리 및 여수신금리,0101000,한국은행 기준금리,,,20220220,1.25,연%,ECOS
BASE_RATE,한국은행 기준금리,D,722Y001,1.3.1. 한국은행 기준금리 및 여수신금리,0101000,한국은행 기준금리,,,20220221,1.25,연%,ECOS
BASE_RATE,한국은행 기준금리,D,722Y001,1.3.1. 한국은행 기준금리 및 여수신금리,0101000,한국은행 기준금리,,,20220222,1.25,연%,ECOS
BASE_RATE,한국은행 기준금리,D,722Y001,1.3.1. 한국은행 기준금리 및 여수신금리,0101000,한국은행 기준금리,,,20220223,1.25,연%,ECOS
BASE_RATE,한국은행 기준금리,D,722Y001,1.3.1. 한국은행 기준금리 및 여수신금리,0101000,한국은행 기준금리,,,20220224,1.25,연%,ECOS
BASE_RATE,한국은행 기준금리,D,722Y001,1.3.1. 한국은행 기준금리 및 여수신금리,0101000,한국은행 기준금리,,,20220225,1.25,연%,ECOS
BASE_RATE,한국은행 기준금리,D,722Y001,1.3.1. 한국은행 기준금리 및 여수신금리,0101000,한국은행 기준금리,,,20220226,1.25,연%,ECOS
BASE_RATE,한국은행 기준금리,D,722Y001,1.3.1. 한국은행 기준금리 및 여수신금리,0101000,한국은행 기준금리,,,20220227,1.25,연%,ECOS
BASE_RATE,한국은행 기준금리,D,722Y001,1.3.1. 한국은행 기준금리 및 여수신금리,0101000,한국은행 기준금리,,,20220228,1.25,연%,ECOS
BASE_RATE,한국은행 기준금리,D,722Y001,1.3.1. 한국은행 기준금리 및 여수신금리,0101000,한국은행 기준금리,,,20220301,1.25,연%,ECOS
BASE_RATE,한국은행 기준금리,D,722Y001,1.3.1. 한국은행 기준금리 및 여수신금리,0101000,한국은행 기준금리,,,20220302,1.25,연%,ECOS
BASE_RATE,한국은행 기준금리,D,722Y001,1.3.1. 한국은행 기준금리 및 여수신금리,0101000,한국은행 기준금리,,,20220303,1.25,연%,ECOS
BASE_RATE,한국은행 기준금리,D,722Y001,1.3.1. 한국은행 기준금리 및 여수신금리,0101000,한국은행 기준금리,,,20220304,1.25,연%,ECOS
BASE_RATE,한국은행 기준금리,D,722Y001,1.3.1. 한국은행 기준금리 및 여수신금리,0101000,한국은행 기준금리,,,20220305,1.25,연%,ECOS
BASE_RATE,한국은행 기준금리,D,722Y001,1.3.1. 한국은행 기준금리 및 여수신금리,0101000,한국은행 기준금리,,,20220306,1.25,연%,ECOS
BASE_RATE,한국은행 기준금리,D,722Y001,1.3.1. 한국은행 기준금리 및 여수신금리,0101000,한국은행 기준금리,,,20220307,1.25,연%,ECOS
BASE_RATE,한국은행 기준금리,D,722Y001,1.3.1. 한국은행 기준금리 및 여수신금리,0101000,한국은행 기준금리,,,20220308,1.25,연%,ECOS
BASE_RATE,한국은행 기준금리,D,722Y001,1.3.1. 한국은행 기준금리 및 여수신금리,0101000,한국은행 기준금리,,,20220309,1.25,연%,ECOS
BASE_RATE,한국은행 기준금리,D,722Y001,1.3.1. 한국은행 기준금리 및 여수신금리,0101000,한국은행 기준금리,,,20220310,1.25,연%,ECOS
BASE_RATE,한국은행 기준금리,D,722Y001,1.3.1. 한국은행 기준금리 및 여수신금리,0101000,한국은행 기준금리,,,20220311,1.25,연%,ECOS
BASE_RATE,한국은행 기준금리,D,722Y001,1.3.1. 한국은행 기준금리 및 여수신금리,0101000,한국은행 기준금리,,,20220312,1.25,연%,ECOS
BASE_RATE,한국은행 기준금리,D,722Y001,1.3.1. 한국은행 기준금리 및 여수신금리,0101000,한국은행 기준금리,,,20220313,1.25,연%,ECOS
BASE_RATE,한국은행 기준금리,D,722Y001,1.3.1. 한국은행 기준금리 및 여수신금리,0101000,한국은행 기준금리,,,20220314,1.25,연%,ECOS
BASE_RATE,한국은행 기준금리,D,722Y001,1.3.1. 한국은행 기준금리 및 여수신금리,0101000,한국은행 기준금리,,,20220315,1.25,연%,ECOS
BASE_RATE,한국은행 기준금리,D,722Y001,1.3.1. 한국은행 기준금리 및 여수신금리,0101000,한국은행 기준금리,,,20220316,1.25,연%,ECOS
BASE_RATE,한국은행 기준금리,D,722Y001,1.3.1. 한국은행 기준금리 및 여수신금리,0101000,한국은행 기준금리,,,20220317,1.25,연%,ECOS
BASE_RATE,한국은행 기준금리,D,722Y001,1.3.1. 한국은행 기준금리 및 여수신금리,0101000,한국은행 기준금리,,,20220318,1.25,연%,ECOS
BASE_RATE,한국은행 기준금리,D,722Y001,1.3.1. 한국은행 기준금리 및 여수신금리,0101000,한국은행 기준금리,,,20220319,1.25,연%,ECOS
BASE_RATE,한국은행 기준금리,D,722Y001,1.3.1. 한국은행 기준금리 및 여수신금리,0101000,한국은행 기준금리,,,20220320,1.25,연%,ECOS
BASE_RATE,한국은행 기준금리,D,722Y001,1.3.1. 한국은행 기준금리 및 여수신금리,0101000,한국은행 기준금리,,,20220321,1.25,연%,ECOS
BASE_RATE,한국은행 기준금리,D,722Y001,1.3.1. 한국은행 기준금리 및 여수신금리,0101000,한국은행 기준금리,,,20220322,1.25,연%,ECOS
BASE_RATE,한국은행 기준금리,D,722Y001,1.3.1. 한국은행 기준금리 및 여수신금리,0101000,한국은행 기준금리,,,20220323,1.25,연%,ECOS
BASE_RATE,한국은행 기준금리,D,722Y001,1.3.1. 한국은행 기준금리 및 여수신금리,0101000,한국은행 기준금리,,,20220324,1.25,연%,ECOS
BASE_RATE,한국은행 기준금리,D,722Y001,1.3.1. 한국은행 기준금리 및 여수신금리,0101000,한국은행 기준금리,,,20220325,1.25,연%,ECOS
BASE_RATE,한국은행 기준금리,D,722Y001,1.3.1. 한국은행 기준금리 및 여수신금리,0101000,한국은행 기준금리,,,20220326,1.25,연%,ECOS
BASE_RATE,한국은행 기준금리,D,722Y001,1.3.1. 한국은행 기준금리 및 여수신금리,0101000,한국은행 기준금리,,,20220327,1.25,연%,ECOS
BASE_RATE,한국은행 기준금리,D,722Y001,1.3.1. 한국은행 기준금리 및 여수신금리,0101000,한국은행 기준금리,,,20220328,1.25,연%,ECOS
BASE_RATE,한국은행 기준금리,D,722Y001,1.3.1. 한국은행 기준금리 및 여수신금리,0101000,한국은행 기준금리,,,20220329,1.25,연%,ECOS
BASE_RATE,한국은행 기준금리,D,722Y001,1.3.1. 한국은행 기준금리 및 여수신금리,0101000,한국은행 기준금리,,,20220330,1.25,연%,ECOS
BASE_RATE,한국은행 기준금리,D,722Y001,1.3.1. 한국은행 기준금리 및 여수신금리,0101000,한국은행 기준금리,,,20220331,1.25,연%,ECOS
BASE_RATE,한국은행 기준금리,D,722Y001,1.3.1. 한국은행 기준금리 및 여수신금리,0101000,한국은행 기준금리,,,20220401,1.25,연%,ECOS
BASE_RATE,한국은행 기준금리,D,722Y001,1.3.1. 한국은행 기준금리 및 여수신금리,0101000,한국은행 기준금리,,,20220402,1.25,연%,ECOS
BASE_RATE,한국은행 기준금리,D,722Y001,1.3.1. 한국은행 기준금리 및 여수신금리,0101000,한국은행 기준금리,,,20220403,1.25,연%,ECOS
BASE_RATE,한국은행 기준금리,D,722Y001,1.3.1. 한국은행 기준금리 및 여수신금리,0101000,한국은행 기준금리,,,20220404,1.25,연%,ECOS
BASE_RATE,한국은행 기준금리,D,722Y001,1.3.1. 한국은행 기준금리 및 여수신금리,0101000,한국은행 기준금리,,,20220405,1.25,연%,ECOS
BASE_RATE,한국은행 기준금리,D,722Y001,1.3.1. 한국은행 기준금리 및 여수신금리,0101000,한국은행 기준금리,,,20220406,1.25,연%,ECOS
BASE_RATE,한국은행 기준금리,D,722Y001,1.3.1. 한국은행 기준금리 및 여수신금리,0101000,한국은행 기준금리,,,20220407,1.25,연%,ECOS
BASE_RATE,한국은행 기준금리,D,722Y001,1.3.1. 한국은행 기준금리 및 여수신금리,0101000,한국은행 기준금리,,,20220408,1.25,연%,ECOS
BASE_RATE,한국은행 기준금리,D,722Y001,1.3.1. 한국은행 기준금리 및 여수신금리,0101000,한국은행 기준금리,,,20220409,1.25,연%,ECOS
BASE_RATE,한국은행 기준금리,D,722Y001,1.3.1. 한국은행 기준금리 및 여수신금리,0101000,한국은행 기준금리,,,20220410,1.25,연%,ECOS
BASE_RATE,한국은행 기준금리,D,722Y001,1.3.1. 한국은행 기준금리 및 여수신금리,0101000,한국은행 기준금리,,,20220411,1.25,연%,ECOS
BASE_RATE,한국은행 기준금리,D,722Y001,1.3.1. 한국은행 기준금리 및 여수신금리,0101000,한국은행 기준금리,,,20220412,1.25,연%,ECOS
BASE_RATE,한국은행 기준금리,D,722Y001,1.3.1. 한국은행 기준금리 및 여수신금리,0101000,한국은행 기준금리,,,20220413,1.25,연%,ECOS
BASE_RATE,한국은행 기준금리,D,722Y001,1.3.1. 한국은행 기준금리 및 여수신금리,0101000,한국은행 기준금리,,,20220414,1.5,연%,ECOS
BASE_RATE,한국은행 기준금리,D,722Y001,1.3.1. 한국은행 기준금리 및 여수신금리,0101000,한국은행 기준금리,,,20220415,1.5,연%,ECOS
BASE_RATE,한국은행 기준금리,D,722Y001,1.3.1. 한국은행 기준금리 및 여수신금리,0101000,한국은행 기준금리,,,20220416,1.5,연%,ECOS
BASE_RATE,한국은행 기준금리,D,722Y001,1.3.1. 한국은행 기준금리 및 여수신금리,0101000,한국은행 기준금리,,,20220417,1.5,연%,ECOS
BASE_RATE,한국은행 기준금리,D,722Y001,1.3.1. 한국은행 기준금리 및 여수신금리,0101000,한국은행 기준금리,,,20220418,1.5,연%,ECOS
BASE_RATE,한국은행 기준금리,D,722Y001,1.3.1. 한국은행 기준금리 및 여수신금리,0101000,한국은행 기준금리,,,20220419,1.5,연%,ECOS
BASE_RATE,한국은행 기준금리,D,722Y001,1.3.1. 한국은행 기준금리 및 여수신금리,0101000,한국은행 기준금리,,,20220420,1.5,연%,ECOS
BASE_RATE,한국은행 기준금리,D,722Y001,1.3.1. 한국은행 기준금리 및 여수신금리,0101000,한국은행 기준금리,,,20220421,1.5,연%,ECOS
BASE_RATE,한국은행 기준금리,D,722Y001,1.3.1. 한국은행 기준금리 및 여수신금리,0101000,한국은행 기준금리,,,20220422,1.5,연%,ECOS
BASE_RATE,한국은행 기준금리,D,722Y001,1.3.1. 한국은행 기준금리 및 여수신금리,0101000,한국은행 기준금리,,,20220423,1.5,연%,ECOS
BASE_RATE,한국은행 기준금리,D,722Y001,1.3.1. 한국은행 기준금리 및 여수신금리,0101000,한국은행 기준금리,,,20220424,1.5,연%,ECOS
BASE_RATE,한국은행 기준금리,D,722Y001,1.3.1. 한국은행 기준금리 및 여수신금리,0101000,한국은행 기준금리,,,20220425,1.5,연%,ECOS
BASE_RATE,한국은행 기준금리,D,722Y001,1.3.1. 한국은행 기준금리 및 여수신금리,0101000,한국은행 기준금리,,,20220426,1.5,연%,ECOS
BASE_RATE,한국은행 기준금리,D,722Y001,1.3.1. 한국은행 기준금리 및 여수신금리,0101000,한국은행 기준금리,,,20220427,1.5,연%,ECOS
BASE_RATE,한국은행 기준금리,D,722Y001,1.3.1. 한국은행 기준금리 및 여수신금리,0101000,한국은행 기준금리,,,20220428,1.5,연%,ECOS
BASE_RATE,한국은행 기준금리,D,722Y001,1.3.1. 한국은행 기준금리 및 여수신금리,0101000,한국은행 기준금리,,,20220429,1.5,연%,ECOS
BASE_RATE,한국은행 기준금리,D,722Y001,1.3.1. 한국은행 기준금리 및 여수신금리,0101000,한국은행 기준금리,,,20220430,1.5,연%,ECOS
BASE_RATE,한국은행 기준금리,D,722Y001,1.3.1. 한국은행 기준금리 및 여수신금리,0101000,한국은행 기준금리,,,20220501,1.5,연%,ECOS
BASE_RATE,한국은행 기준금리,D,722Y001,1.3.1. 한국은행 기준금리 및 여수신금리,0101000,한국은행 기준금리,,,20220502,1.5,연%,ECOS
BASE_RATE,한국은행 기준금리,D,722Y001,1.3.1. 한국은행 기준금리 및 여수신금리,0101000,한국은행 기준금리,,,20220503,1.5,연%,ECOS
BASE_RATE,한국은행 기준금리,D,722Y001,1.3.1. 한국은행 기준금리 및 여수신금리,0101000,한국은행 기준금리,,,20220504,1.5,연%,ECOS
BASE_RATE,한국은행 기준금리,D,722Y001,1.3.1. 한국은행 기준금리 및 여수신금리,0101000,한국은행 기준금리,,,20220505,1.5,연%,ECOS
BASE_RATE,한국은행 기준금리,D,722Y001,1.3.1. 한국은행 기준금리 및 여수신금리,0101000,한국은행 기준금리,,,20220506,1.5,연%,ECOS
BASE_RATE,한국은행 기준금리,D,722Y001,1.3.1. 한국은행 기준금리 및 여수신금리,0101000,한국은행 기준금리,,,20220507,1.5,연%,ECOS
BASE_RATE,한국은행 기준금리,D,722Y001,1.3.1. 한국은행 기준금리 및 여수신금리,0101000,한국은행 기준금리,,,20220508,1.5,연%,ECOS
BASE_RATE,한국은행 기준금리,D,722Y001,1.3.1. 한국은행 기준금리 및 여수신금리,0101000,한국은행 기준금리,,,20220509,1.5,연%,ECOS
BASE_RATE,한국은행 기준금리,D,722Y001,1.3.1. 한국은행 기준금리 및 여수신금리,0101000,한국은행 기준금리,,,20220510,1.5,연%,ECOS
BASE_RATE,한국은행 기준금리,D,722Y001,1.3.1. 한국은행 기준금리 및 여수신금리,0101000,한국은행 기준금리,,,20220511,1.5,연%,ECOS
BASE_RATE,한국은행 기준금리,D,722Y001,1.3.1. 한국은행 기준금리 및 여수신금리,0101000,한국은행 기준금리,,,20220512,1.5,연%,ECOS
BASE_RATE,한국은행 기준금리,D,722Y001,1.3.1. 한국은행 기준금리 및 여수신금리,0101000,한국은행 기준금리,,,20220513,1.5,연%,ECOS
BASE_RATE,한국은행 기준금리,D,722Y001,1.3.1. 한국은행 기준금리 및 여수신금리,0101000,한국은행 기준금리,,,20220514,1.5,연%,ECOS
BASE_RATE,한국은행 기준금리,D,722Y001,1.3.1. 한국은행 기준금리 및 여수신금리,0101000,한국은행 기준금리,,,20220515,1.5,연%,ECOS
BASE_RATE,한국은행 기준금리,D,722Y001,1.3.1. 한국은행 기준금리 및 여수신금리,0101000,한국은행 기준금리,,,20220516,1.5,연%,ECOS
BASE_RATE,한국은행 기준금리,D,722Y001,1.3.1. 한국은행 기준금리 및 여수신금리,0101000,한국은행 기준금리,,,20220517,1.5,연%,ECOS
BASE_RATE,한국은행 기준금리,D,722Y001,1.3.1. 한국은행 기준금리 및 여수신금리,0101000,한국은행 기준금리,,,20220518,1.5,연%,ECOS
BASE_RATE,한국은행 기준금리,D,722Y001,1.3.1. 한국은행 기준금리 및 여수신금리,0101000,한국은행 기준금리,,,20220519,1.5,연%,ECOS
BASE_RATE,한국은행 기준금리,D,722Y001,1.3.1. 한국은행 기준금리 및 여수신금리,0101000,한국은행 기준금리,,,20220520,1.5,연%,ECOS
BASE_RATE,한국은행 기준금리,D,722Y001,1.3.1. 한국은행 기준금리 및 여수신금리,0101000,한국은행 기준금리,,,20220521,1.5,연%,ECOS
BASE_RATE,한국은행 기준금리,D,722Y001,1.3.1. 한국은행 기준금리 및 여수신금리,0101000,한국은행 기준금리,,,20220522,1.5,연%,ECOS
BASE_RATE,한국은행 기준금리,D,722Y001,1.3.1. 한국은행 기준금리 및 여수신금리,0101000,한국은행 기준금리,,,20220523,1.5,연%,ECOS
BASE_RATE,한국은행 기준금리,D,722Y001,1.3.1. 한국은행 기준금리 및 여수신금리,0101000,한국은행 기준금리,,,20220524,1.5,연%,ECOS
BASE_RATE,한국은행 기준금리,D,722Y001,1.3.1. 한국은행 기준금리 및 여수신금리,0101000,한국은행 기준금리,,,20220525,1.5,연%,ECOS
BASE_RATE,한국은행 기준금리,D,722Y001,1.3.1. 한국은행 기준금리 및 여수신금리,0101000,한국은행 기준금리,,,20220526,1.75,연%,ECOS
BASE_RATE,한국은행 기준금리,D,722Y001,1.3.1. 한국은행 기준금리 및 여수신금리,0101000,한국은행 기준금리,,,20220527,1.75,연%,ECOS
BASE_RATE,한국은행 기준금리,D,722Y001,1.3.1. 한국은행 기준금리 및 여수신금리,0101000,한국은행 기준금리,,,20220528,1.75,연%,ECOS
BASE_RATE,한국은행 기준금리,D,722Y001,1.3.1. 한국은행 기준금리 및 여수신금리,0101000,한국은행 기준금리,,,20220529,1.75,연%,ECOS
BASE_RATE,한국은행 기준금리,D,722Y001,1.3.1. 한국은행 기준금리 및 여수신금리,0101000,한국은행 기준금리,,,20220530,1.75,연%,ECOS
BASE_RATE,한국은행 기준금리,D,722Y001,1.3.1. 한국은행 기준금리 및 여수신금리,0101000,한국은행 기준금리,,,20220531,1.75,연%,ECOS
BASE_RATE,한국은행 기준금리,D,722Y001,1.3.1. 한국은행 기준금리 및 여수신금리,0101000,한국은행 기준금리,,,20220601,1.75,연%,ECOS
BASE_RATE,한국은행 기준금리,D,722Y001,1.3.1. 한국은행 기준금리 및 여수신금리,0101000,한국은행 기준금리,,,20220602,1.75,연%,ECOS
BASE_RATE,한국은행 기준금리,D,722Y001,1.3.1. 한국은행 기준금리 및 여수신금리,0101000,한국은행 기준금리,,,20220603,1.75,연%,ECOS
BASE_RATE,한국은행 기준금리,D,722Y001,1.3.1. 한국은행 기준금리 및 여수신금리,0101000,한국은행 기준금리,,,20220604,1.75,연%,ECOS
BASE_RATE,한국은행 기준금리,D,722Y001,1.3.1. 한국은행 기준금리 및 여수신금리,0101000,한국은행 기준금리,,,20220605,1.75,연%,ECOS
BASE_RATE,한국은행 기준금리,D,722Y001,1.3.1. 한국은행 기준금리 및 여수신금리,0101000,한국은행 기준금리,,,20220606,1.75,연%,ECOS
BASE_RATE,한국은행 기준금리,D,722Y001,1.3.1. 한국은행 기준금리 및 여수신금리,0101000,한국은행 기준금리,,,20220607,1.75,연%,ECOS
BASE_RATE,한국은행 기준금리,D,722Y001,1.3.1. 한국은행 기준금리 및 여수신금리,0101000,한국은행 기준금리,,,20220608,1.75,연%,ECOS
BASE_RATE,한국은행 기준금리,D,722Y001,1.3.1. 한국은행 기준금리 및 여수신금리,0101000,한국은행 기준금리,,,20220609,1.75,연%,ECOS
BASE_RATE,한국은행 기준금리,D,722Y001,1.3.1. 한국은행 기준금리 및 여수신금리,0101000,한국은행 기준금리,,,20220610,1.75,연%,ECOS
BASE_RATE,한국은행 기준금리,D,722Y001,1.3.1. 한국은행 기준금리 및 여수신금리,0101000,한국은행 기준금리,,,20220611,1.75,연%,ECOS
BASE_RATE,한국은행 기준금리,D,722Y001,1.3.1. 한국은행 기준금리 및 여수신금리,0101000,한국은행 기준금리,,,20220612,1.75,연%,ECOS
BASE_RATE,한국은행 기준금리,D,722Y001,1.3.1. 한국은행 기준금리 및 여수신금리,0101000,한국은행 기준금리,,,20220613,1.75,연%,ECOS
BASE_RATE,한국은행 기준금리,D,722Y001,1.3.1. 한국은행 기준금리 및 여수신금리,0101000,한국은행 기준금리,,,20220614,1.75,연%,ECOS
BASE_RATE,한국은행 기준금리,D,722Y001,1.3.1. 한국은행 기준금리 및 여수신금리,0101000,한국은행 기준금리,,,20220615,1.75,연%,ECOS
BASE_RATE,한국은행 기준금리,D,722Y001,1.3.1. 한국은행 기준금리 및 여수신금리,0101000,한국은행 기준금리,,,20220616,1.75,연%,ECOS
BASE_RATE,한국은행 기준금리,D,722Y001,1.3.1. 한국은행 기준금리 및 여수신금리,0101000,한국은행 기준금리,,,20220617,1.75,연%,ECOS
BASE_RATE,한국은행 기준금리,D,722Y001,1.3.1. 한국은행 기준금리 및 여수신금리,0101000,한국은행 기준금리,,,20220618,1.75,연%,ECOS
BASE_RATE,한국은행 기준금리,D,722Y001,1.3.1. 한국은행 기준금리 및 여수신금리,0101000,한국은행 기준금리,,,20220619,1.75,연%,ECOS
BASE_RATE,한국은행 기준금리,D,722Y001,1.3.1. 한국은행 기준금리 및 여수신금리,0101000,한국은행 기준금리,,,20220620,1.75,연%,ECOS
BASE_RATE,한국은행 기준금리,D,722Y001,1.3.1. 한국은행 기준금리 및 여수신금리,0101000,한국은행 기준금리,,,20220621,1.75,연%,ECOS
BASE_RATE,한국은행 기준금리,D,722Y001,1.3.1. 한국은행 기준금리 및 여수신금리,0101000,한국은행 기준금리,,,20220622,1.75,연%,ECOS
BASE_RATE,한국은행 기준금리,D,722Y001,1.3.1. 한국은행 기준금리 및 여수신금리,0101000,한국은행 기준금리,,,20220623,1.75,연%,ECOS
BASE_RATE,한국은행 기준금리,D,722Y001,1.3.1. 한국은행 기준금리 및 여수신금리,0101000,한국은행 기준금리,,,20220624,1.75,연%,ECOS
BASE_RATE,한국은행 기준금리,D,722Y001,1.3.1. 한국은행 기준금리 및 여수신금리,0101000,한국은행 기준금리,,,20220625,1.75,연%,ECOS
BASE_RATE,한국은행 기준금리,D,722Y001,1.3.1. 한국은행 기준금리 및 여수신금리,0101000,한국은행 기준금리,,,20220626,1.75,연%,ECOS
BASE_RATE,한국은행 기준금리,D,722Y001,1.3.1. 한국은행 기준금리 및 여수신금리,0101000,한국은행 기준금리,,,20220627,1.75,연%,ECOS
BASE_RATE,한국은행 기준금리,D,722Y001,1.3.1. 한국은행 기준금리 및 여수신금리,0101000,한국은행 기준금리,,,20220628,1.75,연%,ECOS
BASE_RATE,한국은행 기준금리,D,722Y001,1.3.1. 한국은행 기준금리 및 여수신금리,0101000,한국은행 기준금리,,,20220629,1.75,연%,ECOS
BASE_RATE,한국은행 기준금리,D,722Y001,1.3.1. 한국은행 기준금리 및 여수신금리,0101000,한국은행 기준금리,,,20220630,1.75,연%,ECOS
BASE_RATE,한국은행 기준금리,D,722Y001,1.3.1. 한국은행 기준금리 및 여수신금리,0101000,한국은행 기준금리,,,20220701,1.75,연%,ECOS
BASE_RATE,한국은행 기준금리,D,722Y001,1.3.1. 한국은행 기준금리 및 여수신금리,0101000,한국은행 기준금리,,,20220702,1.75,연%,ECOS
BASE_RATE,한국은행 기준금리,D,722Y001,1.3.1. 한국은행 기준금리 및 여수신금리,0101000,한국은행 기준금리,,,20220703,1.75,연%,ECOS
BASE_RATE,한국은행 기준금리,D,722Y001,1.3.1. 한국은행 기준금리 및 여수신금리,0101000,한국은행 기준금리,,,20220704,1.75,연%,ECOS
BASE_RATE,한국은행 기준금리,D,722Y001,1.3.1. 한국은행 기준금리 및 여수신금리,0101000,한국은행 기준금리,,,20220705,1.75,연%,ECOS
BASE_RATE,한국은행 기준금리,D,722Y001,1.3.1. 한국은행 기준금리 및 여수신금리,0101000,한국은행 기준금리,,,20220706,1.75,연%,ECOS
BASE_RATE,한국은행 기준금리,D,722Y001,1.3.1. 한국은행 기준금리 및 여수신금리,0101000,한국은행 기준금리,,,20220707,1.75,연%,ECOS
BASE_RATE,한국은행 기준금리,D,722Y001,1.3.1. 한국은행 기준금리 및 여수신금리,0101000,한국은행 기준금리,,,20220708,1.75,연%,ECOS
BASE_RATE,한국은행 기준금리,D,722Y001,1.3.1. 한국은행 기준금리 및 여수신금리,0101000,한국은행 기준금리,,,20220709,1.75,연%,ECOS
BASE_RATE,한국은행 기준금리,D,722Y001,1.3.1. 한국은행 기준금리 및 여수신금리,0101000,한국은행 기준금리,,,20220710,1.75,연%,ECOS
BASE_RATE,한국은행 기준금리,D,722Y001,1.3.1. 한국은행 기준금리 및 여수신금리,0101000,한국은행 기준금리,,,20220711,1.75,연%,ECOS
BASE_RATE,한국은행 기준금리,D,722Y001,1.3.1. 한국은행 기준금리 및 여수신금리,0101000,한국은행 기준금리,,,20220712,1.75,연%,ECOS
BASE_RATE,한국은행 기준금리,D,722Y001,1.3.1. 한국은행 기준금리 및 여수신금리,0101000,한국은행 기준금리,,,20220713,2.25,연%,ECOS
BASE_RATE,한국은행 기준금리,D,722Y001,1.3.1. 한국은행 기준금리 및 여수신금리,0101000,한국은행 기준금리,,,20220714,2.25,연%,ECOS
BASE_RATE,한국은행 기준금리,D,722Y001,1.3.1. 한국은행 기준금리 및 여수신금리,0101000,한국은행 기준금리,,,20220715,2.25,연%,ECOS
BASE_RATE,한국은행 기준금리,D,722Y001,1.3.1. 한국은행 기준금리 및 여수신금리,0101000,한국은행 기준금리,,,20220716,2.25,연%,ECOS
BASE_RATE,한국은행 기준금리,D,722Y001,1.3.1. 한국은행 기준금리 및 여수신금리,0101000,한국은행 기준금리,,,20220717,2.25,연%,ECOS
BASE_RATE,한국은행 기준금리,D,722Y001,1.3.1. 한국은행 기준금리 및 여수신금리,0101000,한국은행 기준금리,,,20220718,2.25,연%,ECOS
BASE_RATE,한국은행 기준금리,D,722Y001,1.3.1. 한국은행 기준금리 및 여수신금리,0101000,한국은행 기준금리,,,20220719,2.25,연%,ECOS
BASE_RATE,한국은행 기준금리,D,722Y001,1.3.1. 한국은행 기준금리 및 여수신금리,0101000,한국은행 기준금리,,,20220720,2.25,연%,ECOS
BASE_RATE,한국은행 기준금리,D,722Y001,1.3.1. 한국은행 기준금리 및 여수신금리,0101000,한국은행 기준금리,,,20220721,2.25,연%,ECOS
BASE_RATE,한국은행 기준금리,D,722Y001,1.3.1. 한국은행 기준금리 및 여수신금리,0101000,한국은행 기준금리,,,20220722,2.25,연%,ECOS
BASE_RATE,한국은행 기준금리,D,722Y001,1.3.1. 한국은행 기준금리 및 여수신금리,0101000,한국은행 기준금리,,,20220723,2.25,연%,ECOS
BASE_RATE,한국은행 기준금리,D,722Y001,1.3.1. 한국은행 기준금리 및 여수신금리,0101000,한국은행 기준금리,,,20220724,2.25,연%,ECOS
BASE_RATE,한국은행 기준금리,D,722Y001,1.3.1. 한국은행 기준금리 및 여수신금리,0101000,한국은행 기준금리,,,20220725,2.25,연%,ECOS
BASE_RATE,한국은행 기준금리,D,722Y001,1.3.1. 한국은행 기준금리 및 여수신금리,0101000,한국은행 기준금리,,,20220726,2.25,연%,ECOS
BASE_RATE,한국은행 기준금리,D,722Y001,1.3.1. 한국은행 기준금리 및 여수신금리,0101000,한국은행 기준금리,,,20220727,2.25,연%,ECOS
BASE_RATE,한국은행 기준금리,D,722Y001,1.3.1. 한국은행 기준금리 및 여수신금리,0101000,한국은행 기준금리,,,20220728,2.25,연%,ECOS
BASE_RATE,한국은행 기준금리,D,722Y001,1.3.1. 한국은행 기준금리 및 여수신금리,0101000,한국은행 기준금리,,,20220729,2.25,연%,ECOS
BASE_RATE,한국은행 기준금리,D,722Y001,1.3.1. 한국은행 기준금리 및 여수신금리,0101000,한국은행 기준금리,,,20220730,2.25,연%,ECOS
BASE_RATE,한국은행 기준금리,D,722Y001,1.3.1. 한국은행 기준금리 및 여수신금리,0101000,한국은행 기준금리,,,20220731,2.25,연%,ECOS
BASE_RATE,한국은행 기준금리,D,722Y001,1.3.1. 한국은행 기준금리 및 여수신금리,0101000,한국은행 기준금리,,,20220801,2.25,연%,ECOS
BASE_RATE,한국은행 기준금리,D,722Y001,1.3.1. 한국은행 기준금리 및 여수신금리,0101000,한국은행 기준금리,,,20220802,2.25,연%,ECOS
BASE_RATE,한국은행 기준금리,D,722Y001,1.3.1. 한국은행 기준금리 및 여수신금리,0101000,한국은행 기준금리,,,20220803,2.25,연%,ECOS
BASE_RATE,한국은행 기준금리,D,722Y001,1.3.1. 한국은행 기준금리 및 여수신금리,0101000,한국은행 기준금리,,,20220804,2.25,연%,ECOS
BASE_RATE,한국은행 기준금리,D,722Y001,1.3.1. 한국은행 기준금리 및 여수신금리,0101000,한국은행 기준금리,,,20220805,2.25,연%,ECOS
BASE_RATE,한국은행 기준금리,D,722Y001,1.3.1. 한국은행 기준금리 및 여수신금리,0101000,한국은행 기준금리,,,20220806,2.25,연%,ECOS
BASE_RATE,한국은행 기준금리,D,722Y001,1.3.1. 한국은행 기준금리 및 여수신금리,0101000,한국은행 기준금리,,,20220807,2.25,연%,ECOS
BASE_RATE,한국은행 기준금리,D,722Y001,1.3.1. 한국은행 기준금리 및 여수신금리,0101000,한국은행 기준금리,,,20220808,2.25,연%,ECOS
BASE_RATE,한국은행 기준금리,D,722Y001,1.3.1. 한국은행 기준금리 및 여수신금리,0101000,한국은행 기준금리,,,20220809,2.25,연%,ECOS
BASE_RATE,한국은행 기준금리,D,722Y001,1.3.1. 한국은행 기준금리 및 여수신금리,0101000,한국은행 기준금리,,,20220810,2.25,연%,ECOS
BASE_RATE,한국은행 기준금리,D,722Y001,1.3.1. 한국은행 기준금리 및 여수신금리,0101000,한국은행 기준금리,,,20220811,2.25,연%,ECOS
BASE_RATE,한국은행 기준금리,D,722Y001,1.3.1. 한국은행 기준금리 및 여수신금리,0101000,한국은행 기준금리,,,20220812,2.25,연%,ECOS
BASE_RATE,한국은행 기준금리,D,722Y001,1.3.1. 한국은행 기준금리 및 여수신금리,0101000,한국은행 기준금리,,,20220813,2.25,연%,ECOS
BASE_RATE,한국은행 기준금리,D,722Y001,1.3.1. 한국은행 기준금리 및 여수신금리,0101000,한국은행 기준금리,,,20220814,2.25,연%,ECOS
BASE_RATE,한국은행 기준금리,D,722Y001,1.3.1. 한국은행 기준금리 및 여수신금리,0101000,한국은행 기준금리,,,20220815,2.25,연%,ECOS
BASE_RATE,한국은행 기준금리,D,722Y001,1.3.1. 한국은행 기준금리 및 여수신금리,0101000,한국은행 기준금리,,,20220816,2.25,연%,ECOS
BASE_RATE,한국은행 기준금리,D,722Y001,1.3.1. 한국은행 기준금리 및 여수신금리,0101000,한국은행 기준금리,,,20220817,2.25,연%,ECOS
BASE_RATE,한국은행 기준금리,D,722Y001,1.3.1. 한국은행 기준금리 및 여수신금리,0101000,한국은행 기준금리,,,20220818,2.25,연%,ECOS
BASE_RATE,한국은행 기준금리,D,722Y001,1.3.1. 한국은행 기준금리 및 여수신금리,0101000,한국은행 기준금리,,,20220819,2.25,연%,ECOS
BASE_RATE,한국은행 기준금리,D,722Y001,1.3.1. 한국은행 기준금리 및 여수신금리,0101000,한국은행 기준금리,,,20220820,2.25,연%,ECOS
BASE_RATE,한국은행 기준금리,D,722Y001,1.3.1. 한국은행 기준금리 및 여수신금리,0101000,한국은행 기준금리,,,20220821,2.25,연%,ECOS
BASE_RATE,한국은행 기준금리,D,722Y001,1.3.1. 한국은행 기준금리 및 여수신금리,0101000,한국은행 기준금리,,,20220822,2.25,연%,ECOS
BASE_RATE,한국은행 기준금리,D,722Y001,1.3.1. 한국은행 기준금리 및 여수신금리,0101000,한국은행 기준금리,,,20220823,2.25,연%,ECOS
BASE_RATE,한국은행 기준금리,D,722Y001,1.3.1. 한국은행 기준금리 및 여수신금리,0101000,한국은행 기준금리,,,20220824,2.25,연%,ECOS
BASE_RATE,한국은행 기준금리,D,722Y001,1.3.1. 한국은행 기준금리 및 여수신금리,0101000,한국은행 기준금리,,,20220825,2.5,연%,ECOS
BASE_RATE,한국은행 기준금리,D,722Y001,1.3.1. 한국은행 기준금리 및 여수신금리,0101000,한국은행 기준금리,,,20220826,2.5,연%,ECOS
BASE_RATE,한국은행 기준금리,D,722Y001,1.3.1. 한국은행 기준금리 및 여수신금리,0101000,한국은행 기준금리,,,20220827,2.5,연%,ECOS
BASE_RATE,한국은행 기준금리,D,722Y001,1.3.1. 한국은행 기준금리 및 여수신금리,0101000,한국은행 기준금리,,,20220828,2.5,연%,ECOS
BASE_RATE,한국은행 기준금리,D,722Y001,1.3.1. 한국은행 기준금리 및 여수신금리,0101000,한국은행 기준금리,,,20220829,2.5,연%,ECOS
BASE_RATE,한국은행 기준금리,D,722Y001,1.3.1. 한국은행 기준금리 및 여수신금리,0101000,한국은행 기준금리,,,20220830,2.5,연%,ECOS
BASE_RATE,한국은행 기준금리,D,722Y001,1.3.1. 한국은행 기준금리 및 여수신금리,0101000,한국은행 기준금리,,,20220831,2.5,연%,ECOS
BASE_RATE,한국은행 기준금리,D,722Y001,1.3.1. 한국은행 기준금리 및 여수신금리,0101000,한국은행 기준금리,,,20220901,2.5,연%,ECOS
BASE_RATE,한국은행 기준금리,D,722Y001,1.3.1. 한국은행 기준금리 및 여수신금리,0101000,한국은행 기준금리,,,20220902,2.5,연%,ECOS
BASE_RATE,한국은행 기준금리,D,722Y001,1.3.1. 한국은행 기준금리 및 여수신금리,0101000,한국은행 기준금리,,,20220903,2.5,연%,ECOS
BASE_RATE,한국은행 기준금리,D,722Y001,1.3.1. 한국은행 기준금리 및 여수신금리,0101000,한국은행 기준금리,,,20220904,2.5,연%,ECOS
BASE_RATE,한국은행 기준금리,D,722Y001,1.3.1. 한국은행 기준금리 및 여수신금리,0101000,한국은행 기준금리,,,20220905,2.5,연%,ECOS
BASE_RATE,한국은행 기준금리,D,722Y001,1.3.1. 한국은행 기준금리 및 여수신금리,0101000,한국은행 기준금리,,,20220906,2.5,연%,ECOS
BASE_RATE,한국은행 기준금리,D,722Y001,1.3.1. 한국은행 기준금리 및 여수신금리,0101000,한국은행 기준금리,,,20220907,2.5,연%,ECOS
BASE_RATE,한국은행 기준금리,D,722Y001,1.3.1. 한국은행 기준금리 및 여수신금리,0101000,한국은행 기준금리,,,20220908,2.5,연%,ECOS
BASE_RATE,한국은행 기준금리,D,722Y001,1.3.1. 한국은행 기준금리 및 여수신금리,0101000,한국은행 기준금리,,,20220909,2.5,연%,ECOS
BASE_RATE,한국은행 기준금리,D,722Y001,1.3.1. 한국은행 기준금리 및 여수신금리,0101000,한국은행 기준금리,,,20220910,2.5,연%,ECOS
BASE_RATE,한국은행 기준금리,D,722Y001,1.3.1. 한국은행 기준금리 및 여수신금리,0101000,한국은행 기준금리,,,20220911,2.5,연%,ECOS
BASE_RATE,한국은행 기준금리,D,722Y001,1.3.1. 한국은행 기준금리 및 여수신금리,0101000,한국은행 기준금리,,,20220912,2.5,연%,ECOS
BASE_RATE,한국은행 기준금리,D,722Y001,1.3.1. 한국은행 기준금리 및 여수신금리,0101000,한국은행 기준금리,,,20220913,2.5,연%,ECOS
BASE_RATE,한국은행 기준금리,D,722Y001,1.3.1. 한국은행 기준금리 및 여수신금리,0101000,한국은행 기준금리,,,20220914,2.5,연%,ECOS
BASE_RATE,한국은행 기준금리,D,722Y001,1.3.1. 한국은행 기준금리 및 여수신금리,0101000,한국은행 기준금리,,,20220915,2.5,연%,ECOS
BASE_RATE,한국은행 기준금리,D,722Y001,1.3.1. 한국은행 기준금리 및 여수신금리,0101000,한국은행 기준금리,,,20220916,2.5,연%,ECOS
BASE_RATE,한국은행 기준금리,D,722Y001,1.3.1. 한국은행 기준금리 및 여수신금리,0101000,한국은행 기준금리,,,20220917,2.5,연%,ECOS
BASE_RATE,한국은행 기준금리,D,722Y001,1.3.1. 한국은행 기준금리 및 여수신금리,0101000,한국은행 기준금리,,,20220918,2.5,연%,ECOS
BASE_RATE,한국은행 기준금리,D,722Y001,1.3.1. 한국은행 기준금리 및 여수신금리,0101000,한국은행 기준금리,,,20220919,2.5,연%,ECOS
BASE_RATE,한국은행 기준금리,D,722Y001,1.3.1. 한국은행 기준금리 및 여수신금리,0101000,한국은행 기준금리,,,20220920,2.5,연%,ECOS
BASE_RATE,한국은행 기준금리,D,722Y001,1.3.1. 한국은행 기준금리 및 여수신금리,0101000,한국은행 기준금리,,,20220921,2.5,연%,ECOS
BASE_RATE,한국은행 기준금리,D,722Y001,1.3.1. 한국은행 기준금리 및 여수신금리,0101000,한국은행 기준금리,,,20220922,2.5,연%,ECOS
BASE_RATE,한국은행 기준금리,D,722Y001,1.3.1. 한국은행 기준금리 및 여수신금리,0101000,한국은행 기준금리,,,20220923,2.5,연%,ECOS
BASE_RATE,한국은행 기준금리,D,722Y001,1.3.1. 한국은행 기준금리 및 여수신금리,0101000,한국은행 기준금리,,,20220924,2.5,연%,ECOS
BASE_RATE,한국은행 기준금리,D,722Y001,1.3.1. 한국은행 기준금리 및 여수신금리,0101000,한국은행 기준금리,,,20220925,2.5,연%,ECOS
BASE_RATE,한국은행 기준금리,D,722Y001,1.3.1. 한국은행 기준금리 및 여수신금리,0101000,한국은행 기준금리,,,20220926,2.5,연%,ECOS
BASE_RATE,한국은행 기준금리,D,722Y001,1.3.1. 한국은행 기준금리 및 여수신금리,0101000,한국은행 기준금리,,,20220927,2.5,연%,ECOS
BASE_RATE,한국은행 기준금리,D,722Y001,1.3.1. 한국은행 기준금리 및 여수신금리,0101000,한국은행 기준금리,,,20220928,2.5,연%,ECOS
BASE_RATE,한국은행 기준금리,D,722Y001,1.3.1. 한국은행 기준금리 및 여수신금리,0101000,한국은행 기준금리,,,20220929,2.5,연%,ECOS
BASE_RATE,한국은행 기준금리,D,722Y001,1.3.1. 한국은행 기준금리 및 여수신금리,0101000,한국은행 기준금리,,,20220930,2.5,연%,ECOS
BASE_RATE,한국은행 기준금리,D,722Y001,1.3.1. 한국은행 기준금리 및 여수신금리,0101000,한국은행 기준금리,,,20221001,2.5,연%,ECOS
BASE_RATE,한국은행 기준금리,D,722Y001,1.3.1. 한국은행 기준금리 및 여수신금리,0101000,한국은행 기준금리,,,20221002,2.5,연%,ECOS
BASE_RATE,한국은행 기준금리,D,722Y001,1.3.1. 한국은행 기준금리 및 여수신금리,0101000,한국은행 기준금리,,,20221003,2.5,연%,ECOS
BASE_RATE,한국은행 기준금리,D,722Y001,1.3.1. 한국은행 기준금리 및 여수신금리,0101000,한국은행 기준금리,,,20221004,2.5,연%,ECOS
BASE_RATE,한국은행 기준금리,D,722Y001,1.3.1. 한국은행 기준금리 및 여수신금리,0101000,한국은행 기준금리,,,20221005,2.5,연%,ECOS
BASE_RATE,한국은행 기준금리,D,722Y001,1.3.1. 한국은행 기준금리 및 여수신금리,0101000,한국은행 기준금리,,,20221006,2.5,연%,ECOS
BASE_RATE,한국은행 기준금리,D,722Y001,1.3.1. 한국은행 기준금리 및 여수신금리,0101000,한국은행 기준금리,,,20221007,2.5,연%,ECOS
BASE_RATE,한국은행 기준금리,D,722Y001,1.3.1. 한국은행 기준금리 및 여수신금리,0101000,한국은행 기준금리,,,20221008,2.5,연%,ECOS
BASE_RATE,한국은행 기준금리,D,722Y001,1.3.1. 한국은행 기준금리 및 여수신금리,0101000,한국은행 기준금리,,,20221009,2.5,연%,ECOS
BASE_RATE,한국은행 기준금리,D,722Y001,1.3.1. 한국은행 기준금리 및 여수신금리,0101000,한국은행 기준금리,,,20221010,2.5,연%,ECOS
BASE_RATE,한국은행 기준금리,D,722Y001,1.3.1. 한국은행 기준금리 및 여수신금리,0101000,한국은행 기준금리,,,20221011,2.5,연%,ECOS
BASE_RATE,한국은행 기준금리,D,722Y001,1.3.1. 한국은행 기준금리 및 여수신금리,0101000,한국은행 기준금리,,,20221012,3.0,연%,ECOS
BASE_RATE,한국은행 기준금리,D,722Y001,1.3.1. 한국은행 기준금리 및 여수신금리,0101000,한국은행 기준금리,,,20221013,3.0,연%,ECOS
BASE_RATE,한국은행 기준금리,D,722Y001,1.3.1. 한국은행 기준금리 및 여수신금리,0101000,한국은행 기준금리,,,20221014,3.0,연%,ECOS
BASE_RATE,한국은행 기준금리,D,722Y001,1.3.1. 한국은행 기준금리 및 여수신금리,0101000,한국은행 기준금리,,,20221015,3.0,연%,ECOS
BASE_RATE,한국은행 기준금리,D,722Y001,1.3.1. 한국은행 기준금리 및 여수신금리,0101000,한국은행 기준금리,,,20221016,3.0,연%,ECOS
BASE_RATE,한국은행 기준금리,D,722Y001,1.3.1. 한국은행 기준금리 및 여수신금리,0101000,한국은행 기준금리,,,20221017,3.0,연%,ECOS
BASE_RATE,한국은행 기준금리,D,722Y001,1.3.1. 한국은행 기준금리 및 여수신금리,0101000,한국은행 기준금리,,,20221018,3.0,연%,ECOS
BASE_RATE,한국은행 기준금리,D,722Y001,1.3.1. 한국은행 기준금리 및 여수신금리,0101000,한국은행 기준금리,,,20221019,3.0,연%,ECOS
BASE_RATE,한국은행 기준금리,D,722Y001,1.3.1. 한국은행 기준금리 및 여수신금리,0101000,한국은행 기준금리,,,20221020,3.0,연%,ECOS
BASE_RATE,한국은행 기준금리,D,722Y001,1.3.1. 한국은행 기준금리 및 여수신금리,0101000,한국은행 기준금리,,,20221021,3.0,연%,ECOS
BASE_RATE,한국은행 기준금리,D,722Y001,1.3.1. 한국은행 기준금리 및 여수신금리,0101000,한국은행 기준금리,,,20221022,3.0,연%,ECOS
BASE_RATE,한국은행 기준금리,D,722Y001,1.3.1. 한국은행 기준금리 및 여수신금리,0101000,한국은행 기준금리,,,20221023,3.0,연%,ECOS
BASE_RATE,한국은행 기준금리,D,722Y001,1.3.1. 한국은행 기준금리 및 여수신금리,0101000,한국은행 기준금리,,,20221024,3.0,연%,ECOS
BASE_RATE,한국은행 기준금리,D,722Y001,1.3.1. 한국은행 기준금리 및 여수신금리,0101000,한국은행 기준금리,,,20221025,3.0,연%,ECOS
BASE_RATE,한국은행 기준금리,D,722Y001,1.3.1. 한국은행 기준금리 및 여수신금리,0101000,한국은행 기준금리,,,20221026,3.0,연%,ECOS
BASE_RATE,한국은행 기준금리,D,722Y001,1.3.1. 한국은행 기준금리 및 여수신금리,0101000,한국은행 기준금리,,,20221027,3.0,연%,ECOS
BASE_RATE,한국은행 기준금리,D,722Y001,1.3.1. 한국은행 기준금리 및 여수신금리,0101000,한국은행 기준금리,,,20221028,3.0,연%,ECOS
BASE_RATE,한국은행 기준금리,D,722Y001,1.3.1. 한국은행 기준금리 및 여수신금리,0101000,한국은행 기준금리,,,20221029,3.0,연%,ECOS
BASE_RATE,한국은행 기준금리,D,722Y001,1.3.1. 한국은행 기준금리 및 여수신금리,0101000,한국은행 기준금리,,,20221030,3.0,연%,ECOS
BASE_RATE,한국은행 기준금리,D,722Y001,1.3.1. 한국은행 기준금리 및 여수신금리,0101000,한국은행 기준금리,,,20221031,3.0,연%,ECOS
BASE_RATE,한국은행 기준금리,D,722Y001,1.3.1. 한국은행 기준금리 및 여수신금리,0101000,한국은행 기준금리,,,20221101,3.0,연%,ECOS
BASE_RATE,한국은행 기준금리,D,722Y001,1.3.1. 한국은행 기준금리 및 여수신금리,0101000,한국은행 기준금리,,,20221102,3.0,연%,ECOS
BASE_RATE,한국은행 기준금리,D,722Y001,1.3.1. 한국은행 기준금리 및 여수신금리,0101000,한국은행 기준금리,,,20221103,3.0,연%,ECOS
BASE_RATE,한국은행 기준금리,D,722Y001,1.3.1. 한국은행 기준금리 및 여수신금리,0101000,한국은행 기준금리,,,20221104,3.0,연%,ECOS
BASE_RATE,한국은행 기준금리,D,722Y001,1.3.1. 한국은행 기준금리 및 여수신금리,0101000,한국은행 기준금리,,,20221105,3.0,연%,ECOS
BASE_RATE,한국은행 기준금리,D,722Y001,1.3.1. 한국은행 기준금리 및 여수신금리,0101000,한국은행 기준금리,,,20221106,3.0,연%,ECOS
BASE_RATE,한국은행 기준금리,D,722Y001,1.3.1. 한국은행 기준금리 및 여수신금리,0101000,한국은행 기준금리,,,20221107,3.0,연%,ECOS
BASE_RATE,한국은행 기준금리,D,722Y001,1.3.1. 한국은행 기준금리 및 여수신금리,0101000,한국은행 기준금리,,,20221108,3.0,연%,ECOS
BASE_RATE,한국은행 기준금리,D,722Y001,1.3.1. 한국은행 기준금리 및 여수신금리,0101000,한국은행 기준금리,,,20221109,3.0,연%,ECOS
BASE_RATE,한국은행 기준금리,D,722Y001,1.3.1. 한국은행 기준금리 및 여수신금리,0101000,한국은행 기준금리,,,20221110,3.0,연%,ECOS
BASE_RATE,한국은행 기준금리,D,722Y001,1.3.1. 한국은행 기준금리 및 여수신금리,0101000,한국은행 기준금리,,,20221111,3.0,연%,ECOS
BASE_RATE,한국은행 기준금리,D,722Y001,1.3.1. 한국은행 기준금리 및 여수신금리,0101000,한국은행 기준금리,,,20221112,3.0,연%,ECOS
BASE_RATE,한국은행 기준금리,D,722Y001,1.3.1. 한국은행 기준금리 및 여수신금리,0101000,한국은행 기준금리,,,20221113,3.0,연%,ECOS
BASE_RATE,한국은행 기준금리,D,722Y001,1.3.1. 한국은행 기준금리 및 여수신금리,0101000,한국은행 기준금리,,,20221114,3.0,연%,ECOS
BASE_RATE,한국은행 기준금리,D,722Y001,1.3.1. 한국은행 기준금리 및 여수신금리,0101000,한국은행 기준금리,,,20221115,3.0,연%,ECOS
BASE_RATE,한국은행 기준금리,D,722Y001,1.3.1. 한국은행 기준금리 및 여수신금리,0101000,한국은행 기준금리,,,20221116,3.0,연%,ECOS
BASE_RATE,한국은행 기준금리,D,722Y001,1.3.1. 한국은행 기준금리 및 여수신금리,0101000,한국은행 기준금리,,,20221117,3.0,연%,ECOS
BASE_RATE,한국은행 기준금리,D,722Y001,1.3.1. 한국은행 기준금리 및 여수신금리,0101000,한국은행 기준금리,,,20221118,3.0,연%,ECOS
BASE_RATE,한국은행 기준금리,D,722Y001,1.3.1. 한국은행 기준금리 및 여수신금리,0101000,한국은행 기준금리,,,20221119,3.0,연%,ECOS
BASE_RATE,한국은행 기준금리,D,722Y001,1.3.1. 한국은행 기준금리 및 여수신금리,0101000,한국은행 기준금리,,,20221120,3.0,연%,ECOS
BASE_RATE,한국은행 기준금리,D,722Y001,1.3.1. 한국은행 기준금리 및 여수신금리,0101000,한국은행 기준금리,,,20221121,3.0,연%,ECOS
BASE_RATE,한국은행 기준금리,D,722Y001,1.3.1. 한국은행 기준금리 및 여수신금리,0101000,한국은행 기준금리,,,20221122,3.0,연%,ECOS
BASE_RATE,한국은행 기준금리,D,722Y001,1.3.1. 한국은행 기준금리 및 여수신금리,0101000,한국은행 기준금리,,,20221123,3.0,연%,ECOS
BASE_RATE,한국은행 기준금리,D,722Y001,1.3.1. 한국은행 기준금리 및 여수신금리,0101000,한국은행 기준금리,,,20221124,3.25,연%,ECOS
BASE_RATE,한국은행 기준금리,D,722Y001,1.3.1. 한국은행 기준금리 및 여수신금리,0101000,한국은행 기준금리,,,20221125,3.25,연%,ECOS
BASE_RATE,한국은행 기준금리,D,722Y001,1.3.1. 한국은행 기준금리 및 여수신금리,0101000,한국은행 기준금리,,,20221126,3.25,연%,ECOS
BASE_RATE,한국은행 기준금리,D,722Y001,1.3.1. 한국은행 기준금리 및 여수신금리,0101000,한국은행 기준금리,,,20221127,3.25,연%,ECOS
BASE_RATE,한국은행 기준금리,D,722Y001,1.3.1. 한국은행 기준금리 및 여수신금리,0101000,한국은행 기준금리,,,20221128,3.25,연%,ECOS
BASE_RATE,한국은행 기준금리,D,722Y001,1.3.1. 한국은행 기준금리 및 여수신금리,0101000,한국은행 기준금리,,,20221129,3.25,연%,ECOS
BASE_RATE,한국은행 기준금리,D,722Y001,1.3.1. 한국은행 기준금리 및 여수신금리,0101000,한국은행 기준금리,,,20221130,3.25,연%,ECOS
BASE_RATE,한국은행 기준금리,D,722Y001,1.3.1. 한국은행 기준금리 및 여수신금리,0101000,한국은행 기준금리,,,20221201,3.25,연%,ECOS
BASE_RATE,한국은행 기준금리,D,722Y001,1.3.1. 한국은행 기준금리 및 여수신금리,0101000,한국은행 기준금리,,,20221202,3.25,연%,ECOS
BASE_RATE,한국은행 기준금리,D,722Y001,1.3.1. 한국은행 기준금리 및 여수신금리,0101000,한국은행 기준금리,,,20221203,3.25,연%,ECOS
BASE_RATE,한국은행 기준금리,D,722Y001,1.3.1. 한국은행 기준금리 및 여수신금리,0101000,한국은행 기준금리,,,20221204,3.25,연%,ECOS
BASE_RATE,한국은행 기준금리,D,722Y001,1.3.1. 한국은행 기준금리 및 여수신금리,0101000,한국은행 기준금리,,,20221205,3.25,연%,ECOS
BASE_RATE,한국은행 기준금리,D,722Y001,1.3.1. 한국은행 기준금리 및 여수신금리,0101000,한국은행 기준금리,,,20221206,3.25,연%,ECOS
BASE_RATE,한국은행 기준금리,D,722Y001,1.3.1. 한국은행 기준금리 및 여수신금리,0101000,한국은행 기준금리,,,20221207,3.25,연%,ECOS
BASE_RATE,한국은행 기준금리,D,722Y001,1.3.1. 한국은행 기준금리 및 여수신금리,0101000,한국은행 기준금리,,,20221208,3.25,연%,ECOS
BASE_RATE,한국은행 기준금리,D,722Y001,1.3.1. 한국은행 기준금리 및 여수신금리,0101000,한국은행 기준금리,,,20221209,3.25,연%,ECOS
BASE_RATE,한국은행 기준금리,D,722Y001,1.3.1. 한국은행 기준금리 및 여수신금리,0101000,한국은행 기준금리,,,20221210,3.25,연%,ECOS
BASE_RATE,한국은행 기준금리,D,722Y001,1.3.1. 한국은행 기준금리 및 여수신금리,0101000,한국은행 기준금리,,,20221211,3.25,연%,ECOS
BASE_RATE,한국은행 기준금리,D,722Y001,1.3.1. 한국은행 기준금리 및 여수신금리,0101000,한국은행 기준금리,,,20221212,3.25,연%,ECOS
BASE_RATE,한국은행 기준금리,D,722Y001,1.3.1. 한국은행 기준금리 및 여수신금리,0101000,한국은행 기준금리,,,20221213,3.25,연%,ECOS
BASE_RATE,한국은행 기준금리,D,722Y001,1.3.1. 한국은행 기준금리 및 여수신금리,0101000,한국은행 기준금리,,,20221214,3.25,연%,ECOS
BASE_RATE,한국은행 기준금리,D,722Y001,1.3.1. 한국은행 기준금리 및 여수신금리,0101000,한국은행 기준금리,,,20221215,3.25,연%,ECOS
BASE_RATE,한국은행 기준금리,D,722Y001,1.3.1. 한국은행 기준금리 및 여수신금리,0101000,한국은행 기준금리,,,20221216,3.25,연%,ECOS
BASE_RATE,한국은행 기준금리,D,722Y001,1.3.1. 한국은행 기준금리 및 여수신금리,0101000,한국은행 기준금리,,,20221217,3.25,연%,ECOS
BASE_RATE,한국은행 기준금리,D,722Y001,1.3.1. 한국은행 기준금리 및 여수신금리,0101000,한국은행 기준금리,,,20221218,3.25,연%,ECOS
BASE_RATE,한국은행 기준금리,D,722Y001,1.3.1. 한국은행 기준금리 및 여수신금리,0101000,한국은행 기준금리,,,20221219,3.25,연%,ECOS
BASE_RATE,한국은행 기준금리,D,722Y001,1.3.1. 한국은행 기준금리 및 여수신금리,0101000,한국은행 기준금리,,,20221220,3.25,연%,ECOS
BASE_RATE,한국은행 기준금리,D,722Y001,1.3.1. 한국은행 기준금리 및 여수신금리,0101000,한국은행 기준금리,,,20221221,3.25,연%,ECOS
BASE_RATE,한국은행 기준금리,D,722Y001,1.3.1. 한국은행 기준금리 및 여수신금리,0101000,한국은행 기준금리,,,20221222,3.25,연%,ECOS
BASE_RATE,한국은행 기준금리,D,722Y001,1.3.1. 한국은행 기준금리 및 여수신금리,0101000,한국은행 기준금리,,,20221223,3.25,연%,ECOS
BASE_RATE,한국은행 기준금리,D,722Y001,1.3.1. 한국은행 기준금리 및 여수신금리,0101000,한국은행 기준금리,,,20221224,3.25,연%,ECOS
BASE_RATE,한국은행 기준금리,D,722Y001,1.3.1. 한국은행 기준금리 및 여수신금리,0101000,한국은행 기준금리,,,20221225,3.25,연%,ECOS
BASE_RATE,한국은행 기준금리,D,722Y001,1.3.1. 한국은행 기준금리 및 여수신금리,0101000,한국은행 기준금리,,,20221226,3.25,연%,ECOS
BASE_RATE,한국은행 기준금리,D,722Y001,1.3.1. 한국은행 기준금리 및 여수신금리,0101000,한국은행 기준금리,,,20221227,3.25,연%,ECOS
BASE_RATE,한국은행 기준금리,D,722Y001,1.3.1. 한국은행 기준금리 및 여수신금리,0101000,한국은행 기준금리,,,20221228,3.25,연%,ECOS
BASE_RATE,한국은행 기준금리,D,722Y001,1.3.1. 한국은행 기준금리 및 여수신금리,0101000,한국은행 기준금리,,,20221229,3.25,연%,ECOS
BASE_RATE,한국은행 기준금리,D,722Y001,1.3.1. 한국은행 기준금리 및 여수신금리,0101000,한국은행 기준금리,,,20221230,3.25,연%,ECOS
BASE_RATE,한국은행 기준금리,D,722Y001,1.3.1. 한국은행 기준금리 및 여수신금리,0101000,한국은행 기준금리,,,20221231,3.25,연%,ECOS
BASE_RATE,한국은행 기준금리,D,722Y001,1.3.1. 한국은행 기준금리 및 여수신금리,0101000,한국은행 기준금리,,,20230101,3.25,연%,ECOS
BASE_RATE,한국은행 기준금리,D,722Y001,1.3.1. 한국은행 기준금리 및 여수신금리,0101000,한국은행 기준금리,,,20230102,3.25,연%,ECOS
BASE_RATE,한국은행 기준금리,D,722Y001,1.3.1. 한국은행 기준금리 및 여수신금리,0101000,한국은행 기준금리,,,20230103,3.25,연%,ECOS
BASE_RATE,한국은행 기준금리,D,722Y001,1.3.1. 한국은행 기준금리 및 여수신금리,0101000,한국은행 기준금리,,,20230104,3.25,연%,ECOS
BASE_RATE,한국은행 기준금리,D,722Y001,1.3.1. 한국은행 기준금리 및 여수신금리,0101000,한국은행 기준금리,,,20230105,3.25,연%,ECOS
BASE_RATE,한국은행 기준금리,D,722Y001,1.3.1. 한국은행 기준금리 및 여수신금리,0101000,한국은행 기준금리,,,20230106,3.25,연%,ECOS
BASE_RATE,한국은행 기준금리,D,722Y001,1.3.1. 한국은행 기준금리 및 여수신금리,0101000,한국은행 기준금리,,,20230107,3.25,연%,ECOS
BASE_RATE,한국은행 기준금리,D,722Y001,1.3.1. 한국은행 기준금리 및 여수신금리,0101000,한국은행 기준금리,,,20230108,3.25,연%,ECOS
BASE_RATE,한국은행 기준금리,D,722Y001,1.3.1. 한국은행 기준금리 및 여수신금리,0101000,한국은행 기준금리,,,20230109,3.25,연%,ECOS
BASE_RATE,한국은행 기준금리,D,722Y001,1.3.1. 한국은행 기준금리 및 여수신금리,0101000,한국은행 기준금리,,,20230110,3.25,연%,ECOS
BASE_RATE,한국은행 기준금리,D,722Y001,1.3.1. 한국은행 기준금리 및 여수신금리,0101000,한국은행 기준금리,,,20230111,3.25,연%,ECOS
BASE_RATE,한국은행 기준금리,D,722Y001,1.3.1. 한국은행 기준금리 및 여수신금리,0101000,한국은행 기준금리,,,20230112,3.25,연%,ECOS
BASE_RATE,한국은행 기준금리,D,722Y001,1.3.1. 한국은행 기준금리 및 여수신금리,0101000,한국은행 기준금리,,,20230113,3.5,연%,ECOS
BASE_RATE,한국은행 기준금리,D,722Y001,1.3.1. 한국은행 기준금리 및 여수신금리,0101000,한국은행 기준금리,,,20230114,3.5,연%,ECOS
BASE_RATE,한국은행 기준금리,D,722Y001,1.3.1. 한국은행 기준금리 및 여수신금리,0101000,한국은행 기준금리,,,20230115,3.5,연%,ECOS
BASE_RATE,한국은행 기준금리,D,722Y001,1.3.1. 한국은행 기준금리 및 여수신금리,0101000,한국은행 기준금리,,,20230116,3.5,연%,ECOS
BASE_RATE,한국은행 기준금리,D,722Y001,1.3.1. 한국은행 기준금리 및 여수신금리,0101000,한국은행 기준금리,,,20230117,3.5,연%,ECOS
BASE_RATE,한국은행 기준금리,D,722Y001,1.3.1. 한국은행 기준금리 및 여수신금리,0101000,한국은행 기준금리,,,20230118,3.5,연%,ECOS
BASE_RATE,한국은행 기준금리,D,722Y001,1.3.1. 한국은행 기준금리 및 여수신금리,0101000,한국은행 기준금리,,,20230119,3.5,연%,ECOS
BASE_RATE,한국은행 기준금리,D,722Y001,1.3.1. 한국은행 기준금리 및 여수신금리,0101000,한국은행 기준금리,,,20230120,3.5,연%,ECOS
BASE_RATE,한국은행 기준금리,D,722Y001,1.3.1. 한국은행 기준금리 및 여수신금리,0101000,한국은행 기준금리,,,20230121,3.5,연%,ECOS
BASE_RATE,한국은행 기준금리,D,722Y001,1.3.1. 한국은행 기준금리 및 여수신금리,0101000,한국은행 기준금리,,,20230122,3.5,연%,ECOS
BASE_RATE,한국은행 기준금리,D,722Y001,1.3.1. 한국은행 기준금리 및 여수신금리,0101000,한국은행 기준금리,,,20230123,3.5,연%,ECOS
BASE_RATE,한국은행 기준금리,D,722Y001,1.3.1. 한국은행 기준금리 및 여수신금리,0101000,한국은행 기준금리,,,20230124,3.5,연%,ECOS
BASE_RATE,한국은행 기준금리,D,722Y001,1.3.1. 한국은행 기준금리 및 여수신금리,0101000,한국은행 기준금리,,,20230125,3.5,연%,ECOS
BASE_RATE,한국은행 기준금리,D,722Y001,1.3.1. 한국은행 기준금리 및 여수신금리,0101000,한국은행 기준금리,,,20230126,3.5,연%,ECOS
BASE_RATE,한국은행 기준금리,D,722Y001,1.3.1. 한국은행 기준금리 및 여수신금리,0101000,한국은행 기준금리,,,20230127,3.5,연%,ECOS
BASE_RATE,한국은행 기준금리,D,722Y001,1.3.1. 한국은행 기준금리 및 여수신금리,0101000,한국은행 기준금리,,,20230128,3.5,연%,ECOS
BASE_RATE,한국은행 기준금리,D,722Y001,1.3.1. 한국은행 기준금리 및 여수신금리,0101000,한국은행 기준금리,,,20230129,3.5,연%,ECOS
BASE_RATE,한국은행 기준금리,D,722Y001,1.3.1. 한국은행 기준금리 및 여수신금리,0101000,한국은행 기준금리,,,20230130,3.5,연%,ECOS
BASE_RATE,한국은행 기준금리,D,722Y001,1.3.1. 한국은행 기준금리 및 여수신금리,0101000,한국은행 기준금리,,,20230131,3.5,연%,ECOS
BASE_RATE,한국은행 기준금리,D,722Y001,1.3.1. 한국은행 기준금리 및 여수신금리,0101000,한국은행 기준금리,,,20230201,3.5,연%,ECOS
BASE_RATE,한국은행 기준금리,D,722Y001,1.3.1. 한국은행 기준금리 및 여수신금리,0101000,한국은행 기준금리,,,20230202,3.5,연%,ECOS
BASE_RATE,한국은행 기준금리,D,722Y001,1.3.1. 한국은행 기준금리 및 여수신금리,0101000,한국은행 기준금리,,,20230203,3.5,연%,ECOS
BASE_RATE,한국은행 기준금리,D,722Y001,1.3.1. 한국은행 기준금리 및 여수신금리,0101000,한국은행 기준금리,,,20230204,3.5,연%,ECOS
BASE_RATE,한국은행 기준금리,D,722Y001,1.3.1. 한국은행 기준금리 및 여수신금리,0101000,한국은행 기준금리,,,20230205,3.5,연%,ECOS
BASE_RATE,한국은행 기준금리,D,722Y001,1.3.1. 한국은행 기준금리 및 여수신금리,0101000,한국은행 기준금리,,,20230206,3.5,연%,ECOS
BASE_RATE,한국은행 기준금리,D,722Y001,1.3.1. 한국은행 기준금리 및 여수신금리,0101000,한국은행 기준금리,,,20230207,3.5,연%,ECOS
BASE_RATE,한국은행 기준금리,D,722Y001,1.3.1. 한국은행 기준금리 및 여수신금리,0101000,한국은행 기준금리,,,20230208,3.5,연%,ECOS
BASE_RATE,한국은행 기준금리,D,722Y001,1.3.1. 한국은행 기준금리 및 여수신금리,0101000,한국은행 기준금리,,,20230209,3.5,연%,ECOS
BASE_RATE,한국은행 기준금리,D,722Y001,1.3.1. 한국은행 기준금리 및 여수신금리,0101000,한국은행 기준금리,,,20230210,3.5,연%,ECOS
BASE_RATE,한국은행 기준금리,D,722Y001,1.3.1. 한국은행 기준금리 및 여수신금리,0101000,한국은행 기준금리,,,20230211,3.5,연%,ECOS
BASE_RATE,한국은행 기준금리,D,722Y001,1.3.1. 한국은행 기준금리 및 여수신금리,0101000,한국은행 기준금리,,,20230212,3.5,연%,ECOS
BASE_RATE,한국은행 기준금리,D,722Y001,1.3.1. 한국은행 기준금리 및 여수신금리,0101000,한국은행 기준금리,,,20230213,3.5,연%,ECOS
BASE_RATE,한국은행 기준금리,D,722Y001,1.3.1. 한국은행 기준금리 및 여수신금리,0101000,한국은행 기준금리,,,20230214,3.5,연%,ECOS
BASE_RATE,한국은행 기준금리,D,722Y001,1.3.1. 한국은행 기준금리 및 여수신금리,0101000,한국은행 기준금리,,,20230215,3.5,연%,ECOS
BASE_RATE,한국은행 기준금리,D,722Y001,1.3.1. 한국은행 기준금리 및 여수신금리,0101000,한국은행 기준금리,,,20230216,3.5,연%,ECOS
BASE_RATE,한국은행 기준금리,D,722Y001,1.3.1. 한국은행 기준금리 및 여수신금리,0101000,한국은행 기준금리,,,20230217,3.5,연%,ECOS
BASE_RATE,한국은행 기준금리,D,722Y001,1.3.1. 한국은행 기준금리 및 여수신금리,0101000,한국은행 기준금리,,,20230218,3.5,연%,ECOS
BASE_RATE,한국은행 기준금리,D,722Y001,1.3.1. 한국은행 기준금리 및 여수신금리,0101000,한국은행 기준금리,,,20230219,3.5,연%,ECOS
BASE_RATE,한국은행 기준금리,D,722Y001,1.3.1. 한국은행 기준금리 및 여수신금리,0101000,한국은행 기준금리,,,20230220,3.5,연%,ECOS
BASE_RATE,한국은행 기준금리,D,722Y001,1.3.1. 한국은행 기준금리 및 여수신금리,0101000,한국은행 기준금리,,,20230221,3.5,연%,ECOS
BASE_RATE,한국은행 기준금리,D,722Y001,1.3.1. 한국은행 기준금리 및 여수신금리,0101000,한국은행 기준금리,,,20230222,3.5,연%,ECOS
BASE_RATE,한국은행 기준금리,D,722Y001,1.3.1. 한국은행 기준금리 및 여수신금리,0101000,한국은행 기준금리,,,20230223,3.5,연%,ECOS
BASE_RATE,한국은행 기준금리,D,722Y001,1.3.1. 한국은행 기준금리 및 여수신금리,0101000,한국은행 기준금리,,,20230224,3.5,연%,ECOS
BASE_RATE,한국은행 기준금리,D,722Y001,1.3.1. 한국은행 기준금리 및 여수신금리,0101000,한국은행 기준금리,,,20230225,3.5,연%,ECOS
BASE_RATE,한국은행 기준금리,D,722Y001,1.3.1. 한국은행 기준금리 및 여수신금리,0101000,한국은행 기준금리,,,20230226,3.5,연%,ECOS
BASE_RATE,한국은행 기준금리,D,722Y001,1.3.1. 한국은행 기준금리 및 여수신금리,0101000,한국은행 기준금리,,,20230227,3.5,연%,ECOS
BASE_RATE,한국은행 기준금리,D,722Y001,1.3.1. 한국은행 기준금리 및 여수신금리,0101000,한국은행 기준금리,,,20230228,3.5,연%,ECOS
BASE_RATE,한국은행 기준금리,D,722Y001,1.3.1. 한국은행 기준금리 및 여수신금리,0101000,한국은행 기준금리,,,20230301,3.5,연%,ECOS
BASE_RATE,한국은행 기준금리,D,722Y001,1.3.1. 한국은행 기준금리 및 여수신금리,0101000,한국은행 기준금리,,,20230302,3.5,연%,ECOS
BASE_RATE,한국은행 기준금리,D,722Y001,1.3.1. 한국은행 기준금리 및 여수신금리,0101000,한국은행 기준금리,,,20230303,3.5,연%,ECOS
BASE_RATE,한국은행 기준금리,D,722Y001,1.3.1. 한국은행 기준금리 및 여수신금리,0101000,한국은행 기준금리,,,20230304,3.5,연%,ECOS
BASE_RATE,한국은행 기준금리,D,722Y001,1.3.1. 한국은행 기준금리 및 여수신금리,0101000,한국은행 기준금리,,,20230305,3.5,연%,ECOS
BASE_RATE,한국은행 기준금리,D,722Y001,1.3.1. 한국은행 기준금리 및 여수신금리,0101000,한국은행 기준금리,,,20230306,3.5,연%,ECOS
BASE_RATE,한국은행 기준금리,D,722Y001,1.3.1. 한국은행 기준금리 및 여수신금리,0101000,한국은행 기준금리,,,20230307,3.5,연%,ECOS
BASE_RATE,한국은행 기준금리,D,722Y001,1.3.1. 한국은행 기준금리 및 여수신금리,0101000,한국은행 기준금리,,,20230308,3.5,연%,ECOS
BASE_RATE,한국은행 기준금리,D,722Y001,1.3.1. 한국은행 기준금리 및 여수신금리,0101000,한국은행 기준금리,,,20230309,3.5,연%,ECOS
BASE_RATE,한국은행 기준금리,D,722Y001,1.3.1. 한국은행 기준금리 및 여수신금리,0101000,한국은행 기준금리,,,20230310,3.5,연%,ECOS
BASE_RATE,한국은행 기준금리,D,722Y001,1.3.1. 한국은행 기준금리 및 여수신금리,0101000,한국은행 기준금리,,,20230311,3.5,연%,ECOS
BASE_RATE,한국은행 기준금리,D,722Y001,1.3.1. 한국은행 기준금리 및 여수신금리,0101000,한국은행 기준금리,,,20230312,3.5,연%,ECOS
BASE_RATE,한국은행 기준금리,D,722Y001,1.3.1. 한국은행 기준금리 및 여수신금리,0101000,한국은행 기준금리,,,20230313,3.5,연%,ECOS
BASE_RATE,한국은행 기준금리,D,722Y001,1.3.1. 한국은행 기준금리 및 여수신금리,0101000,한국은행 기준금리,,,20230314,3.5,연%,ECOS
BASE_RATE,한국은행 기준금리,D,722Y001,1.3.1. 한국은행 기준금리 및 여수신금리,0101000,한국은행 기준금리,,,20230315,3.5,연%,ECOS
BASE_RATE,한국은행 기준금리,D,722Y001,1.3.1. 한국은행 기준금리 및 여수신금리,0101000,한국은행 기준금리,,,20230316,3.5,연%,ECOS
BASE_RATE,한국은행 기준금리,D,722Y001,1.3.1. 한국은행 기준금리 및 여수신금리,0101000,한국은행 기준금리,,,20230317,3.5,연%,ECOS
BASE_RATE,한국은행 기준금리,D,722Y001,1.3.1. 한국은행 기준금리 및 여수신금리,0101000,한국은행 기준금리,,,20230318,3.5,연%,ECOS
BASE_RATE,한국은행 기준금리,D,722Y001,1.3.1. 한국은행 기준금리 및 여수신금리,0101000,한국은행 기준금리,,,20230319,3.5,연%,ECOS
BASE_RATE,한국은행 기준금리,D,722Y001,1.3.1. 한국은행 기준금리 및 여수신금리,0101000,한국은행 기준금리,,,20230320,3.5,연%,ECOS
BASE_RATE,한국은행 기준금리,D,722Y001,1.3.1. 한국은행 기준금리 및 여수신금리,0101000,한국은행 기준금리,,,20230321,3.5,연%,ECOS
BASE_RATE,한국은행 기준금리,D,722Y001,1.3.1. 한국은행 기준금리 및 여수신금리,0101000,한국은행 기준금리,,,20230322,3.5,연%,ECOS
BASE_RATE,한국은행 기준금리,D,722Y001,1.3.1. 한국은행 기준금리 및 여수신금리,0101000,한국은행 기준금리,,,20230323,3.5,연%,ECOS
BASE_RATE,한국은행 기준금리,D,722Y001,1.3.1. 한국은행 기준금리 및 여수신금리,0101000,한국은행 기준금리,,,20230324,3.5,연%,ECOS
BASE_RATE,한국은행 기준금리,D,722Y001,1.3.1. 한국은행 기준금리 및 여수신금리,0101000,한국은행 기준금리,,,20230325,3.5,연%,ECOS
BASE_RATE,한국은행 기준금리,D,722Y001,1.3.1. 한국은행 기준금리 및 여수신금리,0101000,한국은행 기준금리,,,20230326,3.5,연%,ECOS
BASE_RATE,한국은행 기준금리,D,722Y001,1.3.1. 한국은행 기준금리 및 여수신금리,0101000,한국은행 기준금리,,,20230327,3.5,연%,ECOS
BASE_RATE,한국은행 기준금리,D,722Y001,1.3.1. 한국은행 기준금리 및 여수신금리,0101000,한국은행 기준금리,,,20230328,3.5,연%,ECOS
BASE_RATE,한국은행 기준금리,D,722Y001,1.3.1. 한국은행 기준금리 및 여수신금리,0101000,한국은행 기준금리,,,20230329,3.5,연%,ECOS
BASE_RATE,한국은행 기준금리,D,722Y001,1.3.1. 한국은행 기준금리 및 여수신금리,0101000,한국은행 기준금리,,,20230330,3.5,연%,ECOS
BASE_RATE,한국은행 기준금리,D,722Y001,1.3.1. 한국은행 기준금리 및 여수신금리,0101000,한국은행 기준금리,,,20230331,3.5,연%,ECOS
BASE_RATE,한국은행 기준금리,D,722Y001,1.3.1. 한국은행 기준금리 및 여수신금리,0101000,한국은행 기준금리,,,20230401,3.5,연%,ECOS
BASE_RATE,한국은행 기준금리,D,722Y001,1.3.1. 한국은행 기준금리 및 여수신금리,0101000,한국은행 기준금리,,,20230402,3.5,연%,ECOS
BASE_RATE,한국은행 기준금리,D,722Y001,1.3.1. 한국은행 기준금리 및 여수신금리,0101000,한국은행 기준금리,,,20230403,3.5,연%,ECOS
BASE_RATE,한국은행 기준금리,D,722Y001,1.3.1. 한국은행 기준금리 및 여수신금리,0101000,한국은행 기준금리,,,20230404,3.5,연%,ECOS
BASE_RATE,한국은행 기준금리,D,722Y001,1.3.1. 한국은행 기준금리 및 여수신금리,0101000,한국은행 기준금리,,,20230405,3.5,연%,ECOS
BASE_RATE,한국은행 기준금리,D,722Y001,1.3.1. 한국은행 기준금리 및 여수신금리,0101000,한국은행 기준금리,,,20230406,3.5,연%,ECOS
BASE_RATE,한국은행 기준금리,D,722Y001,1.3.1. 한국은행 기준금리 및 여수신금리,0101000,한국은행 기준금리,,,20230407,3.5,연%,ECOS
BASE_RATE,한국은행 기준금리,D,722Y001,1.3.1. 한국은행 기준금리 및 여수신금리,0101000,한국은행 기준금리,,,20230408,3.5,연%,ECOS
BASE_RATE,한국은행 기준금리,D,722Y001,1.3.1. 한국은행 기준금리 및 여수신금리,0101000,한국은행 기준금리,,,20230409,3.5,연%,ECOS
BASE_RATE,한국은행 기준금리,D,722Y001,1.3.1. 한국은행 기준금리 및 여수신금리,0101000,한국은행 기준금리,,,20230410,3.5,연%,ECOS
BASE_RATE,한국은행 기준금리,D,722Y001,1.3.1. 한국은행 기준금리 및 여수신금리,0101000,한국은행 기준금리,,,20230411,3.5,연%,ECOS
BASE_RATE,한국은행 기준금리,D,722Y001,1.3.1. 한국은행 기준금리 및 여수신금리,0101000,한국은행 기준금리,,,20230412,3.5,연%,ECOS
BASE_RATE,한국은행 기준금리,D,722Y001,1.3.1. 한국은행 기준금리 및 여수신금리,0101000,한국은행 기준금리,,,20230413,3.5,연%,ECOS
BASE_RATE,한국은행 기준금리,D,722Y001,1.3.1. 한국은행 기준금리 및 여수신금리,0101000,한국은행 기준금리,,,20230414,3.5,연%,ECOS
BASE_RATE,한국은행 기준금리,D,722Y001,1.3.1. 한국은행 기준금리 및 여수신금리,0101000,한국은행 기준금리,,,20230415,3.5,연%,ECOS
BASE_RATE,한국은행 기준금리,D,722Y001,1.3.1. 한국은행 기준금리 및 여수신금리,0101000,한국은행 기준금리,,,20230416,3.5,연%,ECOS
BASE_RATE,한국은행 기준금리,D,722Y001,1.3.1. 한국은행 기준금리 및 여수신금리,0101000,한국은행 기준금리,,,20230417,3.5,연%,ECOS
BASE_RATE,한국은행 기준금리,D,722Y001,1.3.1. 한국은행 기준금리 및 여수신금리,0101000,한국은행 기준금리,,,20230418,3.5,연%,ECOS
BASE_RATE,한국은행 기준금리,D,722Y001,1.3.1. 한국은행 기준금리 및 여수신금리,0101000,한국은행 기준금리,,,20230419,3.5,연%,ECOS
BASE_RATE,한국은행 기준금리,D,722Y001,1.3.1. 한국은행 기준금리 및 여수신금리,0101000,한국은행 기준금리,,,20230420,3.5,연%,ECOS
BASE_RATE,한국은행 기준금리,D,722Y001,1.3.1. 한국은행 기준금리 및 여수신금리,0101000,한국은행 기준금리,,,20230421,3.5,연%,ECOS
BASE_RATE,한국은행 기준금리,D,722Y001,1.3.1. 한국은행 기준금리 및 여수신금리,0101000,한국은행 기준금리,,,20230422,3.5,연%,ECOS
BASE_RATE,한국은행 기준금리,D,722Y001,1.3.1. 한국은행 기준금리 및 여수신금리,0101000,한국은행 기준금리,,,20230423,3.5,연%,ECOS
BASE_RATE,한국은행 기준금리,D,722Y001,1.3.1. 한국은행 기준금리 및 여수신금리,0101000,한국은행 기준금리,,,20230424,3.5,연%,ECOS
BASE_RATE,한국은행 기준금리,D,722Y001,1.3.1. 한국은행 기준금리 및 여수신금리,0101000,한국은행 기준금리,,,20230425,3.5,연%,ECOS
BASE_RATE,한국은행 기준금리,D,722Y001,1.3.1. 한국은행 기준금리 및 여수신금리,0101000,한국은행 기준금리,,,20230426,3.5,연%,ECOS
BASE_RATE,한국은행 기준금리,D,722Y001,1.3.1. 한국은행 기준금리 및 여수신금리,0101000,한국은행 기준금리,,,20230427,3.5,연%,ECOS
BASE_RATE,한국은행 기준금리,D,722Y001,1.3.1. 한국은행 기준금리 및 여수신금리,0101000,한국은행 기준금리,,,20230428,3.5,연%,ECOS
BASE_RATE,한국은행 기준금리,D,722Y001,1.3.1. 한국은행 기준금리 및 여수신금리,0101000,한국은행 기준금리,,,20230429,3.5,연%,ECOS
BASE_RATE,한국은행 기준금리,D,722Y001,1.3.1. 한국은행 기준금리 및 여수신금리,0101000,한국은행 기준금리,,,20230430,3.5,연%,ECOS
BASE_RATE,한국은행 기준금리,D,722Y001,1.3.1. 한국은행 기준금리 및 여수신금리,0101000,한국은행 기준금리,,,20230501,3.5,연%,ECOS
BASE_RATE,한국은행 기준금리,D,722Y001,1.3.1. 한국은행 기준금리 및 여수신금리,0101000,한국은행 기준금리,,,20230502,3.5,연%,ECOS
BASE_RATE,한국은행 기준금리,D,722Y001,1.3.1. 한국은행 기준금리 및 여수신금리,0101000,한국은행 기준금리,,,20230503,3.5,연%,ECOS
BASE_RATE,한국은행 기준금리,D,722Y001,1.3.1. 한국은행 기준금리 및 여수신금리,0101000,한국은행 기준금리,,,20230504,3.5,연%,ECOS
BASE_RATE,한국은행 기준금리,D,722Y001,1.3.1. 한국은행 기준금리 및 여수신금리,0101000,한국은행 기준금리,,,20230505,3.5,연%,ECOS
BASE_RATE,한국은행 기준금리,D,722Y001,1.3.1. 한국은행 기준금리 및 여수신금리,0101000,한국은행 기준금리,,,20230506,3.5,연%,ECOS
BASE_RATE,한국은행 기준금리,D,722Y001,1.3.1. 한국은행 기준금리 및 여수신금리,0101000,한국은행 기준금리,,,20230507,3.5,연%,ECOS
BASE_RATE,한국은행 기준금리,D,722Y001,1.3.1. 한국은행 기준금리 및 여수신금리,0101000,한국은행 기준금리,,,20230508,3.5,연%,ECOS
BASE_RATE,한국은행 기준금리,D,722Y001,1.3.1. 한국은행 기준금리 및 여수신금리,0101000,한국은행 기준금리,,,20230509,3.5,연%,ECOS
BASE_RATE,한국은행 기준금리,D,722Y001,1.3.1. 한국은행 기준금리 및 여수신금리,0101000,한국은행 기준금리,,,20230510,3.5,연%,ECOS
BASE_RATE,한국은행 기준금리,D,722Y001,1.3.1. 한국은행 기준금리 및 여수신금리,0101000,한국은행 기준금리,,,20230511,3.5,연%,ECOS
BASE_RATE,한국은행 기준금리,D,722Y001,1.3.1. 한국은행 기준금리 및 여수신금리,0101000,한국은행 기준금리,,,20230512,3.5,연%,ECOS
BASE_RATE,한국은행 기준금리,D,722Y001,1.3.1. 한국은행 기준금리 및 여수신금리,0101000,한국은행 기준금리,,,20230513,3.5,연%,ECOS
BASE_RATE,한국은행 기준금리,D,722Y001,1.3.1. 한국은행 기준금리 및 여수신금리,0101000,한국은행 기준금리,,,20230514,3.5,연%,ECOS
BASE_RATE,한국은행 기준금리,D,722Y001,1.3.1. 한국은행 기준금리 및 여수신금리,0101000,한국은행 기준금리,,,20230515,3.5,연%,ECOS
BASE_RATE,한국은행 기준금리,D,722Y001,1.3.1. 한국은행 기준금리 및 여수신금리,0101000,한국은행 기준금리,,,20230516,3.5,연%,ECOS
BASE_RATE,한국은행 기준금리,D,722Y001,1.3.1. 한국은행 기준금리 및 여수신금리,0101000,한국은행 기준금리,,,20230517,3.5,연%,ECOS
BASE_RATE,한국은행 기준금리,D,722Y001,1.3.1. 한국은행 기준금리 및 여수신금리,0101000,한국은행 기준금리,,,20230518,3.5,연%,ECOS
BASE_RATE,한국은행 기준금리,D,722Y001,1.3.1. 한국은행 기준금리 및 여수신금리,0101000,한국은행 기준금리,,,20230519,3.5,연%,ECOS
BASE_RATE,한국은행 기준금리,D,722Y001,1.3.1. 한국은행 기준금리 및 여수신금리,0101000,한국은행 기준금리,,,20230520,3.5,연%,ECOS
BASE_RATE,한국은행 기준금리,D,722Y001,1.3.1. 한국은행 기준금리 및 여수신금리,0101000,한국은행 기준금리,,,20230521,3.5,연%,ECOS
BASE_RATE,한국은행 기준금리,D,722Y001,1.3.1. 한국은행 기준금리 및 여수신금리,0101000,한국은행 기준금리,,,20230522,3.5,연%,ECOS
BASE_RATE,한국은행 기준금리,D,722Y001,1.3.1. 한국은행 기준금리 및 여수신금리,0101000,한국은행 기준금리,,,20230523,3.5,연%,ECOS
BASE_RATE,한국은행 기준금리,D,722Y001,1.3.1. 한국은행 기준금리 및 여수신금리,0101000,한국은행 기준금리,,,20230524,3.5,연%,ECOS
BASE_RATE,한국은행 기준금리,D,722Y001,1.3.1. 한국은행 기준금리 및 여수신금리,0101000,한국은행 기준금리,,,20230525,3.5,연%,ECOS
BASE_RATE,한국은행 기준금리,D,722Y001,1.3.1. 한국은행 기준금리 및 여수신금리,0101000,한국은행 기준금리,,,20230526,3.5,연%,ECOS
BASE_RATE,한국은행 기준금리,D,722Y001,1.3.1. 한국은행 기준금리 및 여수신금리,0101000,한국은행 기준금리,,,20230527,3.5,연%,ECOS
BASE_RATE,한국은행 기준금리,D,722Y001,1.3.1. 한국은행 기준금리 및 여수신금리,0101000,한국은행 기준금리,,,20230528,3.5,연%,ECOS
BASE_RATE,한국은행 기준금리,D,722Y001,1.3.1. 한국은행 기준금리 및 여수신금리,0101000,한국은행 기준금리,,,20230529,3.5,연%,ECOS
BASE_RATE,한국은행 기준금리,D,722Y001,1.3.1. 한국은행 기준금리 및 여수신금리,0101000,한국은행 기준금리,,,20230530,3.5,연%,ECOS
BASE_RATE,한국은행 기준금리,D,722Y001,1.3.1. 한국은행 기준금리 및 여수신금리,0101000,한국은행 기준금리,,,20230531,3.5,연%,ECOS
BASE_RATE,한국은행 기준금리,D,722Y001,1.3.1. 한국은행 기준금리 및 여수신금리,0101000,한국은행 기준금리,,,20230601,3.5,연%,ECOS
BASE_RATE,한국은행 기준금리,D,722Y001,1.3.1. 한국은행 기준금리 및 여수신금리,0101000,한국은행 기준금리,,,20230602,3.5,연%,ECOS
BASE_RATE,한국은행 기준금리,D,722Y001,1.3.1. 한국은행 기준금리 및 여수신금리,0101000,한국은행 기준금리,,,20230603,3.5,연%,ECOS
BASE_RATE,한국은행 기준금리,D,722Y001,1.3.1. 한국은행 기준금리 및 여수신금리,0101000,한국은행 기준금리,,,20230604,3.5,연%,ECOS
BASE_RATE,한국은행 기준금리,D,722Y001,1.3.1. 한국은행 기준금리 및 여수신금리,0101000,한국은행 기준금리,,,20230605,3.5,연%,ECOS
BASE_RATE,한국은행 기준금리,D,722Y001,1.3.1. 한국은행 기준금리 및 여수신금리,0101000,한국은행 기준금리,,,20230606,3.5,연%,ECOS
BASE_RATE,한국은행 기준금리,D,722Y001,1.3.1. 한국은행 기준금리 및 여수신금리,0101000,한국은행 기준금리,,,20230607,3.5,연%,ECOS
BASE_RATE,한국은행 기준금리,D,722Y001,1.3.1. 한국은행 기준금리 및 여수신금리,0101000,한국은행 기준금리,,,20230608,3.5,연%,ECOS
BASE_RATE,한국은행 기준금리,D,722Y001,1.3.1. 한국은행 기준금리 및 여수신금리,0101000,한국은행 기준금리,,,20230609,3.5,연%,ECOS
BASE_RATE,한국은행 기준금리,D,722Y001,1.3.1. 한국은행 기준금리 및 여수신금리,0101000,한국은행 기준금리,,,20230610,3.5,연%,ECOS
BASE_RATE,한국은행 기준금리,D,722Y001,1.3.1. 한국은행 기준금리 및 여수신금리,0101000,한국은행 기준금리,,,20230611,3.5,연%,ECOS
BASE_RATE,한국은행 기준금리,D,722Y001,1.3.1. 한국은행 기준금리 및 여수신금리,0101000,한국은행 기준금리,,,20230612,3.5,연%,ECOS
BASE_RATE,한국은행 기준금리,D,722Y001,1.3.1. 한국은행 기준금리 및 여수신금리,0101000,한국은행 기준금리,,,20230613,3.5,연%,ECOS
BASE_RATE,한국은행 기준금리,D,722Y001,1.3.1. 한국은행 기준금리 및 여수신금리,0101000,한국은행 기준금리,,,20230614,3.5,연%,ECOS
BASE_RATE,한국은행 기준금리,D,722Y001,1.3.1. 한국은행 기준금리 및 여수신금리,0101000,한국은행 기준금리,,,20230615,3.5,연%,ECOS
BASE_RATE,한국은행 기준금리,D,722Y001,1.3.1. 한국은행 기준금리 및 여수신금리,0101000,한국은행 기준금리,,,20230616,3.5,연%,ECOS
BASE_RATE,한국은행 기준금리,D,722Y001,1.3.1. 한국은행 기준금리 및 여수신금리,0101000,한국은행 기준금리,,,20230617,3.5,연%,ECOS
BASE_RATE,한국은행 기준금리,D,722Y001,1.3.1. 한국은행 기준금리 및 여수신금리,0101000,한국은행 기준금리,,,20230618,3.5,연%,ECOS
BASE_RATE,한국은행 기준금리,D,722Y001,1.3.1. 한국은행 기준금리 및 여수신금리,0101000,한국은행 기준금리,,,20230619,3.5,연%,ECOS
BASE_RATE,한국은행 기준금리,D,722Y001,1.3.1. 한국은행 기준금리 및 여수신금리,0101000,한국은행 기준금리,,,20230620,3.5,연%,ECOS
BASE_RATE,한국은행 기준금리,D,722Y001,1.3.1. 한국은행 기준금리 및 여수신금리,0101000,한국은행 기준금리,,,20230621,3.5,연%,ECOS
BASE_RATE,한국은행 기준금리,D,722Y001,1.3.1. 한국은행 기준금리 및 여수신금리,0101000,한국은행 기준금리,,,20230622,3.5,연%,ECOS
BASE_RATE,한국은행 기준금리,D,722Y001,1.3.1. 한국은행 기준금리 및 여수신금리,0101000,한국은행 기준금리,,,20230623,3.5,연%,ECOS
BASE_RATE,한국은행 기준금리,D,722Y001,1.3.1. 한국은행 기준금리 및 여수신금리,0101000,한국은행 기준금리,,,20230624,3.5,연%,ECOS
BASE_RATE,한국은행 기준금리,D,722Y001,1.3.1. 한국은행 기준금리 및 여수신금리,0101000,한국은행 기준금리,,,20230625,3.5,연%,ECOS
BASE_RATE,한국은행 기준금리,D,722Y001,1.3.1. 한국은행 기준금리 및 여수신금리,0101000,한국은행 기준금리,,,20230626,3.5,연%,ECOS
BASE_RATE,한국은행 기준금리,D,722Y001,1.3.1. 한국은행 기준금리 및 여수신금리,0101000,한국은행 기준금리,,,20230627,3.5,연%,ECOS
BASE_RATE,한국은행 기준금리,D,722Y001,1.3.1. 한국은행 기준금리 및 여수신금리,0101000,한국은행 기준금리,,,20230628,3.5,연%,ECOS
BASE_RATE,한국은행 기준금리,D,722Y001,1.3.1. 한국은행 기준금리 및 여수신금리,0101000,한국은행 기준금리,,,20230629,3.5,연%,ECOS
BASE_RATE,한국은행 기준금리,D,722Y001,1.3.1. 한국은행 기준금리 및 여수신금리,0101000,한국은행 기준금리,,,20230630,3.5,연%,ECOS
BASE_RATE,한국은행 기준금리,D,722Y001,1.3.1. 한국은행 기준금리 및 여수신금리,0101000,한국은행 기준금리,,,20230701,3.5,연%,ECOS
BASE_RATE,한국은행 기준금리,D,722Y001,1.3.1. 한국은행 기준금리 및 여수신금리,0101000,한국은행 기준금리,,,20230702,3.5,연%,ECOS
BASE_RATE,한국은행 기준금리,D,722Y001,1.3.1. 한국은행 기준금리 및 여수신금리,0101000,한국은행 기준금리,,,20230703,3.5,연%,ECOS
BASE_RATE,한국은행 기준금리,D,722Y001,1.3.1. 한국은행 기준금리 및 여수신금리,0101000,한국은행 기준금리,,,20230704,3.5,연%,ECOS
BASE_RATE,한국은행 기준금리,D,722Y001,1.3.1. 한국은행 기준금리 및 여수신금리,0101000,한국은행 기준금리,,,20230705,3.5,연%,ECOS
BASE_RATE,한국은행 기준금리,D,722Y001,1.3.1. 한국은행 기준금리 및 여수신금리,0101000,한국은행 기준금리,,,20230706,3.5,연%,ECOS
BASE_RATE,한국은행 기준금리,D,722Y001,1.3.1. 한국은행 기준금리 및 여수신금리,0101000,한국은행 기준금리,,,20230707,3.5,연%,ECOS
BASE_RATE,한국은행 기준금리,D,722Y001,1.3.1. 한국은행 기준금리 및 여수신금리,0101000,한국은행 기준금리,,,20230708,3.5,연%,ECOS
BASE_RATE,한국은행 기준금리,D,722Y001,1.3.1. 한국은행 기준금리 및 여수신금리,0101000,한국은행 기준금리,,,20230709,3.5,연%,ECOS
BASE_RATE,한국은행 기준금리,D,722Y001,1.3.1. 한국은행 기준금리 및 여수신금리,0101000,한국은행 기준금리,,,20230710,3.5,연%,ECOS
BASE_RATE,한국은행 기준금리,D,722Y001,1.3.1. 한국은행 기준금리 및 여수신금리,0101000,한국은행 기준금리,,,20230711,3.5,연%,ECOS
BASE_RATE,한국은행 기준금리,D,722Y001,1.3.1. 한국은행 기준금리 및 여수신금리,0101000,한국은행 기준금리,,,20230712,3.5,연%,ECOS
BASE_RATE,한국은행 기준금리,D,722Y001,1.3.1. 한국은행 기준금리 및 여수신금리,0101000,한국은행 기준금리,,,20230713,3.5,연%,ECOS
BASE_RATE,한국은행 기준금리,D,722Y001,1.3.1. 한국은행 기준금리 및 여수신금리,0101000,한국은행 기준금리,,,20230714,3.5,연%,ECOS
BASE_RATE,한국은행 기준금리,D,722Y001,1.3.1. 한국은행 기준금리 및 여수신금리,0101000,한국은행 기준금리,,,20230715,3.5,연%,ECOS
BASE_RATE,한국은행 기준금리,D,722Y001,1.3.1. 한국은행 기준금리 및 여수신금리,0101000,한국은행 기준금리,,,20230716,3.5,연%,ECOS
BASE_RATE,한국은행 기준금리,D,722Y001,1.3.1. 한국은행 기준금리 및 여수신금리,0101000,한국은행 기준금리,,,20230717,3.5,연%,ECOS
BASE_RATE,한국은행 기준금리,D,722Y001,1.3.1. 한국은행 기준금리 및 여수신금리,0101000,한국은행 기준금리,,,20230718,3.5,연%,ECOS
BASE_RATE,한국은행 기준금리,D,722Y001,1.3.1. 한국은행 기준금리 및 여수신금리,0101000,한국은행 기준금리,,,20230719,3.5,연%,ECOS
BASE_RATE,한국은행 기준금리,D,722Y001,1.3.1. 한국은행 기준금리 및 여수신금리,0101000,한국은행 기준금리,,,20230720,3.5,연%,ECOS
BASE_RATE,한국은행 기준금리,D,722Y001,1.3.1. 한국은행 기준금리 및 여수신금리,0101000,한국은행 기준금리,,,20230721,3.5,연%,ECOS
BASE_RATE,한국은행 기준금리,D,722Y001,1.3.1. 한국은행 기준금리 및 여수신금리,0101000,한국은행 기준금리,,,20230722,3.5,연%,ECOS
BASE_RATE,한국은행 기준금리,D,722Y001,1.3.1. 한국은행 기준금리 및 여수신금리,0101000,한국은행 기준금리,,,20230723,3.5,연%,ECOS
BASE_RATE,한국은행 기준금리,D,722Y001,1.3.1. 한국은행 기준금리 및 여수신금리,0101000,한국은행 기준금리,,,20230724,3.5,연%,ECOS
BASE_RATE,한국은행 기준금리,D,722Y001,1.3.1. 한국은행 기준금리 및 여수신금리,0101000,한국은행 기준금리,,,20230725,3.5,연%,ECOS
BASE_RATE,한국은행 기준금리,D,722Y001,1.3.1. 한국은행 기준금리 및 여수신금리,0101000,한국은행 기준금리,,,20230726,3.5,연%,ECOS
BASE_RATE,한국은행 기준금리,D,722Y001,1.3.1. 한국은행 기준금리 및 여수신금리,0101000,한국은행 기준금리,,,20230727,3.5,연%,ECOS
BASE_RATE,한국은행 기준금리,D,722Y001,1.3.1. 한국은행 기준금리 및 여수신금리,0101000,한국은행 기준금리,,,20230728,3.5,연%,ECOS
BASE_RATE,한국은행 기준금리,D,722Y001,1.3.1. 한국은행 기준금리 및 여수신금리,0101000,한국은행 기준금리,,,20230729,3.5,연%,ECOS
BASE_RATE,한국은행 기준금리,D,722Y001,1.3.1. 한국은행 기준금리 및 여수신금리,0101000,한국은행 기준금리,,,20230730,3.5,연%,ECOS
BASE_RATE,한국은행 기준금리,D,722Y001,1.3.1. 한국은행 기준금리 및 여수신금리,0101000,한국은행 기준금리,,,20230731,3.5,연%,ECOS
BASE_RATE,한국은행 기준금리,D,722Y001,1.3.1. 한국은행 기준금리 및 여수신금리,0101000,한국은행 기준금리,,,20230801,3.5,연%,ECOS
BASE_RATE,한국은행 기준금리,D,722Y001,1.3.1. 한국은행 기준금리 및 여수신금리,0101000,한국은행 기준금리,,,20230802,3.5,연%,ECOS
BASE_RATE,한국은행 기준금리,D,722Y001,1.3.1. 한국은행 기준금리 및 여수신금리,0101000,한국은행 기준금리,,,20230803,3.5,연%,ECOS
BASE_RATE,한국은행 기준금리,D,722Y001,1.3.1. 한국은행 기준금리 및 여수신금리,0101000,한국은행 기준금리,,,20230804,3.5,연%,ECOS
BASE_RATE,한국은행 기준금리,D,722Y001,1.3.1. 한국은행 기준금리 및 여수신금리,0101000,한국은행 기준금리,,,20230805,3.5,연%,ECOS
BASE_RATE,한국은행 기준금리,D,722Y001,1.3.1. 한국은행 기준금리 및 여수신금리,0101000,한국은행 기준금리,,,20230806,3.5,연%,ECOS
BASE_RATE,한국은행 기준금리,D,722Y001,1.3.1. 한국은행 기준금리 및 여수신금리,0101000,한국은행 기준금리,,,20230807,3.5,연%,ECOS
BASE_RATE,한국은행 기준금리,D,722Y001,1.3.1. 한국은행 기준금리 및 여수신금리,0101000,한국은행 기준금리,,,20230808,3.5,연%,ECOS
BASE_RATE,한국은행 기준금리,D,722Y001,1.3.1. 한국은행 기준금리 및 여수신금리,0101000,한국은행 기준금리,,,20230809,3.5,연%,ECOS
BASE_RATE,한국은행 기준금리,D,722Y001,1.3.1. 한국은행 기준금리 및 여수신금리,0101000,한국은행 기준금리,,,20230810,3.5,연%,ECOS
BASE_RATE,한국은행 기준금리,D,722Y001,1.3.1. 한국은행 기준금리 및 여수신금리,0101000,한국은행 기준금리,,,20230811,3.5,연%,ECOS
BASE_RATE,한국은행 기준금리,D,722Y001,1.3.1. 한국은행 기준금리 및 여수신금리,0101000,한국은행 기준금리,,,20230812,3.5,연%,ECOS
BASE_RATE,한국은행 기준금리,D,722Y001,1.3.1. 한국은행 기준금리 및 여수신금리,0101000,한국은행 기준금리,,,20230813,3.5,연%,ECOS
BASE_RATE,한국은행 기준금리,D,722Y001,1.3.1. 한국은행 기준금리 및 여수신금리,0101000,한국은행 기준금리,,,20230814,3.5,연%,ECOS
BASE_RATE,한국은행 기준금리,D,722Y001,1.3.1. 한국은행 기준금리 및 여수신금리,0101000,한국은행 기준금리,,,20230815,3.5,연%,ECOS
BASE_RATE,한국은행 기준금리,D,722Y001,1.3.1. 한국은행 기준금리 및 여수신금리,0101000,한국은행 기준금리,,,20230816,3.5,연%,ECOS
BASE_RATE,한국은행 기준금리,D,722Y001,1.3.1. 한국은행 기준금리 및 여수신금리,0101000,한국은행 기준금리,,,20230817,3.5,연%,ECOS
BASE_RATE,한국은행 기준금리,D,722Y001,1.3.1. 한국은행 기준금리 및 여수신금리,0101000,한국은행 기준금리,,,20230818,3.5,연%,ECOS
BASE_RATE,한국은행 기준금리,D,722Y001,1.3.1. 한국은행 기준금리 및 여수신금리,0101000,한국은행 기준금리,,,20230819,3.5,연%,ECOS
BASE_RATE,한국은행 기준금리,D,722Y001,1.3.1. 한국은행 기준금리 및 여수신금리,0101000,한국은행 기준금리,,,20230820,3.5,연%,ECOS
BASE_RATE,한국은행 기준금리,D,722Y001,1.3.1. 한국은행 기준금리 및 여수신금리,0101000,한국은행 기준금리,,,20230821,3.5,연%,ECOS
BASE_RATE,한국은행 기준금리,D,722Y001,1.3.1. 한국은행 기준금리 및 여수신금리,0101000,한국은행 기준금리,,,20230822,3.5,연%,ECOS
BASE_RATE,한국은행 기준금리,D,722Y001,1.3.1. 한국은행 기준금리 및 여수신금리,0101000,한국은행 기준금리,,,20230823,3.5,연%,ECOS
BASE_RATE,한국은행 기준금리,D,722Y001,1.3.1. 한국은행 기준금리 및 여수신금리,0101000,한국은행 기준금리,,,20230824,3.5,연%,ECOS
BASE_RATE,한국은행 기준금리,D,722Y001,1.3.1. 한국은행 기준금리 및 여수신금리,0101000,한국은행 기준금리,,,20230825,3.5,연%,ECOS
BASE_RATE,한국은행 기준금리,D,722Y001,1.3.1. 한국은행 기준금리 및 여수신금리,0101000,한국은행 기준금리,,,20230826,3.5,연%,ECOS
BASE_RATE,한국은행 기준금리,D,722Y001,1.3.1. 한국은행 기준금리 및 여수신금리,0101000,한국은행 기준금리,,,20230827,3.5,연%,ECOS
BASE_RATE,한국은행 기준금리,D,722Y001,1.3.1. 한국은행 기준금리 및 여수신금리,0101000,한국은행 기준금리,,,20230828,3.5,연%,ECOS
BASE_RATE,한국은행 기준금리,D,722Y001,1.3.1. 한국은행 기준금리 및 여수신금리,0101000,한국은행 기준금리,,,20230829,3.5,연%,ECOS
BASE_RATE,한국은행 기준금리,D,722Y001,1.3.1. 한국은행 기준금리 및 여수신금리,0101000,한국은행 기준금리,,,20230830,3.5,연%,ECOS
BASE_RATE,한국은행 기준금리,D,722Y001,1.3.1. 한국은행 기준금리 및 여수신금리,0101000,한국은행 기준금리,,,20230831,3.5,연%,ECOS
BASE_RATE,한국은행 기준금리,D,722Y001,1.3.1. 한국은행 기준금리 및 여수신금리,0101000,한국은행 기준금리,,,20230901,3.5,연%,ECOS
BASE_RATE,한국은행 기준금리,D,722Y001,1.3.1. 한국은행 기준금리 및 여수신금리,0101000,한국은행 기준금리,,,20230902,3.5,연%,ECOS
BASE_RATE,한국은행 기준금리,D,722Y001,1.3.1. 한국은행 기준금리 및 여수신금리,0101000,한국은행 기준금리,,,20230903,3.5,연%,ECOS
BASE_RATE,한국은행 기준금리,D,722Y001,1.3.1. 한국은행 기준금리 및 여수신금리,0101000,한국은행 기준금리,,,20230904,3.5,연%,ECOS
BASE_RATE,한국은행 기준금리,D,722Y001,1.3.1. 한국은행 기준금리 및 여수신금리,0101000,한국은행 기준금리,,,20230905,3.5,연%,ECOS
BASE_RATE,한국은행 기준금리,D,722Y001,1.3.1. 한국은행 기준금리 및 여수신금리,0101000,한국은행 기준금리,,,20230906,3.5,연%,ECOS
BASE_RATE,한국은행 기준금리,D,722Y001,1.3.1. 한국은행 기준금리 및 여수신금리,0101000,한국은행 기준금리,,,20230907,3.5,연%,ECOS
BASE_RATE,한국은행 기준금리,D,722Y001,1.3.1. 한국은행 기준금리 및 여수신금리,0101000,한국은행 기준금리,,,20230908,3.5,연%,ECOS
BASE_RATE,한국은행 기준금리,D,722Y001,1.3.1. 한국은행 기준금리 및 여수신금리,0101000,한국은행 기준금리,,,20230909,3.5,연%,ECOS
BASE_RATE,한국은행 기준금리,D,722Y001,1.3.1. 한국은행 기준금리 및 여수신금리,0101000,한국은행 기준금리,,,20230910,3.5,연%,ECOS
BASE_RATE,한국은행 기준금리,D,722Y001,1.3.1. 한국은행 기준금리 및 여수신금리,0101000,한국은행 기준금리,,,20230911,3.5,연%,ECOS
BASE_RATE,한국은행 기준금리,D,722Y001,1.3.1. 한국은행 기준금리 및 여수신금리,0101000,한국은행 기준금리,,,20230912,3.5,연%,ECOS
BASE_RATE,한국은행 기준금리,D,722Y001,1.3.1. 한국은행 기준금리 및 여수신금리,0101000,한국은행 기준금리,,,20230913,3.5,연%,ECOS
BASE_RATE,한국은행 기준금리,D,722Y001,1.3.1. 한국은행 기준금리 및 여수신금리,0101000,한국은행 기준금리,,,20230914,3.5,연%,ECOS
BASE_RATE,한국은행 기준금리,D,722Y001,1.3.1. 한국은행 기준금리 및 여수신금리,0101000,한국은행 기준금리,,,20230915,3.5,연%,ECOS
BASE_RATE,한국은행 기준금리,D,722Y001,1.3.1. 한국은행 기준금리 및 여수신금리,0101000,한국은행 기준금리,,,20230916,3.5,연%,ECOS
BASE_RATE,한국은행 기준금리,D,722Y001,1.3.1. 한국은행 기준금리 및 여수신금리,0101000,한국은행 기준금리,,,20230917,3.5,연%,ECOS
BASE_RATE,한국은행 기준금리,D,722Y001,1.3.1. 한국은행 기준금리 및 여수신금리,0101000,한국은행 기준금리,,,20230918,3.5,연%,ECOS
BASE_RATE,한국은행 기준금리,D,722Y001,1.3.1. 한국은행 기준금리 및 여수신금리,0101000,한국은행 기준금리,,,20230919,3.5,연%,ECOS
BASE_RATE,한국은행 기준금리,D,722Y001,1.3.1. 한국은행 기준금리 및 여수신금리,0101000,한국은행 기준금리,,,20230920,3.5,연%,ECOS
BASE_RATE,한국은행 기준금리,D,722Y001,1.3.1. 한국은행 기준금리 및 여수신금리,0101000,한국은행 기준금리,,,20230921,3.5,연%,ECOS
BASE_RATE,한국은행 기준금리,D,722Y001,1.3.1. 한국은행 기준금리 및 여수신금리,0101000,한국은행 기준금리,,,20230922,3.5,연%,ECOS
BASE_RATE,한국은행 기준금리,D,722Y001,1.3.1. 한국은행 기준금리 및 여수신금리,0101000,한국은행 기준금리,,,20230923,3.5,연%,ECOS
BASE_RATE,한국은행 기준금리,D,722Y001,1.3.1. 한국은행 기준금리 및 여수신금리,0101000,한국은행 기준금리,,,20230924,3.5,연%,ECOS
BASE_RATE,한국은행 기준금리,D,722Y001,1.3.1. 한국은행 기준금리 및 여수신금리,0101000,한국은행 기준금리,,,20230925,3.5,연%,ECOS
BASE_RATE,한국은행 기준금리,D,722Y001,1.3.1. 한국은행 기준금리 및 여수신금리,0101000,한국은행 기준금리,,,20230926,3.5,연%,ECOS
BASE_RATE,한국은행 기준금리,D,722Y001,1.3.1. 한국은행 기준금리 및 여수신금리,0101000,한국은행 기준금리,,,20230927,3.5,연%,ECOS
BASE_RATE,한국은행 기준금리,D,722Y001,1.3.1. 한국은행 기준금리 및 여수신금리,0101000,한국은행 기준금리,,,20230928,3.5,연%,ECOS
BASE_RATE,한국은행 기준금리,D,722Y001,1.3.1. 한국은행 기준금리 및 여수신금리,0101000,한국은행 기준금리,,,20230929,3.5,연%,ECOS
BASE_RATE,한국은행 기준금리,D,722Y001,1.3.1. 한국은행 기준금리 및 여수신금리,0101000,한국은행 기준금리,,,20230930,3.5,연%,ECOS
BASE_RATE,한국은행 기준금리,D,722Y001,1.3.1. 한국은행 기준금리 및 여수신금리,0101000,한국은행 기준금리,,,20231001,3.5,연%,ECOS
BASE_RATE,한국은행 기준금리,D,722Y001,1.3.1. 한국은행 기준금리 및 여수신금리,0101000,한국은행 기준금리,,,20231002,3.5,연%,ECOS
BASE_RATE,한국은행 기준금리,D,722Y001,1.3.1. 한국은행 기준금리 및 여수신금리,0101000,한국은행 기준금리,,,20231003,3.5,연%,ECOS
BASE_RATE,한국은행 기준금리,D,722Y001,1.3.1. 한국은행 기준금리 및 여수신금리,0101000,한국은행 기준금리,,,20231004,3.5,연%,ECOS
BASE_RATE,한국은행 기준금리,D,722Y001,1.3.1. 한국은행 기준금리 및 여수신금리,0101000,한국은행 기준금리,,,20231005,3.5,연%,ECOS
BASE_RATE,한국은행 기준금리,D,722Y001,1.3.1. 한국은행 기준금리 및 여수신금리,0101000,한국은행 기준금리,,,20231006,3.5,연%,ECOS
BASE_RATE,한국은행 기준금리,D,722Y001,1.3.1. 한국은행 기준금리 및 여수신금리,0101000,한국은행 기준금리,,,20231007,3.5,연%,ECOS
BASE_RATE,한국은행 기준금리,D,722Y001,1.3.1. 한국은행 기준금리 및 여수신금리,0101000,한국은행 기준금리,,,20231008,3.5,연%,ECOS
BASE_RATE,한국은행 기준금리,D,722Y001,1.3.1. 한국은행 기준금리 및 여수신금리,0101000,한국은행 기준금리,,,20231009,3.5,연%,ECOS
BASE_RATE,한국은행 기준금리,D,722Y001,1.3.1. 한국은행 기준금리 및 여수신금리,0101000,한국은행 기준금리,,,20231010,3.5,연%,ECOS
BASE_RATE,한국은행 기준금리,D,722Y001,1.3.1. 한국은행 기준금리 및 여수신금리,0101000,한국은행 기준금리,,,20231011,3.5,연%,ECOS
BASE_RATE,한국은행 기준금리,D,722Y001,1.3.1. 한국은행 기준금리 및 여수신금리,0101000,한국은행 기준금리,,,20231012,3.5,연%,ECOS
BASE_RATE,한국은행 기준금리,D,722Y001,1.3.1. 한국은행 기준금리 및 여수신금리,0101000,한국은행 기준금리,,,20231013,3.5,연%,ECOS
BASE_RATE,한국은행 기준금리,D,722Y001,1.3.1. 한국은행 기준금리 및 여수신금리,0101000,한국은행 기준금리,,,20231014,3.5,연%,ECOS
BASE_RATE,한국은행 기준금리,D,722Y001,1.3.1. 한국은행 기준금리 및 여수신금리,0101000,한국은행 기준금리,,,20231015,3.5,연%,ECOS
BASE_RATE,한국은행 기준금리,D,722Y001,1.3.1. 한국은행 기준금리 및 여수신금리,0101000,한국은행 기준금리,,,20231016,3.5,연%,ECOS
BASE_RATE,한국은행 기준금리,D,722Y001,1.3.1. 한국은행 기준금리 및 여수신금리,0101000,한국은행 기준금리,,,20231017,3.5,연%,ECOS
BASE_RATE,한국은행 기준금리,D,722Y001,1.3.1. 한국은행 기준금리 및 여수신금리,0101000,한국은행 기준금리,,,20231018,3.5,연%,ECOS
BASE_RATE,한국은행 기준금리,D,722Y001,1.3.1. 한국은행 기준금리 및 여수신금리,0101000,한국은행 기준금리,,,20231019,3.5,연%,ECOS
BASE_RATE,한국은행 기준금리,D,722Y001,1.3.1. 한국은행 기준금리 및 여수신금리,0101000,한국은행 기준금리,,,20231020,3.5,연%,ECOS
BASE_RATE,한국은행 기준금리,D,722Y001,1.3.1. 한국은행 기준금리 및 여수신금리,0101000,한국은행 기준금리,,,20231021,3.5,연%,ECOS
BASE_RATE,한국은행 기준금리,D,722Y001,1.3.1. 한국은행 기준금리 및 여수신금리,0101000,한국은행 기준금리,,,20231022,3.5,연%,ECOS
BASE_RATE,한국은행 기준금리,D,722Y001,1.3.1. 한국은행 기준금리 및 여수신금리,0101000,한국은행 기준금리,,,20231023,3.5,연%,ECOS
BASE_RATE,한국은행 기준금리,D,722Y001,1.3.1. 한국은행 기준금리 및 여수신금리,0101000,한국은행 기준금리,,,20231024,3.5,연%,ECOS
BASE_RATE,한국은행 기준금리,D,722Y001,1.3.1. 한국은행 기준금리 및 여수신금리,0101000,한국은행 기준금리,,,20231025,3.5,연%,ECOS
BASE_RATE,한국은행 기준금리,D,722Y001,1.3.1. 한국은행 기준금리 및 여수신금리,0101000,한국은행 기준금리,,,20231026,3.5,연%,ECOS
BASE_RATE,한국은행 기준금리,D,722Y001,1.3.1. 한국은행 기준금리 및 여수신금리,0101000,한국은행 기준금리,,,20231027,3.5,연%,ECOS
BASE_RATE,한국은행 기준금리,D,722Y001,1.3.1. 한국은행 기준금리 및 여수신금리,0101000,한국은행 기준금리,,,20231028,3.5,연%,ECOS
BASE_RATE,한국은행 기준금리,D,722Y001,1.3.1. 한국은행 기준금리 및 여수신금리,0101000,한국은행 기준금리,,,20231029,3.5,연%,ECOS
BASE_RATE,한국은행 기준금리,D,722Y001,1.3.1. 한국은행 기준금리 및 여수신금리,0101000,한국은행 기준금리,,,20231030,3.5,연%,ECOS
BASE_RATE,한국은행 기준금리,D,722Y001,1.3.1. 한국은행 기준금리 및 여수신금리,0101000,한국은행 기준금리,,,20231031,3.5,연%,ECOS
BASE_RATE,한국은행 기준금리,D,722Y001,1.3.1. 한국은행 기준금리 및 여수신금리,0101000,한국은행 기준금리,,,20231101,3.5,연%,ECOS
BASE_RATE,한국은행 기준금리,D,722Y001,1.3.1. 한국은행 기준금리 및 여수신금리,0101000,한국은행 기준금리,,,20231102,3.5,연%,ECOS
BASE_RATE,한국은행 기준금리,D,722Y001,1.3.1. 한국은행 기준금리 및 여수신금리,0101000,한국은행 기준금리,,,20231103,3.5,연%,ECOS
BASE_RATE,한국은행 기준금리,D,722Y001,1.3.1. 한국은행 기준금리 및 여수신금리,0101000,한국은행 기준금리,,,20231104,3.5,연%,ECOS
BASE_RATE,한국은행 기준금리,D,722Y001,1.3.1. 한국은행 기준금리 및 여수신금리,0101000,한국은행 기준금리,,,20231105,3.5,연%,ECOS
BASE_RATE,한국은행 기준금리,D,722Y001,1.3.1. 한국은행 기준금리 및 여수신금리,0101000,한국은행 기준금리,,,20231106,3.5,연%,ECOS
BASE_RATE,한국은행 기준금리,D,722Y001,1.3.1. 한국은행 기준금리 및 여수신금리,0101000,한국은행 기준금리,,,20231107,3.5,연%,ECOS
BASE_RATE,한국은행 기준금리,D,722Y001,1.3.1. 한국은행 기준금리 및 여수신금리,0101000,한국은행 기준금리,,,20231108,3.5,연%,ECOS
BASE_RATE,한국은행 기준금리,D,722Y001,1.3.1. 한국은행 기준금리 및 여수신금리,0101000,한국은행 기준금리,,,20231109,3.5,연%,ECOS
BASE_RATE,한국은행 기준금리,D,722Y001,1.3.1. 한국은행 기준금리 및 여수신금리,0101000,한국은행 기준금리,,,20231110,3.5,연%,ECOS
BASE_RATE,한국은행 기준금리,D,722Y001,1.3.1. 한국은행 기준금리 및 여수신금리,0101000,한국은행 기준금리,,,20231111,3.5,연%,ECOS
BASE_RATE,한국은행 기준금리,D,722Y001,1.3.1. 한국은행 기준금리 및 여수신금리,0101000,한국은행 기준금리,,,20231112,3.5,연%,ECOS
BASE_RATE,한국은행 기준금리,D,722Y001,1.3.1. 한국은행 기준금리 및 여수신금리,0101000,한국은행 기준금리,,,20231113,3.5,연%,ECOS
BASE_RATE,한국은행 기준금리,D,722Y001,1.3.1. 한국은행 기준금리 및 여수신금리,0101000,한국은행 기준금리,,,20231114,3.5,연%,ECOS
BASE_RATE,한국은행 기준금리,D,722Y001,1.3.1. 한국은행 기준금리 및 여수신금리,0101000,한국은행 기준금리,,,20231115,3.5,연%,ECOS
BASE_RATE,한국은행 기준금리,D,722Y001,1.3.1. 한국은행 기준금리 및 여수신금리,0101000,한국은행 기준금리,,,20231116,3.5,연%,ECOS
BASE_RATE,한국은행 기준금리,D,722Y001,1.3.1. 한국은행 기준금리 및 여수신금리,0101000,한국은행 기준금리,,,20231117,3.5,연%,ECOS
BASE_RATE,한국은행 기준금리,D,722Y001,1.3.1. 한국은행 기준금리 및 여수신금리,0101000,한국은행 기준금리,,,20231118,3.5,연%,ECOS
BASE_RATE,한국은행 기준금리,D,722Y001,1.3.1. 한국은행 기준금리 및 여수신금리,0101000,한국은행 기준금리,,,20231119,3.5,연%,ECOS
BASE_RATE,한국은행 기준금리,D,722Y001,1.3.1. 한국은행 기준금리 및 여수신금리,0101000,한국은행 기준금리,,,20231120,3.5,연%,ECOS
BASE_RATE,한국은행 기준금리,D,722Y001,1.3.1. 한국은행 기준금리 및 여수신금리,0101000,한국은행 기준금리,,,20231121,3.5,연%,ECOS
BASE_RATE,한국은행 기준금리,D,722Y001,1.3.1. 한국은행 기준금리 및 여수신금리,0101000,한국은행 기준금리,,,20231122,3.5,연%,ECOS
BASE_RATE,한국은행 기준금리,D,722Y001,1.3.1. 한국은행 기준금리 및 여수신금리,0101000,한국은행 기준금리,,,20231123,3.5,연%,ECOS
BASE_RATE,한국은행 기준금리,D,722Y001,1.3.1. 한국은행 기준금리 및 여수신금리,0101000,한국은행 기준금리,,,20231124,3.5,연%,ECOS
BASE_RATE,한국은행 기준금리,D,722Y001,1.3.1. 한국은행 기준금리 및 여수신금리,0101000,한국은행 기준금리,,,20231125,3.5,연%,ECOS
BASE_RATE,한국은행 기준금리,D,722Y001,1.3.1. 한국은행 기준금리 및 여수신금리,0101000,한국은행 기준금리,,,20231126,3.5,연%,ECOS
BASE_RATE,한국은행 기준금리,D,722Y001,1.3.1. 한국은행 기준금리 및 여수신금리,0101000,한국은행 기준금리,,,20231127,3.5,연%,ECOS
BASE_RATE,한국은행 기준금리,D,722Y001,1.3.1. 한국은행 기준금리 및 여수신금리,0101000,한국은행 기준금리,,,20231128,3.5,연%,ECOS
BASE_RATE,한국은행 기준금리,D,722Y001,1.3.1. 한국은행 기준금리 및 여수신금리,0101000,한국은행 기준금리,,,20231129,3.5,연%,ECOS
BASE_RATE,한국은행 기준금리,D,722Y001,1.3.1. 한국은행 기준금리 및 여수신금리,0101000,한국은행 기준금리,,,20231130,3.5,연%,ECOS
BASE_RATE,한국은행 기준금리,D,722Y001,1.3.1. 한국은행 기준금리 및 여수신금리,0101000,한국은행 기준금리,,,20231201,3.5,연%,ECOS
BASE_RATE,한국은행 기준금리,D,722Y001,1.3.1. 한국은행 기준금리 및 여수신금리,0101000,한국은행 기준금리,,,20231202,3.5,연%,ECOS
BASE_RATE,한국은행 기준금리,D,722Y001,1.3.1. 한국은행 기준금리 및 여수신금리,0101000,한국은행 기준금리,,,20231203,3.5,연%,ECOS
BASE_RATE,한국은행 기준금리,D,722Y001,1.3.1. 한국은행 기준금리 및 여수신금리,0101000,한국은행 기준금리,,,20231204,3.5,연%,ECOS
BASE_RATE,한국은행 기준금리,D,722Y001,1.3.1. 한국은행 기준금리 및 여수신금리,0101000,한국은행 기준금리,,,20231205,3.5,연%,ECOS
BASE_RATE,한국은행 기준금리,D,722Y001,1.3.1. 한국은행 기준금리 및 여수신금리,0101000,한국은행 기준금리,,,20231206,3.5,연%,ECOS
BASE_RATE,한국은행 기준금리,D,722Y001,1.3.1. 한국은행 기준금리 및 여수신금리,0101000,한국은행 기준금리,,,20231207,3.5,연%,ECOS
BASE_RATE,한국은행 기준금리,D,722Y001,1.3.1. 한국은행 기준금리 및 여수신금리,0101000,한국은행 기준금리,,,20231208,3.5,연%,ECOS
BASE_RATE,한국은행 기준금리,D,722Y001,1.3.1. 한국은행 기준금리 및 여수신금리,0101000,한국은행 기준금리,,,20231209,3.5,연%,ECOS
BASE_RATE,한국은행 기준금리,D,722Y001,1.3.1. 한국은행 기준금리 및 여수신금리,0101000,한국은행 기준금리,,,20231210,3.5,연%,ECOS
BASE_RATE,한국은행 기준금리,D,722Y001,1.3.1. 한국은행 기준금리 및 여수신금리,0101000,한국은행 기준금리,,,20231211,3.5,연%,ECOS
BASE_RATE,한국은행 기준금리,D,722Y001,1.3.1. 한국은행 기준금리 및 여수신금리,0101000,한국은행 기준금리,,,20231212,3.5,연%,ECOS
BASE_RATE,한국은행 기준금리,D,722Y001,1.3.1. 한국은행 기준금리 및 여수신금리,0101000,한국은행 기준금리,,,20231213,3.5,연%,ECOS
BASE_RATE,한국은행 기준금리,D,722Y001,1.3.1. 한국은행 기준금리 및 여수신금리,0101000,한국은행 기준금리,,,20231214,3.5,연%,ECOS
BASE_RATE,한국은행 기준금리,D,722Y001,1.3.1. 한국은행 기준금리 및 여수신금리,0101000,한국은행 기준금리,,,20231215,3.5,연%,ECOS
BASE_RATE,한국은행 기준금리,D,722Y001,1.3.1. 한국은행 기준금리 및 여수신금리,0101000,한국은행 기준금리,,,20231216,3.5,연%,ECOS
BASE_RATE,한국은행 기준금리,D,722Y001,1.3.1. 한국은행 기준금리 및 여수신금리,0101000,한국은행 기준금리,,,20231217,3.5,연%,ECOS
BASE_RATE,한국은행 기준금리,D,722Y001,1.3.1. 한국은행 기준금리 및 여수신금리,0101000,한국은행 기준금리,,,20231218,3.5,연%,ECOS
BASE_RATE,한국은행 기준금리,D,722Y001,1.3.1. 한국은행 기준금리 및 여수신금리,0101000,한국은행 기준금리,,,20231219,3.5,연%,ECOS
BASE_RATE,한국은행 기준금리,D,722Y001,1.3.1. 한국은행 기준금리 및 여수신금리,0101000,한국은행 기준금리,,,20231220,3.5,연%,ECOS
BASE_RATE,한국은행 기준금리,D,722Y001,1.3.1. 한국은행 기준금리 및 여수신금리,0101000,한국은행 기준금리,,,20231221,3.5,연%,ECOS
BASE_RATE,한국은행 기준금리,D,722Y001,1.3.1. 한국은행 기준금리 및 여수신금리,0101000,한국은행 기준금리,,,20231222,3.5,연%,ECOS
BASE_RATE,한국은행 기준금리,D,722Y001,1.3.1. 한국은행 기준금리 및 여수신금리,0101000,한국은행 기준금리,,,20231223,3.5,연%,ECOS
BASE_RATE,한국은행 기준금리,D,722Y001,1.3.1. 한국은행 기준금리 및 여수신금리,0101000,한국은행 기준금리,,,20231224,3.5,연%,ECOS
BASE_RATE,한국은행 기준금리,D,722Y001,1.3.1. 한국은행 기준금리 및 여수신금리,0101000,한국은행 기준금리,,,20231225,3.5,연%,ECOS
BASE_RATE,한국은행 기준금리,D,722Y001,1.3.1. 한국은행 기준금리 및 여수신금리,0101000,한국은행 기준금리,,,20231226,3.5,연%,ECOS
BASE_RATE,한국은행 기준금리,D,722Y001,1.3.1. 한국은행 기준금리 및 여수신금리,0101000,한국은행 기준금리,,,20231227,3.5,연%,ECOS
BASE_RATE,한국은행 기준금리,D,722Y001,1.3.1. 한국은행 기준금리 및 여수신금리,0101000,한국은행 기준금리,,,20231228,3.5,연%,ECOS
BASE_RATE,한국은행 기준금리,D,722Y001,1.3.1. 한국은행 기준금리 및 여수신금리,0101000,한국은행 기준금리,,,20231229,3.5,연%,ECOS
BASE_RATE,한국은행 기준금리,D,722Y001,1.3.1. 한국은행 기준금리 및 여수신금리,0101000,한국은행 기준금리,,,20231230,3.5,연%,ECOS
BASE_RATE,한국은행 기준금리,D,722Y001,1.3.1. 한국은행 기준금리 및 여수신금리,0101000,한국은행 기준금리,,,20231231,3.5,연%,ECOS
BASE_RATE,한국은행 기준금리,D,722Y001,1.3.1. 한국은행 기준금리 및 여수신금리,0101000,한국은행 기준금리,,,20240101,3.5,연%,ECOS
BASE_RATE,한국은행 기준금리,D,722Y001,1.3.1. 한국은행 기준금리 및 여수신금리,0101000,한국은행 기준금리,,,20240102,3.5,연%,ECOS
BASE_RATE,한국은행 기준금리,D,722Y001,1.3.1. 한국은행 기준금리 및 여수신금리,0101000,한국은행 기준금리,,,20240103,3.5,연%,ECOS
BASE_RATE,한국은행 기준금리,D,722Y001,1.3.1. 한국은행 기준금리 및 여수신금리,0101000,한국은행 기준금리,,,20240104,3.5,연%,ECOS
BASE_RATE,한국은행 기준금리,D,722Y001,1.3.1. 한국은행 기준금리 및 여수신금리,0101000,한국은행 기준금리,,,20240105,3.5,연%,ECOS
BASE_RATE,한국은행 기준금리,D,722Y001,1.3.1. 한국은행 기준금리 및 여수신금리,0101000,한국은행 기준금리,,,20240106,3.5,연%,ECOS
BASE_RATE,한국은행 기준금리,D,722Y001,1.3.1. 한국은행 기준금리 및 여수신금리,0101000,한국은행 기준금리,,,20240107,3.5,연%,ECOS
BASE_RATE,한국은행 기준금리,D,722Y001,1.3.1. 한국은행 기준금리 및 여수신금리,0101000,한국은행 기준금리,,,20240108,3.5,연%,ECOS
BASE_RATE,한국은행 기준금리,D,722Y001,1.3.1. 한국은행 기준금리 및 여수신금리,0101000,한국은행 기준금리,,,20240109,3.5,연%,ECOS
BASE_RATE,한국은행 기준금리,D,722Y001,1.3.1. 한국은행 기준금리 및 여수신금리,0101000,한국은행 기준금리,,,20240110,3.5,연%,ECOS
BASE_RATE,한국은행 기준금리,D,722Y001,1.3.1. 한국은행 기준금리 및 여수신금리,0101000,한국은행 기준금리,,,20240111,3.5,연%,ECOS
BASE_RATE,한국은행 기준금리,D,722Y001,1.3.1. 한국은행 기준금리 및 여수신금리,0101000,한국은행 기준금리,,,20240112,3.5,연%,ECOS
BASE_RATE,한국은행 기준금리,D,722Y001,1.3.1. 한국은행 기준금리 및 여수신금리,0101000,한국은행 기준금리,,,20240113,3.5,연%,ECOS
BASE_RATE,한국은행 기준금리,D,722Y001,1.3.1. 한국은행 기준금리 및 여수신금리,0101000,한국은행 기준금리,,,20240114,3.5,연%,ECOS
BASE_RATE,한국은행 기준금리,D,722Y001,1.3.1. 한국은행 기준금리 및 여수신금리,0101000,한국은행 기준금리,,,20240115,3.5,연%,ECOS
BASE_RATE,한국은행 기준금리,D,722Y001,1.3.1. 한국은행 기준금리 및 여수신금리,0101000,한국은행 기준금리,,,20240116,3.5,연%,ECOS
BASE_RATE,한국은행 기준금리,D,722Y001,1.3.1. 한국은행 기준금리 및 여수신금리,0101000,한국은행 기준금리,,,20240117,3.5,연%,ECOS
BASE_RATE,한국은행 기준금리,D,722Y001,1.3.1. 한국은행 기준금리 및 여수신금리,0101000,한국은행 기준금리,,,20240118,3.5,연%,ECOS
BASE_RATE,한국은행 기준금리,D,722Y001,1.3.1. 한국은행 기준금리 및 여수신금리,0101000,한국은행 기준금리,,,20240119,3.5,연%,ECOS
BASE_RATE,한국은행 기준금리,D,722Y001,1.3.1. 한국은행 기준금리 및 여수신금리,0101000,한국은행 기준금리,,,20240120,3.5,연%,ECOS
BASE_RATE,한국은행 기준금리,D,722Y001,1.3.1. 한국은행 기준금리 및 여수신금리,0101000,한국은행 기준금리,,,20240121,3.5,연%,ECOS
BASE_RATE,한국은행 기준금리,D,722Y001,1.3.1. 한국은행 기준금리 및 여수신금리,0101000,한국은행 기준금리,,,20240122,3.5,연%,ECOS
BASE_RATE,한국은행 기준금리,D,722Y001,1.3.1. 한국은행 기준금리 및 여수신금리,0101000,한국은행 기준금리,,,20240123,3.5,연%,ECOS
BASE_RATE,한국은행 기준금리,D,722Y001,1.3.1. 한국은행 기준금리 및 여수신금리,0101000,한국은행 기준금리,,,20240124,3.5,연%,ECOS
BASE_RATE,한국은행 기준금리,D,722Y001,1.3.1. 한국은행 기준금리 및 여수신금리,0101000,한국은행 기준금리,,,20240125,3.5,연%,ECOS
BASE_RATE,한국은행 기준금리,D,722Y001,1.3.1. 한국은행 기준금리 및 여수신금리,0101000,한국은행 기준금리,,,20240126,3.5,연%,ECOS
BASE_RATE,한국은행 기준금리,D,722Y001,1.3.1. 한국은행 기준금리 및 여수신금리,0101000,한국은행 기준금리,,,20240127,3.5,연%,ECOS
BASE_RATE,한국은행 기준금리,D,722Y001,1.3.1. 한국은행 기준금리 및 여수신금리,0101000,한국은행 기준금리,,,20240128,3.5,연%,ECOS
BASE_RATE,한국은행 기준금리,D,722Y001,1.3.1. 한국은행 기준금리 및 여수신금리,0101000,한국은행 기준금리,,,20240129,3.5,연%,ECOS
BASE_RATE,한국은행 기준금리,D,722Y001,1.3.1. 한국은행 기준금리 및 여수신금리,0101000,한국은행 기준금리,,,20240130,3.5,연%,ECOS
BASE_RATE,한국은행 기준금리,D,722Y001,1.3.1. 한국은행 기준금리 및 여수신금리,0101000,한국은행 기준금리,,,20240131,3.5,연%,ECOS
BASE_RATE,한국은행 기준금리,D,722Y001,1.3.1. 한국은행 기준금리 및 여수신금리,0101000,한국은행 기준금리,,,20240201,3.5,연%,ECOS
BASE_RATE,한국은행 기준금리,D,722Y001,1.3.1. 한국은행 기준금리 및 여수신금리,0101000,한국은행 기준금리,,,20240202,3.5,연%,ECOS
BASE_RATE,한국은행 기준금리,D,722Y001,1.3.1. 한국은행 기준금리 및 여수신금리,0101000,한국은행 기준금리,,,20240203,3.5,연%,ECOS
BASE_RATE,한국은행 기준금리,D,722Y001,1.3.1. 한국은행 기준금리 및 여수신금리,0101000,한국은행 기준금리,,,20240204,3.5,연%,ECOS
BASE_RATE,한국은행 기준금리,D,722Y001,1.3.1. 한국은행 기준금리 및 여수신금리,0101000,한국은행 기준금리,,,20240205,3.5,연%,ECOS
BASE_RATE,한국은행 기준금리,D,722Y001,1.3.1. 한국은행 기준금리 및 여수신금리,0101000,한국은행 기준금리,,,20240206,3.5,연%,ECOS
BASE_RATE,한국은행 기준금리,D,722Y001,1.3.1. 한국은행 기준금리 및 여수신금리,0101000,한국은행 기준금리,,,20240207,3.5,연%,ECOS
BASE_RATE,한국은행 기준금리,D,722Y001,1.3.1. 한국은행 기준금리 및 여수신금리,0101000,한국은행 기준금리,,,20240208,3.5,연%,ECOS
BASE_RATE,한국은행 기준금리,D,722Y001,1.3.1. 한국은행 기준금리 및 여수신금리,0101000,한국은행 기준금리,,,20240209,3.5,연%,ECOS
BASE_RATE,한국은행 기준금리,D,722Y001,1.3.1. 한국은행 기준금리 및 여수신금리,0101000,한국은행 기준금리,,,20240210,3.5,연%,ECOS
BASE_RATE,한국은행 기준금리,D,722Y001,1.3.1. 한국은행 기준금리 및 여수신금리,0101000,한국은행 기준금리,,,20240211,3.5,연%,ECOS
BASE_RATE,한국은행 기준금리,D,722Y001,1.3.1. 한국은행 기준금리 및 여수신금리,0101000,한국은행 기준금리,,,20240212,3.5,연%,ECOS
BASE_RATE,한국은행 기준금리,D,722Y001,1.3.1. 한국은행 기준금리 및 여수신금리,0101000,한국은행 기준금리,,,20240213,3.5,연%,ECOS
BASE_RATE,한국은행 기준금리,D,722Y001,1.3.1. 한국은행 기준금리 및 여수신금리,0101000,한국은행 기준금리,,,20240214,3.5,연%,ECOS
BASE_RATE,한국은행 기준금리,D,722Y001,1.3.1. 한국은행 기준금리 및 여수신금리,0101000,한국은행 기준금리,,,20240215,3.5,연%,ECOS
BASE_RATE,한국은행 기준금리,D,722Y001,1.3.1. 한국은행 기준금리 및 여수신금리,0101000,한국은행 기준금리,,,20240216,3.5,연%,ECOS
BASE_RATE,한국은행 기준금리,D,722Y001,1.3.1. 한국은행 기준금리 및 여수신금리,0101000,한국은행 기준금리,,,20240217,3.5,연%,ECOS
BASE_RATE,한국은행 기준금리,D,722Y001,1.3.1. 한국은행 기준금리 및 여수신금리,0101000,한국은행 기준금리,,,20240218,3.5,연%,ECOS
BASE_RATE,한국은행 기준금리,D,722Y001,1.3.1. 한국은행 기준금리 및 여수신금리,0101000,한국은행 기준금리,,,20240219,3.5,연%,ECOS
BASE_RATE,한국은행 기준금리,D,722Y001,1.3.1. 한국은행 기준금리 및 여수신금리,0101000,한국은행 기준금리,,,20240220,3.5,연%,ECOS
BASE_RATE,한국은행 기준금리,D,722Y001,1.3.1. 한국은행 기준금리 및 여수신금리,0101000,한국은행 기준금리,,,20240221,3.5,연%,ECOS
BASE_RATE,한국은행 기준금리,D,722Y001,1.3.1. 한국은행 기준금리 및 여수신금리,0101000,한국은행 기준금리,,,20240222,3.5,연%,ECOS
BASE_RATE,한국은행 기준금리,D,722Y001,1.3.1. 한국은행 기준금리 및 여수신금리,0101000,한국은행 기준금리,,,20240223,3.5,연%,ECOS
BASE_RATE,한국은행 기준금리,D,722Y001,1.3.1. 한국은행 기준금리 및 여수신금리,0101000,한국은행 기준금리,,,20240224,3.5,연%,ECOS
BASE_RATE,한국은행 기준금리,D,722Y001,1.3.1. 한국은행 기준금리 및 여수신금리,0101000,한국은행 기준금리,,,20240225,3.5,연%,ECOS
BASE_RATE,한국은행 기준금리,D,722Y001,1.3.1. 한국은행 기준금리 및 여수신금리,0101000,한국은행 기준금리,,,20240226,3.5,연%,ECOS
BASE_RATE,한국은행 기준금리,D,722Y001,1.3.1. 한국은행 기준금리 및 여수신금리,0101000,한국은행 기준금리,,,20240227,3.5,연%,ECOS
BASE_RATE,한국은행 기준금리,D,722Y001,1.3.1. 한국은행 기준금리 및 여수신금리,0101000,한국은행 기준금리,,,20240228,3.5,연%,ECOS
BASE_RATE,한국은행 기준금리,D,722Y001,1.3.1. 한국은행 기준금리 및 여수신금리,0101000,한국은행 기준금리,,,20240229,3.5,연%,ECOS
BASE_RATE,한국은행 기준금리,D,722Y001,1.3.1. 한국은행 기준금리 및 여수신금리,0101000,한국은행 기준금리,,,20240301,3.5,연%,ECOS
BASE_RATE,한국은행 기준금리,D,722Y001,1.3.1. 한국은행 기준금리 및 여수신금리,0101000,한국은행 기준금리,,,20240302,3.5,연%,ECOS
BASE_RATE,한국은행 기준금리,D,722Y001,1.3.1. 한국은행 기준금리 및 여수신금리,0101000,한국은행 기준금리,,,20240303,3.5,연%,ECOS
BASE_RATE,한국은행 기준금리,D,722Y001,1.3.1. 한국은행 기준금리 및 여수신금리,0101000,한국은행 기준금리,,,20240304,3.5,연%,ECOS
BASE_RATE,한국은행 기준금리,D,722Y001,1.3.1. 한국은행 기준금리 및 여수신금리,0101000,한국은행 기준금리,,,20240305,3.5,연%,ECOS
BASE_RATE,한국은행 기준금리,D,722Y001,1.3.1. 한국은행 기준금리 및 여수신금리,0101000,한국은행 기준금리,,,20240306,3.5,연%,ECOS
BASE_RATE,한국은행 기준금리,D,722Y001,1.3.1. 한국은행 기준금리 및 여수신금리,0101000,한국은행 기준금리,,,20240307,3.5,연%,ECOS
BASE_RATE,한국은행 기준금리,D,722Y001,1.3.1. 한국은행 기준금리 및 여수신금리,0101000,한국은행 기준금리,,,20240308,3.5,연%,ECOS
BASE_RATE,한국은행 기준금리,D,722Y001,1.3.1. 한국은행 기준금리 및 여수신금리,0101000,한국은행 기준금리,,,20240309,3.5,연%,ECOS
BASE_RATE,한국은행 기준금리,D,722Y001,1.3.1. 한국은행 기준금리 및 여수신금리,0101000,한국은행 기준금리,,,20240310,3.5,연%,ECOS
BASE_RATE,한국은행 기준금리,D,722Y001,1.3.1. 한국은행 기준금리 및 여수신금리,0101000,한국은행 기준금리,,,20240311,3.5,연%,ECOS
BASE_RATE,한국은행 기준금리,D,722Y001,1.3.1. 한국은행 기준금리 및 여수신금리,0101000,한국은행 기준금리,,,20240312,3.5,연%,ECOS
BASE_RATE,한국은행 기준금리,D,722Y001,1.3.1. 한국은행 기준금리 및 여수신금리,0101000,한국은행 기준금리,,,20240313,3.5,연%,ECOS
BASE_RATE,한국은행 기준금리,D,722Y001,1.3.1. 한국은행 기준금리 및 여수신금리,0101000,한국은행 기준금리,,,20240314,3.5,연%,ECOS
BASE_RATE,한국은행 기준금리,D,722Y001,1.3.1. 한국은행 기준금리 및 여수신금리,0101000,한국은행 기준금리,,,20240315,3.5,연%,ECOS
BASE_RATE,한국은행 기준금리,D,722Y001,1.3.1. 한국은행 기준금리 및 여수신금리,0101000,한국은행 기준금리,,,20240316,3.5,연%,ECOS
BASE_RATE,한국은행 기준금리,D,722Y001,1.3.1. 한국은행 기준금리 및 여수신금리,0101000,한국은행 기준금리,,,20240317,3.5,연%,ECOS
BASE_RATE,한국은행 기준금리,D,722Y001,1.3.1. 한국은행 기준금리 및 여수신금리,0101000,한국은행 기준금리,,,20240318,3.5,연%,ECOS
BASE_RATE,한국은행 기준금리,D,722Y001,1.3.1. 한국은행 기준금리 및 여수신금리,0101000,한국은행 기준금리,,,20240319,3.5,연%,ECOS
BASE_RATE,한국은행 기준금리,D,722Y001,1.3.1. 한국은행 기준금리 및 여수신금리,0101000,한국은행 기준금리,,,20240320,3.5,연%,ECOS
BASE_RATE,한국은행 기준금리,D,722Y001,1.3.1. 한국은행 기준금리 및 여수신금리,0101000,한국은행 기준금리,,,20240321,3.5,연%,ECOS
BASE_RATE,한국은행 기준금리,D,722Y001,1.3.1. 한국은행 기준금리 및 여수신금리,0101000,한국은행 기준금리,,,20240322,3.5,연%,ECOS
BASE_RATE,한국은행 기준금리,D,722Y001,1.3.1. 한국은행 기준금리 및 여수신금리,0101000,한국은행 기준금리,,,20240323,3.5,연%,ECOS
BASE_RATE,한국은행 기준금리,D,722Y001,1.3.1. 한국은행 기준금리 및 여수신금리,0101000,한국은행 기준금리,,,20240324,3.5,연%,ECOS
BASE_RATE,한국은행 기준금리,D,722Y001,1.3.1. 한국은행 기준금리 및 여수신금리,0101000,한국은행 기준금리,,,20240325,3.5,연%,ECOS
BASE_RATE,한국은행 기준금리,D,722Y001,1.3.1. 한국은행 기준금리 및 여수신금리,0101000,한국은행 기준금리,,,20240326,3.5,연%,ECOS
BASE_RATE,한국은행 기준금리,D,722Y001,1.3.1. 한국은행 기준금리 및 여수신금리,0101000,한국은행 기준금리,,,20240327,3.5,연%,ECOS
BASE_RATE,한국은행 기준금리,D,722Y001,1.3.1. 한국은행 기준금리 및 여수신금리,0101000,한국은행 기준금리,,,20240328,3.5,연%,ECOS
BASE_RATE,한국은행 기준금리,D,722Y001,1.3.1. 한국은행 기준금리 및 여수신금리,0101000,한국은행 기준금리,,,20240329,3.5,연%,ECOS
BASE_RATE,한국은행 기준금리,D,722Y001,1.3.1. 한국은행 기준금리 및 여수신금리,0101000,한국은행 기준금리,,,20240330,3.5,연%,ECOS
BASE_RATE,한국은행 기준금리,D,722Y001,1.3.1. 한국은행 기준금리 및 여수신금리,0101000,한국은행 기준금리,,,20240331,3.5,연%,ECOS
BASE_RATE,한국은행 기준금리,D,722Y001,1.3.1. 한국은행 기준금리 및 여수신금리,0101000,한국은행 기준금리,,,20240401,3.5,연%,ECOS
BASE_RATE,한국은행 기준금리,D,722Y001,1.3.1. 한국은행 기준금리 및 여수신금리,0101000,한국은행 기준금리,,,20240402,3.5,연%,ECOS
BASE_RATE,한국은행 기준금리,D,722Y001,1.3.1. 한국은행 기준금리 및 여수신금리,0101000,한국은행 기준금리,,,20240403,3.5,연%,ECOS
BASE_RATE,한국은행 기준금리,D,722Y001,1.3.1. 한국은행 기준금리 및 여수신금리,0101000,한국은행 기준금리,,,20240404,3.5,연%,ECOS
BASE_RATE,한국은행 기준금리,D,722Y001,1.3.1. 한국은행 기준금리 및 여수신금리,0101000,한국은행 기준금리,,,20240405,3.5,연%,ECOS
BASE_RATE,한국은행 기준금리,D,722Y001,1.3.1. 한국은행 기준금리 및 여수신금리,0101000,한국은행 기준금리,,,20240406,3.5,연%,ECOS
BASE_RATE,한국은행 기준금리,D,722Y001,1.3.1. 한국은행 기준금리 및 여수신금리,0101000,한국은행 기준금리,,,20240407,3.5,연%,ECOS
BASE_RATE,한국은행 기준금리,D,722Y001,1.3.1. 한국은행 기준금리 및 여수신금리,0101000,한국은행 기준금리,,,20240408,3.5,연%,ECOS
BASE_RATE,한국은행 기준금리,D,722Y001,1.3.1. 한국은행 기준금리 및 여수신금리,0101000,한국은행 기준금리,,,20240409,3.5,연%,ECOS
BASE_RATE,한국은행 기준금리,D,722Y001,1.3.1. 한국은행 기준금리 및 여수신금리,0101000,한국은행 기준금리,,,20240410,3.5,연%,ECOS
BASE_RATE,한국은행 기준금리,D,722Y001,1.3.1. 한국은행 기준금리 및 여수신금리,0101000,한국은행 기준금리,,,20240411,3.5,연%,ECOS
BASE_RATE,한국은행 기준금리,D,722Y001,1.3.1. 한국은행 기준금리 및 여수신금리,0101000,한국은행 기준금리,,,20240412,3.5,연%,ECOS
BASE_RATE,한국은행 기준금리,D,722Y001,1.3.1. 한국은행 기준금리 및 여수신금리,0101000,한국은행 기준금리,,,20240413,3.5,연%,ECOS
BASE_RATE,한국은행 기준금리,D,722Y001,1.3.1. 한국은행 기준금리 및 여수신금리,0101000,한국은행 기준금리,,,20240414,3.5,연%,ECOS
BASE_RATE,한국은행 기준금리,D,722Y001,1.3.1. 한국은행 기준금리 및 여수신금리,0101000,한국은행 기준금리,,,20240415,3.5,연%,ECOS
BASE_RATE,한국은행 기준금리,D,722Y001,1.3.1. 한국은행 기준금리 및 여수신금리,0101000,한국은행 기준금리,,,20240416,3.5,연%,ECOS
BASE_RATE,한국은행 기준금리,D,722Y001,1.3.1. 한국은행 기준금리 및 여수신금리,0101000,한국은행 기준금리,,,20240417,3.5,연%,ECOS
BASE_RATE,한국은행 기준금리,D,722Y001,1.3.1. 한국은행 기준금리 및 여수신금리,0101000,한국은행 기준금리,,,20240418,3.5,연%,ECOS
BASE_RATE,한국은행 기준금리,D,722Y001,1.3.1. 한국은행 기준금리 및 여수신금리,0101000,한국은행 기준금리,,,20240419,3.5,연%,ECOS
BASE_RATE,한국은행 기준금리,D,722Y001,1.3.1. 한국은행 기준금리 및 여수신금리,0101000,한국은행 기준금리,,,20240420,3.5,연%,ECOS
BASE_RATE,한국은행 기준금리,D,722Y001,1.3.1. 한국은행 기준금리 및 여수신금리,0101000,한국은행 기준금리,,,20240421,3.5,연%,ECOS
BASE_RATE,한국은행 기준금리,D,722Y001,1.3.1. 한국은행 기준금리 및 여수신금리,0101000,한국은행 기준금리,,,20240422,3.5,연%,ECOS
BASE_RATE,한국은행 기준금리,D,722Y001,1.3.1. 한국은행 기준금리 및 여수신금리,0101000,한국은행 기준금리,,,20240423,3.5,연%,ECOS
BASE_RATE,한국은행 기준금리,D,722Y001,1.3.1. 한국은행 기준금리 및 여수신금리,0101000,한국은행 기준금리,,,20240424,3.5,연%,ECOS
BASE_RATE,한국은행 기준금리,D,722Y001,1.3.1. 한국은행 기준금리 및 여수신금리,0101000,한국은행 기준금리,,,20240425,3.5,연%,ECOS
BASE_RATE,한국은행 기준금리,D,722Y001,1.3.1. 한국은행 기준금리 및 여수신금리,0101000,한국은행 기준금리,,,20240426,3.5,연%,ECOS
BASE_RATE,한국은행 기준금리,D,722Y001,1.3.1. 한국은행 기준금리 및 여수신금리,0101000,한국은행 기준금리,,,20240427,3.5,연%,ECOS
BASE_RATE,한국은행 기준금리,D,722Y001,1.3.1. 한국은행 기준금리 및 여수신금리,0101000,한국은행 기준금리,,,20240428,3.5,연%,ECOS
BASE_RATE,한국은행 기준금리,D,722Y001,1.3.1. 한국은행 기준금리 및 여수신금리,0101000,한국은행 기준금리,,,20240429,3.5,연%,ECOS
BASE_RATE,한국은행 기준금리,D,722Y001,1.3.1. 한국은행 기준금리 및 여수신금리,0101000,한국은행 기준금리,,,20240430,3.5,연%,ECOS
BASE_RATE,한국은행 기준금리,D,722Y001,1.3.1. 한국은행 기준금리 및 여수신금리,0101000,한국은행 기준금리,,,20240501,3.5,연%,ECOS
BASE_RATE,한국은행 기준금리,D,722Y001,1.3.1. 한국은행 기준금리 및 여수신금리,0101000,한국은행 기준금리,,,20240502,3.5,연%,ECOS
BASE_RATE,한국은행 기준금리,D,722Y001,1.3.1. 한국은행 기준금리 및 여수신금리,0101000,한국은행 기준금리,,,20240503,3.5,연%,ECOS
BASE_RATE,한국은행 기준금리,D,722Y001,1.3.1. 한국은행 기준금리 및 여수신금리,0101000,한국은행 기준금리,,,20240504,3.5,연%,ECOS
BASE_RATE,한국은행 기준금리,D,722Y001,1.3.1. 한국은행 기준금리 및 여수신금리,0101000,한국은행 기준금리,,,20240505,3.5,연%,ECOS
BASE_RATE,한국은행 기준금리,D,722Y001,1.3.1. 한국은행 기준금리 및 여수신금리,0101000,한국은행 기준금리,,,20240506,3.5,연%,ECOS
BASE_RATE,한국은행 기준금리,D,722Y001,1.3.1. 한국은행 기준금리 및 여수신금리,0101000,한국은행 기준금리,,,20240507,3.5,연%,ECOS
BASE_RATE,한국은행 기준금리,D,722Y001,1.3.1. 한국은행 기준금리 및 여수신금리,0101000,한국은행 기준금리,,,20240508,3.5,연%,ECOS
BASE_RATE,한국은행 기준금리,D,722Y001,1.3.1. 한국은행 기준금리 및 여수신금리,0101000,한국은행 기준금리,,,20240509,3.5,연%,ECOS
BASE_RATE,한국은행 기준금리,D,722Y001,1.3.1. 한국은행 기준금리 및 여수신금리,0101000,한국은행 기준금리,,,20240510,3.5,연%,ECOS
BASE_RATE,한국은행 기준금리,D,722Y001,1.3.1. 한국은행 기준금리 및 여수신금리,0101000,한국은행 기준금리,,,20240511,3.5,연%,ECOS
BASE_RATE,한국은행 기준금리,D,722Y001,1.3.1. 한국은행 기준금리 및 여수신금리,0101000,한국은행 기준금리,,,20240512,3.5,연%,ECOS
BASE_RATE,한국은행 기준금리,D,722Y001,1.3.1. 한국은행 기준금리 및 여수신금리,0101000,한국은행 기준금리,,,20240513,3.5,연%,ECOS
BASE_RATE,한국은행 기준금리,D,722Y001,1.3.1. 한국은행 기준금리 및 여수신금리,0101000,한국은행 기준금리,,,20240514,3.5,연%,ECOS
BASE_RATE,한국은행 기준금리,D,722Y001,1.3.1. 한국은행 기준금리 및 여수신금리,0101000,한국은행 기준금리,,,20240515,3.5,연%,ECOS
BASE_RATE,한국은행 기준금리,D,722Y001,1.3.1. 한국은행 기준금리 및 여수신금리,0101000,한국은행 기준금리,,,20240516,3.5,연%,ECOS
BASE_RATE,한국은행 기준금리,D,722Y001,1.3.1. 한국은행 기준금리 및 여수신금리,0101000,한국은행 기준금리,,,20240517,3.5,연%,ECOS
BASE_RATE,한국은행 기준금리,D,722Y001,1.3.1. 한국은행 기준금리 및 여수신금리,0101000,한국은행 기준금리,,,20240518,3.5,연%,ECOS
BASE_RATE,한국은행 기준금리,D,722Y001,1.3.1. 한국은행 기준금리 및 여수신금리,0101000,한국은행 기준금리,,,20240519,3.5,연%,ECOS
BASE_RATE,한국은행 기준금리,D,722Y001,1.3.1. 한국은행 기준금리 및 여수신금리,0101000,한국은행 기준금리,,,20240520,3.5,연%,ECOS
BASE_RATE,한국은행 기준금리,D,722Y001,1.3.1. 한국은행 기준금리 및 여수신금리,0101000,한국은행 기준금리,,,20240521,3.5,연%,ECOS
BASE_RATE,한국은행 기준금리,D,722Y001,1.3.1. 한국은행 기준금리 및 여수신금리,0101000,한국은행 기준금리,,,20240522,3.5,연%,ECOS
BASE_RATE,한국은행 기준금리,D,722Y001,1.3.1. 한국은행 기준금리 및 여수신금리,0101000,한국은행 기준금리,,,20240523,3.5,연%,ECOS
BASE_RATE,한국은행 기준금리,D,722Y001,1.3.1. 한국은행 기준금리 및 여수신금리,0101000,한국은행 기준금리,,,20240524,3.5,연%,ECOS
BASE_RATE,한국은행 기준금리,D,722Y001,1.3.1. 한국은행 기준금리 및 여수신금리,0101000,한국은행 기준금리,,,20240525,3.5,연%,ECOS
BASE_RATE,한국은행 기준금리,D,722Y001,1.3.1. 한국은행 기준금리 및 여수신금리,0101000,한국은행 기준금리,,,20240526,3.5,연%,ECOS
BASE_RATE,한국은행 기준금리,D,722Y001,1.3.1. 한국은행 기준금리 및 여수신금리,0101000,한국은행 기준금리,,,20240527,3.5,연%,ECOS
BASE_RATE,한국은행 기준금리,D,722Y001,1.3.1. 한국은행 기준금리 및 여수신금리,0101000,한국은행 기준금리,,,20240528,3.5,연%,ECOS
BASE_RATE,한국은행 기준금리,D,722Y001,1.3.1. 한국은행 기준금리 및 여수신금리,0101000,한국은행 기준금리,,,20240529,3.5,연%,ECOS
BASE_RATE,한국은행 기준금리,D,722Y001,1.3.1. 한국은행 기준금리 및 여수신금리,0101000,한국은행 기준금리,,,20240530,3.5,연%,ECOS
BASE_RATE,한국은행 기준금리,D,722Y001,1.3.1. 한국은행 기준금리 및 여수신금리,0101000,한국은행 기준금리,,,20240531,3.5,연%,ECOS
BASE_RATE,한국은행 기준금리,D,722Y001,1.3.1. 한국은행 기준금리 및 여수신금리,0101000,한국은행 기준금리,,,20240601,3.5,연%,ECOS
BASE_RATE,한국은행 기준금리,D,722Y001,1.3.1. 한국은행 기준금리 및 여수신금리,0101000,한국은행 기준금리,,,20240602,3.5,연%,ECOS
BASE_RATE,한국은행 기준금리,D,722Y001,1.3.1. 한국은행 기준금리 및 여수신금리,0101000,한국은행 기준금리,,,20240603,3.5,연%,ECOS
BASE_RATE,한국은행 기준금리,D,722Y001,1.3.1. 한국은행 기준금리 및 여수신금리,0101000,한국은행 기준금리,,,20240604,3.5,연%,ECOS
BASE_RATE,한국은행 기준금리,D,722Y001,1.3.1. 한국은행 기준금리 및 여수신금리,0101000,한국은행 기준금리,,,20240605,3.5,연%,ECOS
BASE_RATE,한국은행 기준금리,D,722Y001,1.3.1. 한국은행 기준금리 및 여수신금리,0101000,한국은행 기준금리,,,20240606,3.5,연%,ECOS
BASE_RATE,한국은행 기준금리,D,722Y001,1.3.1. 한국은행 기준금리 및 여수신금리,0101000,한국은행 기준금리,,,20240607,3.5,연%,ECOS
BASE_RATE,한국은행 기준금리,D,722Y001,1.3.1. 한국은행 기준금리 및 여수신금리,0101000,한국은행 기준금리,,,20240608,3.5,연%,ECOS
BASE_RATE,한국은행 기준금리,D,722Y001,1.3.1. 한국은행 기준금리 및 여수신금리,0101000,한국은행 기준금리,,,20240609,3.5,연%,ECOS
BASE_RATE,한국은행 기준금리,D,722Y001,1.3.1. 한국은행 기준금리 및 여수신금리,0101000,한국은행 기준금리,,,20240610,3.5,연%,ECOS
BASE_RATE,한국은행 기준금리,D,722Y001,1.3.1. 한국은행 기준금리 및 여수신금리,0101000,한국은행 기준금리,,,20240611,3.5,연%,ECOS
BASE_RATE,한국은행 기준금리,D,722Y001,1.3.1. 한국은행 기준금리 및 여수신금리,0101000,한국은행 기준금리,,,20240612,3.5,연%,ECOS
BASE_RATE,한국은행 기준금리,D,722Y001,1.3.1. 한국은행 기준금리 및 여수신금리,0101000,한국은행 기준금리,,,20240613,3.5,연%,ECOS
BASE_RATE,한국은행 기준금리,D,722Y001,1.3.1. 한국은행 기준금리 및 여수신금리,0101000,한국은행 기준금리,,,20240614,3.5,연%,ECOS
BASE_RATE,한국은행 기준금리,D,722Y001,1.3.1. 한국은행 기준금리 및 여수신금리,0101000,한국은행 기준금리,,,20240615,3.5,연%,ECOS
BASE_RATE,한국은행 기준금리,D,722Y001,1.3.1. 한국은행 기준금리 및 여수신금리,0101000,한국은행 기준금리,,,20240616,3.5,연%,ECOS
BASE_RATE,한국은행 기준금리,D,722Y001,1.3.1. 한국은행 기준금리 및 여수신금리,0101000,한국은행 기준금리,,,20240617,3.5,연%,ECOS
BASE_RATE,한국은행 기준금리,D,722Y001,1.3.1. 한국은행 기준금리 및 여수신금리,0101000,한국은행 기준금리,,,20240618,3.5,연%,ECOS
BASE_RATE,한국은행 기준금리,D,722Y001,1.3.1. 한국은행 기준금리 및 여수신금리,0101000,한국은행 기준금리,,,20240619,3.5,연%,ECOS
BASE_RATE,한국은행 기준금리,D,722Y001,1.3.1. 한국은행 기준금리 및 여수신금리,0101000,한국은행 기준금리,,,20240620,3.5,연%,ECOS
BASE_RATE,한국은행 기준금리,D,722Y001,1.3.1. 한국은행 기준금리 및 여수신금리,0101000,한국은행 기준금리,,,20240621,3.5,연%,ECOS
BASE_RATE,한국은행 기준금리,D,722Y001,1.3.1. 한국은행 기준금리 및 여수신금리,0101000,한국은행 기준금리,,,20240622,3.5,연%,ECOS
BASE_RATE,한국은행 기준금리,D,722Y001,1.3.1. 한국은행 기준금리 및 여수신금리,0101000,한국은행 기준금리,,,20240623,3.5,연%,ECOS
BASE_RATE,한국은행 기준금리,D,722Y001,1.3.1. 한국은행 기준금리 및 여수신금리,0101000,한국은행 기준금리,,,20240624,3.5,연%,ECOS
BASE_RATE,한국은행 기준금리,D,722Y001,1.3.1. 한국은행 기준금리 및 여수신금리,0101000,한국은행 기준금리,,,20240625,3.5,연%,ECOS
BASE_RATE,한국은행 기준금리,D,722Y001,1.3.1. 한국은행 기준금리 및 여수신금리,0101000,한국은행 기준금리,,,20240626,3.5,연%,ECOS
BASE_RATE,한국은행 기준금리,D,722Y001,1.3.1. 한국은행 기준금리 및 여수신금리,0101000,한국은행 기준금리,,,20240627,3.5,연%,ECOS
BASE_RATE,한국은행 기준금리,D,722Y001,1.3.1. 한국은행 기준금리 및 여수신금리,0101000,한국은행 기준금리,,,20240628,3.5,연%,ECOS
BASE_RATE,한국은행 기준금리,D,722Y001,1.3.1. 한국은행 기준금리 및 여수신금리,0101000,한국은행 기준금리,,,20240629,3.5,연%,ECOS
BASE_RATE,한국은행 기준금리,D,722Y001,1.3.1. 한국은행 기준금리 및 여수신금리,0101000,한국은행 기준금리,,,20240630,3.5,연%,ECOS
BASE_RATE,한국은행 기준금리,D,722Y001,1.3.1. 한국은행 기준금리 및 여수신금리,0101000,한국은행 기준금리,,,20240701,3.5,연%,ECOS
BASE_RATE,한국은행 기준금리,D,722Y001,1.3.1. 한국은행 기준금리 및 여수신금리,0101000,한국은행 기준금리,,,20240702,3.5,연%,ECOS
BASE_RATE,한국은행 기준금리,D,722Y001,1.3.1. 한국은행 기준금리 및 여수신금리,0101000,한국은행 기준금리,,,20240703,3.5,연%,ECOS
BASE_RATE,한국은행 기준금리,D,722Y001,1.3.1. 한국은행 기준금리 및 여수신금리,0101000,한국은행 기준금리,,,20240704,3.5,연%,ECOS
BASE_RATE,한국은행 기준금리,D,722Y001,1.3.1. 한국은행 기준금리 및 여수신금리,0101000,한국은행 기준금리,,,20240705,3.5,연%,ECOS
BASE_RATE,한국은행 기준금리,D,722Y001,1.3.1. 한국은행 기준금리 및 여수신금리,0101000,한국은행 기준금리,,,20240706,3.5,연%,ECOS
BASE_RATE,한국은행 기준금리,D,722Y001,1.3.1. 한국은행 기준금리 및 여수신금리,0101000,한국은행 기준금리,,,20240707,3.5,연%,ECOS
BASE_RATE,한국은행 기준금리,D,722Y001,1.3.1. 한국은행 기준금리 및 여수신금리,0101000,한국은행 기준금리,,,20240708,3.5,연%,ECOS
BASE_RATE,한국은행 기준금리,D,722Y001,1.3.1. 한국은행 기준금리 및 여수신금리,0101000,한국은행 기준금리,,,20240709,3.5,연%,ECOS
BASE_RATE,한국은행 기준금리,D,722Y001,1.3.1. 한국은행 기준금리 및 여수신금리,0101000,한국은행 기준금리,,,20240710,3.5,연%,ECOS
BASE_RATE,한국은행 기준금리,D,722Y001,1.3.1. 한국은행 기준금리 및 여수신금리,0101000,한국은행 기준금리,,,20240711,3.5,연%,ECOS
BASE_RATE,한국은행 기준금리,D,722Y001,1.3.1. 한국은행 기준금리 및 여수신금리,0101000,한국은행 기준금리,,,20240712,3.5,연%,ECOS
BASE_RATE,한국은행 기준금리,D,722Y001,1.3.1. 한국은행 기준금리 및 여수신금리,0101000,한국은행 기준금리,,,20240713,3.5,연%,ECOS
BASE_RATE,한국은행 기준금리,D,722Y001,1.3.1. 한국은행 기준금리 및 여수신금리,0101000,한국은행 기준금리,,,20240714,3.5,연%,ECOS
BASE_RATE,한국은행 기준금리,D,722Y001,1.3.1. 한국은행 기준금리 및 여수신금리,0101000,한국은행 기준금리,,,20240715,3.5,연%,ECOS
BASE_RATE,한국은행 기준금리,D,722Y001,1.3.1. 한국은행 기준금리 및 여수신금리,0101000,한국은행 기준금리,,,20240716,3.5,연%,ECOS
BASE_RATE,한국은행 기준금리,D,722Y001,1.3.1. 한국은행 기준금리 및 여수신금리,0101000,한국은행 기준금리,,,20240717,3.5,연%,ECOS
BASE_RATE,한국은행 기준금리,D,722Y001,1.3.1. 한국은행 기준금리 및 여수신금리,0101000,한국은행 기준금리,,,20240718,3.5,연%,ECOS
BASE_RATE,한국은행 기준금리,D,722Y001,1.3.1. 한국은행 기준금리 및 여수신금리,0101000,한국은행 기준금리,,,20240719,3.5,연%,ECOS
BASE_RATE,한국은행 기준금리,D,722Y001,1.3.1. 한국은행 기준금리 및 여수신금리,0101000,한국은행 기준금리,,,20240720,3.5,연%,ECOS
BASE_RATE,한국은행 기준금리,D,722Y001,1.3.1. 한국은행 기준금리 및 여수신금리,0101000,한국은행 기준금리,,,20240721,3.5,연%,ECOS
BASE_RATE,한국은행 기준금리,D,722Y001,1.3.1. 한국은행 기준금리 및 여수신금리,0101000,한국은행 기준금리,,,20240722,3.5,연%,ECOS
BASE_RATE,한국은행 기준금리,D,722Y001,1.3.1. 한국은행 기준금리 및 여수신금리,0101000,한국은행 기준금리,,,20240723,3.5,연%,ECOS
BASE_RATE,한국은행 기준금리,D,722Y001,1.3.1. 한국은행 기준금리 및 여수신금리,0101000,한국은행 기준금리,,,20240724,3.5,연%,ECOS
BASE_RATE,한국은행 기준금리,D,722Y001,1.3.1. 한국은행 기준금리 및 여수신금리,0101000,한국은행 기준금리,,,20240725,3.5,연%,ECOS
BASE_RATE,한국은행 기준금리,D,722Y001,1.3.1. 한국은행 기준금리 및 여수신금리,0101000,한국은행 기준금리,,,20240726,3.5,연%,ECOS
BASE_RATE,한국은행 기준금리,D,722Y001,1.3.1. 한국은행 기준금리 및 여수신금리,0101000,한국은행 기준금리,,,20240727,3.5,연%,ECOS
BASE_RATE,한국은행 기준금리,D,722Y001,1.3.1. 한국은행 기준금리 및 여수신금리,0101000,한국은행 기준금리,,,20240728,3.5,연%,ECOS
BASE_RATE,한국은행 기준금리,D,722Y001,1.3.1. 한국은행 기준금리 및 여수신금리,0101000,한국은행 기준금리,,,20240729,3.5,연%,ECOS
BASE_RATE,한국은행 기준금리,D,722Y001,1.3.1. 한국은행 기준금리 및 여수신금리,0101000,한국은행 기준금리,,,20240730,3.5,연%,ECOS
BASE_RATE,한국은행 기준금리,D,722Y001,1.3.1. 한국은행 기준금리 및 여수신금리,0101000,한국은행 기준금리,,,20240731,3.5,연%,ECOS
BASE_RATE,한국은행 기준금리,D,722Y001,1.3.1. 한국은행 기준금리 및 여수신금리,0101000,한국은행 기준금리,,,20240801,3.5,연%,ECOS
BASE_RATE,한국은행 기준금리,D,722Y001,1.3.1. 한국은행 기준금리 및 여수신금리,0101000,한국은행 기준금리,,,20240802,3.5,연%,ECOS
BASE_RATE,한국은행 기준금리,D,722Y001,1.3.1. 한국은행 기준금리 및 여수신금리,0101000,한국은행 기준금리,,,20240803,3.5,연%,ECOS
BASE_RATE,한국은행 기준금리,D,722Y001,1.3.1. 한국은행 기준금리 및 여수신금리,0101000,한국은행 기준금리,,,20240804,3.5,연%,ECOS
BASE_RATE,한국은행 기준금리,D,722Y001,1.3.1. 한국은행 기준금리 및 여수신금리,0101000,한국은행 기준금리,,,20240805,3.5,연%,ECOS
BASE_RATE,한국은행 기준금리,D,722Y001,1.3.1. 한국은행 기준금리 및 여수신금리,0101000,한국은행 기준금리,,,20240806,3.5,연%,ECOS
BASE_RATE,한국은행 기준금리,D,722Y001,1.3.1. 한국은행 기준금리 및 여수신금리,0101000,한국은행 기준금리,,,20240807,3.5,연%,ECOS
BASE_RATE,한국은행 기준금리,D,722Y001,1.3.1. 한국은행 기준금리 및 여수신금리,0101000,한국은행 기준금리,,,20240808,3.5,연%,ECOS
BASE_RATE,한국은행 기준금리,D,722Y001,1.3.1. 한국은행 기준금리 및 여수신금리,0101000,한국은행 기준금리,,,20240809,3.5,연%,ECOS
BASE_RATE,한국은행 기준금리,D,722Y001,1.3.1. 한국은행 기준금리 및 여수신금리,0101000,한국은행 기준금리,,,20240810,3.5,연%,ECOS
BASE_RATE,한국은행 기준금리,D,722Y001,1.3.1. 한국은행 기준금리 및 여수신금리,0101000,한국은행 기준금리,,,20240811,3.5,연%,ECOS
BASE_RATE,한국은행 기준금리,D,722Y001,1.3.1. 한국은행 기준금리 및 여수신금리,0101000,한국은행 기준금리,,,20240812,3.5,연%,ECOS
BASE_RATE,한국은행 기준금리,D,722Y001,1.3.1. 한국은행 기준금리 및 여수신금리,0101000,한국은행 기준금리,,,20240813,3.5,연%,ECOS
BASE_RATE,한국은행 기준금리,D,722Y001,1.3.1. 한국은행 기준금리 및 여수신금리,0101000,한국은행 기준금리,,,20240814,3.5,연%,ECOS
BASE_RATE,한국은행 기준금리,D,722Y001,1.3.1. 한국은행 기준금리 및 여수신금리,0101000,한국은행 기준금리,,,20240815,3.5,연%,ECOS
BASE_RATE,한국은행 기준금리,D,722Y001,1.3.1. 한국은행 기준금리 및 여수신금리,0101000,한국은행 기준금리,,,20240816,3.5,연%,ECOS
BASE_RATE,한국은행 기준금리,D,722Y001,1.3.1. 한국은행 기준금리 및 여수신금리,0101000,한국은행 기준금리,,,20240817,3.5,연%,ECOS
BASE_RATE,한국은행 기준금리,D,722Y001,1.3.1. 한국은행 기준금리 및 여수신금리,0101000,한국은행 기준금리,,,20240818,3.5,연%,ECOS
BASE_RATE,한국은행 기준금리,D,722Y001,1.3.1. 한국은행 기준금리 및 여수신금리,0101000,한국은행 기준금리,,,20240819,3.5,연%,ECOS
BASE_RATE,한국은행 기준금리,D,722Y001,1.3.1. 한국은행 기준금리 및 여수신금리,0101000,한국은행 기준금리,,,20240820,3.5,연%,ECOS
BASE_RATE,한국은행 기준금리,D,722Y001,1.3.1. 한국은행 기준금리 및 여수신금리,0101000,한국은행 기준금리,,,20240821,3.5,연%,ECOS
BASE_RATE,한국은행 기준금리,D,722Y001,1.3.1. 한국은행 기준금리 및 여수신금리,0101000,한국은행 기준금리,,,20240822,3.5,연%,ECOS
BASE_RATE,한국은행 기준금리,D,722Y001,1.3.1. 한국은행 기준금리 및 여수신금리,0101000,한국은행 기준금리,,,20240823,3.5,연%,ECOS
BASE_RATE,한국은행 기준금리,D,722Y001,1.3.1. 한국은행 기준금리 및 여수신금리,0101000,한국은행 기준금리,,,20240824,3.5,연%,ECOS
BASE_RATE,한국은행 기준금리,D,722Y001,1.3.1. 한국은행 기준금리 및 여수신금리,0101000,한국은행 기준금리,,,20240825,3.5,연%,ECOS
BASE_RATE,한국은행 기준금리,D,722Y001,1.3.1. 한국은행 기준금리 및 여수신금리,0101000,한국은행 기준금리,,,20240826,3.5,연%,ECOS
BASE_RATE,한국은행 기준금리,D,722Y001,1.3.1. 한국은행 기준금리 및 여수신금리,0101000,한국은행 기준금리,,,20240827,3.5,연%,ECOS
BASE_RATE,한국은행 기준금리,D,722Y001,1.3.1. 한국은행 기준금리 및 여수신금리,0101000,한국은행 기준금리,,,20240828,3.5,연%,ECOS
BASE_RATE,한국은행 기준금리,D,722Y001,1.3.1. 한국은행 기준금리 및 여수신금리,0101000,한국은행 기준금리,,,20240829,3.5,연%,ECOS
BASE_RATE,한국은행 기준금리,D,722Y001,1.3.1. 한국은행 기준금리 및 여수신금리,0101000,한국은행 기준금리,,,20240830,3.5,연%,ECOS
BASE_RATE,한국은행 기준금리,D,722Y001,1.3.1. 한국은행 기준금리 및 여수신금리,0101000,한국은행 기준금리,,,20240831,3.5,연%,ECOS
BASE_RATE,한국은행 기준금리,D,722Y001,1.3.1. 한국은행 기준금리 및 여수신금리,0101000,한국은행 기준금리,,,20240901,3.5,연%,ECOS
BASE_RATE,한국은행 기준금리,D,722Y001,1.3.1. 한국은행 기준금리 및 여수신금리,0101000,한국은행 기준금리,,,20240902,3.5,연%,ECOS
BASE_RATE,한국은행 기준금리,D,722Y001,1.3.1. 한국은행 기준금리 및 여수신금리,0101000,한국은행 기준금리,,,20240903,3.5,연%,ECOS
BASE_RATE,한국은행 기준금리,D,722Y001,1.3.1. 한국은행 기준금리 및 여수신금리,0101000,한국은행 기준금리,,,20240904,3.5,연%,ECOS
BASE_RATE,한국은행 기준금리,D,722Y001,1.3.1. 한국은행 기준금리 및 여수신금리,0101000,한국은행 기준금리,,,20240905,3.5,연%,ECOS
BASE_RATE,한국은행 기준금리,D,722Y001,1.3.1. 한국은행 기준금리 및 여수신금리,0101000,한국은행 기준금리,,,20240906,3.5,연%,ECOS
BASE_RATE,한국은행 기준금리,D,722Y001,1.3.1. 한국은행 기준금리 및 여수신금리,0101000,한국은행 기준금리,,,20240907,3.5,연%,ECOS
BASE_RATE,한국은행 기준금리,D,722Y001,1.3.1. 한국은행 기준금리 및 여수신금리,0101000,한국은행 기준금리,,,20240908,3.5,연%,ECOS
BASE_RATE,한국은행 기준금리,D,722Y001,1.3.1. 한국은행 기준금리 및 여수신금리,0101000,한국은행 기준금리,,,20240909,3.5,연%,ECOS
BASE_RATE,한국은행 기준금리,D,722Y001,1.3.1. 한국은행 기준금리 및 여수신금리,0101000,한국은행 기준금리,,,20240910,3.5,연%,ECOS
BASE_RATE,한국은행 기준금리,D,722Y001,1.3.1. 한국은행 기준금리 및 여수신금리,0101000,한국은행 기준금리,,,20240911,3.5,연%,ECOS
BASE_RATE,한국은행 기준금리,D,722Y001,1.3.1. 한국은행 기준금리 및 여수신금리,0101000,한국은행 기준금리,,,20240912,3.5,연%,ECOS
BASE_RATE,한국은행 기준금리,D,722Y001,1.3.1. 한국은행 기준금리 및 여수신금리,0101000,한국은행 기준금리,,,20240913,3.5,연%,ECOS
BASE_RATE,한국은행 기준금리,D,722Y001,1.3.1. 한국은행 기준금리 및 여수신금리,0101000,한국은행 기준금리,,,20240914,3.5,연%,ECOS
BASE_RATE,한국은행 기준금리,D,722Y001,1.3.1. 한국은행 기준금리 및 여수신금리,0101000,한국은행 기준금리,,,20240915,3.5,연%,ECOS
BASE_RATE,한국은행 기준금리,D,722Y001,1.3.1. 한국은행 기준금리 및 여수신금리,0101000,한국은행 기준금리,,,20240916,3.5,연%,ECOS
BASE_RATE,한국은행 기준금리,D,722Y001,1.3.1. 한국은행 기준금리 및 여수신금리,0101000,한국은행 기준금리,,,20240917,3.5,연%,ECOS
BASE_RATE,한국은행 기준금리,D,722Y001,1.3.1. 한국은행 기준금리 및 여수신금리,0101000,한국은행 기준금리,,,20240918,3.5,연%,ECOS
BASE_RATE,한국은행 기준금리,D,722Y001,1.3.1. 한국은행 기준금리 및 여수신금리,0101000,한국은행 기준금리,,,20240919,3.5,연%,ECOS
BASE_RATE,한국은행 기준금리,D,722Y001,1.3.1. 한국은행 기준금리 및 여수신금리,0101000,한국은행 기준금리,,,20240920,3.5,연%,ECOS
BASE_RATE,한국은행 기준금리,D,722Y001,1.3.1. 한국은행 기준금리 및 여수신금리,0101000,한국은행 기준금리,,,20240921,3.5,연%,ECOS
BASE_RATE,한국은행 기준금리,D,722Y001,1.3.1. 한국은행 기준금리 및 여수신금리,0101000,한국은행 기준금리,,,20240922,3.5,연%,ECOS
BASE_RATE,한국은행 기준금리,D,722Y001,1.3.1. 한국은행 기준금리 및 여수신금리,0101000,한국은행 기준금리,,,20240923,3.5,연%,ECOS
BASE_RATE,한국은행 기준금리,D,722Y001,1.3.1. 한국은행 기준금리 및 여수신금리,0101000,한국은행 기준금리,,,20240924,3.5,연%,ECOS
BASE_RATE,한국은행 기준금리,D,722Y001,1.3.1. 한국은행 기준금리 및 여수신금리,0101000,한국은행 기준금리,,,20240925,3.5,연%,ECOS
BASE_RATE,한국은행 기준금리,D,722Y001,1.3.1. 한국은행 기준금리 및 여수신금리,0101000,한국은행 기준금리,,,20240926,3.5,연%,ECOS
BASE_RATE,한국은행 기준금리,D,722Y001,1.3.1. 한국은행 기준금리 및 여수신금리,0101000,한국은행 기준금리,,,20240927,3.5,연%,ECOS
BASE_RATE,한국은행 기준금리,D,722Y001,1.3.1. 한국은행 기준금리 및 여수신금리,0101000,한국은행 기준금리,,,20240928,3.5,연%,ECOS
BASE_RATE,한국은행 기준금리,D,722Y001,1.3.1. 한국은행 기준금리 및 여수신금리,0101000,한국은행 기준금리,,,20240929,3.5,연%,ECOS
BASE_RATE,한국은행 기준금리,D,722Y001,1.3.1. 한국은행 기준금리 및 여수신금리,0101000,한국은행 기준금리,,,20240930,3.5,연%,ECOS
BASE_RATE,한국은행 기준금리,D,722Y001,1.3.1. 한국은행 기준금리 및 여수신금리,0101000,한국은행 기준금리,,,20241001,3.5,연%,ECOS
BASE_RATE,한국은행 기준금리,D,722Y001,1.3.1. 한국은행 기준금리 및 여수신금리,0101000,한국은행 기준금리,,,20241002,3.5,연%,ECOS
BASE_RATE,한국은행 기준금리,D,722Y001,1.3.1. 한국은행 기준금리 및 여수신금리,0101000,한국은행 기준금리,,,20241003,3.5,연%,ECOS
BASE_RATE,한국은행 기준금리,D,722Y001,1.3.1. 한국은행 기준금리 및 여수신금리,0101000,한국은행 기준금리,,,20241004,3.5,연%,ECOS
BASE_RATE,한국은행 기준금리,D,722Y001,1.3.1. 한국은행 기준금리 및 여수신금리,0101000,한국은행 기준금리,,,20241005,3.5,연%,ECOS
BASE_RATE,한국은행 기준금리,D,722Y001,1.3.1. 한국은행 기준금리 및 여수신금리,0101000,한국은행 기준금리,,,20241006,3.5,연%,ECOS
BASE_RATE,한국은행 기준금리,D,722Y001,1.3.1. 한국은행 기준금리 및 여수신금리,0101000,한국은행 기준금리,,,20241007,3.5,연%,ECOS
BASE_RATE,한국은행 기준금리,D,722Y001,1.3.1. 한국은행 기준금리 및 여수신금리,0101000,한국은행 기준금리,,,20241008,3.5,연%,ECOS
BASE_RATE,한국은행 기준금리,D,722Y001,1.3.1. 한국은행 기준금리 및 여수신금리,0101000,한국은행 기준금리,,,20241009,3.5,연%,ECOS
BASE_RATE,한국은행 기준금리,D,722Y001,1.3.1. 한국은행 기준금리 및 여수신금리,0101000,한국은행 기준금리,,,20241010,3.5,연%,ECOS
BASE_RATE,한국은행 기준금리,D,722Y001,1.3.1. 한국은행 기준금리 및 여수신금리,0101000,한국은행 기준금리,,,20241011,3.25,연%,ECOS
BASE_RATE,한국은행 기준금리,D,722Y001,1.3.1. 한국은행 기준금리 및 여수신금리,0101000,한국은행 기준금리,,,20241012,3.25,연%,ECOS
BASE_RATE,한국은행 기준금리,D,722Y001,1.3.1. 한국은행 기준금리 및 여수신금리,0101000,한국은행 기준금리,,,20241013,3.25,연%,ECOS
BASE_RATE,한국은행 기준금리,D,722Y001,1.3.1. 한국은행 기준금리 및 여수신금리,0101000,한국은행 기준금리,,,20241014,3.25,연%,ECOS
BASE_RATE,한국은행 기준금리,D,722Y001,1.3.1. 한국은행 기준금리 및 여수신금리,0101000,한국은행 기준금리,,,20241015,3.25,연%,ECOS
BASE_RATE,한국은행 기준금리,D,722Y001,1.3.1. 한국은행 기준금리 및 여수신금리,0101000,한국은행 기준금리,,,20241016,3.25,연%,ECOS
BASE_RATE,한국은행 기준금리,D,722Y001,1.3.1. 한국은행 기준금리 및 여수신금리,0101000,한국은행 기준금리,,,20241017,3.25,연%,ECOS
BASE_RATE,한국은행 기준금리,D,722Y001,1.3.1. 한국은행 기준금리 및 여수신금리,0101000,한국은행 기준금리,,,20241018,3.25,연%,ECOS
BASE_RATE,한국은행 기준금리,D,722Y001,1.3.1. 한국은행 기준금리 및 여수신금리,0101000,한국은행 기준금리,,,20241019,3.25,연%,ECOS
BASE_RATE,한국은행 기준금리,D,722Y001,1.3.1. 한국은행 기준금리 및 여수신금리,0101000,한국은행 기준금리,,,20241020,3.25,연%,ECOS
BASE_RATE,한국은행 기준금리,D,722Y001,1.3.1. 한국은행 기준금리 및 여수신금리,0101000,한국은행 기준금리,,,20241021,3.25,연%,ECOS
BASE_RATE,한국은행 기준금리,D,722Y001,1.3.1. 한국은행 기준금리 및 여수신금리,0101000,한국은행 기준금리,,,20241022,3.25,연%,ECOS
BASE_RATE,한국은행 기준금리,D,722Y001,1.3.1. 한국은행 기준금리 및 여수신금리,0101000,한국은행 기준금리,,,20241023,3.25,연%,ECOS
BASE_RATE,한국은행 기준금리,D,722Y001,1.3.1. 한국은행 기준금리 및 여수신금리,0101000,한국은행 기준금리,,,20241024,3.25,연%,ECOS
BASE_RATE,한국은행 기준금리,D,722Y001,1.3.1. 한국은행 기준금리 및 여수신금리,0101000,한국은행 기준금리,,,20241025,3.25,연%,ECOS
BASE_RATE,한국은행 기준금리,D,722Y001,1.3.1. 한국은행 기준금리 및 여수신금리,0101000,한국은행 기준금리,,,20241026,3.25,연%,ECOS
BASE_RATE,한국은행 기준금리,D,722Y001,1.3.1. 한국은행 기준금리 및 여수신금리,0101000,한국은행 기준금리,,,20241027,3.25,연%,ECOS
BASE_RATE,한국은행 기준금리,D,722Y001,1.3.1. 한국은행 기준금리 및 여수신금리,0101000,한국은행 기준금리,,,20241028,3.25,연%,ECOS
BASE_RATE,한국은행 기준금리,D,722Y001,1.3.1. 한국은행 기준금리 및 여수신금리,0101000,한국은행 기준금리,,,20241029,3.25,연%,ECOS
BASE_RATE,한국은행 기준금리,D,722Y001,1.3.1. 한국은행 기준금리 및 여수신금리,0101000,한국은행 기준금리,,,20241030,3.25,연%,ECOS
BASE_RATE,한국은행 기준금리,D,722Y001,1.3.1. 한국은행 기준금리 및 여수신금리,0101000,한국은행 기준금리,,,20241031,3.25,연%,ECOS
BASE_RATE,한국은행 기준금리,D,722Y001,1.3.1. 한국은행 기준금리 및 여수신금리,0101000,한국은행 기준금리,,,20241101,3.25,연%,ECOS
BASE_RATE,한국은행 기준금리,D,722Y001,1.3.1. 한국은행 기준금리 및 여수신금리,0101000,한국은행 기준금리,,,20241102,3.25,연%,ECOS
BASE_RATE,한국은행 기준금리,D,722Y001,1.3.1. 한국은행 기준금리 및 여수신금리,0101000,한국은행 기준금리,,,20241103,3.25,연%,ECOS
BASE_RATE,한국은행 기준금리,D,722Y001,1.3.1. 한국은행 기준금리 및 여수신금리,0101000,한국은행 기준금리,,,20241104,3.25,연%,ECOS
BASE_RATE,한국은행 기준금리,D,722Y001,1.3.1. 한국은행 기준금리 및 여수신금리,0101000,한국은행 기준금리,,,20241105,3.25,연%,ECOS
BASE_RATE,한국은행 기준금리,D,722Y001,1.3.1. 한국은행 기준금리 및 여수신금리,0101000,한국은행 기준금리,,,20241106,3.25,연%,ECOS
BASE_RATE,한국은행 기준금리,D,722Y001,1.3.1. 한국은행 기준금리 및 여수신금리,0101000,한국은행 기준금리,,,20241107,3.25,연%,ECOS
BASE_RATE,한국은행 기준금리,D,722Y001,1.3.1. 한국은행 기준금리 및 여수신금리,0101000,한국은행 기준금리,,,20241108,3.25,연%,ECOS
BASE_RATE,한국은행 기준금리,D,722Y001,1.3.1. 한국은행 기준금리 및 여수신금리,0101000,한국은행 기준금리,,,20241109,3.25,연%,ECOS
BASE_RATE,한국은행 기준금리,D,722Y001,1.3.1. 한국은행 기준금리 및 여수신금리,0101000,한국은행 기준금리,,,20241110,3.25,연%,ECOS
BASE_RATE,한국은행 기준금리,D,722Y001,1.3.1. 한국은행 기준금리 및 여수신금리,0101000,한국은행 기준금리,,,20241111,3.25,연%,ECOS
BASE_RATE,한국은행 기준금리,D,722Y001,1.3.1. 한국은행 기준금리 및 여수신금리,0101000,한국은행 기준금리,,,20241112,3.25,연%,ECOS
BASE_RATE,한국은행 기준금리,D,722Y001,1.3.1. 한국은행 기준금리 및 여수신금리,0101000,한국은행 기준금리,,,20241113,3.25,연%,ECOS
BASE_RATE,한국은행 기준금리,D,722Y001,1.3.1. 한국은행 기준금리 및 여수신금리,0101000,한국은행 기준금리,,,20241114,3.25,연%,ECOS
BASE_RATE,한국은행 기준금리,D,722Y001,1.3.1. 한국은행 기준금리 및 여수신금리,0101000,한국은행 기준금리,,,20241115,3.25,연%,ECOS
BASE_RATE,한국은행 기준금리,D,722Y001,1.3.1. 한국은행 기준금리 및 여수신금리,0101000,한국은행 기준금리,,,20241116,3.25,연%,ECOS
BASE_RATE,한국은행 기준금리,D,722Y001,1.3.1. 한국은행 기준금리 및 여수신금리,0101000,한국은행 기준금리,,,20241117,3.25,연%,ECOS
BASE_RATE,한국은행 기준금리,D,722Y001,1.3.1. 한국은행 기준금리 및 여수신금리,0101000,한국은행 기준금리,,,20241118,3.25,연%,ECOS
BASE_RATE,한국은행 기준금리,D,722Y001,1.3.1. 한국은행 기준금리 및 여수신금리,0101000,한국은행 기준금리,,,20241119,3.25,연%,ECOS
BASE_RATE,한국은행 기준금리,D,722Y001,1.3.1. 한국은행 기준금리 및 여수신금리,0101000,한국은행 기준금리,,,20241120,3.25,연%,ECOS
BASE_RATE,한국은행 기준금리,D,722Y001,1.3.1. 한국은행 기준금리 및 여수신금리,0101000,한국은행 기준금리,,,20241121,3.25,연%,ECOS
BASE_RATE,한국은행 기준금리,D,722Y001,1.3.1. 한국은행 기준금리 및 여수신금리,0101000,한국은행 기준금리,,,20241122,3.25,연%,ECOS
BASE_RATE,한국은행 기준금리,D,722Y001,1.3.1. 한국은행 기준금리 및 여수신금리,0101000,한국은행 기준금리,,,20241123,3.25,연%,ECOS
BASE_RATE,한국은행 기준금리,D,722Y001,1.3.1. 한국은행 기준금리 및 여수신금리,0101000,한국은행 기준금리,,,20241124,3.25,연%,ECOS
BASE_RATE,한국은행 기준금리,D,722Y001,1.3.1. 한국은행 기준금리 및 여수신금리,0101000,한국은행 기준금리,,,20241125,3.25,연%,ECOS
BASE_RATE,한국은행 기준금리,D,722Y001,1.3.1. 한국은행 기준금리 및 여수신금리,0101000,한국은행 기준금리,,,20241126,3.25,연%,ECOS
BASE_RATE,한국은행 기준금리,D,722Y001,1.3.1. 한국은행 기준금리 및 여수신금리,0101000,한국은행 기준금리,,,20241127,3.25,연%,ECOS
BASE_RATE,한국은행 기준금리,D,722Y001,1.3.1. 한국은행 기준금리 및 여수신금리,0101000,한국은행 기준금리,,,20241128,3.0,연%,ECOS
BASE_RATE,한국은행 기준금리,D,722Y001,1.3.1. 한국은행 기준금리 및 여수신금리,0101000,한국은행 기준금리,,,20241129,3.0,연%,ECOS
BASE_RATE,한국은행 기준금리,D,722Y001,1.3.1. 한국은행 기준금리 및 여수신금리,0101000,한국은행 기준금리,,,20241130,3.0,연%,ECOS
BASE_RATE,한국은행 기준금리,D,722Y001,1.3.1. 한국은행 기준금리 및 여수신금리,0101000,한국은행 기준금리,,,20241201,3.0,연%,ECOS
BASE_RATE,한국은행 기준금리,D,722Y001,1.3.1. 한국은행 기준금리 및 여수신금리,0101000,한국은행 기준금리,,,20241202,3.0,연%,ECOS
BASE_RATE,한국은행 기준금리,D,722Y001,1.3.1. 한국은행 기준금리 및 여수신금리,0101000,한국은행 기준금리,,,20241203,3.0,연%,ECOS
BASE_RATE,한국은행 기준금리,D,722Y001,1.3.1. 한국은행 기준금리 및 여수신금리,0101000,한국은행 기준금리,,,20241204,3.0,연%,ECOS
BASE_RATE,한국은행 기준금리,D,722Y001,1.3.1. 한국은행 기준금리 및 여수신금리,0101000,한국은행 기준금리,,,20241205,3.0,연%,ECOS
BASE_RATE,한국은행 기준금리,D,722Y001,1.3.1. 한국은행 기준금리 및 여수신금리,0101000,한국은행 기준금리,,,20241206,3.0,연%,ECOS
BASE_RATE,한국은행 기준금리,D,722Y001,1.3.1. 한국은행 기준금리 및 여수신금리,0101000,한국은행 기준금리,,,20241207,3.0,연%,ECOS
BASE_RATE,한국은행 기준금리,D,722Y001,1.3.1. 한국은행 기준금리 및 여수신금리,0101000,한국은행 기준금리,,,20241208,3.0,연%,ECOS
BASE_RATE,한국은행 기준금리,D,722Y001,1.3.1. 한국은행 기준금리 및 여수신금리,0101000,한국은행 기준금리,,,20241209,3.0,연%,ECOS
BASE_RATE,한국은행 기준금리,D,722Y001,1.3.1. 한국은행 기준금리 및 여수신금리,0101000,한국은행 기준금리,,,20241210,3.0,연%,ECOS
BASE_RATE,한국은행 기준금리,D,722Y001,1.3.1. 한국은행 기준금리 및 여수신금리,0101000,한국은행 기준금리,,,20241211,3.0,연%,ECOS
BASE_RATE,한국은행 기준금리,D,722Y001,1.3.1. 한국은행 기준금리 및 여수신금리,0101000,한국은행 기준금리,,,20241212,3.0,연%,ECOS
BASE_RATE,한국은행 기준금리,D,722Y001,1.3.1. 한국은행 기준금리 및 여수신금리,0101000,한국은행 기준금리,,,20241213,3.0,연%,ECOS
BASE_RATE,한국은행 기준금리,D,722Y001,1.3.1. 한국은행 기준금리 및 여수신금리,0101000,한국은행 기준금리,,,20241214,3.0,연%,ECOS
BASE_RATE,한국은행 기준금리,D,722Y001,1.3.1. 한국은행 기준금리 및 여수신금리,0101000,한국은행 기준금리,,,20241215,3.0,연%,ECOS
BASE_RATE,한국은행 기준금리,D,722Y001,1.3.1. 한국은행 기준금리 및 여수신금리,0101000,한국은행 기준금리,,,20241216,3.0,연%,ECOS
BASE_RATE,한국은행 기준금리,D,722Y001,1.3.1. 한국은행 기준금리 및 여수신금리,0101000,한국은행 기준금리,,,20241217,3.0,연%,ECOS
BASE_RATE,한국은행 기준금리,D,722Y001,1.3.1. 한국은행 기준금리 및 여수신금리,0101000,한국은행 기준금리,,,20241218,3.0,연%,ECOS
BASE_RATE,한국은행 기준금리,D,722Y001,1.3.1. 한국은행 기준금리 및 여수신금리,0101000,한국은행 기준금리,,,20241219,3.0,연%,ECOS
BASE_RATE,한국은행 기준금리,D,722Y001,1.3.1. 한국은행 기준금리 및 여수신금리,0101000,한국은행 기준금리,,,20241220,3.0,연%,ECOS
BASE_RATE,한국은행 기준금리,D,722Y001,1.3.1. 한국은행 기준금리 및 여수신금리,0101000,한국은행 기준금리,,,20241221,3.0,연%,ECOS
BASE_RATE,한국은행 기준금리,D,722Y001,1.3.1. 한국은행 기준금리 및 여수신금리,0101000,한국은행 기준금리,,,20241222,3.0,연%,ECOS
BASE_RATE,한국은행 기준금리,D,722Y001,1.3.1. 한국은행 기준금리 및 여수신금리,0101000,한국은행 기준금리,,,20241223,3.0,연%,ECOS
BASE_RATE,한국은행 기준금리,D,722Y001,1.3.1. 한국은행 기준금리 및 여수신금리,0101000,한국은행 기준금리,,,20241224,3.0,연%,ECOS
BASE_RATE,한국은행 기준금리,D,722Y001,1.3.1. 한국은행 기준금리 및 여수신금리,0101000,한국은행 기준금리,,,20241225,3.0,연%,ECOS
BASE_RATE,한국은행 기준금리,D,722Y001,1.3.1. 한국은행 기준금리 및 여수신금리,0101000,한국은행 기준금리,,,20241226,3.0,연%,ECOS
BASE_RATE,한국은행 기준금리,D,722Y001,1.3.1. 한국은행 기준금리 및 여수신금리,0101000,한국은행 기준금리,,,20241227,3.0,연%,ECOS
BASE_RATE,한국은행 기준금리,D,722Y001,1.3.1. 한국은행 기준금리 및 여수신금리,0101000,한국은행 기준금리,,,20241228,3.0,연%,ECOS
BASE_RATE,한국은행 기준금리,D,722Y001,1.3.1. 한국은행 기준금리 및 여수신금리,0101000,한국은행 기준금리,,,20241229,3.0,연%,ECOS
BASE_RATE,한국은행 기준금리,D,722Y001,1.3.1. 한국은행 기준금리 및 여수신금리,0101000,한국은행 기준금리,,,20241230,3.0,연%,ECOS
BASE_RATE,한국은행 기준금리,D,722Y001,1.3.1. 한국은행 기준금리 및 여수신금리,0101000,한국은행 기준금리,,,20241231,3.0,연%,ECOS
BASE_RATE,한국은행 기준금리,D,722Y001,1.3.1. 한국은행 기준금리 및 여수신금리,0101000,한국은행 기준금리,,,20250101,3.0,연%,ECOS
BASE_RATE,한국은행 기준금리,D,722Y001,1.3.1. 한국은행 기준금리 및 여수신금리,0101000,한국은행 기준금리,,,20250102,3.0,연%,ECOS
BASE_RATE,한국은행 기준금리,D,722Y001,1.3.1. 한국은행 기준금리 및 여수신금리,0101000,한국은행 기준금리,,,20250103,3.0,연%,ECOS
BASE_RATE,한국은행 기준금리,D,722Y001,1.3.1. 한국은행 기준금리 및 여수신금리,0101000,한국은행 기준금리,,,20250104,3.0,연%,ECOS
BASE_RATE,한국은행 기준금리,D,722Y001,1.3.1. 한국은행 기준금리 및 여수신금리,0101000,한국은행 기준금리,,,20250105,3.0,연%,ECOS
BASE_RATE,한국은행 기준금리,D,722Y001,1.3.1. 한국은행 기준금리 및 여수신금리,0101000,한국은행 기준금리,,,20250106,3.0,연%,ECOS
BASE_RATE,한국은행 기준금리,D,722Y001,1.3.1. 한국은행 기준금리 및 여수신금리,0101000,한국은행 기준금리,,,20250107,3.0,연%,ECOS
BASE_RATE,한국은행 기준금리,D,722Y001,1.3.1. 한국은행 기준금리 및 여수신금리,0101000,한국은행 기준금리,,,20250108,3.0,연%,ECOS
BASE_RATE,한국은행 기준금리,D,722Y001,1.3.1. 한국은행 기준금리 및 여수신금리,0101000,한국은행 기준금리,,,20250109,3.0,연%,ECOS
BASE_RATE,한국은행 기준금리,D,722Y001,1.3.1. 한국은행 기준금리 및 여수신금리,0101000,한국은행 기준금리,,,20250110,3.0,연%,ECOS
BASE_RATE,한국은행 기준금리,D,722Y001,1.3.1. 한국은행 기준금리 및 여수신금리,0101000,한국은행 기준금리,,,20250111,3.0,연%,ECOS
BASE_RATE,한국은행 기준금리,D,722Y001,1.3.1. 한국은행 기준금리 및 여수신금리,0101000,한국은행 기준금리,,,20250112,3.0,연%,ECOS
BASE_RATE,한국은행 기준금리,D,722Y001,1.3.1. 한국은행 기준금리 및 여수신금리,0101000,한국은행 기준금리,,,20250113,3.0,연%,ECOS
BASE_RATE,한국은행 기준금리,D,722Y001,1.3.1. 한국은행 기준금리 및 여수신금리,0101000,한국은행 기준금리,,,20250114,3.0,연%,ECOS
BASE_RATE,한국은행 기준금리,D,722Y001,1.3.1. 한국은행 기준금리 및 여수신금리,0101000,한국은행 기준금리,,,20250115,3.0,연%,ECOS
BASE_RATE,한국은행 기준금리,D,722Y001,1.3.1. 한국은행 기준금리 및 여수신금리,0101000,한국은행 기준금리,,,20250116,3.0,연%,ECOS
BASE_RATE,한국은행 기준금리,D,722Y001,1.3.1. 한국은행 기준금리 및 여수신금리,0101000,한국은행 기준금리,,,20250117,3.0,연%,ECOS
BASE_RATE,한국은행 기준금리,D,722Y001,1.3.1. 한국은행 기준금리 및 여수신금리,0101000,한국은행 기준금리,,,20250118,3.0,연%,ECOS
BASE_RATE,한국은행 기준금리,D,722Y001,1.3.1. 한국은행 기준금리 및 여수신금리,0101000,한국은행 기준금리,,,20250119,3.0,연%,ECOS
BASE_RATE,한국은행 기준금리,D,722Y001,1.3.1. 한국은행 기준금리 및 여수신금리,0101000,한국은행 기준금리,,,20250120,3.0,연%,ECOS
BASE_RATE,한국은행 기준금리,D,722Y001,1.3.1. 한국은행 기준금리 및 여수신금리,0101000,한국은행 기준금리,,,20250121,3.0,연%,ECOS
BASE_RATE,한국은행 기준금리,D,722Y001,1.3.1. 한국은행 기준금리 및 여수신금리,0101000,한국은행 기준금리,,,20250122,3.0,연%,ECOS
BASE_RATE,한국은행 기준금리,D,722Y001,1.3.1. 한국은행 기준금리 및 여수신금리,0101000,한국은행 기준금리,,,20250123,3.0,연%,ECOS
BASE_RATE,한국은행 기준금리,D,722Y001,1.3.1. 한국은행 기준금리 및 여수신금리,0101000,한국은행 기준금리,,,20250124,3.0,연%,ECOS
BASE_RATE,한국은행 기준금리,D,722Y001,1.3.1. 한국은행 기준금리 및 여수신금리,0101000,한국은행 기준금리,,,20250125,3.0,연%,ECOS
BASE_RATE,한국은행 기준금리,D,722Y001,1.3.1. 한국은행 기준금리 및 여수신금리,0101000,한국은행 기준금리,,,20250126,3.0,연%,ECOS
BASE_RATE,한국은행 기준금리,D,722Y001,1.3.1. 한국은행 기준금리 및 여수신금리,0101000,한국은행 기준금리,,,20250127,3.0,연%,ECOS
BASE_RATE,한국은행 기준금리,D,722Y001,1.3.1. 한국은행 기준금리 및 여수신금리,0101000,한국은행 기준금리,,,20250128,3.0,연%,ECOS
BASE_RATE,한국은행 기준금리,D,722Y001,1.3.1. 한국은행 기준금리 및 여수신금리,0101000,한국은행 기준금리,,,20250129,3.0,연%,ECOS
BASE_RATE,한국은행 기준금리,D,722Y001,1.3.1. 한국은행 기준금리 및 여수신금리,0101000,한국은행 기준금리,,,20250130,3.0,연%,ECOS
BASE_RATE,한국은행 기준금리,D,722Y001,1.3.1. 한국은행 기준금리 및 여수신금리,0101000,한국은행 기준금리,,,20250131,3.0,연%,ECOS
BASE_RATE,한국은행 기준금리,D,722Y001,1.3.1. 한국은행 기준금리 및 여수신금리,0101000,한국은행 기준금리,,,20250201,3.0,연%,ECOS
BASE_RATE,한국은행 기준금리,D,722Y001,1.3.1. 한국은행 기준금리 및 여수신금리,0101000,한국은행 기준금리,,,20250202,3.0,연%,ECOS
BASE_RATE,한국은행 기준금리,D,722Y001,1.3.1. 한국은행 기준금리 및 여수신금리,0101000,한국은행 기준금리,,,20250203,3.0,연%,ECOS
BASE_RATE,한국은행 기준금리,D,722Y001,1.3.1. 한국은행 기준금리 및 여수신금리,0101000,한국은행 기준금리,,,20250204,3.0,연%,ECOS
BASE_RATE,한국은행 기준금리,D,722Y001,1.3.1. 한국은행 기준금리 및 여수신금리,0101000,한국은행 기준금리,,,20250205,3.0,연%,ECOS
BASE_RATE,한국은행 기준금리,D,722Y001,1.3.1. 한국은행 기준금리 및 여수신금리,0101000,한국은행 기준금리,,,20250206,3.0,연%,ECOS
BASE_RATE,한국은행 기준금리,D,722Y001,1.3.1. 한국은행 기준금리 및 여수신금리,0101000,한국은행 기준금리,,,20250207,3.0,연%,ECOS
BASE_RATE,한국은행 기준금리,D,722Y001,1.3.1. 한국은행 기준금리 및 여수신금리,0101000,한국은행 기준금리,,,20250208,3.0,연%,ECOS
BASE_RATE,한국은행 기준금리,D,722Y001,1.3.1. 한국은행 기준금리 및 여수신금리,0101000,한국은행 기준금리,,,20250209,3.0,연%,ECOS
BASE_RATE,한국은행 기준금리,D,722Y001,1.3.1. 한국은행 기준금리 및 여수신금리,0101000,한국은행 기준금리,,,20250210,3.0,연%,ECOS
BASE_RATE,한국은행 기준금리,D,722Y001,1.3.1. 한국은행 기준금리 및 여수신금리,0101000,한국은행 기준금리,,,20250211,3.0,연%,ECOS
BASE_RATE,한국은행 기준금리,D,722Y001,1.3.1. 한국은행 기준금리 및 여수신금리,0101000,한국은행 기준금리,,,20250212,3.0,연%,ECOS
BASE_RATE,한국은행 기준금리,D,722Y001,1.3.1. 한국은행 기준금리 및 여수신금리,0101000,한국은행 기준금리,,,20250213,3.0,연%,ECOS
BASE_RATE,한국은행 기준금리,D,722Y001,1.3.1. 한국은행 기준금리 및 여수신금리,0101000,한국은행 기준금리,,,20250214,3.0,연%,ECOS
BASE_RATE,한국은행 기준금리,D,722Y001,1.3.1. 한국은행 기준금리 및 여수신금리,0101000,한국은행 기준금리,,,20250215,3.0,연%,ECOS
BASE_RATE,한국은행 기준금리,D,722Y001,1.3.1. 한국은행 기준금리 및 여수신금리,0101000,한국은행 기준금리,,,20250216,3.0,연%,ECOS
BASE_RATE,한국은행 기준금리,D,722Y001,1.3.1. 한국은행 기준금리 및 여수신금리,0101000,한국은행 기준금리,,,20250217,3.0,연%,ECOS
BASE_RATE,한국은행 기준금리,D,722Y001,1.3.1. 한국은행 기준금리 및 여수신금리,0101000,한국은행 기준금리,,,20250218,3.0,연%,ECOS
BASE_RATE,한국은행 기준금리,D,722Y001,1.3.1. 한국은행 기준금리 및 여수신금리,0101000,한국은행 기준금리,,,20250219,3.0,연%,ECOS
BASE_RATE,한국은행 기준금리,D,722Y001,1.3.1. 한국은행 기준금리 및 여수신금리,0101000,한국은행 기준금리,,,20250220,3.0,연%,ECOS
BASE_RATE,한국은행 기준금리,D,722Y001,1.3.1. 한국은행 기준금리 및 여수신금리,0101000,한국은행 기준금리,,,20250221,3.0,연%,ECOS
BASE_RATE,한국은행 기준금리,D,722Y001,1.3.1. 한국은행 기준금리 및 여수신금리,0101000,한국은행 기준금리,,,20250222,3.0,연%,ECOS
BASE_RATE,한국은행 기준금리,D,722Y001,1.3.1. 한국은행 기준금리 및 여수신금리,0101000,한국은행 기준금리,,,20250223,3.0,연%,ECOS
BASE_RATE,한국은행 기준금리,D,722Y001,1.3.1. 한국은행 기준금리 및 여수신금리,0101000,한국은행 기준금리,,,20250224,3.0,연%,ECOS
BASE_RATE,한국은행 기준금리,D,722Y001,1.3.1. 한국은행 기준금리 및 여수신금리,0101000,한국은행 기준금리,,,20250225,2.75,연%,ECOS
BASE_RATE,한국은행 기준금리,D,722Y001,1.3.1. 한국은행 기준금리 및 여수신금리,0101000,한국은행 기준금리,,,20250226,2.75,연%,ECOS
BASE_RATE,한국은행 기준금리,D,722Y001,1.3.1. 한국은행 기준금리 및 여수신금리,0101000,한국은행 기준금리,,,20250227,2.75,연%,ECOS
BASE_RATE,한국은행 기준금리,D,722Y001,1.3.1. 한국은행 기준금리 및 여수신금리,0101000,한국은행 기준금리,,,20250228,2.75,연%,ECOS
BASE_RATE,한국은행 기준금리,D,722Y001,1.3.1. 한국은행 기준금리 및 여수신금리,0101000,한국은행 기준금리,,,20250301,2.75,연%,ECOS
BASE_RATE,한국은행 기준금리,D,722Y001,1.3.1. 한국은행 기준금리 및 여수신금리,0101000,한국은행 기준금리,,,20250302,2.75,연%,ECOS
BASE_RATE,한국은행 기준금리,D,722Y001,1.3.1. 한국은행 기준금리 및 여수신금리,0101000,한국은행 기준금리,,,20250303,2.75,연%,ECOS
BASE_RATE,한국은행 기준금리,D,722Y001,1.3.1. 한국은행 기준금리 및 여수신금리,0101000,한국은행 기준금리,,,20250304,2.75,연%,ECOS
BASE_RATE,한국은행 기준금리,D,722Y001,1.3.1. 한국은행 기준금리 및 여수신금리,0101000,한국은행 기준금리,,,20250305,2.75,연%,ECOS
BASE_RATE,한국은행 기준금리,D,722Y001,1.3.1. 한국은행 기준금리 및 여수신금리,0101000,한국은행 기준금리,,,20250306,2.75,연%,ECOS
BASE_RATE,한국은행 기준금리,D,722Y001,1.3.1. 한국은행 기준금리 및 여수신금리,0101000,한국은행 기준금리,,,20250307,2.75,연%,ECOS
BASE_RATE,한국은행 기준금리,D,722Y001,1.3.1. 한국은행 기준금리 및 여수신금리,0101000,한국은행 기준금리,,,20250308,2.75,연%,ECOS
BASE_RATE,한국은행 기준금리,D,722Y001,1.3.1. 한국은행 기준금리 및 여수신금리,0101000,한국은행 기준금리,,,20250309,2.75,연%,ECOS
BASE_RATE,한국은행 기준금리,D,722Y001,1.3.1. 한국은행 기준금리 및 여수신금리,0101000,한국은행 기준금리,,,20250310,2.75,연%,ECOS
BASE_RATE,한국은행 기준금리,D,722Y001,1.3.1. 한국은행 기준금리 및 여수신금리,0101000,한국은행 기준금리,,,20250311,2.75,연%,ECOS
BASE_RATE,한국은행 기준금리,D,722Y001,1.3.1. 한국은행 기준금리 및 여수신금리,0101000,한국은행 기준금리,,,20250312,2.75,연%,ECOS
BASE_RATE,한국은행 기준금리,D,722Y001,1.3.1. 한국은행 기준금리 및 여수신금리,0101000,한국은행 기준금리,,,20250313,2.75,연%,ECOS
BASE_RATE,한국은행 기준금리,D,722Y001,1.3.1. 한국은행 기준금리 및 여수신금리,0101000,한국은행 기준금리,,,20250314,2.75,연%,ECOS
BASE_RATE,한국은행 기준금리,D,722Y001,1.3.1. 한국은행 기준금리 및 여수신금리,0101000,한국은행 기준금리,,,20250315,2.75,연%,ECOS
BASE_RATE,한국은행 기준금리,D,722Y001,1.3.1. 한국은행 기준금리 및 여수신금리,0101000,한국은행 기준금리,,,20250316,2.75,연%,ECOS
BASE_RATE,한국은행 기준금리,D,722Y001,1.3.1. 한국은행 기준금리 및 여수신금리,0101000,한국은행 기준금리,,,20250317,2.75,연%,ECOS
BASE_RATE,한국은행 기준금리,D,722Y001,1.3.1. 한국은행 기준금리 및 여수신금리,0101000,한국은행 기준금리,,,20250318,2.75,연%,ECOS
BASE_RATE,한국은행 기준금리,D,722Y001,1.3.1. 한국은행 기준금리 및 여수신금리,0101000,한국은행 기준금리,,,20250319,2.75,연%,ECOS
BASE_RATE,한국은행 기준금리,D,722Y001,1.3.1. 한국은행 기준금리 및 여수신금리,0101000,한국은행 기준금리,,,20250320,2.75,연%,ECOS
BASE_RATE,한국은행 기준금리,D,722Y001,1.3.1. 한국은행 기준금리 및 여수신금리,0101000,한국은행 기준금리,,,20250321,2.75,연%,ECOS
BASE_RATE,한국은행 기준금리,D,722Y001,1.3.1. 한국은행 기준금리 및 여수신금리,0101000,한국은행 기준금리,,,20250322,2.75,연%,ECOS
BASE_RATE,한국은행 기준금리,D,722Y001,1.3.1. 한국은행 기준금리 및 여수신금리,0101000,한국은행 기준금리,,,20250323,2.75,연%,ECOS
BASE_RATE,한국은행 기준금리,D,722Y001,1.3.1. 한국은행 기준금리 및 여수신금리,0101000,한국은행 기준금리,,,20250324,2.75,연%,ECOS
BASE_RATE,한국은행 기준금리,D,722Y001,1.3.1. 한국은행 기준금리 및 여수신금리,0101000,한국은행 기준금리,,,20250325,2.75,연%,ECOS
BASE_RATE,한국은행 기준금리,D,722Y001,1.3.1. 한국은행 기준금리 및 여수신금리,0101000,한국은행 기준금리,,,20250326,2.75,연%,ECOS
BASE_RATE,한국은행 기준금리,D,722Y001,1.3.1. 한국은행 기준금리 및 여수신금리,0101000,한국은행 기준금리,,,20250327,2.75,연%,ECOS
BASE_RATE,한국은행 기준금리,D,722Y001,1.3.1. 한국은행 기준금리 및 여수신금리,0101000,한국은행 기준금리,,,20250328,2.75,연%,ECOS
BASE_RATE,한국은행 기준금리,D,722Y001,1.3.1. 한국은행 기준금리 및 여수신금리,0101000,한국은행 기준금리,,,20250329,2.75,연%,ECOS
BASE_RATE,한국은행 기준금리,D,722Y001,1.3.1. 한국은행 기준금리 및 여수신금리,0101000,한국은행 기준금리,,,20250330,2.75,연%,ECOS
BASE_RATE,한국은행 기준금리,D,722Y001,1.3.1. 한국은행 기준금리 및 여수신금리,0101000,한국은행 기준금리,,,20250331,2.75,연%,ECOS
BASE_RATE,한국은행 기준금리,D,722Y001,1.3.1. 한국은행 기준금리 및 여수신금리,0101000,한국은행 기준금리,,,20250401,2.75,연%,ECOS
BASE_RATE,한국은행 기준금리,D,722Y001,1.3.1. 한국은행 기준금리 및 여수신금리,0101000,한국은행 기준금리,,,20250402,2.75,연%,ECOS
BASE_RATE,한국은행 기준금리,D,722Y001,1.3.1. 한국은행 기준금리 및 여수신금리,0101000,한국은행 기준금리,,,20250403,2.75,연%,ECOS
BASE_RATE,한국은행 기준금리,D,722Y001,1.3.1. 한국은행 기준금리 및 여수신금리,0101000,한국은행 기준금리,,,20250404,2.75,연%,ECOS
BASE_RATE,한국은행 기준금리,D,722Y001,1.3.1. 한국은행 기준금리 및 여수신금리,0101000,한국은행 기준금리,,,20250405,2.75,연%,ECOS
BASE_RATE,한국은행 기준금리,D,722Y001,1.3.1. 한국은행 기준금리 및 여수신금리,0101000,한국은행 기준금리,,,20250406,2.75,연%,ECOS
BASE_RATE,한국은행 기준금리,D,722Y001,1.3.1. 한국은행 기준금리 및 여수신금리,0101000,한국은행 기준금리,,,20250407,2.75,연%,ECOS
BASE_RATE,한국은행 기준금리,D,722Y001,1.3.1. 한국은행 기준금리 및 여수신금리,0101000,한국은행 기준금리,,,20250408,2.75,연%,ECOS
BASE_RATE,한국은행 기준금리,D,722Y001,1.3.1. 한국은행 기준금리 및 여수신금리,0101000,한국은행 기준금리,,,20250409,2.75,연%,ECOS
BASE_RATE,한국은행 기준금리,D,722Y001,1.3.1. 한국은행 기준금리 및 여수신금리,0101000,한국은행 기준금리,,,20250410,2.75,연%,ECOS
BASE_RATE,한국은행 기준금리,D,722Y001,1.3.1. 한국은행 기준금리 및 여수신금리,0101000,한국은행 기준금리,,,20250411,2.75,연%,ECOS
BASE_RATE,한국은행 기준금리,D,722Y001,1.3.1. 한국은행 기준금리 및 여수신금리,0101000,한국은행 기준금리,,,20250412,2.75,연%,ECOS
BASE_RATE,한국은행 기준금리,D,722Y001,1.3.1. 한국은행 기준금리 및 여수신금리,0101000,한국은행 기준금리,,,20250413,2.75,연%,ECOS
BASE_RATE,한국은행 기준금리,D,722Y001,1.3.1. 한국은행 기준금리 및 여수신금리,0101000,한국은행 기준금리,,,20250414,2.75,연%,ECOS
BASE_RATE,한국은행 기준금리,D,722Y001,1.3.1. 한국은행 기준금리 및 여수신금리,0101000,한국은행 기준금리,,,20250415,2.75,연%,ECOS
BASE_RATE,한국은행 기준금리,D,722Y001,1.3.1. 한국은행 기준금리 및 여수신금리,0101000,한국은행 기준금리,,,20250416,2.75,연%,ECOS
BASE_RATE,한국은행 기준금리,D,722Y001,1.3.1. 한국은행 기준금리 및 여수신금리,0101000,한국은행 기준금리,,,20250417,2.75,연%,ECOS
BASE_RATE,한국은행 기준금리,D,722Y001,1.3.1. 한국은행 기준금리 및 여수신금리,0101000,한국은행 기준금리,,,20250418,2.75,연%,ECOS
BASE_RATE,한국은행 기준금리,D,722Y001,1.3.1. 한국은행 기준금리 및 여수신금리,0101000,한국은행 기준금리,,,20250419,2.75,연%,ECOS
BASE_RATE,한국은행 기준금리,D,722Y001,1.3.1. 한국은행 기준금리 및 여수신금리,0101000,한국은행 기준금리,,,20250420,2.75,연%,ECOS
BASE_RATE,한국은행 기준금리,D,722Y001,1.3.1. 한국은행 기준금리 및 여수신금리,0101000,한국은행 기준금리,,,20250421,2.75,연%,ECOS
BASE_RATE,한국은행 기준금리,D,722Y001,1.3.1. 한국은행 기준금리 및 여수신금리,0101000,한국은행 기준금리,,,20250422,2.75,연%,ECOS
BASE_RATE,한국은행 기준금리,D,722Y001,1.3.1. 한국은행 기준금리 및 여수신금리,0101000,한국은행 기준금리,,,20250423,2.75,연%,ECOS
BASE_RATE,한국은행 기준금리,D,722Y001,1.3.1. 한국은행 기준금리 및 여수신금리,0101000,한국은행 기준금리,,,20250424,2.75,연%,ECOS
BASE_RATE,한국은행 기준금리,D,722Y001,1.3.1. 한국은행 기준금리 및 여수신금리,0101000,한국은행 기준금리,,,20250425,2.75,연%,ECOS
BASE_RATE,한국은행 기준금리,D,722Y001,1.3.1. 한국은행 기준금리 및 여수신금리,0101000,한국은행 기준금리,,,20250426,2.75,연%,ECOS
BASE_RATE,한국은행 기준금리,D,722Y001,1.3.1. 한국은행 기준금리 및 여수신금리,0101000,한국은행 기준금리,,,20250427,2.75,연%,ECOS
BASE_RATE,한국은행 기준금리,D,722Y001,1.3.1. 한국은행 기준금리 및 여수신금리,0101000,한국은행 기준금리,,,20250428,2.75,연%,ECOS
BASE_RATE,한국은행 기준금리,D,722Y001,1.3.1. 한국은행 기준금리 및 여수신금리,0101000,한국은행 기준금리,,,20250429,2.75,연%,ECOS
BASE_RATE,한국은행 기준금리,D,722Y001,1.3.1. 한국은행 기준금리 및 여수신금리,0101000,한국은행 기준금리,,,20250430,2.75,연%,ECOS
BASE_RATE,한국은행 기준금리,D,722Y001,1.3.1. 한국은행 기준금리 및 여수신금리,0101000,한국은행 기준금리,,,20250501,2.75,연%,ECOS
BASE_RATE,한국은행 기준금리,D,722Y001,1.3.1. 한국은행 기준금리 및 여수신금리,0101000,한국은행 기준금리,,,20250502,2.75,연%,ECOS
BASE_RATE,한국은행 기준금리,D,722Y001,1.3.1. 한국은행 기준금리 및 여수신금리,0101000,한국은행 기준금리,,,20250503,2.75,연%,ECOS
BASE_RATE,한국은행 기준금리,D,722Y001,1.3.1. 한국은행 기준금리 및 여수신금리,0101000,한국은행 기준금리,,,20250504,2.75,연%,ECOS
BASE_RATE,한국은행 기준금리,D,722Y001,1.3.1. 한국은행 기준금리 및 여수신금리,0101000,한국은행 기준금리,,,20250505,2.75,연%,ECOS
BASE_RATE,한국은행 기준금리,D,722Y001,1.3.1. 한국은행 기준금리 및 여수신금리,0101000,한국은행 기준금리,,,20250506,2.75,연%,ECOS
BASE_RATE,한국은행 기준금리,D,722Y001,1.3.1. 한국은행 기준금리 및 여수신금리,0101000,한국은행 기준금리,,,20250507,2.75,연%,ECOS
BASE_RATE,한국은행 기준금리,D,722Y001,1.3.1. 한국은행 기준금리 및 여수신금리,0101000,한국은행 기준금리,,,20250508,2.75,연%,ECOS
BASE_RATE,한국은행 기준금리,D,722Y001,1.3.1. 한국은행 기준금리 및 여수신금리,0101000,한국은행 기준금리,,,20250509,2.75,연%,ECOS
BASE_RATE,한국은행 기준금리,D,722Y001,1.3.1. 한국은행 기준금리 및 여수신금리,0101000,한국은행 기준금리,,,20250510,2.75,연%,ECOS
BASE_RATE,한국은행 기준금리,D,722Y001,1.3.1. 한국은행 기준금리 및 여수신금리,0101000,한국은행 기준금리,,,20250511,2.75,연%,ECOS
BASE_RATE,한국은행 기준금리,D,722Y001,1.3.1. 한국은행 기준금리 및 여수신금리,0101000,한국은행 기준금리,,,20250512,2.75,연%,ECOS
BASE_RATE,한국은행 기준금리,D,722Y001,1.3.1. 한국은행 기준금리 및 여수신금리,0101000,한국은행 기준금리,,,20250513,2.75,연%,ECOS
BASE_RATE,한국은행 기준금리,D,722Y001,1.3.1. 한국은행 기준금리 및 여수신금리,0101000,한국은행 기준금리,,,20250514,2.75,연%,ECOS
BASE_RATE,한국은행 기준금리,D,722Y001,1.3.1. 한국은행 기준금리 및 여수신금리,0101000,한국은행 기준금리,,,20250515,2.75,연%,ECOS
BASE_RATE,한국은행 기준금리,D,722Y001,1.3.1. 한국은행 기준금리 및 여수신금리,0101000,한국은행 기준금리,,,20250516,2.75,연%,ECOS
BASE_RATE,한국은행 기준금리,D,722Y001,1.3.1. 한국은행 기준금리 및 여수신금리,0101000,한국은행 기준금리,,,20250517,2.75,연%,ECOS
BASE_RATE,한국은행 기준금리,D,722Y001,1.3.1. 한국은행 기준금리 및 여수신금리,0101000,한국은행 기준금리,,,20250518,2.75,연%,ECOS
BASE_RATE,한국은행 기준금리,D,722Y001,1.3.1. 한국은행 기준금리 및 여수신금리,0101000,한국은행 기준금리,,,20250519,2.75,연%,ECOS
BASE_RATE,한국은행 기준금리,D,722Y001,1.3.1. 한국은행 기준금리 및 여수신금리,0101000,한국은행 기준금리,,,20250520,2.75,연%,ECOS
BASE_RATE,한국은행 기준금리,D,722Y001,1.3.1. 한국은행 기준금리 및 여수신금리,0101000,한국은행 기준금리,,,20250521,2.75,연%,ECOS
BASE_RATE,한국은행 기준금리,D,722Y001,1.3.1. 한국은행 기준금리 및 여수신금리,0101000,한국은행 기준금리,,,20250522,2.75,연%,ECOS
BASE_RATE,한국은행 기준금리,D,722Y001,1.3.1. 한국은행 기준금리 및 여수신금리,0101000,한국은행 기준금리,,,20250523,2.75,연%,ECOS
BASE_RATE,한국은행 기준금리,D,722Y001,1.3.1. 한국은행 기준금리 및 여수신금리,0101000,한국은행 기준금리,,,20250524,2.75,연%,ECOS
BASE_RATE,한국은행 기준금리,D,722Y001,1.3.1. 한국은행 기준금리 및 여수신금리,0101000,한국은행 기준금리,,,20250525,2.75,연%,ECOS
BASE_RATE,한국은행 기준금리,D,722Y001,1.3.1. 한국은행 기준금리 및 여수신금리,0101000,한국은행 기준금리,,,20250526,2.75,연%,ECOS
BASE_RATE,한국은행 기준금리,D,722Y001,1.3.1. 한국은행 기준금리 및 여수신금리,0101000,한국은행 기준금리,,,20250527,2.75,연%,ECOS
BASE_RATE,한국은행 기준금리,D,722Y001,1.3.1. 한국은행 기준금리 및 여수신금리,0101000,한국은행 기준금리,,,20250528,2.75,연%,ECOS
BASE_RATE,한국은행 기준금리,D,722Y001,1.3.1. 한국은행 기준금리 및 여수신금리,0101000,한국은행 기준금리,,,20250529,2.5,연%,ECOS
BASE_RATE,한국은행 기준금리,D,722Y001,1.3.1. 한국은행 기준금리 및 여수신금리,0101000,한국은행 기준금리,,,20250530,2.5,연%,ECOS
BASE_RATE,한국은행 기준금리,D,722Y001,1.3.1. 한국은행 기준금리 및 여수신금리,0101000,한국은행 기준금리,,,20250531,2.5,연%,ECOS
BASE_RATE,한국은행 기준금리,D,722Y001,1.3.1. 한국은행 기준금리 및 여수신금리,0101000,한국은행 기준금리,,,20250601,2.5,연%,ECOS
BASE_RATE,한국은행 기준금리,D,722Y001,1.3.1. 한국은행 기준금리 및 여수신금리,0101000,한국은행 기준금리,,,20250602,2.5,연%,ECOS
BASE_RATE,한국은행 기준금리,D,722Y001,1.3.1. 한국은행 기준금리 및 여수신금리,0101000,한국은행 기준금리,,,20250603,2.5,연%,ECOS
BASE_RATE,한국은행 기준금리,D,722Y001,1.3.1. 한국은행 기준금리 및 여수신금리,0101000,한국은행 기준금리,,,20250604,2.5,연%,ECOS
BASE_RATE,한국은행 기준금리,D,722Y001,1.3.1. 한국은행 기준금리 및 여수신금리,0101000,한국은행 기준금리,,,20250605,2.5,연%,ECOS
BASE_RATE,한국은행 기준금리,D,722Y001,1.3.1. 한국은행 기준금리 및 여수신금리,0101000,한국은행 기준금리,,,20250606,2.5,연%,ECOS
BASE_RATE,한국은행 기준금리,D,722Y001,1.3.1. 한국은행 기준금리 및 여수신금리,0101000,한국은행 기준금리,,,20250607,2.5,연%,ECOS
BASE_RATE,한국은행 기준금리,D,722Y001,1.3.1. 한국은행 기준금리 및 여수신금리,0101000,한국은행 기준금리,,,20250608,2.5,연%,ECOS
BASE_RATE,한국은행 기준금리,D,722Y001,1.3.1. 한국은행 기준금리 및 여수신금리,0101000,한국은행 기준금리,,,20250609,2.5,연%,ECOS
BASE_RATE,한국은행 기준금리,D,722Y001,1.3.1. 한국은행 기준금리 및 여수신금리,0101000,한국은행 기준금리,,,20250610,2.5,연%,ECOS
BASE_RATE,한국은행 기준금리,D,722Y001,1.3.1. 한국은행 기준금리 및 여수신금리,0101000,한국은행 기준금리,,,20250611,2.5,연%,ECOS
BASE_RATE,한국은행 기준금리,D,722Y001,1.3.1. 한국은행 기준금리 및 여수신금리,0101000,한국은행 기준금리,,,20250612,2.5,연%,ECOS
BASE_RATE,한국은행 기준금리,D,722Y001,1.3.1. 한국은행 기준금리 및 여수신금리,0101000,한국은행 기준금리,,,20250613,2.5,연%,ECOS
BASE_RATE,한국은행 기준금리,D,722Y001,1.3.1. 한국은행 기준금리 및 여수신금리,0101000,한국은행 기준금리,,,20250614,2.5,연%,ECOS
BASE_RATE,한국은행 기준금리,D,722Y001,1.3.1. 한국은행 기준금리 및 여수신금리,0101000,한국은행 기준금리,,,20250615,2.5,연%,ECOS
BASE_RATE,한국은행 기준금리,D,722Y001,1.3.1. 한국은행 기준금리 및 여수신금리,0101000,한국은행 기준금리,,,20250616,2.5,연%,ECOS
BASE_RATE,한국은행 기준금리,D,722Y001,1.3.1. 한국은행 기준금리 및 여수신금리,0101000,한국은행 기준금리,,,20250617,2.5,연%,ECOS
BASE_RATE,한국은행 기준금리,D,722Y001,1.3.1. 한국은행 기준금리 및 여수신금리,0101000,한국은행 기준금리,,,20250618,2.5,연%,ECOS
BASE_RATE,한국은행 기준금리,D,722Y001,1.3.1. 한국은행 기준금리 및 여수신금리,0101000,한국은행 기준금리,,,20250619,2.5,연%,ECOS
BASE_RATE,한국은행 기준금리,D,722Y001,1.3.1. 한국은행 기준금리 및 여수신금리,0101000,한국은행 기준금리,,,20250620,2.5,연%,ECOS
BASE_RATE,한국은행 기준금리,D,722Y001,1.3.1. 한국은행 기준금리 및 여수신금리,0101000,한국은행 기준금리,,,20250621,2.5,연%,ECOS
BASE_RATE,한국은행 기준금리,D,722Y001,1.3.1. 한국은행 기준금리 및 여수신금리,0101000,한국은행 기준금리,,,20250622,2.5,연%,ECOS
BASE_RATE,한국은행 기준금리,D,722Y001,1.3.1. 한국은행 기준금리 및 여수신금리,0101000,한국은행 기준금리,,,20250623,2.5,연%,ECOS
BASE_RATE,한국은행 기준금리,D,722Y001,1.3.1. 한국은행 기준금리 및 여수신금리,0101000,한국은행 기준금리,,,20250624,2.5,연%,ECOS
BASE_RATE,한국은행 기준금리,D,722Y001,1.3.1. 한국은행 기준금리 및 여수신금리,0101000,한국은행 기준금리,,,20250625,2.5,연%,ECOS
BASE_RATE,한국은행 기준금리,D,722Y001,1.3.1. 한국은행 기준금리 및 여수신금리,0101000,한국은행 기준금리,,,20250626,2.5,연%,ECOS
BASE_RATE,한국은행 기준금리,D,722Y001,1.3.1. 한국은행 기준금리 및 여수신금리,0101000,한국은행 기준금리,,,20250627,2.5,연%,ECOS
BASE_RATE,한국은행 기준금리,D,722Y001,1.3.1. 한국은행 기준금리 및 여수신금리,0101000,한국은행 기준금리,,,20250628,2.5,연%,ECOS
BASE_RATE,한국은행 기준금리,D,722Y001,1.3.1. 한국은행 기준금리 및 여수신금리,0101000,한국은행 기준금리,,,20250629,2.5,연%,ECOS
BASE_RATE,한국은행 기준금리,D,722Y001,1.3.1. 한국은행 기준금리 및 여수신금리,0101000,한국은행 기준금리,,,20250630,2.5,연%,ECOS
BASE_RATE,한국은행 기준금리,D,722Y001,1.3.1. 한국은행 기준금리 및 여수신금리,0101000,한국은행 기준금리,,,20250701,2.5,연%,ECOS
BASE_RATE,한국은행 기준금리,D,722Y001,1.3.1. 한국은행 기준금리 및 여수신금리,0101000,한국은행 기준금리,,,20250702,2.5,연%,ECOS
BASE_RATE,한국은행 기준금리,D,722Y001,1.3.1. 한국은행 기준금리 및 여수신금리,0101000,한국은행 기준금리,,,20250703,2.5,연%,ECOS
BASE_RATE,한국은행 기준금리,D,722Y001,1.3.1. 한국은행 기준금리 및 여수신금리,0101000,한국은행 기준금리,,,20250704,2.5,연%,ECOS
BASE_RATE,한국은행 기준금리,D,722Y001,1.3.1. 한국은행 기준금리 및 여수신금리,0101000,한국은행 기준금리,,,20250705,2.5,연%,ECOS
BASE_RATE,한국은행 기준금리,D,722Y001,1.3.1. 한국은행 기준금리 및 여수신금리,0101000,한국은행 기준금리,,,20250706,2.5,연%,ECOS
BASE_RATE,한국은행 기준금리,D,722Y001,1.3.1. 한국은행 기준금리 및 여수신금리,0101000,한국은행 기준금리,,,20250707,2.5,연%,ECOS
BASE_RATE,한국은행 기준금리,D,722Y001,1.3.1. 한국은행 기준금리 및 여수신금리,0101000,한국은행 기준금리,,,20250708,2.5,연%,ECOS
BASE_RATE,한국은행 기준금리,D,722Y001,1.3.1. 한국은행 기준금리 및 여수신금리,0101000,한국은행 기준금리,,,20250709,2.5,연%,ECOS
BASE_RATE,한국은행 기준금리,D,722Y001,1.3.1. 한국은행 기준금리 및 여수신금리,0101000,한국은행 기준금리,,,20250710,2.5,연%,ECOS
BASE_RATE,한국은행 기준금리,D,722Y001,1.3.1. 한국은행 기준금리 및 여수신금리,0101000,한국은행 기준금리,,,20250711,2.5,연%,ECOS
BASE_RATE,한국은행 기준금리,D,722Y001,1.3.1. 한국은행 기준금리 및 여수신금리,0101000,한국은행 기준금리,,,20250712,2.5,연%,ECOS
BASE_RATE,한국은행 기준금리,D,722Y001,1.3.1. 한국은행 기준금리 및 여수신금리,0101000,한국은행 기준금리,,,20250713,2.5,연%,ECOS
BASE_RATE,한국은행 기준금리,D,722Y001,1.3.1. 한국은행 기준금리 및 여수신금리,0101000,한국은행 기준금리,,,20250714,2.5,연%,ECOS
BASE_RATE,한국은행 기준금리,D,722Y001,1.3.1. 한국은행 기준금리 및 여수신금리,0101000,한국은행 기준금리,,,20250715,2.5,연%,ECOS
BASE_RATE,한국은행 기준금리,D,722Y001,1.3.1. 한국은행 기준금리 및 여수신금리,0101000,한국은행 기준금리,,,20250716,2.5,연%,ECOS
BASE_RATE,한국은행 기준금리,D,722Y001,1.3.1. 한국은행 기준금리 및 여수신금리,0101000,한국은행 기준금리,,,20250717,2.5,연%,ECOS
BASE_RATE,한국은행 기준금리,D,722Y001,1.3.1. 한국은행 기준금리 및 여수신금리,0101000,한국은행 기준금리,,,20250718,2.5,연%,ECOS
BASE_RATE,한국은행 기준금리,D,722Y001,1.3.1. 한국은행 기준금리 및 여수신금리,0101000,한국은행 기준금리,,,20250719,2.5,연%,ECOS
BASE_RATE,한국은행 기준금리,D,722Y001,1.3.1. 한국은행 기준금리 및 여수신금리,0101000,한국은행 기준금리,,,20250720,2.5,연%,ECOS
BASE_RATE,한국은행 기준금리,D,722Y001,1.3.1. 한국은행 기준금리 및 여수신금리,0101000,한국은행 기준금리,,,20250721,2.5,연%,ECOS
BASE_RATE,한국은행 기준금리,D,722Y001,1.3.1. 한국은행 기준금리 및 여수신금리,0101000,한국은행 기준금리,,,20250722,2.5,연%,ECOS
BASE_RATE,한국은행 기준금리,D,722Y001,1.3.1. 한국은행 기준금리 및 여수신금리,0101000,한국은행 기준금리,,,20250723,2.5,연%,ECOS
BASE_RATE,한국은행 기준금리,D,722Y001,1.3.1. 한국은행 기준금리 및 여수신금리,0101000,한국은행 기준금리,,,20250724,2.5,연%,ECOS
BASE_RATE,한국은행 기준금리,D,722Y001,1.3.1. 한국은행 기준금리 및 여수신금리,0101000,한국은행 기준금리,,,20250725,2.5,연%,ECOS
BASE_RATE,한국은행 기준금리,D,722Y001,1.3.1. 한국은행 기준금리 및 여수신금리,0101000,한국은행 기준금리,,,20250726,2.5,연%,ECOS
BASE_RATE,한국은행 기준금리,D,722Y001,1.3.1. 한국은행 기준금리 및 여수신금리,0101000,한국은행 기준금리,,,20250727,2.5,연%,ECOS
BASE_RATE,한국은행 기준금리,D,722Y001,1.3.1. 한국은행 기준금리 및 여수신금리,0101000,한국은행 기준금리,,,20250728,2.5,연%,ECOS
BASE_RATE,한국은행 기준금리,D,722Y001,1.3.1. 한국은행 기준금리 및 여수신금리,0101000,한국은행 기준금리,,,20250729,2.5,연%,ECOS
BASE_RATE,한국은행 기준금리,D,722Y001,1.3.1. 한국은행 기준금리 및 여수신금리,0101000,한국은행 기준금리,,,20250730,2.5,연%,ECOS
BASE_RATE,한국은행 기준금리,D,722Y001,1.3.1. 한국은행 기준금리 및 여수신금리,0101000,한국은행 기준금리,,,20250731,2.5,연%,ECOS
BASE_RATE,한국은행 기준금리,D,722Y001,1.3.1. 한국은행 기준금리 및 여수신금리,0101000,한국은행 기준금리,,,20250801,2.5,연%,ECOS
BASE_RATE,한국은행 기준금리,D,722Y001,1.3.1. 한국은행 기준금리 및 여수신금리,0101000,한국은행 기준금리,,,20250802,2.5,연%,ECOS
BASE_RATE,한국은행 기준금리,D,722Y001,1.3.1. 한국은행 기준금리 및 여수신금리,0101000,한국은행 기준금리,,,20250803,2.5,연%,ECOS
BASE_RATE,한국은행 기준금리,D,722Y001,1.3.1. 한국은행 기준금리 및 여수신금리,0101000,한국은행 기준금리,,,20250804,2.5,연%,ECOS
BASE_RATE,한국은행 기준금리,D,722Y001,1.3.1. 한국은행 기준금리 및 여수신금리,0101000,한국은행 기준금리,,,20250805,2.5,연%,ECOS
BASE_RATE,한국은행 기준금리,D,722Y001,1.3.1. 한국은행 기준금리 및 여수신금리,0101000,한국은행 기준금리,,,20250806,2.5,연%,ECOS
BASE_RATE,한국은행 기준금리,D,722Y001,1.3.1. 한국은행 기준금리 및 여수신금리,0101000,한국은행 기준금리,,,20250807,2.5,연%,ECOS
BASE_RATE,한국은행 기준금리,D,722Y001,1.3.1. 한국은행 기준금리 및 여수신금리,0101000,한국은행 기준금리,,,20250808,2.5,연%,ECOS
BASE_RATE,한국은행 기준금리,D,722Y001,1.3.1. 한국은행 기준금리 및 여수신금리,0101000,한국은행 기준금리,,,20250809,2.5,연%,ECOS
BASE_RATE,한국은행 기준금리,D,722Y001,1.3.1. 한국은행 기준금리 및 여수신금리,0101000,한국은행 기준금리,,,20250810,2.5,연%,ECOS
BASE_RATE,한국은행 기준금리,D,722Y001,1.3.1. 한국은행 기준금리 및 여수신금리,0101000,한국은행 기준금리,,,20250811,2.5,연%,ECOS
BASE_RATE,한국은행 기준금리,D,722Y001,1.3.1. 한국은행 기준금리 및 여수신금리,0101000,한국은행 기준금리,,,20250812,2.5,연%,ECOS
BASE_RATE,한국은행 기준금리,D,722Y001,1.3.1. 한국은행 기준금리 및 여수신금리,0101000,한국은행 기준금리,,,20250813,2.5,연%,ECOS
BASE_RATE,한국은행 기준금리,D,722Y001,1.3.1. 한국은행 기준금리 및 여수신금리,0101000,한국은행 기준금리,,,20250814,2.5,연%,ECOS
BASE_RATE,한국은행 기준금리,D,722Y001,1.3.1. 한국은행 기준금리 및 여수신금리,0101000,한국은행 기준금리,,,20250815,2.5,연%,ECOS
BASE_RATE,한국은행 기준금리,D,722Y001,1.3.1. 한국은행 기준금리 및 여수신금리,0101000,한국은행 기준금리,,,20250816,2.5,연%,ECOS
BASE_RATE,한국은행 기준금리,D,722Y001,1.3.1. 한국은행 기준금리 및 여수신금리,0101000,한국은행 기준금리,,,20250817,2.5,연%,ECOS
BASE_RATE,한국은행 기준금리,D,722Y001,1.3.1. 한국은행 기준금리 및 여수신금리,0101000,한국은행 기준금리,,,20250818,2.5,연%,ECOS
BASE_RATE,한국은행 기준금리,D,722Y001,1.3.1. 한국은행 기준금리 및 여수신금리,0101000,한국은행 기준금리,,,20250819,2.5,연%,ECOS
BASE_RATE,한국은행 기준금리,D,722Y001,1.3.1. 한국은행 기준금리 및 여수신금리,0101000,한국은행 기준금리,,,20250820,2.5,연%,ECOS
BASE_RATE,한국은행 기준금리,D,722Y001,1.3.1. 한국은행 기준금리 및 여수신금리,0101000,한국은행 기준금리,,,20250821,2.5,연%,ECOS
BASE_RATE,한국은행 기준금리,D,722Y001,1.3.1. 한국은행 기준금리 및 여수신금리,0101000,한국은행 기준금리,,,20250822,2.5,연%,ECOS
BASE_RATE,한국은행 기준금리,D,722Y001,1.3.1. 한국은행 기준금리 및 여수신금리,0101000,한국은행 기준금리,,,20250823,2.5,연%,ECOS
BASE_RATE,한국은행 기준금리,D,722Y001,1.3.1. 한국은행 기준금리 및 여수신금리,0101000,한국은행 기준금리,,,20250824,2.5,연%,ECOS
BASE_RATE,한국은행 기준금리,D,722Y001,1.3.1. 한국은행 기준금리 및 여수신금리,0101000,한국은행 기준금리,,,20250825,2.5,연%,ECOS
BASE_RATE,한국은행 기준금리,D,722Y001,1.3.1. 한국은행 기준금리 및 여수신금리,0101000,한국은행 기준금리,,,20250826,2.5,연%,ECOS
BASE_RATE,한국은행 기준금리,D,722Y001,1.3.1. 한국은행 기준금리 및 여수신금리,0101000,한국은행 기준금리,,,20250827,2.5,연%,ECOS
BASE_RATE,한국은행 기준금리,D,722Y001,1.3.1. 한국은행 기준금리 및 여수신금리,0101000,한국은행 기준금리,,,20250828,2.5,연%,ECOS
BASE_RATE,한국은행 기준금리,D,722Y001,1.3.1. 한국은행 기준금리 및 여수신금리,0101000,한국은행 기준금리,,,20250829,2.5,연%,ECOS
BASE_RATE,한국은행 기준금리,D,722Y001,1.3.1. 한국은행 기준금리 및 여수신금리,0101000,한국은행 기준금리,,,20250830,2.5,연%,ECOS
BASE_RATE,한국은행 기준금리,D,722Y001,1.3.1. 한국은행 기준금리 및 여수신금리,0101000,한국은행 기준금리,,,20250831,2.5,연%,ECOS
BASE_RATE,한국은행 기준금리,D,722Y001,1.3.1. 한국은행 기준금리 및 여수신금리,0101000,한국은행 기준금리,,,20250901,2.5,연%,ECOS
BASE_RATE,한국은행 기준금리,D,722Y001,1.3.1. 한국은행 기준금리 및 여수신금리,0101000,한국은행 기준금리,,,20250902,2.5,연%,ECOS
BASE_RATE,한국은행 기준금리,D,722Y001,1.3.1. 한국은행 기준금리 및 여수신금리,0101000,한국은행 기준금리,,,20250903,2.5,연%,ECOS
BASE_RATE,한국은행 기준금리,D,722Y001,1.3.1. 한국은행 기준금리 및 여수신금리,0101000,한국은행 기준금리,,,20250904,2.5,연%,ECOS
BASE_RATE,한국은행 기준금리,D,722Y001,1.3.1. 한국은행 기준금리 및 여수신금리,0101000,한국은행 기준금리,,,20250905,2.5,연%,ECOS
BASE_RATE,한국은행 기준금리,D,722Y001,1.3.1. 한국은행 기준금리 및 여수신금리,0101000,한국은행 기준금리,,,20250906,2.5,연%,ECOS
BASE_RATE,한국은행 기준금리,D,722Y001,1.3.1. 한국은행 기준금리 및 여수신금리,0101000,한국은행 기준금리,,,20250907,2.5,연%,ECOS
BASE_RATE,한국은행 기준금리,D,722Y001,1.3.1. 한국은행 기준금리 및 여수신금리,0101000,한국은행 기준금리,,,20250908,2.5,연%,ECOS
BASE_RATE,한국은행 기준금리,D,722Y001,1.3.1. 한국은행 기준금리 및 여수신금리,0101000,한국은행 기준금리,,,20250909,2.5,연%,ECOS
BASE_RATE,한국은행 기준금리,D,722Y001,1.3.1. 한국은행 기준금리 및 여수신금리,0101000,한국은행 기준금리,,,20250910,2.5,연%,ECOS
BASE_RATE,한국은행 기준금리,D,722Y001,1.3.1. 한국은행 기준금리 및 여수신금리,0101000,한국은행 기준금리,,,20250911,2.5,연%,ECOS
BASE_RATE,한국은행 기준금리,D,722Y001,1.3.1. 한국은행 기준금리 및 여수신금리,0101000,한국은행 기준금리,,,20250912,2.5,연%,ECOS
BASE_RATE,한국은행 기준금리,D,722Y001,1.3.1. 한국은행 기준금리 및 여수신금리,0101000,한국은행 기준금리,,,20250913,2.5,연%,ECOS
BASE_RATE,한국은행 기준금리,D,722Y001,1.3.1. 한국은행 기준금리 및 여수신금리,0101000,한국은행 기준금리,,,20250914,2.5,연%,ECOS
BASE_RATE,한국은행 기준금리,D,722Y001,1.3.1. 한국은행 기준금리 및 여수신금리,0101000,한국은행 기준금리,,,20250915,2.5,연%,ECOS
BASE_RATE,한국은행 기준금리,D,722Y001,1.3.1. 한국은행 기준금리 및 여수신금리,0101000,한국은행 기준금리,,,20250916,2.5,연%,ECOS
BASE_RATE,한국은행 기준금리,D,722Y001,1.3.1. 한국은행 기준금리 및 여수신금리,0101000,한국은행 기준금리,,,20250917,2.5,연%,ECOS
BASE_RATE,한국은행 기준금리,D,722Y001,1.3.1. 한국은행 기준금리 및 여수신금리,0101000,한국은행 기준금리,,,20250918,2.5,연%,ECOS
BASE_RATE,한국은행 기준금리,D,722Y001,1.3.1. 한국은행 기준금리 및 여수신금리,0101000,한국은행 기준금리,,,20250919,2.5,연%,ECOS
BASE_RATE,한국은행 기준금리,D,722Y001,1.3.1. 한국은행 기준금리 및 여수신금리,0101000,한국은행 기준금리,,,20250920,2.5,연%,ECOS
BASE_RATE,한국은행 기준금리,D,722Y001,1.3.1. 한국은행 기준금리 및 여수신금리,0101000,한국은행 기준금리,,,20250921,2.5,연%,ECOS
BASE_RATE,한국은행 기준금리,D,722Y001,1.3.1. 한국은행 기준금리 및 여수신금리,0101000,한국은행 기준금리,,,20250922,2.5,연%,ECOS
BASE_RATE,한국은행 기준금리,D,722Y001,1.3.1. 한국은행 기준금리 및 여수신금리,0101000,한국은행 기준금리,,,20250923,2.5,연%,ECOS
BASE_RATE,한국은행 기준금리,D,722Y001,1.3.1. 한국은행 기준금리 및 여수신금리,0101000,한국은행 기준금리,,,20250924,2.5,연%,ECOS
BASE_RATE,한국은행 기준금리,D,722Y001,1.3.1. 한국은행 기준금리 및 여수신금리,0101000,한국은행 기준금리,,,20250925,2.5,연%,ECOS
BASE_RATE,한국은행 기준금리,D,722Y001,1.3.1. 한국은행 기준금리 및 여수신금리,0101000,한국은행 기준금리,,,20250926,2.5,연%,ECOS
BASE_RATE,한국은행 기준금리,D,722Y001,1.3.1. 한국은행 기준금리 및 여수신금리,0101000,한국은행 기준금리,,,20250927,2.5,연%,ECOS
BASE_RATE,한국은행 기준금리,D,722Y001,1.3.1. 한국은행 기준금리 및 여수신금리,0101000,한국은행 기준금리,,,20250928,2.5,연%,ECOS
BASE_RATE,한국은행 기준금리,D,722Y001,1.3.1. 한국은행 기준금리 및 여수신금리,0101000,한국은행 기준금리,,,20250929,2.5,연%,ECOS
BASE_RATE,한국은행 기준금리,D,722Y001,1.3.1. 한국은행 기준금리 및 여수신금리,0101000,한국은행 기준금리,,,20250930,2.5,연%,ECOS
BASE_RATE,한국은행 기준금리,D,722Y001,1.3.1. 한국은행 기준금리 및 여수신금리,0101000,한국은행 기준금리,,,20251001,2.5,연%,ECOS
BASE_RATE,한국은행 기준금리,D,722Y001,1.3.1. 한국은행 기준금리 및 여수신금리,0101000,한국은행 기준금리,,,20251002,2.5,연%,ECOS
BASE_RATE,한국은행 기준금리,D,722Y001,1.3.1. 한국은행 기준금리 및 여수신금리,0101000,한국은행 기준금리,,,20251003,2.5,연%,ECOS
BASE_RATE,한국은행 기준금리,D,722Y001,1.3.1. 한국은행 기준금리 및 여수신금리,0101000,한국은행 기준금리,,,20251004,2.5,연%,ECOS
BASE_RATE,한국은행 기준금리,D,722Y001,1.3.1. 한국은행 기준금리 및 여수신금리,0101000,한국은행 기준금리,,,20251005,2.5,연%,ECOS
BASE_RATE,한국은행 기준금리,D,722Y001,1.3.1. 한국은행 기준금리 및 여수신금리,0101000,한국은행 기준금리,,,20251006,2.5,연%,ECOS
BASE_RATE,한국은행 기준금리,D,722Y001,1.3.1. 한국은행 기준금리 및 여수신금리,0101000,한국은행 기준금리,,,20251007,2.5,연%,ECOS
BASE_RATE,한국은행 기준금리,D,722Y001,1.3.1. 한국은행 기준금리 및 여수신금리,0101000,한국은행 기준금리,,,20251008,2.5,연%,ECOS
BASE_RATE,한국은행 기준금리,D,722Y001,1.3.1. 한국은행 기준금리 및 여수신금리,0101000,한국은행 기준금리,,,20251009,2.5,연%,ECOS
BASE_RATE,한국은행 기준금리,D,722Y001,1.3.1. 한국은행 기준금리 및 여수신금리,0101000,한국은행 기준금리,,,20251010,2.5,연%,ECOS
BASE_RATE,한국은행 기준금리,D,722Y001,1.3.1. 한국은행 기준금리 및 여수신금리,0101000,한국은행 기준금리,,,20251011,2.5,연%,ECOS
BASE_RATE,한국은행 기준금리,D,722Y001,1.3.1. 한국은행 기준금리 및 여수신금리,0101000,한국은행 기준금리,,,20251012,2.5,연%,ECOS
BASE_RATE,한국은행 기준금리,D,722Y001,1.3.1. 한국은행 기준금리 및 여수신금리,0101000,한국은행 기준금리,,,20251013,2.5,연%,ECOS
BASE_RATE,한국은행 기준금리,D,722Y001,1.3.1. 한국은행 기준금리 및 여수신금리,0101000,한국은행 기준금리,,,20251014,2.5,연%,ECOS
BASE_RATE,한국은행 기준금리,D,722Y001,1.3.1. 한국은행 기준금리 및 여수신금리,0101000,한국은행 기준금리,,,20251015,2.5,연%,ECOS
BASE_RATE,한국은행 기준금리,D,722Y001,1.3.1. 한국은행 기준금리 및 여수신금리,0101000,한국은행 기준금리,,,20251016,2.5,연%,ECOS
BASE_RATE,한국은행 기준금리,D,722Y001,1.3.1. 한국은행 기준금리 및 여수신금리,0101000,한국은행 기준금리,,,20251017,2.5,연%,ECOS
BASE_RATE,한국은행 기준금리,D,722Y001,1.3.1. 한국은행 기준금리 및 여수신금리,0101000,한국은행 기준금리,,,20251018,2.5,연%,ECOS
BASE_RATE,한국은행 기준금리,D,722Y001,1.3.1. 한국은행 기준금리 및 여수신금리,0101000,한국은행 기준금리,,,20251019,2.5,연%,ECOS
BASE_RATE,한국은행 기준금리,D,722Y001,1.3.1. 한국은행 기준금리 및 여수신금리,0101000,한국은행 기준금리,,,20251020,2.5,연%,ECOS
BASE_RATE,한국은행 기준금리,D,722Y001,1.3.1. 한국은행 기준금리 및 여수신금리,0101000,한국은행 기준금리,,,20251021,2.5,연%,ECOS
BASE_RATE,한국은행 기준금리,D,722Y001,1.3.1. 한국은행 기준금리 및 여수신금리,0101000,한국은행 기준금리,,,20251022,2.5,연%,ECOS
BASE_RATE,한국은행 기준금리,D,722Y001,1.3.1. 한국은행 기준금리 및 여수신금리,0101000,한국은행 기준금리,,,20251023,2.5,연%,ECOS
BASE_RATE,한국은행 기준금리,D,722Y001,1.3.1. 한국은행 기준금리 및 여수신금리,0101000,한국은행 기준금리,,,20251024,2.5,연%,ECOS
BASE_RATE,한국은행 기준금리,D,722Y001,1.3.1. 한국은행 기준금리 및 여수신금리,0101000,한국은행 기준금리,,,20251025,2.5,연%,ECOS
BASE_RATE,한국은행 기준금리,D,722Y001,1.3.1. 한국은행 기준금리 및 여수신금리,0101000,한국은행 기준금리,,,20251026,2.5,연%,ECOS
BASE_RATE,한국은행 기준금리,D,722Y001,1.3.1. 한국은행 기준금리 및 여수신금리,0101000,한국은행 기준금리,,,20251027,2.5,연%,ECOS
BASE_RATE,한국은행 기준금리,D,722Y001,1.3.1. 한국은행 기준금리 및 여수신금리,0101000,한국은행 기준금리,,,20251028,2.5,연%,ECOS
BASE_RATE,한국은행 기준금리,D,722Y001,1.3.1. 한국은행 기준금리 및 여수신금리,0101000,한국은행 기준금리,,,20251029,2.5,연%,ECOS
BASE_RATE,한국은행 기준금리,D,722Y001,1.3.1. 한국은행 기준금리 및 여수신금리,0101000,한국은행 기준금리,,,20251030,2.5,연%,ECOS
BASE_RATE,한국은행 기준금리,D,722Y001,1.3.1. 한국은행 기준금리 및 여수신금리,0101000,한국은행 기준금리,,,20251031,2.5,연%,ECOS
BASE_RATE,한국은행 기준금리,D,722Y001,1.3.1. 한국은행 기준금리 및 여수신금리,0101000,한국은행 기준금리,,,20251101,2.5,연%,ECOS
BASE_RATE,한국은행 기준금리,D,722Y001,1.3.1. 한국은행 기준금리 및 여수신금리,0101000,한국은행 기준금리,,,20251102,2.5,연%,ECOS
BASE_RATE,한국은행 기준금리,D,722Y001,1.3.1. 한국은행 기준금리 및 여수신금리,0101000,한국은행 기준금리,,,20251103,2.5,연%,ECOS
BASE_RATE,한국은행 기준금리,D,722Y001,1.3.1. 한국은행 기준금리 및 여수신금리,0101000,한국은행 기준금리,,,20251104,2.5,연%,ECOS
BASE_RATE,한국은행 기준금리,D,722Y001,1.3.1. 한국은행 기준금리 및 여수신금리,0101000,한국은행 기준금리,,,20251105,2.5,연%,ECOS
BASE_RATE,한국은행 기준금리,D,722Y001,1.3.1. 한국은행 기준금리 및 여수신금리,0101000,한국은행 기준금리,,,20251106,2.5,연%,ECOS
BASE_RATE,한국은행 기준금리,D,722Y001,1.3.1. 한국은행 기준금리 및 여수신금리,0101000,한국은행 기준금리,,,20251107,2.5,연%,ECOS
BASE_RATE,한국은행 기준금리,D,722Y001,1.3.1. 한국은행 기준금리 및 여수신금리,0101000,한국은행 기준금리,,,20251108,2.5,연%,ECOS
BASE_RATE,한국은행 기준금리,D,722Y001,1.3.1. 한국은행 기준금리 및 여수신금리,0101000,한국은행 기준금리,,,20251109,2.5,연%,ECOS
BASE_RATE,한국은행 기준금리,D,722Y001,1.3.1. 한국은행 기준금리 및 여수신금리,0101000,한국은행 기준금리,,,20251110,2.5,연%,ECOS
BASE_RATE,한국은행 기준금리,D,722Y001,1.3.1. 한국은행 기준금리 및 여수신금리,0101000,한국은행 기준금리,,,20251111,2.5,연%,ECOS
BASE_RATE,한국은행 기준금리,D,722Y001,1.3.1. 한국은행 기준금리 및 여수신금리,0101000,한국은행 기준금리,,,20251112,2.5,연%,ECOS
BASE_RATE,한국은행 기준금리,D,722Y001,1.3.1. 한국은행 기준금리 및 여수신금리,0101000,한국은행 기준금리,,,20251113,2.5,연%,ECOS
BASE_RATE,한국은행 기준금리,D,722Y001,1.3.1. 한국은행 기준금리 및 여수신금리,0101000,한국은행 기준금리,,,20251114,2.5,연%,ECOS
BASE_RATE,한국은행 기준금리,D,722Y001,1.3.1. 한국은행 기준금리 및 여수신금리,0101000,한국은행 기준금리,,,20251115,2.5,연%,ECOS
BASE_RATE,한국은행 기준금리,D,722Y001,1.3.1. 한국은행 기준금리 및 여수신금리,0101000,한국은행 기준금리,,,20251116,2.5,연%,ECOS
BASE_RATE,한국은행 기준금리,D,722Y001,1.3.1. 한국은행 기준금리 및 여수신금리,0101000,한국은행 기준금리,,,20251117,2.5,연%,ECOS
BASE_RATE,한국은행 기준금리,D,722Y001,1.3.1. 한국은행 기준금리 및 여수신금리,0101000,한국은행 기준금리,,,20251118,2.5,연%,ECOS
BASE_RATE,한국은행 기준금리,D,722Y001,1.3.1. 한국은행 기준금리 및 여수신금리,0101000,한국은행 기준금리,,,20251119,2.5,연%,ECOS
BASE_RATE,한국은행 기준금리,D,722Y001,1.3.1. 한국은행 기준금리 및 여수신금리,0101000,한국은행 기준금리,,,20251120,2.5,연%,ECOS
BASE_RATE,한국은행 기준금리,D,722Y001,1.3.1. 한국은행 기준금리 및 여수신금리,0101000,한국은행 기준금리,,,20251121,2.5,연%,ECOS
BASE_RATE,한국은행 기준금리,D,722Y001,1.3.1. 한국은행 기준금리 및 여수신금리,0101000,한국은행 기준금리,,,20251122,2.5,연%,ECOS
BASE_RATE,한국은행 기준금리,D,722Y001,1.3.1. 한국은행 기준금리 및 여수신금리,0101000,한국은행 기준금리,,,20251123,2.5,연%,ECOS
BASE_RATE,한국은행 기준금리,D,722Y001,1.3.1. 한국은행 기준금리 및 여수신금리,0101000,한국은행 기준금리,,,20251124,2.5,연%,ECOS
BASE_RATE,한국은행 기준금리,D,722Y001,1.3.1. 한국은행 기준금리 및 여수신금리,0101000,한국은행 기준금리,,,20251125,2.5,연%,ECOS
BASE_RATE,한국은행 기준금리,D,722Y001,1.3.1. 한국은행 기준금리 및 여수신금리,0101000,한국은행 기준금리,,,20251126,2.5,연%,ECOS
BASE_RATE,한국은행 기준금리,D,722Y001,1.3.1. 한국은행 기준금리 및 여수신금리,0101000,한국은행 기준금리,,,20251127,2.5,연%,ECOS
BASE_RATE,한국은행 기준금리,D,722Y001,1.3.1. 한국은행 기준금리 및 여수신금리,0101000,한국은행 기준금리,,,20251128,2.5,연%,ECOS
BASE_RATE,한국은행 기준금리,D,722Y001,1.3.1. 한국은행 기준금리 및 여수신금리,0101000,한국은행 기준금리,,,20251129,2.5,연%,ECOS
BASE_RATE,한국은행 기준금리,D,722Y001,1.3.1. 한국은행 기준금리 및 여수신금리,0101000,한국은행 기준금리,,,20251130,2.5,연%,ECOS
BASE_RATE,한국은행 기준금리,D,722Y001,1.3.1. 한국은행 기준금리 및 여수신금리,0101000,한국은행 기준금리,,,20251201,2.5,연%,ECOS
BASE_RATE,한국은행 기준금리,D,722Y001,1.3.1. 한국은행 기준금리 및 여수신금리,0101000,한국은행 기준금리,,,20251202,2.5,연%,ECOS
BASE_RATE,한국은행 기준금리,D,722Y001,1.3.1. 한국은행 기준금리 및 여수신금리,0101000,한국은행 기준금리,,,20251203,2.5,연%,ECOS
BASE_RATE,한국은행 기준금리,D,722Y001,1.3.1. 한국은행 기준금리 및 여수신금리,0101000,한국은행 기준금리,,,20251204,2.5,연%,ECOS
BASE_RATE,한국은행 기준금리,D,722Y001,1.3.1. 한국은행 기준금리 및 여수신금리,0101000,한국은행 기준금리,,,20251205,2.5,연%,ECOS
BASE_RATE,한국은행 기준금리,D,722Y001,1.3.1. 한국은행 기준금리 및 여수신금리,0101000,한국은행 기준금리,,,20251206,2.5,연%,ECOS
BASE_RATE,한국은행 기준금리,D,722Y001,1.3.1. 한국은행 기준금리 및 여수신금리,0101000,한국은행 기준금리,,,20251207,2.5,연%,ECOS
BASE_RATE,한국은행 기준금리,D,722Y001,1.3.1. 한국은행 기준금리 및 여수신금리,0101000,한국은행 기준금리,,,20251208,2.5,연%,ECOS
BASE_RATE,한국은행 기준금리,D,722Y001,1.3.1. 한국은행 기준금리 및 여수신금리,0101000,한국은행 기준금리,,,20251209,2.5,연%,ECOS
BASE_RATE,한국은행 기준금리,D,722Y001,1.3.1. 한국은행 기준금리 및 여수신금리,0101000,한국은행 기준금리,,,20251210,2.5,연%,ECOS
BASE_RATE,한국은행 기준금리,D,722Y001,1.3.1. 한국은행 기준금리 및 여수신금리,0101000,한국은행 기준금리,,,20251211,2.5,연%,ECOS
BASE_RATE,한국은행 기준금리,D,722Y001,1.3.1. 한국은행 기준금리 및 여수신금리,0101000,한국은행 기준금리,,,20251212,2.5,연%,ECOS
BASE_RATE,한국은행 기준금리,D,722Y001,1.3.1. 한국은행 기준금리 및 여수신금리,0101000,한국은행 기준금리,,,20251213,2.5,연%,ECOS
BASE_RATE,한국은행 기준금리,D,722Y001,1.3.1. 한국은행 기준금리 및 여수신금리,0101000,한국은행 기준금리,,,20251214,2.5,연%,ECOS
BASE_RATE,한국은행 기준금리,D,722Y001,1.3.1. 한국은행 기준금리 및 여수신금리,0101000,한국은행 기준금리,,,20251215,2.5,연%,ECOS
BASE_RATE,한국은행 기준금리,D,722Y001,1.3.1. 한국은행 기준금리 및 여수신금리,0101000,한국은행 기준금리,,,20251216,2.5,연%,ECOS
BASE_RATE,한국은행 기준금리,D,722Y001,1.3.1. 한국은행 기준금리 및 여수신금리,0101000,한국은행 기준금리,,,20251217,2.5,연%,ECOS
BASE_RATE,한국은행 기준금리,D,722Y001,1.3.1. 한국은행 기준금리 및 여수신금리,0101000,한국은행 기준금리,,,20251218,2.5,연%,ECOS
BASE_RATE,한국은행 기준금리,D,722Y001,1.3.1. 한국은행 기준금리 및 여수신금리,0101000,한국은행 기준금리,,,20251219,2.5,연%,ECOS
BASE_RATE,한국은행 기준금리,D,722Y001,1.3.1. 한국은행 기준금리 및 여수신금리,0101000,한국은행 기준금리,,,20251220,2.5,연%,ECOS
BASE_RATE,한국은행 기준금리,D,722Y001,1.3.1. 한국은행 기준금리 및 여수신금리,0101000,한국은행 기준금리,,,20251221,2.5,연%,ECOS
BASE_RATE,한국은행 기준금리,D,722Y001,1.3.1. 한국은행 기준금리 및 여수신금리,0101000,한국은행 기준금리,,,20251222,2.5,연%,ECOS
BASE_RATE,한국은행 기준금리,D,722Y001,1.3.1. 한국은행 기준금리 및 여수신금리,0101000,한국은행 기준금리,,,20251223,2.5,연%,ECOS
BASE_RATE,한국은행 기준금리,D,722Y001,1.3.1. 한국은행 기준금리 및 여수신금리,0101000,한국은행 기준금리,,,20251224,2.5,연%,ECOS
BASE_RATE,한국은행 기준금리,D,722Y001,1.3.1. 한국은행 기준금리 및 여수신금리,0101000,한국은행 기준금리,,,20251225,2.5,연%,ECOS
BASE_RATE,한국은행 기준금리,D,722Y001,1.3.1. 한국은행 기준금리 및 여수신금리,0101000,한국은행 기준금리,,,20251226,2.5,연%,ECOS
BASE_RATE,한국은행 기준금리,D,722Y001,1.3.1. 한국은행 기준금리 및 여수신금리,0101000,한국은행 기준금리,,,20251227,2.5,연%,ECOS
BASE_RATE,한국은행 기준금리,D,722Y001,1.3.1. 한국은행 기준금리 및 여수신금리,0101000,한국은행 기준금리,,,20251228,2.5,연%,ECOS
BASE_RATE,한국은행 기준금리,D,722Y001,1.3.1. 한국은행 기준금리 및 여수신금리,0101000,한국은행 기준금리,,,20251229,2.5,연%,ECOS
BASE_RATE,한국은행 기준금리,D,722Y001,1.3.1. 한국은행 기준금리 및 여수신금리,0101000,한국은행 기준금리,,,20251230,2.5,연%,ECOS
BASE_RATE,한국은행 기준금리,D,722Y001,1.3.1. 한국은행 기준금리 및 여수신금리,0101000,한국은행 기준금리,,,20251231,2.5,연%,ECOS
CPI,소비자물가지수,M,901Y009,4.2.1. 소비자물가지수,0,총지수,,,201801,98.106,2020=100,ECOS
CPI,소비자물가지수,M,901Y009,4.2.1. 소비자물가지수,0,총지수,,,201802,98.855,2020=100,ECOS
CPI,소비자물가지수,M,901Y009,4.2.1. 소비자물가지수,0,총지수,,,201803,98.751,2020=100,ECOS
CPI,소비자물가지수,M,901Y009,4.2.1. 소비자물가지수,0,총지수,,,201804,98.931,2020=100,ECOS
CPI,소비자물가지수,M,901Y009,4.2.1. 소비자물가지수,0,총지수,,,201805,98.979,2020=100,ECOS
CPI,소비자물가지수,M,901Y009,4.2.1. 소비자물가지수,0,총지수,,,201806,98.779,2020=100,ECOS
CPI,소비자물가지수,M,901Y009,4.2.1. 소비자물가지수,0,총지수,,,201807,98.59,2020=100,ECOS
CPI,소비자물가지수,M,901Y009,4.2.1. 소비자물가지수,0,총지수,,,201808,99.462,2020=100,ECOS
CPI,소비자물가지수,M,901Y009,4.2.1. 소비자물가지수,0,총지수,,,201809,100.221,2020=100,ECOS
CPI,소비자물가지수,M,901Y009,4.2.1. 소비자물가지수,0,총지수,,,201810,100.041,2020=100,ECOS
CPI,소비자물가지수,M,901Y009,4.2.1. 소비자물가지수,0,총지수,,,201811,99.33,2020=100,ECOS
CPI,소비자물가지수,M,901Y009,4.2.1. 소비자물가지수,0,총지수,,,201812,98.988,2020=100,ECOS
CPI,소비자물가지수,M,901Y009,4.2.1. 소비자물가지수,0,총지수,,,201901,98.884,2020=100,ECOS
CPI,소비자물가지수,M,901Y009,4.2.1. 소비자물가지수,0,총지수,,,201902,99.311,2020=100,ECOS
CPI,소비자물가지수,M,901Y009,4.2.1. 소비자물가지수,0,총지수,,,201903,99.121,2020=100,ECOS
CPI,소비자물가지수,M,901Y009,4.2.1. 소비자물가지수,0,총지수,,,201904,99.481,2020=100,ECOS
CPI,소비자물가지수,M,901Y009,4.2.1. 소비자물가지수,0,총지수,,,201905,99.652,2020=100,ECOS
CPI,소비자물가지수,M,901Y009,4.2.1. 소비자물가지수,0,총지수,,,201906,99.491,2020=100,ECOS
CPI,소비자물가지수,M,901Y009,4.2.1. 소비자물가지수,0,총지수,,,201907,99.187,2020=100,ECOS
CPI,소비자물가지수,M,901Y009,4.2.1. 소비자물가지수,0,총지수,,,201908,99.425,2020=100,ECOS
CPI,소비자물가지수,M,901Y009,4.2.1. 소비자물가지수,0,총지수,,,201909,99.794,2020=100,ECOS
CPI,소비자물가지수,M,901Y009,4.2.1. 소비자물가지수,0,총지수,,,201910,100.041,2020=100,ECOS
CPI,소비자물가지수,M,901Y009,4.2.1. 소비자물가지수,0,총지수,,,201911,99.481,2020=100,ECOS
CPI,소비자물가지수,M,901Y009,4.2.1. 소비자물가지수,0,총지수,,,201912,99.719,2020=100,ECOS
CPI,소비자물가지수,M,901Y009,4.2.1. 소비자물가지수,0,총지수,,,202001,100.09,2020=100,ECOS
CPI,소비자물가지수,M,901Y009,4.2.1. 소비자물가지수,0,총지수,,,202002,100.16,2020=100,ECOS
CPI,소비자물가지수,M,901Y009,4.2.1. 소비자물가지수,0,총지수,,,202003,99.94,2020=100,ECOS
CPI,소비자물가지수,M,901Y009,4.2.1. 소비자물가지수,0,총지수,,,202004,99.5,2020=100,ECOS
CPI,소비자물가지수,M,901Y009,4.2.1. 소비자물가지수,0,총지수,,,202005,99.44,2020=100,ECOS
CPI,소비자물가지수,M,901Y009,4.2.1. 소비자물가지수,0,총지수,,,202006,99.71,2020=100,ECOS
CPI,소비자물가지수,M,901Y009,4.2.1. 소비자물가지수,0,총지수,,,202007,99.63,2020=100,ECOS
CPI,소비자물가지수,M,901Y009,4.2.1. 소비자물가지수,0,총지수,,,202008,100.19,2020=100,ECOS
CPI,소비자물가지수,M,901Y009,4.2.1. 소비자물가지수,0,총지수,,,202009,100.74,2020=100,ECOS
CPI,소비자물가지수,M,901Y009,4.2.1. 소비자물가지수,0,총지수,,,202010,100.18,2020=100,ECOS
CPI,소비자물가지수,M,901Y009,4.2.1. 소비자물가지수,0,총지수,,,202011,100.09,2020=100,ECOS
CPI,소비자물가지수,M,901Y009,4.2.1. 소비자물가지수,0,총지수,,,202012,100.33,2020=100,ECOS
CPI,소비자물가지수,M,901Y009,4.2.1. 소비자물가지수,0,총지수,,,202101,101.04,2020=100,ECOS
CPI,소비자물가지수,M,901Y009,4.2.1. 소비자물가지수,0,총지수,,,202102,101.58,2020=100,ECOS
CPI,소비자물가지수,M,901Y009,4.2.1. 소비자물가지수,0,총지수,,,202103,101.84,2020=100,ECOS
CPI,소비자물가지수,M,901Y009,4.2.1. 소비자물가지수,0,총지수,,,202104,101.98,2020=100,ECOS
CPI,소비자물가지수,M,901Y009,4.2.1. 소비자물가지수,0,총지수,,,202105,102.05,2020=100,ECOS
CPI,소비자물가지수,M,901Y009,4.2.1. 소비자물가지수,0,총지수,,,202106,102.05,2020=100,ECOS
CPI,소비자물가지수,M,901Y009,4.2.1. 소비자물가지수,0,총지수,,,202107,102.26,2020=100,ECOS
CPI,소비자물가지수,M,901Y009,4.2.1. 소비자물가지수,0,총지수,,,202108,102.75,2020=100,ECOS
CPI,소비자물가지수,M,901Y009,4.2.1. 소비자물가지수,0,총지수,,,202109,103.17,2020=100,ECOS
CPI,소비자물가지수,M,901Y009,4.2.1. 소비자물가지수,0,총지수,,,202110,103.35,2020=100,ECOS
CPI,소비자물가지수,M,901Y009,4.2.1. 소비자물가지수,0,총지수,,,202111,103.87,2020=100,ECOS
CPI,소비자물가지수,M,901Y009,4.2.1. 소비자물가지수,0,총지수,,,202112,104.04,2020=100,ECOS
CPI,소비자물가지수,M,901Y009,4.2.1. 소비자물가지수,0,총지수,,,202201,104.85,2020=100,ECOS
CPI,소비자물가지수,M,901Y009,4.2.1. 소비자물가지수,0,총지수,,,202202,105.42,2020=100,ECOS
CPI,소비자물가지수,M,901Y009,4.2.1. 소비자물가지수,0,총지수,,,202203,106.1,2020=100,ECOS
CPI,소비자물가지수,M,901Y009,4.2.1. 소비자물가지수,0,총지수,,,202204,106.83,2020=100,ECOS
CPI,소비자물가지수,M,901Y009,4.2.1. 소비자물가지수,0,총지수,,,202205,107.5,2020=100,ECOS
CPI,소비자물가지수,M,901Y009,4.2.1. 소비자물가지수,0,총지수,,,202206,108.21,2020=100,ECOS
CPI,소비자물가지수,M,901Y009,4.2.1. 소비자물가지수,0,총지수,,,202207,108.73,2020=100,ECOS
CPI,소비자물가지수,M,901Y009,4.2.1. 소비자물가지수,0,총지수,,,202208,108.63,2020=100,ECOS
CPI,소비자물가지수,M,901Y009,4.2.1. 소비자물가지수,0,총지수,,,202209,108.82,2020=100,ECOS
CPI,소비자물가지수,M,901Y009,4.2.1. 소비자물가지수,0,총지수,,,202210,109.16,2020=100,ECOS
CPI,소비자물가지수,M,901Y009,4.2.1. 소비자물가지수,0,총지수,,,202211,109.07,2020=100,ECOS
CPI,소비자물가지수,M,901Y009,4.2.1. 소비자물가지수,0,총지수,,,202212,109.26,2020=100,ECOS
CPI,소비자물가지수,M,901Y009,4.2.1. 소비자물가지수,0,총지수,,,202301,110.07,2020=100,ECOS
CPI,소비자물가지수,M,901Y009,4.2.1. 소비자물가지수,0,총지수,,,202302,110.33,2020=100,ECOS
CPI,소비자물가지수,M,901Y009,4.2.1. 소비자물가지수,0,총지수,,,202303,110.52,2020=100,ECOS
CPI,소비자물가지수,M,901Y009,4.2.1. 소비자물가지수,0,총지수,,,202304,110.77,2020=100,ECOS
CPI,소비자물가지수,M,901Y009,4.2.1. 소비자물가지수,0,총지수,,,202305,111.13,2020=100,ECOS
CPI,소비자물가지수,M,901Y009,4.2.1. 소비자물가지수,0,총지수,,,202306,111.16,2020=100,ECOS
CPI,소비자물가지수,M,901Y009,4.2.1. 소비자물가지수,0,총지수,,,202307,111.29,2020=100,ECOS
CPI,소비자물가지수,M,901Y009,4.2.1. 소비자물가지수,0,총지수,,,202308,112.28,2020=100,ECOS
CPI,소비자물가지수,M,901Y009,4.2.1. 소비자물가지수,0,총지수,,,202309,112.85,2020=100,ECOS
CPI,소비자물가지수,M,901Y009,4.2.1. 소비자물가지수,0,총지수,,,202310,113.27,2020=100,ECOS
CPI,소비자물가지수,M,901Y009,4.2.1. 소비자물가지수,0,총지수,,,202311,112.68,2020=100,ECOS
CPI,소비자물가지수,M,901Y009,4.2.1. 소비자물가지수,0,총지수,,,202312,112.73,2020=100,ECOS
CPI,소비자물가지수,M,901Y009,4.2.1. 소비자물가지수,0,총지수,,,202401,113.17,2020=100,ECOS
CPI,소비자물가지수,M,901Y009,4.2.1. 소비자물가지수,0,총지수,,,202402,113.78,2020=100,ECOS
CPI,소비자물가지수,M,901Y009,4.2.1. 소비자물가지수,0,총지수,,,202403,113.95,2020=100,ECOS
CPI,소비자물가지수,M,901Y009,4.2.1. 소비자물가지수,0,총지수,,,202404,114.01,2020=100,ECOS
CPI,소비자물가지수,M,901Y009,4.2.1. 소비자물가지수,0,총지수,,,202405,114.1,2020=100,ECOS
CPI,소비자물가지수,M,901Y009,4.2.1. 소비자물가지수,0,총지수,,,202406,113.84,2020=100,ECOS
CPI,소비자물가지수,M,901Y009,4.2.1. 소비자물가지수,0,총지수,,,202407,114.13,2020=100,ECOS
CPI,소비자물가지수,M,901Y009,4.2.1. 소비자물가지수,0,총지수,,,202408,114.54,2020=100,ECOS
CPI,소비자물가지수,M,901Y009,4.2.1. 소비자물가지수,0,총지수,,,202409,114.65,2020=100,ECOS
CPI,소비자물가지수,M,901Y009,4.2.1. 소비자물가지수,0,총지수,,,202410,114.69,2020=100,ECOS
CPI,소비자물가지수,M,901Y009,4.2.1. 소비자물가지수,0,총지수,,,202411,114.4,2020=100,ECOS
CPI,소비자물가지수,M,901Y009,4.2.1. 소비자물가지수,0,총지수,,,202412,114.91,2020=100,ECOS
CPI,소비자물가지수,M,901Y009,4.2.1. 소비자물가지수,0,총지수,,,202501,115.71,2020=100,ECOS
CPI,소비자물가지수,M,901Y009,4.2.1. 소비자물가지수,0,총지수,,,202502,116.08,2020=100,ECOS
CPI,소비자물가지수,M,901Y009,4.2.1. 소비자물가지수,0,총지수,,,202503,116.29,2020=100,ECOS
CPI,소비자물가지수,M,901Y009,4.2.1. 소비자물가지수,0,총지수,,,202504,116.38,2020=100,ECOS
CPI,소비자물가지수,M,901Y009,4.2.1. 소비자물가지수,0,총지수,,,202505,116.27,2020=100,ECOS
CPI,소비자물가지수,M,901Y009,4.2.1. 소비자물가지수,0,총지수,,,202506,116.31,2020=100,ECOS
CPI,소비자물가지수,M,901Y009,4.2.1. 소비자물가지수,0,총지수,,,202507,116.52,2020=100,ECOS
CPI,소비자물가지수,M,901Y009,4.2.1. 소비자물가지수,0,총지수,,,202508,116.45,2020=100,ECOS
CPI,소비자물가지수,M,901Y009,4.2.1. 소비자물가지수,0,총지수,,,202509,117.06,2020=100,ECOS
CPI,소비자물가지수,M,901Y009,4.2.1. 소비자물가지수,0,총지수,,,202510,117.42,2020=100,ECOS
CPI,소비자물가지수,M,901Y009,4.2.1. 소비자물가지수,0,총지수,,,202511,117.2,2020=100,ECOS
CPI,소비자물가지수,M,901Y009,4.2.1. 소비자물가지수,0,총지수,,,202512,117.57,2020=100,ECOS
EXPORT,수출금액,M,901Y118,3.2.1. 수출입 총괄,T002,수출금액,,,201801,49221291.0,천불,ECOS
EXPORT,수출금액,M,901Y118,3.2.1. 수출입 총괄,T002,수출금액,,,201802,44523530.0,천불,ECOS
EXPORT,수출금액,M,901Y118,3.2.1. 수출입 총괄,T002,수출금액,,,201803,51309932.0,천불,ECOS
EXPORT,수출금액,M,901Y118,3.2.1. 수출입 총괄,T002,수출금액,,,201804,49850235.0,천불,ECOS
EXPORT,수출금액,M,901Y118,3.2.1. 수출입 총괄,T002,수출금액,,,201805,50687750.0,천불,ECOS
EXPORT,수출금액,M,901Y118,3.2.1. 수출입 총괄,T002,수출금액,,,201806,51079375.0,천불,ECOS
EXPORT,수출금액,M,901Y118,3.2.1. 수출입 총괄,T002,수출금액,,,201807,51810255.0,천불,ECOS
EXPORT,수출금액,M,901Y118,3.2.1. 수출입 총괄,T002,수출금액,,,201808,51180449.0,천불,ECOS
EXPORT,수출금액,M,901Y118,3.2.1. 수출입 총괄,T002,수출금액,,,201809,50650208.0,천불,ECOS
EXPORT,수출금액,M,901Y118,3.2.1. 수출입 총괄,T002,수출금액,,,201810,54860310.0,천불,ECOS
EXPORT,수출금액,M,901Y118,3.2.1. 수출입 총괄,T002,수출금액,,,201811,51479530.0,천불,ECOS
EXPORT,수출금액,M,901Y118,3.2.1. 수출입 총괄,T002,수출금액,,,201812,48206793.0,천불,ECOS
EXPORT,수출금액,M,901Y118,3.2.1. 수출입 총괄,T002,수출금액,,,201901,46168934.0,천불,ECOS
EXPORT,수출금액,M,901Y118,3.2.1. 수출입 총괄,T002,수출금액,,,201902,39481803.0,천불,ECOS
EXPORT,수출금액,M,901Y118,3.2.1. 수출입 총괄,T002,수출금액,,,201903,47003206.0,천불,ECOS
EXPORT,수출금액,M,901Y118,3.2.1. 수출입 총괄,T002,수출금액,,,201904,48781156.0,천불,ECOS
EXPORT,수출금액,M,901Y118,3.2.1. 수출입 총괄,T002,수출금액,,,201905,45703948.0,천불,ECOS
EXPORT,수출금액,M,901Y118,3.2.1. 수출입 총괄,T002,수출금액,,,201906,44008404.0,천불,ECOS
EXPORT,수출금액,M,901Y118,3.2.1. 수출입 총괄,T002,수출금액,,,201907,46078221.0,천불,ECOS
EXPORT,수출금액,M,901Y118,3.2.1. 수출입 총괄,T002,수출금액,,,201908,44020065.0,천불,ECOS
EXPORT,수출금액,M,901Y118,3.2.1. 수출입 총괄,T002,수출금액,,,201909,44629053.0,천불,ECOS
EXPORT,수출금액,M,901Y118,3.2.1. 수출입 총괄,T002,수출금액,,,201910,46648756.0,천불,ECOS
EXPORT,수출금액,M,901Y118,3.2.1. 수출입 총괄,T002,수출금액,,,201911,44040722.0,천불,ECOS
EXPORT,수출금액,M,901Y118,3.2.1. 수출입 총괄,T002,수출금액,,,201912,45668341.0,천불,ECOS
EXPORT,수출금액,M,901Y118,3.2.1. 수출입 총괄,T002,수출금액,,,202001,43103061.0,천불,ECOS
EXPORT,수출금액,M,901Y118,3.2.1. 수출입 총괄,T002,수출금액,,,202002,40911819.0,천불,ECOS
EXPORT,수출금액,M,901Y118,3.2.1. 수출입 총괄,T002,수출금액,,,202003,46167204.0,천불,ECOS
EXPORT,수출금액,M,901Y118,3.2.1. 수출입 총괄,T002,수출금액,,,202004,36270183.0,천불,ECOS
EXPORT,수출금액,M,901Y118,3.2.1. 수출입 총괄,T002,수출금액,,,202005,34854511.0,천불,ECOS
EXPORT,수출금액,M,901Y118,3.2.1. 수출입 총괄,T002,수출금액,,,202006,39214071.0,천불,ECOS
EXPORT,수출금액,M,901Y118,3.2.1. 수출입 총괄,T002,수출금액,,,202007,42785144.0,천불,ECOS
EXPORT,수출금액,M,901Y118,3.2.1. 수출입 총괄,T002,수출금액,,,202008,39469231.0,천불,ECOS
EXPORT,수출금액,M,901Y118,3.2.1. 수출입 총괄,T002,수출금액,,,202009,47819948.0,천불,ECOS
EXPORT,수출금액,M,901Y118,3.2.1. 수출입 총괄,T002,수출금액,,,202010,44818534.0,천불,ECOS
EXPORT,수출금액,M,901Y118,3.2.1. 수출입 총괄,T002,수출금액,,,202011,45751883.0,천불,ECOS
EXPORT,수출금액,M,901Y118,3.2.1. 수출입 총괄,T002,수출금액,,,202012,51332449.0,천불,ECOS
EXPORT,수출금액,M,901Y118,3.2.1. 수출입 총괄,T002,수출금액,,,202101,48006974.0,천불,ECOS
EXPORT,수출금액,M,901Y118,3.2.1. 수출입 총괄,T002,수출금액,,,202102,44706907.0,천불,ECOS
EXPORT,수출금액,M,901Y118,3.2.1. 수출입 총괄,T002,수출금액,,,202103,53690914.0,천불,ECOS
EXPORT,수출금액,M,901Y118,3.2.1. 수출입 총괄,T002,수출금액,,,202104,51225991.0,천불,ECOS
EXPORT,수출금액,M,901Y118,3.2.1. 수출입 총괄,T002,수출금액,,,202105,50725161.0,천불,ECOS
EXPORT,수출금액,M,901Y118,3.2.1. 수출입 총괄,T002,수출금액,,,202106,54778905.0,천불,ECOS
EXPORT,수출금액,M,901Y118,3.2.1. 수출입 총괄,T002,수출금액,,,202107,55461518.0,천불,ECOS
EXPORT,수출금액,M,901Y118,3.2.1. 수출입 총괄,T002,수출금액,,,202108,53165104.0,천불,ECOS
EXPORT,수출금액,M,901Y118,3.2.1. 수출입 총괄,T002,수출금액,,,202109,55913862.0,천불,ECOS
EXPORT,수출금액,M,901Y118,3.2.1. 수출입 총괄,T002,수출금액,,,202110,55660373.0,천불,ECOS
EXPORT,수출금액,M,901Y118,3.2.1. 수출입 총괄,T002,수출금액,,,202111,60330542.0,천불,ECOS
EXPORT,수출금액,M,901Y118,3.2.1. 수출입 총괄,T002,수출금액,,,202112,60734117.0,천불,ECOS
EXPORT,수출금액,M,901Y118,3.2.1. 수출입 총괄,T002,수출금액,,,202201,55455376.0,천불,ECOS
EXPORT,수출금액,M,901Y118,3.2.1. 수출입 총괄,T002,수출금액,,,202202,54155835.0,천불,ECOS
EXPORT,수출금액,M,901Y118,3.2.1. 수출입 총괄,T002,수출금액,,,202203,63786835.0,천불,ECOS
EXPORT,수출금액,M,901Y118,3.2.1. 수출입 총괄,T002,수출금액,,,202204,57842816.0,천불,ECOS
EXPORT,수출금액,M,901Y118,3.2.1. 수출입 총괄,T002,수출금액,,,202205,61591326.0,천불,ECOS
EXPORT,수출금액,M,901Y118,3.2.1. 수출입 총괄,T002,수출금액,,,202206,57679934.0,천불,ECOS
EXPORT,수출금액,M,901Y118,3.2.1. 수출입 총괄,T002,수출금액,,,202207,60241774.0,천불,ECOS
EXPORT,수출금액,M,901Y118,3.2.1. 수출입 총괄,T002,수출금액,,,202208,56605950.0,천불,ECOS
EXPORT,수출금액,M,901Y118,3.2.1. 수출입 총괄,T002,수출금액,,,202209,57176300.0,천불,ECOS
EXPORT,수출금액,M,901Y118,3.2.1. 수출입 총괄,T002,수출금액,,,202210,52428092.0,천불,ECOS
EXPORT,수출금액,M,901Y118,3.2.1. 수출입 총괄,T002,수출금액,,,202211,51771855.0,천불,ECOS
EXPORT,수출금액,M,901Y118,3.2.1. 수출입 총괄,T002,수출금액,,,202212,54848666.0,천불,ECOS
EXPORT,수출금액,M,901Y118,3.2.1. 수출입 총괄,T002,수출금액,,,202301,46339145.0,천불,ECOS
EXPORT,수출금액,M,901Y118,3.2.1. 수출입 총괄,T002,수출금액,,,202302,49994593.0,천불,ECOS
EXPORT,수출금액,M,901Y118,3.2.1. 수출입 총괄,T002,수출금액,,,202303,54882484.0,천불,ECOS
EXPORT,수출금액,M,901Y118,3.2.1. 수출입 총괄,T002,수출금액,,,202304,49430879.0,천불,ECOS
EXPORT,수출금액,M,901Y118,3.2.1. 수출입 총괄,T002,수출금액,,,202305,52054195.0,천불,ECOS
EXPORT,수출금액,M,901Y118,3.2.1. 수출입 총괄,T002,수출금액,,,202306,54297754.0,천불,ECOS
EXPORT,수출금액,M,901Y118,3.2.1. 수출입 총괄,T002,수출금액,,,202307,50457776.0,천불,ECOS
EXPORT,수출금액,M,901Y118,3.2.1. 수출입 총괄,T002,수출금액,,,202308,51994074.0,천불,ECOS
EXPORT,수출금액,M,901Y118,3.2.1. 수출입 총괄,T002,수출금액,,,202309,54650691.0,천불,ECOS
EXPORT,수출금액,M,901Y118,3.2.1. 수출입 총괄,T002,수출금액,,,202310,54989950.0,천불,ECOS
EXPORT,수출금액,M,901Y118,3.2.1. 수출입 총괄,T002,수출금액,,,202311,55561090.0,천불,ECOS
EXPORT,수출금액,M,901Y118,3.2.1. 수출입 총괄,T002,수출금액,,,202312,57573193.0,천불,ECOS
EXPORT,수출금액,M,901Y118,3.2.1. 수출입 총괄,T002,수출금액,,,202401,54709823.0,천불,ECOS
EXPORT,수출금액,M,901Y118,3.2.1. 수출입 총괄,T002,수출금액,,,202402,52076390.0,천불,ECOS
EXPORT,수출금액,M,901Y118,3.2.1. 수출입 총괄,T002,수출금액,,,202403,56518309.0,천불,ECOS
EXPORT,수출금액,M,901Y118,3.2.1. 수출입 총괄,T002,수출금액,,,202404,56148299.0,천불,ECOS
EXPORT,수출금액,M,901Y118,3.2.1. 수출입 총괄,T002,수출금액,,,202405,58020557.0,천불,ECOS
EXPORT,수출금액,M,901Y118,3.2.1. 수출입 총괄,T002,수출금액,,,202406,57341634.0,천불,ECOS
EXPORT,수출금액,M,901Y118,3.2.1. 수출입 총괄,T002,수출금액,,,202407,57458788.0,천불,ECOS
EXPORT,수출금액,M,901Y118,3.2.1. 수출입 총괄,T002,수출금액,,,202408,57642924.0,천불,ECOS
EXPORT,수출금액,M,901Y118,3.2.1. 수출입 총괄,T002,수출금액,,,202409,58544693.0,천불,ECOS
EXPORT,수출금액,M,901Y118,3.2.1. 수출입 총괄,T002,수출금액,,,202410,57500192.0,천불,ECOS
EXPORT,수출금액,M,901Y118,3.2.1. 수출입 총괄,T002,수출금액,,,202411,56288629.0,천불,ECOS
EXPORT,수출금액,M,901Y118,3.2.1. 수출입 총괄,T002,수출금액,,,202412,61359250.0,천불,ECOS
EXPORT,수출금액,M,901Y118,3.2.1. 수출입 총괄,T002,수출금액,,,202501,49176984.0,천불,ECOS
EXPORT,수출금액,M,901Y118,3.2.1. 수출입 총괄,T002,수출금액,,,202502,52292301.0,천불,ECOS
EXPORT,수출금액,M,901Y118,3.2.1. 수출입 총괄,T002,수출금액,,,202503,58064562.0,천불,ECOS
EXPORT,수출금액,M,901Y118,3.2.1. 수출입 총괄,T002,수출금액,,,202504,58035745.0,천불,ECOS
EXPORT,수출금액,M,901Y118,3.2.1. 수출입 총괄,T002,수출금액,,,202505,57261063.0,천불,ECOS
EXPORT,수출금액,M,901Y118,3.2.1. 수출입 총괄,T002,수출금액,,,202506,59833797.0,천불,ECOS
EXPORT,수출금액,M,901Y118,3.2.1. 수출입 총괄,T002,수출금액,,,202507,60724322.0,천불,ECOS
EXPORT,수출금액,M,901Y118,3.2.1. 수출입 총괄,T002,수출금액,,,202508,58259332.0,천불,ECOS
EXPORT,수출금액,M,901Y118,3.2.1. 수출입 총괄,T002,수출금액,,,202509,65904118.0,천불,ECOS
EXPORT,수출금액,M,901Y118,3.2.1. 수출입 총괄,T002,수출금액,,,202510,59511578.0,천불,ECOS
EXPORT,수출금액,M,901Y118,3.2.1. 수출입 총괄,T002,수출금액,,,202511,60752618.0,천불,ECOS
EXPORT,수출금액,M,901Y118,3.2.1. 수출입 총괄,T002,수출금액,,,202512,69513624.0,천불,ECOS
IMPORT,수입금액,M,901Y118,3.2.1. 수출입 총괄,T004,수입금액,,,201801,45805322.0,천불,ECOS
IMPORT,수입금액,M,901Y118,3.2.1. 수출입 총괄,T004,수입금액,,,201802,41722154.0,천불,ECOS
IMPORT,수입금액,M,901Y118,3.2.1. 수출입 총괄,T004,수입금액,,,201803,44897838.0,천불,ECOS
IMPORT,수입금액,M,901Y118,3.2.1. 수출입 총괄,T004,수입금액,,,201804,43693963.0,천불,ECOS
IMPORT,수입금액,M,901Y118,3.2.1. 수출입 총괄,T004,수입금액,,,201805,44458729.0,천불,ECOS
IMPORT,수입금액,M,901Y118,3.2.1. 수출입 총괄,T004,수입금액,,,201806,45000164.0,천불,ECOS
IMPORT,수입금액,M,901Y118,3.2.1. 수출입 총괄,T004,수입금액,,,201807,44917044.0,천불,ECOS
IMPORT,수입금액,M,901Y118,3.2.1. 수출입 총괄,T004,수입금액,,,201808,44360778.0,천불,ECOS
IMPORT,수입금액,M,901Y118,3.2.1. 수출입 총괄,T004,수입금액,,,201809,41032928.0,천불,ECOS
IMPORT,수입금액,M,901Y118,3.2.1. 수출입 총괄,T004,수입금액,,,201810,48480618.0,천불,ECOS
IMPORT,수입금액,M,901Y118,3.2.1. 수출입 총괄,T004,수입금액,,,201811,46808199.0,천불,ECOS
IMPORT,수입금액,M,901Y118,3.2.1. 수출입 총괄,T004,수입금액,,,201812,44024694.0,천불,ECOS
IMPORT,수입금액,M,901Y118,3.2.1. 수출입 총괄,T004,수입금액,,,201901,45153389.0,천불,ECOS
IMPORT,수입금액,M,901Y118,3.2.1. 수출입 총괄,T004,수입금액,,,201902,36651437.0,천불,ECOS
IMPORT,수입금액,M,901Y118,3.2.1. 수출입 총괄,T004,수입금액,,,201903,41992349.0,천불,ECOS
IMPORT,수입금액,M,901Y118,3.2.1. 수출입 총괄,T004,수입금액,,,201904,45047164.0,천불,ECOS
IMPORT,수입금액,M,901Y118,3.2.1. 수출입 총괄,T004,수입금액,,,201905,43619667.0,천불,ECOS
IMPORT,수입금액,M,901Y118,3.2.1. 수출입 총괄,T004,수입금액,,,201906,40104812.0,천불,ECOS
IMPORT,수입금액,M,901Y118,3.2.1. 수출입 총괄,T004,수입금액,,,201907,43762245.0,천불,ECOS
IMPORT,수입금액,M,901Y118,3.2.1. 수출입 총괄,T004,수입금액,,,201908,42457250.0,천불,ECOS
IMPORT,수입금액,M,901Y118,3.2.1. 수출입 총괄,T004,수입금액,,,201909,38741473.0,천불,ECOS
IMPORT,수입금액,M,901Y118,3.2.1. 수출입 총괄,T004,수입금액,,,201910,41396517.0,천불,ECOS
IMPORT,수입금액,M,901Y118,3.2.1. 수출입 총괄,T004,수입금액,,,201911,40729215.0,천불,ECOS
IMPORT,수입금액,M,901Y118,3.2.1. 수출입 총괄,T004,수입금액,,,201912,43687430.0,천불,ECOS
IMPORT,수입금액,M,901Y118,3.2.1. 수출입 총괄,T004,수입금액,,,202001,42718100.0,천불,ECOS
IMPORT,수입금액,M,901Y118,3.2.1. 수출입 총괄,T004,수입금액,,,202002,36977247.0,천불,ECOS
IMPORT,수입금액,M,901Y118,3.2.1. 수출입 총괄,T004,수입금액,,,202003,41803860.0,천불,ECOS
IMPORT,수입금액,M,901Y118,3.2.1. 수출입 총괄,T004,수입금액,,,202004,37932611.0,천불,ECOS
IMPORT,수입금액,M,901Y118,3.2.1. 수출입 총괄,T004,수입금액,,,202005,34661974.0,천불,ECOS
IMPORT,수입금액,M,901Y118,3.2.1. 수출입 총괄,T004,수입금액,,,202006,35794860.0,천불,ECOS
IMPORT,수입금액,M,901Y118,3.2.1. 수출입 총괄,T004,수입금액,,,202007,38849185.0,천불,ECOS
IMPORT,수입금액,M,901Y118,3.2.1. 수출입 총괄,T004,수입금액,,,202008,35817929.0,천불,ECOS
IMPORT,수입금액,M,901Y118,3.2.1. 수출입 총괄,T004,수입금액,,,202009,39400190.0,천불,ECOS
IMPORT,수입금액,M,901Y118,3.2.1. 수출입 총괄,T004,수입금액,,,202010,39093795.0,천불,ECOS
IMPORT,수입금액,M,901Y118,3.2.1. 수출입 총괄,T004,수입금액,,,202011,39944763.0,천불,ECOS
IMPORT,수입금액,M,901Y118,3.2.1. 수출입 총괄,T004,수입금액,,,202012,44638246.0,천불,ECOS
IMPORT,수입금액,M,901Y118,3.2.1. 수출입 총괄,T004,수입금액,,,202101,44456822.0,천불,ECOS
IMPORT,수입금액,M,901Y118,3.2.1. 수출입 총괄,T004,수입금액,,,202102,42404636.0,천불,ECOS
IMPORT,수입금액,M,901Y118,3.2.1. 수출입 총괄,T004,수입금액,,,202103,49742555.0,천불,ECOS
IMPORT,수입금액,M,901Y118,3.2.1. 수출입 총괄,T004,수입금액,,,202104,50891152.0,천불,ECOS
IMPORT,수입금액,M,901Y118,3.2.1. 수출입 총괄,T004,수입금액,,,202105,47910522.0,천불,ECOS
IMPORT,수입금액,M,901Y118,3.2.1. 수출입 총괄,T004,수입금액,,,202106,50429027.0,천불,ECOS
IMPORT,수입금액,M,901Y118,3.2.1. 수출입 총괄,T004,수입금액,,,202107,53676256.0,천불,ECOS
IMPORT,수입금액,M,901Y118,3.2.1. 수출입 총괄,T004,수입금액,,,202108,51581093.0,천불,ECOS
IMPORT,수입금액,M,901Y118,3.2.1. 수출입 총괄,T004,수입금액,,,202109,51636341.0,천불,ECOS
IMPORT,수입금액,M,901Y118,3.2.1. 수출입 총괄,T004,수입금액,,,202110,53847824.0,천불,ECOS
IMPORT,수입금액,M,901Y118,3.2.1. 수출입 총괄,T004,수입금액,,,202111,57357549.0,천불,ECOS
IMPORT,수입금액,M,901Y118,3.2.1. 수출입 총괄,T004,수입금액,,,202112,61159671.0,천불,ECOS
IMPORT,수입금액,M,901Y118,3.2.1. 수출입 총괄,T004,수입금액,,,202201,60606721.0,천불,ECOS
IMPORT,수입금액,M,901Y118,3.2.1. 수출입 총괄,T004,수입금액,,,202202,53482054.0,천불,ECOS
IMPORT,수입금액,M,901Y118,3.2.1. 수출입 총괄,T004,수입금액,,,202203,63811102.0,천불,ECOS
IMPORT,수입금액,M,901Y118,3.2.1. 수출입 총괄,T004,수입금액,,,202204,60213185.0,천불,ECOS
IMPORT,수입금액,M,901Y118,3.2.1. 수출입 총괄,T004,수입금액,,,202205,63168380.0,천불,ECOS
IMPORT,수입금액,M,901Y118,3.2.1. 수출입 총괄,T004,수입금액,,,202206,60149906.0,천불,ECOS
IMPORT,수입금액,M,901Y118,3.2.1. 수출입 총괄,T004,수입금액,,,202207,65259838.0,천불,ECOS
IMPORT,수입금액,M,901Y118,3.2.1. 수출입 총괄,T004,수입금액,,,202208,66027733.0,천불,ECOS
IMPORT,수입금액,M,901Y118,3.2.1. 수출입 총괄,T004,수입금액,,,202209,61012837.0,천불,ECOS
IMPORT,수입금액,M,901Y118,3.2.1. 수출입 총괄,T004,수입금액,,,202210,59167185.0,천불,ECOS
IMPORT,수입금액,M,901Y118,3.2.1. 수출입 총괄,T004,수입금액,,,202211,58847655.0,천불,ECOS
IMPORT,수입금액,M,901Y118,3.2.1. 수출입 총괄,T004,수입금액,,,202212,59623062.0,천불,ECOS
IMPORT,수입금액,M,901Y118,3.2.1. 수출입 총괄,T004,수입금액,,,202301,59037259.0,천불,ECOS
IMPORT,수입금액,M,901Y118,3.2.1. 수출입 총괄,T004,수입금액,,,202302,55370498.0,천불,ECOS
IMPORT,수입금액,M,901Y118,3.2.1. 수출입 총괄,T004,수입금액,,,202303,59635920.0,천불,ECOS
IMPORT,수입금액,M,901Y118,3.2.1. 수출입 총괄,T004,수입금액,,,202304,51940137.0,천불,ECOS
IMPORT,수입금액,M,901Y118,3.2.1. 수출입 총괄,T004,수입금액,,,202305,54251194.0,천불,ECOS
IMPORT,수입금액,M,901Y118,3.2.1. 수출입 총괄,T004,수입금액,,,202306,53055480.0,천불,ECOS
IMPORT,수입금액,M,901Y118,3.2.1. 수출입 총괄,T004,수입금액,,,202307,48738114.0,천불,ECOS
IMPORT,수입금액,M,901Y118,3.2.1. 수출입 총괄,T004,수입금액,,,202308,51009758.0,천불,ECOS
IMPORT,수입금액,M,901Y118,3.2.1. 수출입 총괄,T004,수입금액,,,202309,50972525.0,천불,ECOS
IMPORT,수입금액,M,901Y118,3.2.1. 수출입 총괄,T004,수입금액,,,202310,53440582.0,천불,ECOS
IMPORT,수입금액,M,901Y118,3.2.1. 수출입 총괄,T004,수입금액,,,202311,51997805.0,천불,ECOS
IMPORT,수입금액,M,901Y118,3.2.1. 수출입 총괄,T004,수입금액,,,202312,53122854.0,천불,ECOS
IMPORT,수입금액,M,901Y118,3.2.1. 수출입 총괄,T004,수입금액,,,202401,54474611.0,천불,ECOS
IMPORT,수입금액,M,901Y118,3.2.1. 수출입 총괄,T004,수입금액,,,202402,48221860.0,천불,ECOS
IMPORT,수입금액,M,901Y118,3.2.1. 수출입 총괄,T004,수입금액,,,202403,52112905.0,천불,ECOS
IMPORT,수입금액,M,901Y118,3.2.1. 수출입 총괄,T004,수입금액,,,202404,54821181.0,천불,ECOS
IMPORT,수입금액,M,901Y118,3.2.1. 수출입 총괄,T004,수입금액,,,202405,53132937.0,천불,ECOS
IMPORT,수입금액,M,901Y118,3.2.1. 수출입 총괄,T004,수입금액,,,202406,49090193.0,천불,ECOS
IMPORT,수입금액,M,901Y118,3.2.1. 수출입 총괄,T004,수입금액,,,202407,53838742.0,천불,ECOS
IMPORT,수입금액,M,901Y118,3.2.1. 수출입 총괄,T004,수입금액,,,202408,54054894.0,천불,ECOS
IMPORT,수입금액,M,901Y118,3.2.1. 수출입 총괄,T004,수입금액,,,202409,52102925.0,천불,ECOS
IMPORT,수입금액,M,901Y118,3.2.1. 수출입 총괄,T004,수입금액,,,202410,54331589.0,천불,ECOS
IMPORT,수입금액,M,901Y118,3.2.1. 수출입 총괄,T004,수입금액,,,202411,50718992.0,천불,ECOS
IMPORT,수입금액,M,901Y118,3.2.1. 수출입 총괄,T004,수입금액,,,202412,54866380.0,천불,ECOS
IMPORT,수입금액,M,901Y118,3.2.1. 수출입 총괄,T004,수입금액,,,202501,51172292.0,천불,ECOS
IMPORT,수입금액,M,901Y118,3.2.1. 수출입 총괄,T004,수입금액,,,202502,48328741.0,천불,ECOS
IMPORT,수입금액,M,901Y118,3.2.1. 수출입 총괄,T004,수입금액,,,202503,53341032.0,천불,ECOS
IMPORT,수입금액,M,901Y118,3.2.1. 수출입 총괄,T004,수입금액,,,202504,53232716.0,천불,ECOS
IMPORT,수입금액,M,901Y118,3.2.1. 수출입 총괄,T004,수입금액,,,202505,50345116.0,천불,ECOS
IMPORT,수입금액,M,901Y118,3.2.1. 수출입 총괄,T004,수입금액,,,202506,50825746.0,천불,ECOS
IMPORT,수입금액,M,901Y118,3.2.1. 수출입 총괄,T004,수입금액,,,202507,54210371.0,천불,ECOS
IMPORT,수입금액,M,901Y118,3.2.1. 수출입 총괄,T004,수입금액,,,202508,51856624.0,천불,ECOS
IMPORT,수입금액,M,901Y118,3.2.1. 수출입 총괄,T004,수입금액,,,202509,56419614.0,천불,ECOS
IMPORT,수입금액,M,901Y118,3.2.1. 수출입 총괄,T004,수입금액,,,202510,53510827.0,천불,ECOS
IMPORT,수입금액,M,901Y118,3.2.1. 수출입 총괄,T004,수입금액,,,202511,51284605.0,천불,ECOS
IMPORT,수입금액,M,901Y118,3.2.1. 수출입 총괄,T004,수입금액,,,202512,57367684.0,천불,ECOS
INDUSTRIAL_PRODUCTION_RAW,전산업생산지수_원계열,M,901Y033,8.1.4. 전산업생산지수(농림어업제외),A00,전산업생산지수(농림어업 제외),1,원계열,201801,97.2,2020=100,ECOS
INDUSTRIAL_PRODUCTION_RAW,전산업생산지수_원계열,M,901Y033,8.1.4. 전산업생산지수(농림어업제외),A00,전산업생산지수(농림어업 제외),1,원계열,201802,91.3,2020=100,ECOS
INDUSTRIAL_PRODUCTION_RAW,전산업생산지수_원계열,M,901Y033,8.1.4. 전산업생산지수(농림어업제외),A00,전산업생산지수(농림어업 제외),1,원계열,201803,101.9,2020=100,ECOS
INDUSTRIAL_PRODUCTION_RAW,전산업생산지수_원계열,M,901Y033,8.1.4. 전산업생산지수(농림어업제외),A00,전산업생산지수(농림어업 제외),1,원계열,201804,99.7,2020=100,ECOS
INDUSTRIAL_PRODUCTION_RAW,전산업생산지수_원계열,M,901Y033,8.1.4. 전산업생산지수(농림어업제외),A00,전산업생산지수(농림어업 제외),1,원계열,201805,100.2,2020=100,ECOS
INDUSTRIAL_PRODUCTION_RAW,전산업생산지수_원계열,M,901Y033,8.1.4. 전산업생산지수(농림어업제외),A00,전산업생산지수(농림어업 제외),1,원계열,201806,102.6,2020=100,ECOS
INDUSTRIAL_PRODUCTION_RAW,전산업생산지수_원계열,M,901Y033,8.1.4. 전산업생산지수(농림어업제외),A00,전산업생산지수(농림어업 제외),1,원계열,201807,100.0,2020=100,ECOS
INDUSTRIAL_PRODUCTION_RAW,전산업생산지수_원계열,M,901Y033,8.1.4. 전산업생산지수(농림어업제외),A00,전산업생산지수(농림어업 제외),1,원계열,201808,98.6,2020=100,ECOS
INDUSTRIAL_PRODUCTION_RAW,전산업생산지수_원계열,M,901Y033,8.1.4. 전산업생산지수(농림어업제외),A00,전산업생산지수(농림어업 제외),1,원계열,201809,97.8,2020=100,ECOS
INDUSTRIAL_PRODUCTION_RAW,전산업생산지수_원계열,M,901Y033,8.1.4. 전산업생산지수(농림어업제외),A00,전산업생산지수(농림어업 제외),1,원계열,201810,102.2,2020=100,ECOS
INDUSTRIAL_PRODUCTION_RAW,전산업생산지수_원계열,M,901Y033,8.1.4. 전산업생산지수(농림어업제외),A00,전산업생산지수(농림어업 제외),1,원계열,201811,101.3,2020=100,ECOS
INDUSTRIAL_PRODUCTION_RAW,전산업생산지수_원계열,M,901Y033,8.1.4. 전산업생산지수(농림어업제외),A00,전산업생산지수(농림어업 제외),1,원계열,201812,108.2,2020=100,ECOS
INDUSTRIAL_PRODUCTION_RAW,전산업생산지수_원계열,M,901Y033,8.1.4. 전산업생산지수(농림어업제외),A00,전산업생산지수(농림어업 제외),1,원계열,201901,98.3,2020=100,ECOS
INDUSTRIAL_PRODUCTION_RAW,전산업생산지수_원계열,M,901Y033,8.1.4. 전산업생산지수(농림어업제외),A00,전산업생산지수(농림어업 제외),1,원계열,201902,89.6,2020=100,ECOS
INDUSTRIAL_PRODUCTION_RAW,전산업생산지수_원계열,M,901Y033,8.1.4. 전산업생산지수(농림어업제외),A00,전산업생산지수(농림어업 제외),1,원계열,201903,101.4,2020=100,ECOS
INDUSTRIAL_PRODUCTION_RAW,전산업생산지수_원계열,M,901Y033,8.1.4. 전산업생산지수(농림어업제외),A00,전산업생산지수(농림어업 제외),1,원계열,201904,100.8,2020=100,ECOS
INDUSTRIAL_PRODUCTION_RAW,전산업생산지수_원계열,M,901Y033,8.1.4. 전산업생산지수(농림어업제외),A00,전산업생산지수(농림어업 제외),1,원계열,201905,102.1,2020=100,ECOS
INDUSTRIAL_PRODUCTION_RAW,전산업생산지수_원계열,M,901Y033,8.1.4. 전산업생산지수(농림어업제외),A00,전산업생산지수(농림어업 제외),1,원계열,201906,102.0,2020=100,ECOS
INDUSTRIAL_PRODUCTION_RAW,전산업생산지수_원계열,M,901Y033,8.1.4. 전산업생산지수(농림어업제외),A00,전산업생산지수(농림어업 제외),1,원계열,201907,101.5,2020=100,ECOS
INDUSTRIAL_PRODUCTION_RAW,전산업생산지수_원계열,M,901Y033,8.1.4. 전산업생산지수(농림어업제외),A00,전산업생산지수(농림어업 제외),1,원계열,201908,99.2,2020=100,ECOS
INDUSTRIAL_PRODUCTION_RAW,전산업생산지수_원계열,M,901Y033,8.1.4. 전산업생산지수(농림어업제외),A00,전산업생산지수(농림어업 제외),1,원계열,201909,99.0,2020=100,ECOS
INDUSTRIAL_PRODUCTION_RAW,전산업생산지수_원계열,M,901Y033,8.1.4. 전산업생산지수(농림어업제외),A00,전산업생산지수(농림어업 제외),1,원계열,201910,102.9,2020=100,ECOS
INDUSTRIAL_PRODUCTION_RAW,전산업생산지수_원계열,M,901Y033,8.1.4. 전산업생산지수(농림어업제외),A00,전산업생산지수(농림어업 제외),1,원계열,201911,103.4,2020=100,ECOS
INDUSTRIAL_PRODUCTION_RAW,전산업생산지수_원계열,M,901Y033,8.1.4. 전산업생산지수(농림어업제외),A00,전산업생산지수(농림어업 제외),1,원계열,201912,112.9,2020=100,ECOS
INDUSTRIAL_PRODUCTION_RAW,전산업생산지수_원계열,M,901Y033,8.1.4. 전산업생산지수(농림어업제외),A00,전산업생산지수(농림어업 제외),1,원계열,202001,98.2,2020=100,ECOS
INDUSTRIAL_PRODUCTION_RAW,전산업생산지수_원계열,M,901Y033,8.1.4. 전산업생산지수(농림어업제외),A00,전산업생산지수(농림어업 제외),1,원계열,202002,94.3,2020=100,ECOS
INDUSTRIAL_PRODUCTION_RAW,전산업생산지수_원계열,M,901Y033,8.1.4. 전산업생산지수(농림어업제외),A00,전산업생산지수(농림어업 제외),1,원계열,202003,102.0,2020=100,ECOS
INDUSTRIAL_PRODUCTION_RAW,전산업생산지수_원계열,M,901Y033,8.1.4. 전산업생산지수(농림어업제외),A00,전산업생산지수(농림어업 제외),1,원계열,202004,95.3,2020=100,ECOS
INDUSTRIAL_PRODUCTION_RAW,전산업생산지수_원계열,M,901Y033,8.1.4. 전산업생산지수(농림어업제외),A00,전산업생산지수(농림어업 제외),1,원계열,202005,95.8,2020=100,ECOS
INDUSTRIAL_PRODUCTION_RAW,전산업생산지수_원계열,M,901Y033,8.1.4. 전산업생산지수(농림어업제외),A00,전산업생산지수(농림어업 제외),1,원계열,202006,102.2,2020=100,ECOS
INDUSTRIAL_PRODUCTION_RAW,전산업생산지수_원계열,M,901Y033,8.1.4. 전산업생산지수(농림어업제외),A00,전산업생산지수(농림어업 제외),1,원계열,202007,99.1,2020=100,ECOS
INDUSTRIAL_PRODUCTION_RAW,전산업생산지수_원계열,M,901Y033,8.1.4. 전산업생산지수(농림어업제외),A00,전산업생산지수(농림어업 제외),1,원계열,202008,95.3,2020=100,ECOS
INDUSTRIAL_PRODUCTION_RAW,전산업생산지수_원계열,M,901Y033,8.1.4. 전산업생산지수(농림어업제외),A00,전산업생산지수(농림어업 제외),1,원계열,202009,101.8,2020=100,ECOS
INDUSTRIAL_PRODUCTION_RAW,전산업생산지수_원계열,M,901Y033,8.1.4. 전산업생산지수(농림어업제외),A00,전산업생산지수(농림어업 제외),1,원계열,202010,99.5,2020=100,ECOS
INDUSTRIAL_PRODUCTION_RAW,전산업생산지수_원계열,M,901Y033,8.1.4. 전산업생산지수(농림어업제외),A00,전산업생산지수(농림어업 제외),1,원계열,202011,102.7,2020=100,ECOS
INDUSTRIAL_PRODUCTION_RAW,전산업생산지수_원계열,M,901Y033,8.1.4. 전산업생산지수(농림어업제외),A00,전산업생산지수(농림어업 제외),1,원계열,202012,113.8,2020=100,ECOS
INDUSTRIAL_PRODUCTION_RAW,전산업생산지수_원계열,M,901Y033,8.1.4. 전산업생산지수(농림어업제외),A00,전산업생산지수(농림어업 제외),1,원계열,202101,98.1,2020=100,ECOS
INDUSTRIAL_PRODUCTION_RAW,전산업생산지수_원계열,M,901Y033,8.1.4. 전산업생산지수(농림어업제외),A00,전산업생산지수(농림어업 제외),1,원계열,202102,94.5,2020=100,ECOS
INDUSTRIAL_PRODUCTION_RAW,전산업생산지수_원계열,M,901Y033,8.1.4. 전산업생산지수(농림어업제외),A00,전산업생산지수(농림어업 제외),1,원계열,202103,108.3,2020=100,ECOS
INDUSTRIAL_PRODUCTION_RAW,전산업생산지수_원계열,M,901Y033,8.1.4. 전산업생산지수(농림어업제외),A00,전산업생산지수(농림어업 제외),1,원계열,202104,103.7,2020=100,ECOS
INDUSTRIAL_PRODUCTION_RAW,전산업생산지수_원계열,M,901Y033,8.1.4. 전산업생산지수(농림어업제외),A00,전산업생산지수(농림어업 제외),1,원계열,202105,103.2,2020=100,ECOS
INDUSTRIAL_PRODUCTION_RAW,전산업생산지수_원계열,M,901Y033,8.1.4. 전산업생산지수(농림어업제외),A00,전산업생산지수(농림어업 제외),1,원계열,202106,109.7,2020=100,ECOS
INDUSTRIAL_PRODUCTION_RAW,전산업생산지수_원계열,M,901Y033,8.1.4. 전산업생산지수(농림어업제외),A00,전산업생산지수(농림어업 제외),1,원계열,202107,104.2,2020=100,ECOS
INDUSTRIAL_PRODUCTION_RAW,전산업생산지수_원계열,M,901Y033,8.1.4. 전산업생산지수(농림어업제외),A00,전산업생산지수(농림어업 제외),1,원계열,202108,101.5,2020=100,ECOS
INDUSTRIAL_PRODUCTION_RAW,전산업생산지수_원계열,M,901Y033,8.1.4. 전산업생산지수(농림어업제외),A00,전산업생산지수(농림어업 제외),1,원계열,202109,104.6,2020=100,ECOS
INDUSTRIAL_PRODUCTION_RAW,전산업생산지수_원계열,M,901Y033,8.1.4. 전산업생산지수(농림어업제외),A00,전산업생산지수(농림어업 제외),1,원계열,202110,105.3,2020=100,ECOS
INDUSTRIAL_PRODUCTION_RAW,전산업생산지수_원계열,M,901Y033,8.1.4. 전산업생산지수(농림어업제외),A00,전산업생산지수(농림어업 제외),1,원계열,202111,109.2,2020=100,ECOS
INDUSTRIAL_PRODUCTION_RAW,전산업생산지수_원계열,M,901Y033,8.1.4. 전산업생산지수(농림어업제외),A00,전산업생산지수(농림어업 제외),1,원계열,202112,123.5,2020=100,ECOS
INDUSTRIAL_PRODUCTION_RAW,전산업생산지수_원계열,M,901Y033,8.1.4. 전산업생산지수(농림어업제외),A00,전산업생산지수(농림어업 제외),1,원계열,202201,104.8,2020=100,ECOS
INDUSTRIAL_PRODUCTION_RAW,전산업생산지수_원계열,M,901Y033,8.1.4. 전산업생산지수(농림어업제외),A00,전산업생산지수(농림어업 제외),1,원계열,202202,99.3,2020=100,ECOS
INDUSTRIAL_PRODUCTION_RAW,전산업생산지수_원계열,M,901Y033,8.1.4. 전산업생산지수(농림어업제외),A00,전산업생산지수(농림어업 제외),1,원계열,202203,113.1,2020=100,ECOS
INDUSTRIAL_PRODUCTION_RAW,전산업생산지수_원계열,M,901Y033,8.1.4. 전산업생산지수(농림어업제외),A00,전산업생산지수(농림어업 제외),1,원계열,202204,109.9,2020=100,ECOS
INDUSTRIAL_PRODUCTION_RAW,전산업생산지수_원계열,M,901Y033,8.1.4. 전산업생산지수(농림어업제외),A00,전산업생산지수(농림어업 제외),1,원계열,202205,111.4,2020=100,ECOS
INDUSTRIAL_PRODUCTION_RAW,전산업생산지수_원계열,M,901Y033,8.1.4. 전산업생산지수(농림어업제외),A00,전산업생산지수(농림어업 제외),1,원계열,202206,114.6,2020=100,ECOS
INDUSTRIAL_PRODUCTION_RAW,전산업생산지수_원계열,M,901Y033,8.1.4. 전산업생산지수(농림어업제외),A00,전산업생산지수(농림어업 제외),1,원계열,202207,109.6,2020=100,ECOS
INDUSTRIAL_PRODUCTION_RAW,전산업생산지수_원계열,M,901Y033,8.1.4. 전산업생산지수(농림어업제외),A00,전산업생산지수(농림어업 제외),1,원계열,202208,107.8,2020=100,ECOS
INDUSTRIAL_PRODUCTION_RAW,전산업생산지수_원계열,M,901Y033,8.1.4. 전산업생산지수(농림어업제외),A00,전산업생산지수(농림어업 제외),1,원계열,202209,109.2,2020=100,ECOS
INDUSTRIAL_PRODUCTION_RAW,전산업생산지수_원계열,M,901Y033,8.1.4. 전산업생산지수(농림어업제외),A00,전산업생산지수(농림어업 제외),1,원계열,202210,109.4,2020=100,ECOS
INDUSTRIAL_PRODUCTION_RAW,전산업생산지수_원계열,M,901Y033,8.1.4. 전산업생산지수(농림어업제외),A00,전산업생산지수(농림어업 제외),1,원계열,202211,111.9,2020=100,ECOS
INDUSTRIAL_PRODUCTION_RAW,전산업생산지수_원계열,M,901Y033,8.1.4. 전산업생산지수(농림어업제외),A00,전산업생산지수(농림어업 제외),1,원계열,202212,125.8,2020=100,ECOS
INDUSTRIAL_PRODUCTION_RAW,전산업생산지수_원계열,M,901Y033,8.1.4. 전산업생산지수(농림어업제외),A00,전산업생산지수(농림어업 제외),1,원계열,202301,103.3,2020=100,ECOS
INDUSTRIAL_PRODUCTION_RAW,전산업생산지수_원계열,M,901Y033,8.1.4. 전산업생산지수(농림어업제외),A00,전산업생산지수(농림어업 제외),1,원계열,202302,103.2,2020=100,ECOS
INDUSTRIAL_PRODUCTION_RAW,전산업생산지수_원계열,M,901Y033,8.1.4. 전산업생산지수(농림어업제외),A00,전산업생산지수(농림어업 제외),1,원계열,202303,115.6,2020=100,ECOS
INDUSTRIAL_PRODUCTION_RAW,전산업생산지수_원계열,M,901Y033,8.1.4. 전산업생산지수(농림어업제외),A00,전산업생산지수(농림어업 제외),1,원계열,202304,108.7,2020=100,ECOS
INDUSTRIAL_PRODUCTION_RAW,전산업생산지수_원계열,M,901Y033,8.1.4. 전산업생산지수(농림어업제외),A00,전산업생산지수(농림어업 제외),1,원계열,202305,111.1,2020=100,ECOS
INDUSTRIAL_PRODUCTION_RAW,전산업생산지수_원계열,M,901Y033,8.1.4. 전산업생산지수(농림어업제외),A00,전산업생산지수(농림어업 제외),1,원계열,202306,116.0,2020=100,ECOS
INDUSTRIAL_PRODUCTION_RAW,전산업생산지수_원계열,M,901Y033,8.1.4. 전산업생산지수(농림어업제외),A00,전산업생산지수(농림어업 제외),1,원계열,202307,109.1,2020=100,ECOS
INDUSTRIAL_PRODUCTION_RAW,전산업생산지수_원계열,M,901Y033,8.1.4. 전산업생산지수(농림어업제외),A00,전산업생산지수(농림어업 제외),1,원계열,202308,109.8,2020=100,ECOS
INDUSTRIAL_PRODUCTION_RAW,전산업생산지수_원계열,M,901Y033,8.1.4. 전산업생산지수(농림어업제외),A00,전산업생산지수(농림어업 제외),1,원계열,202309,112.7,2020=100,ECOS
INDUSTRIAL_PRODUCTION_RAW,전산업생산지수_원계열,M,901Y033,8.1.4. 전산업생산지수(농림어업제외),A00,전산업생산지수(농림어업 제외),1,원계열,202310,111.3,2020=100,ECOS
INDUSTRIAL_PRODUCTION_RAW,전산업생산지수_원계열,M,901Y033,8.1.4. 전산업생산지수(농림어업제외),A00,전산업생산지수(농림어업 제외),1,원계열,202311,114.9,2020=100,ECOS
INDUSTRIAL_PRODUCTION_RAW,전산업생산지수_원계열,M,901Y033,8.1.4. 전산업생산지수(농림어업제외),A00,전산업생산지수(농림어업 제외),1,원계열,202312,126.8,2020=100,ECOS
INDUSTRIAL_PRODUCTION_RAW,전산업생산지수_원계열,M,901Y033,8.1.4. 전산업생산지수(농림어업제외),A00,전산업생산지수(농림어업 제외),1,원계열,202401,110.5,2020=100,ECOS
INDUSTRIAL_PRODUCTION_RAW,전산업생산지수_원계열,M,901Y033,8.1.4. 전산업생산지수(농림어업제외),A00,전산업생산지수(농림어업 제외),1,원계열,202402,105.4,2020=100,ECOS
INDUSTRIAL_PRODUCTION_RAW,전산업생산지수_원계열,M,901Y033,8.1.4. 전산업생산지수(농림어업제외),A00,전산업생산지수(농림어업 제외),1,원계열,202403,115.8,2020=100,ECOS
INDUSTRIAL_PRODUCTION_RAW,전산업생산지수_원계열,M,901Y033,8.1.4. 전산업생산지수(농림어업제외),A00,전산업생산지수(농림어업 제외),1,원계열,202404,113.1,2020=100,ECOS
INDUSTRIAL_PRODUCTION_RAW,전산업생산지수_원계열,M,901Y033,8.1.4. 전산업생산지수(농림어업제외),A00,전산업생산지수(농림어업 제외),1,원계열,202405,113.7,2020=100,ECOS
INDUSTRIAL_PRODUCTION_RAW,전산업생산지수_원계열,M,901Y033,8.1.4. 전산업생산지수(농림어업제외),A00,전산업생산지수(농림어업 제외),1,원계열,202406,116.1,2020=100,ECOS
INDUSTRIAL_PRODUCTION_RAW,전산업생산지수_원계열,M,901Y033,8.1.4. 전산업생산지수(농림어업제외),A00,전산업생산지수(농림어업 제외),1,원계열,202407,111.3,2020=100,ECOS
INDUSTRIAL_PRODUCTION_RAW,전산업생산지수_원계열,M,901Y033,8.1.4. 전산업생산지수(농림어업제외),A00,전산업생산지수(농림어업 제외),1,원계열,202408,111.0,2020=100,ECOS
INDUSTRIAL_PRODUCTION_RAW,전산업생산지수_원계열,M,901Y033,8.1.4. 전산업생산지수(농림어업제외),A00,전산업생산지수(농림어업 제외),1,원계열,202409,110.9,2020=100,ECOS
INDUSTRIAL_PRODUCTION_RAW,전산업생산지수_원계열,M,901Y033,8.1.4. 전산업생산지수(농림어업제외),A00,전산업생산지수(농림어업 제외),1,원계열,202410,114.2,2020=100,ECOS
INDUSTRIAL_PRODUCTION_RAW,전산업생산지수_원계열,M,901Y033,8.1.4. 전산업생산지수(농림어업제외),A00,전산업생산지수(농림어업 제외),1,원계열,202411,114.2,2020=100,ECOS
INDUSTRIAL_PRODUCTION_RAW,전산업생산지수_원계열,M,901Y033,8.1.4. 전산업생산지수(농림어업제외),A00,전산업생산지수(농림어업 제외),1,원계열,202412,128.2,2020=100,ECOS
INDUSTRIAL_PRODUCTION_RAW,전산업생산지수_원계열,M,901Y033,8.1.4. 전산업생산지수(농림어업제외),A00,전산업생산지수(농림어업 제외),1,원계열,202501,107.2,2020=100,ECOS
INDUSTRIAL_PRODUCTION_RAW,전산업생산지수_원계열,M,901Y033,8.1.4. 전산업생산지수(농림어업제외),A00,전산업생산지수(농림어업 제외),1,원계열,202502,107.4,2020=100,ECOS
INDUSTRIAL_PRODUCTION_RAW,전산업생산지수_원계열,M,901Y033,8.1.4. 전산업생산지수(농림어업제외),A00,전산업생산지수(농림어업 제외),1,원계열,202503,118.1,2020=100,ECOS
INDUSTRIAL_PRODUCTION_RAW,전산업생산지수_원계열,M,901Y033,8.1.4. 전산업생산지수(농림어업제외),A00,전산업생산지수(농림어업 제외),1,원계열,202504,114.4,2020=100,ECOS
INDUSTRIAL_PRODUCTION_RAW,전산업생산지수_원계열,M,901Y033,8.1.4. 전산업생산지수(농림어업제외),A00,전산업생산지수(농림어업 제외),1,원계열,202505,113.5,2020=100,ECOS
INDUSTRIAL_PRODUCTION_RAW,전산업생산지수_원계열,M,901Y033,8.1.4. 전산업생산지수(농림어업제외),A00,전산업생산지수(농림어업 제외),1,원계열,202506,118.3,2020=100,ECOS
INDUSTRIAL_PRODUCTION_RAW,전산업생산지수_원계열,M,901Y033,8.1.4. 전산업생산지수(농림어업제외),A00,전산업생산지수(농림어업 제외),1,원계열,202507,114.4,2020=100,ECOS
INDUSTRIAL_PRODUCTION_RAW,전산업생산지수_원계열,M,901Y033,8.1.4. 전산업생산지수(농림어업제외),A00,전산업생산지수(농림어업 제외),1,원계열,202508,111.2,2020=100,ECOS
INDUSTRIAL_PRODUCTION_RAW,전산업생산지수_원계열,M,901Y033,8.1.4. 전산업생산지수(농림어업제외),A00,전산업생산지수(농림어업 제외),1,원계열,202509,119.8,2020=100,ECOS
INDUSTRIAL_PRODUCTION_RAW,전산업생산지수_원계열,M,901Y033,8.1.4. 전산업생산지수(농림어업제외),A00,전산업생산지수(농림어업 제외),1,원계열,202510,110.2,2020=100,ECOS
INDUSTRIAL_PRODUCTION_RAW,전산업생산지수_원계열,M,901Y033,8.1.4. 전산업생산지수(농림어업제외),A00,전산업생산지수(농림어업 제외),1,원계열,202511,115.0,2020=100,ECOS
INDUSTRIAL_PRODUCTION_RAW,전산업생산지수_원계열,M,901Y033,8.1.4. 전산업생산지수(농림어업제외),A00,전산업생산지수(농림어업 제외),1,원계열,202512,130.9,2020=100,ECOS
INDUSTRIAL_PRODUCTION_SA,전산업생산지수_계절조정,M,901Y033,8.1.4. 전산업생산지수(농림어업제외),A00,전산업생산지수(농림어업 제외),2,계절조정,201801,99.5,2020=100,ECOS
INDUSTRIAL_PRODUCTION_SA,전산업생산지수_계절조정,M,901Y033,8.1.4. 전산업생산지수(농림어업제외),A00,전산업생산지수(농림어업 제외),2,계절조정,201802,100.2,2020=100,ECOS
INDUSTRIAL_PRODUCTION_SA,전산업생산지수_계절조정,M,901Y033,8.1.4. 전산업생산지수(농림어업제외),A00,전산업생산지수(농림어업 제외),2,계절조정,201803,99.1,2020=100,ECOS
INDUSTRIAL_PRODUCTION_SA,전산업생산지수_계절조정,M,901Y033,8.1.4. 전산업생산지수(농림어업제외),A00,전산업생산지수(농림어업 제외),2,계절조정,201804,100.7,2020=100,ECOS
INDUSTRIAL_PRODUCTION_SA,전산업생산지수_계절조정,M,901Y033,8.1.4. 전산업생산지수(농림어업제외),A00,전산업생산지수(농림어업 제외),2,계절조정,201805,100.7,2020=100,ECOS
INDUSTRIAL_PRODUCTION_SA,전산업생산지수_계절조정,M,901Y033,8.1.4. 전산업생산지수(농림어업제외),A00,전산업생산지수(농림어업 제외),2,계절조정,201806,100.5,2020=100,ECOS
INDUSTRIAL_PRODUCTION_SA,전산업생산지수_계절조정,M,901Y033,8.1.4. 전산업생산지수(농림어업제외),A00,전산업생산지수(농림어업 제외),2,계절조정,201807,101.1,2020=100,ECOS
INDUSTRIAL_PRODUCTION_SA,전산업생산지수_계절조정,M,901Y033,8.1.4. 전산업생산지수(농림어업제외),A00,전산업생산지수(농림어업 제외),2,계절조정,201808,101.0,2020=100,ECOS
INDUSTRIAL_PRODUCTION_SA,전산업생산지수_계절조정,M,901Y033,8.1.4. 전산업생산지수(농림어업제외),A00,전산업생산지수(농림어업 제외),2,계절조정,201809,100.2,2020=100,ECOS
INDUSTRIAL_PRODUCTION_SA,전산업생산지수_계절조정,M,901Y033,8.1.4. 전산업생산지수(농림어업제외),A00,전산업생산지수(농림어업 제외),2,계절조정,201810,101.1,2020=100,ECOS
INDUSTRIAL_PRODUCTION_SA,전산업생산지수_계절조정,M,901Y033,8.1.4. 전산업생산지수(농림어업제외),A00,전산업생산지수(농림어업 제외),2,계절조정,201811,99.9,2020=100,ECOS
INDUSTRIAL_PRODUCTION_SA,전산업생산지수_계절조정,M,901Y033,8.1.4. 전산업생산지수(농림어업제외),A00,전산업생산지수(농림어업 제외),2,계절조정,201812,99.2,2020=100,ECOS
INDUSTRIAL_PRODUCTION_SA,전산업생산지수_계절조정,M,901Y033,8.1.4. 전산업생산지수(농림어업제외),A00,전산업생산지수(농림어업 제외),2,계절조정,201901,100.5,2020=100,ECOS
INDUSTRIAL_PRODUCTION_SA,전산업생산지수_계절조정,M,901Y033,8.1.4. 전산업생산지수(농림어업제외),A00,전산업생산지수(농림어업 제외),2,계절조정,201902,98.1,2020=100,ECOS
INDUSTRIAL_PRODUCTION_SA,전산업생산지수_계절조정,M,901Y033,8.1.4. 전산업생산지수(농림어업제외),A00,전산업생산지수(농림어업 제외),2,계절조정,201903,99.4,2020=100,ECOS
INDUSTRIAL_PRODUCTION_SA,전산업생산지수_계절조정,M,901Y033,8.1.4. 전산업생산지수(농림어업제외),A00,전산업생산지수(농림어업 제외),2,계절조정,201904,101.0,2020=100,ECOS
INDUSTRIAL_PRODUCTION_SA,전산업생산지수_계절조정,M,901Y033,8.1.4. 전산업생산지수(농림어업제외),A00,전산업생산지수(농림어업 제외),2,계절조정,201905,100.9,2020=100,ECOS
INDUSTRIAL_PRODUCTION_SA,전산업생산지수_계절조정,M,901Y033,8.1.4. 전산업생산지수(농림어업제외),A00,전산업생산지수(농림어업 제외),2,계절조정,201906,99.9,2020=100,ECOS
INDUSTRIAL_PRODUCTION_SA,전산업생산지수_계절조정,M,901Y033,8.1.4. 전산업생산지수(농림어업제외),A00,전산업생산지수(농림어업 제외),2,계절조정,201907,101.7,2020=100,ECOS
INDUSTRIAL_PRODUCTION_SA,전산업생산지수_계절조정,M,901Y033,8.1.4. 전산업생산지수(농림어업제외),A00,전산업생산지수(농림어업 제외),2,계절조정,201908,101.6,2020=100,ECOS
INDUSTRIAL_PRODUCTION_SA,전산업생산지수_계절조정,M,901Y033,8.1.4. 전산업생산지수(농림어업제외),A00,전산업생산지수(농림어업 제외),2,계절조정,201909,101.6,2020=100,ECOS
INDUSTRIAL_PRODUCTION_SA,전산업생산지수_계절조정,M,901Y033,8.1.4. 전산업생산지수(농림어업제외),A00,전산업생산지수(농림어업 제외),2,계절조정,201910,101.9,2020=100,ECOS
INDUSTRIAL_PRODUCTION_SA,전산업생산지수_계절조정,M,901Y033,8.1.4. 전산업생산지수(농림어업제외),A00,전산업생산지수(농림어업 제외),2,계절조정,201911,102.0,2020=100,ECOS
INDUSTRIAL_PRODUCTION_SA,전산업생산지수_계절조정,M,901Y033,8.1.4. 전산업생산지수(농림어업제외),A00,전산업생산지수(농림어업 제외),2,계절조정,201912,103.1,2020=100,ECOS
INDUSTRIAL_PRODUCTION_SA,전산업생산지수_계절조정,M,901Y033,8.1.4. 전산업생산지수(농림어업제외),A00,전산업생산지수(농림어업 제외),2,계절조정,202001,103.4,2020=100,ECOS
INDUSTRIAL_PRODUCTION_SA,전산업생산지수_계절조정,M,901Y033,8.1.4. 전산업생산지수(농림어업제외),A00,전산업생산지수(농림어업 제외),2,계절조정,202002,100.0,2020=100,ECOS
INDUSTRIAL_PRODUCTION_SA,전산업생산지수_계절조정,M,901Y033,8.1.4. 전산업생산지수(농림어업제외),A00,전산업생산지수(농림어업 제외),2,계절조정,202003,98.6,2020=100,ECOS
INDUSTRIAL_PRODUCTION_SA,전산업생산지수_계절조정,M,901Y033,8.1.4. 전산업생산지수(농림어업제외),A00,전산업생산지수(농림어업 제외),2,계절조정,202004,97.3,2020=100,ECOS
INDUSTRIAL_PRODUCTION_SA,전산업생산지수_계절조정,M,901Y033,8.1.4. 전산업생산지수(농림어업제외),A00,전산업생산지수(농림어업 제외),2,계절조정,202005,96.0,2020=100,ECOS
INDUSTRIAL_PRODUCTION_SA,전산업생산지수_계절조정,M,901Y033,8.1.4. 전산업생산지수(농림어업제외),A00,전산업생산지수(농림어업 제외),2,계절조정,202006,98.8,2020=100,ECOS
INDUSTRIAL_PRODUCTION_SA,전산업생산지수_계절조정,M,901Y033,8.1.4. 전산업생산지수(농림어업제외),A00,전산업생산지수(농림어업 제외),2,계절조정,202007,99.8,2020=100,ECOS
INDUSTRIAL_PRODUCTION_SA,전산업생산지수_계절조정,M,901Y033,8.1.4. 전산업생산지수(농림어업제외),A00,전산업생산지수(농림어업 제외),2,계절조정,202008,99.6,2020=100,ECOS
INDUSTRIAL_PRODUCTION_SA,전산업생산지수_계절조정,M,901Y033,8.1.4. 전산업생산지수(농림어업제외),A00,전산업생산지수(농림어업 제외),2,계절조정,202009,100.9,2020=100,ECOS
INDUSTRIAL_PRODUCTION_SA,전산업생산지수_계절조정,M,901Y033,8.1.4. 전산업생산지수(농림어업제외),A00,전산업생산지수(농림어업 제외),2,계절조정,202010,101.5,2020=100,ECOS
INDUSTRIAL_PRODUCTION_SA,전산업생산지수_계절조정,M,901Y033,8.1.4. 전산업생산지수(농림어업제외),A00,전산업생산지수(농림어업 제외),2,계절조정,202011,102.5,2020=100,ECOS
INDUSTRIAL_PRODUCTION_SA,전산업생산지수_계절조정,M,901Y033,8.1.4. 전산업생산지수(농림어업제외),A00,전산업생산지수(농림어업 제외),2,계절조정,202012,101.5,2020=100,ECOS
INDUSTRIAL_PRODUCTION_SA,전산업생산지수_계절조정,M,901Y033,8.1.4. 전산업생산지수(농림어업제외),A00,전산업생산지수(농림어업 제외),2,계절조정,202101,101.7,2020=100,ECOS
INDUSTRIAL_PRODUCTION_SA,전산업생산지수_계절조정,M,901Y033,8.1.4. 전산업생산지수(농림어업제외),A00,전산업생산지수(농림어업 제외),2,계절조정,202102,103.7,2020=100,ECOS
INDUSTRIAL_PRODUCTION_SA,전산업생산지수_계절조정,M,901Y033,8.1.4. 전산업생산지수(농림어업제외),A00,전산업생산지수(농림어업 제외),2,계절조정,202103,104.4,2020=100,ECOS
INDUSTRIAL_PRODUCTION_SA,전산업생산지수_계절조정,M,901Y033,8.1.4. 전산업생산지수(농림어업제외),A00,전산업생산지수(농림어업 제외),2,계절조정,202104,104.0,2020=100,ECOS
INDUSTRIAL_PRODUCTION_SA,전산업생산지수_계절조정,M,901Y033,8.1.4. 전산업생산지수(농림어업제외),A00,전산업생산지수(농림어업 제외),2,계절조정,202105,104.4,2020=100,ECOS
INDUSTRIAL_PRODUCTION_SA,전산업생산지수_계절조정,M,901Y033,8.1.4. 전산업생산지수(농림어업제외),A00,전산업생산지수(농림어업 제외),2,계절조정,202106,105.0,2020=100,ECOS
INDUSTRIAL_PRODUCTION_SA,전산업생산지수_계절조정,M,901Y033,8.1.4. 전산업생산지수(농림어업제외),A00,전산업생산지수(농림어업 제외),2,계절조정,202107,105.1,2020=100,ECOS
INDUSTRIAL_PRODUCTION_SA,전산업생산지수_계절조정,M,901Y033,8.1.4. 전산업생산지수(농림어업제외),A00,전산업생산지수(농림어업 제외),2,계절조정,202108,105.0,2020=100,ECOS
INDUSTRIAL_PRODUCTION_SA,전산업생산지수_계절조정,M,901Y033,8.1.4. 전산업생산지수(농림어업제외),A00,전산업생산지수(농림어업 제외),2,계절조정,202109,106.1,2020=100,ECOS
INDUSTRIAL_PRODUCTION_SA,전산업생산지수_계절조정,M,901Y033,8.1.4. 전산업생산지수(농림어업제외),A00,전산업생산지수(농림어업 제외),2,계절조정,202110,106.7,2020=100,ECOS
INDUSTRIAL_PRODUCTION_SA,전산업생산지수_계절조정,M,901Y033,8.1.4. 전산업생산지수(농림어업제외),A00,전산업생산지수(농림어업 제외),2,계절조정,202111,108.3,2020=100,ECOS
INDUSTRIAL_PRODUCTION_SA,전산업생산지수_계절조정,M,901Y033,8.1.4. 전산업생산지수(농림어업제외),A00,전산업생산지수(농림어업 제외),2,계절조정,202112,109.5,2020=100,ECOS
INDUSTRIAL_PRODUCTION_SA,전산업생산지수_계절조정,M,901Y033,8.1.4. 전산업생산지수(농림어업제외),A00,전산업생산지수(농림어업 제외),2,계절조정,202201,110.1,2020=100,ECOS
INDUSTRIAL_PRODUCTION_SA,전산업생산지수_계절조정,M,901Y033,8.1.4. 전산업생산지수(농림어업제외),A00,전산업생산지수(농림어업 제외),2,계절조정,202202,108.3,2020=100,ECOS
INDUSTRIAL_PRODUCTION_SA,전산업생산지수_계절조정,M,901Y033,8.1.4. 전산업생산지수(농림어업제외),A00,전산업생산지수(농림어업 제외),2,계절조정,202203,109.7,2020=100,ECOS
INDUSTRIAL_PRODUCTION_SA,전산업생산지수_계절조정,M,901Y033,8.1.4. 전산업생산지수(농림어업제외),A00,전산업생산지수(농림어업 제외),2,계절조정,202204,110.7,2020=100,ECOS
INDUSTRIAL_PRODUCTION_SA,전산업생산지수_계절조정,M,901Y033,8.1.4. 전산업생산지수(농림어업제외),A00,전산업생산지수(농림어업 제외),2,계절조정,202205,110.8,2020=100,ECOS
INDUSTRIAL_PRODUCTION_SA,전산업생산지수_계절조정,M,901Y033,8.1.4. 전산업생산지수(농림어업제외),A00,전산업생산지수(농림어업 제외),2,계절조정,202206,111.4,2020=100,ECOS
INDUSTRIAL_PRODUCTION_SA,전산업생산지수_계절조정,M,901Y033,8.1.4. 전산업생산지수(농림어업제외),A00,전산업생산지수(농림어업 제외),2,계절조정,202207,112.0,2020=100,ECOS
INDUSTRIAL_PRODUCTION_SA,전산업생산지수_계절조정,M,901Y033,8.1.4. 전산업생산지수(농림어업제외),A00,전산업생산지수(농림어업 제외),2,계절조정,202208,110.9,2020=100,ECOS
INDUSTRIAL_PRODUCTION_SA,전산업생산지수_계절조정,M,901Y033,8.1.4. 전산업생산지수(농림어업제외),A00,전산업생산지수(농림어업 제외),2,계절조정,202209,110.8,2020=100,ECOS
INDUSTRIAL_PRODUCTION_SA,전산업생산지수_계절조정,M,901Y033,8.1.4. 전산업생산지수(농림어업제외),A00,전산업생산지수(농림어업 제외),2,계절조정,202210,110.1,2020=100,ECOS
INDUSTRIAL_PRODUCTION_SA,전산업생산지수_계절조정,M,901Y033,8.1.4. 전산업생산지수(농림어업제외),A00,전산업생산지수(농림어업 제외),2,계절조정,202211,111.4,2020=100,ECOS
INDUSTRIAL_PRODUCTION_SA,전산업생산지수_계절조정,M,901Y033,8.1.4. 전산업생산지수(농림어업제외),A00,전산업생산지수(농림어업 제외),2,계절조정,202212,109.5,2020=100,ECOS
INDUSTRIAL_PRODUCTION_SA,전산업생산지수_계절조정,M,901Y033,8.1.4. 전산업생산지수(농림어업제외),A00,전산업생산지수(농림어업 제외),2,계절조정,202301,108.9,2020=100,ECOS
INDUSTRIAL_PRODUCTION_SA,전산업생산지수_계절조정,M,901Y033,8.1.4. 전산업생산지수(농림어업제외),A00,전산업생산지수(농림어업 제외),2,계절조정,202302,110.6,2020=100,ECOS
INDUSTRIAL_PRODUCTION_SA,전산업생산지수_계절조정,M,901Y033,8.1.4. 전산업생산지수(농림어업제외),A00,전산업생산지수(농림어업 제외),2,계절조정,202303,111.2,2020=100,ECOS
INDUSTRIAL_PRODUCTION_SA,전산업생산지수_계절조정,M,901Y033,8.1.4. 전산업생산지수(농림어업제외),A00,전산업생산지수(농림어업 제외),2,계절조정,202304,110.2,2020=100,ECOS
INDUSTRIAL_PRODUCTION_SA,전산업생산지수_계절조정,M,901Y033,8.1.4. 전산업생산지수(농림어업제외),A00,전산업생산지수(농림어업 제외),2,계절조정,202305,112.2,2020=100,ECOS
INDUSTRIAL_PRODUCTION_SA,전산업생산지수_계절조정,M,901Y033,8.1.4. 전산업생산지수(농림어업제외),A00,전산업생산지수(농림어업 제외),2,계절조정,202306,111.8,2020=100,ECOS
INDUSTRIAL_PRODUCTION_SA,전산업생산지수_계절조정,M,901Y033,8.1.4. 전산업생산지수(농림어업제외),A00,전산업생산지수(농림어업 제외),2,계절조정,202307,111.1,2020=100,ECOS
INDUSTRIAL_PRODUCTION_SA,전산업생산지수_계절조정,M,901Y033,8.1.4. 전산업생산지수(농림어업제외),A00,전산업생산지수(농림어업 제외),2,계절조정,202308,112.7,2020=100,ECOS
INDUSTRIAL_PRODUCTION_SA,전산업생산지수_계절조정,M,901Y033,8.1.4. 전산업생산지수(농림어업제외),A00,전산업생산지수(농림어업 제외),2,계절조정,202309,114.0,2020=100,ECOS
INDUSTRIAL_PRODUCTION_SA,전산업생산지수_계절조정,M,901Y033,8.1.4. 전산업생산지수(농림어업제외),A00,전산업생산지수(농림어업 제외),2,계절조정,202310,113.1,2020=100,ECOS
INDUSTRIAL_PRODUCTION_SA,전산업생산지수_계절조정,M,901Y033,8.1.4. 전산업생산지수(농림어업제외),A00,전산업생산지수(농림어업 제외),2,계절조정,202311,114.0,2020=100,ECOS
INDUSTRIAL_PRODUCTION_SA,전산업생산지수_계절조정,M,901Y033,8.1.4. 전산업생산지수(농림어업제외),A00,전산업생산지수(농림어업 제외),2,계절조정,202312,113.2,2020=100,ECOS
INDUSTRIAL_PRODUCTION_SA,전산업생산지수_계절조정,M,901Y033,8.1.4. 전산업생산지수(농림어업제외),A00,전산업생산지수(농림어업 제외),2,계절조정,202401,113.7,2020=100,ECOS
INDUSTRIAL_PRODUCTION_SA,전산업생산지수_계절조정,M,901Y033,8.1.4. 전산업생산지수(농림어업제외),A00,전산업생산지수(농림어업 제외),2,계절조정,202402,114.7,2020=100,ECOS
INDUSTRIAL_PRODUCTION_SA,전산업생산지수_계절조정,M,901Y033,8.1.4. 전산업생산지수(농림어업제외),A00,전산업생산지수(농림어업 제외),2,계절조정,202403,112.4,2020=100,ECOS
INDUSTRIAL_PRODUCTION_SA,전산업생산지수_계절조정,M,901Y033,8.1.4. 전산업생산지수(농림어업제외),A00,전산업생산지수(농림어업 제외),2,계절조정,202404,114.5,2020=100,ECOS
INDUSTRIAL_PRODUCTION_SA,전산업생산지수_계절조정,M,901Y033,8.1.4. 전산업생산지수(농림어업제외),A00,전산업생산지수(농림어업 제외),2,계절조정,202405,114.1,2020=100,ECOS
INDUSTRIAL_PRODUCTION_SA,전산업생산지수_계절조정,M,901Y033,8.1.4. 전산업생산지수(농림어업제외),A00,전산업생산지수(농림어업 제외),2,계절조정,202406,113.1,2020=100,ECOS
INDUSTRIAL_PRODUCTION_SA,전산업생산지수_계절조정,M,901Y033,8.1.4. 전산업생산지수(농림어업제외),A00,전산업생산지수(농림어업 제외),2,계절조정,202407,112.5,2020=100,ECOS
INDUSTRIAL_PRODUCTION_SA,전산업생산지수_계절조정,M,901Y033,8.1.4. 전산업생산지수(농림어업제외),A00,전산업생산지수(농림어업 제외),2,계절조정,202408,114.3,2020=100,ECOS
INDUSTRIAL_PRODUCTION_SA,전산업생산지수_계절조정,M,901Y033,8.1.4. 전산업생산지수(농림어업제외),A00,전산업생산지수(농림어업 제외),2,계절조정,202409,113.6,2020=100,ECOS
INDUSTRIAL_PRODUCTION_SA,전산업생산지수_계절조정,M,901Y033,8.1.4. 전산업생산지수(농림어업제외),A00,전산업생산지수(농림어업 제외),2,계절조정,202410,114.9,2020=100,ECOS
INDUSTRIAL_PRODUCTION_SA,전산업생산지수_계절조정,M,901Y033,8.1.4. 전산업생산지수(농림어업제외),A00,전산업생산지수(농림어업 제외),2,계절조정,202411,113.5,2020=100,ECOS
INDUSTRIAL_PRODUCTION_SA,전산업생산지수_계절조정,M,901Y033,8.1.4. 전산업생산지수(농림어업제외),A00,전산업생산지수(농림어업 제외),2,계절조정,202412,115.1,2020=100,ECOS
INDUSTRIAL_PRODUCTION_SA,전산업생산지수_계절조정,M,901Y033,8.1.4. 전산업생산지수(농림어업제외),A00,전산업생산지수(농림어업 제외),2,계절조정,202501,114.1,2020=100,ECOS
INDUSTRIAL_PRODUCTION_SA,전산업생산지수_계절조정,M,901Y033,8.1.4. 전산업생산지수(농림어업제외),A00,전산업생산지수(농림어업 제외),2,계절조정,202502,114.6,2020=100,ECOS
INDUSTRIAL_PRODUCTION_SA,전산업생산지수_계절조정,M,901Y033,8.1.4. 전산업생산지수(농림어업제외),A00,전산업생산지수(농림어업 제외),2,계절조정,202503,115.3,2020=100,ECOS
INDUSTRIAL_PRODUCTION_SA,전산업생산지수_계절조정,M,901Y033,8.1.4. 전산업생산지수(농림어업제외),A00,전산업생산지수(농림어업 제외),2,계절조정,202504,115.1,2020=100,ECOS
INDUSTRIAL_PRODUCTION_SA,전산업생산지수_계절조정,M,901Y033,8.1.4. 전산업생산지수(농림어업제외),A00,전산업생산지수(농림어업 제외),2,계절조정,202505,114.0,2020=100,ECOS
INDUSTRIAL_PRODUCTION_SA,전산업생산지수_계절조정,M,901Y033,8.1.4. 전산업생산지수(농림어업제외),A00,전산업생산지수(농림어업 제외),2,계절조정,202506,116.0,2020=100,ECOS
INDUSTRIAL_PRODUCTION_SA,전산업생산지수_계절조정,M,901Y033,8.1.4. 전산업생산지수(농림어업제외),A00,전산업생산지수(농림어업 제외),2,계절조정,202507,115.6,2020=100,ECOS
INDUSTRIAL_PRODUCTION_SA,전산업생산지수_계절조정,M,901Y033,8.1.4. 전산업생산지수(농림어업제외),A00,전산업생산지수(농림어업 제외),2,계절조정,202508,115.5,2020=100,ECOS
INDUSTRIAL_PRODUCTION_SA,전산업생산지수_계절조정,M,901Y033,8.1.4. 전산업생산지수(농림어업제외),A00,전산업생산지수(농림어업 제외),2,계절조정,202509,116.9,2020=100,ECOS
INDUSTRIAL_PRODUCTION_SA,전산업생산지수_계절조정,M,901Y033,8.1.4. 전산업생산지수(농림어업제외),A00,전산업생산지수(농림어업 제외),2,계절조정,202510,114.3,2020=100,ECOS
INDUSTRIAL_PRODUCTION_SA,전산업생산지수_계절조정,M,901Y033,8.1.4. 전산업생산지수(농림어업제외),A00,전산업생산지수(농림어업 제외),2,계절조정,202511,115.1,2020=100,ECOS
INDUSTRIAL_PRODUCTION_SA,전산업생산지수_계절조정,M,901Y033,8.1.4. 전산업생산지수(농림어업제외),A00,전산업생산지수(농림어업 제외),2,계절조정,202512,116.5,2020=100,ECOS
PPI,생산자물가지수,M,404Y014,4.1.1.1. 생산자물가지수(기본분류),*AA,총지수,,,201801,99.5,2020=100,ECOS
PPI,생산자물가지수,M,404Y014,4.1.1.1. 생산자물가지수(기본분류),*AA,총지수,,,201802,99.92,2020=100,ECOS
PPI,생산자물가지수,M,404Y014,4.1.1.1. 생산자물가지수(기본분류),*AA,총지수,,,201803,99.88,2020=100,ECOS
PPI,생산자물가지수,M,404Y014,4.1.1.1. 생산자물가지수(기본분류),*AA,총지수,,,201804,100.01,2020=100,ECOS
PPI,생산자물가지수,M,404Y014,4.1.1.1. 생산자물가지수(기본분류),*AA,총지수,,,201805,100.3,2020=100,ECOS
PPI,생산자물가지수,M,404Y014,4.1.1.1. 생산자물가지수(기본분류),*AA,총지수,,,201806,100.33,2020=100,ECOS
PPI,생산자물가지수,M,404Y014,4.1.1.1. 생산자물가지수(기본분류),*AA,총지수,,,201807,100.8,2020=100,ECOS
PPI,생산자물가지수,M,404Y014,4.1.1.1. 생산자물가지수(기본분류),*AA,총지수,,,201808,101.25,2020=100,ECOS
PPI,생산자물가지수,M,404Y014,4.1.1.1. 생산자물가지수(기본분류),*AA,총지수,,,201809,101.54,2020=100,ECOS
PPI,생산자물가지수,M,404Y014,4.1.1.1. 생산자물가지수(기본분류),*AA,총지수,,,201810,101.19,2020=100,ECOS
PPI,생산자물가지수,M,404Y014,4.1.1.1. 생산자물가지수(기본분류),*AA,총지수,,,201811,100.49,2020=100,ECOS
PPI,생산자물가지수,M,404Y014,4.1.1.1. 생산자물가지수(기본분류),*AA,총지수,,,201812,100.0,2020=100,ECOS
PPI,생산자물가지수,M,404Y014,4.1.1.1. 생산자물가지수(기본분류),*AA,총지수,,,201901,99.89,2020=100,ECOS
PPI,생산자물가지수,M,404Y014,4.1.1.1. 생산자물가지수(기본분류),*AA,총지수,,,201902,99.99,2020=100,ECOS
PPI,생산자물가지수,M,404Y014,4.1.1.1. 생산자물가지수(기본분류),*AA,총지수,,,201903,100.34,2020=100,ECOS
PPI,생산자물가지수,M,404Y014,4.1.1.1. 생산자물가지수(기본분류),*AA,총지수,,,201904,100.63,2020=100,ECOS
PPI,생산자물가지수,M,404Y014,4.1.1.1. 생산자물가지수(기본분류),*AA,총지수,,,201905,100.74,2020=100,ECOS
PPI,생산자물가지수,M,404Y014,4.1.1.1. 생산자물가지수(기본분류),*AA,총지수,,,201906,100.46,2020=100,ECOS
PPI,생산자물가지수,M,404Y014,4.1.1.1. 생산자물가지수(기본분류),*AA,총지수,,,201907,100.46,2020=100,ECOS
PPI,생산자물가지수,M,404Y014,4.1.1.1. 생산자물가지수(기본분류),*AA,총지수,,,201908,100.69,2020=100,ECOS
PPI,생산자물가지수,M,404Y014,4.1.1.1. 생산자물가지수(기본분류),*AA,총지수,,,201909,100.75,2020=100,ECOS
PPI,생산자물가지수,M,404Y014,4.1.1.1. 생산자물가지수(기본분류),*AA,총지수,,,201910,100.51,2020=100,ECOS
PPI,생산자물가지수,M,404Y014,4.1.1.1. 생산자물가지수(기본분류),*AA,총지수,,,201911,100.37,2020=100,ECOS
PPI,생산자물가지수,M,404Y014,4.1.1.1. 생산자물가지수(기본분류),*AA,총지수,,,201912,100.65,2020=100,ECOS
PPI,생산자물가지수,M,404Y014,4.1.1.1. 생산자물가지수(기본분류),*AA,총지수,,,202001,101.02,2020=100,ECOS
PPI,생산자물가지수,M,404Y014,4.1.1.1. 생산자물가지수(기본분류),*AA,총지수,,,202002,100.69,2020=100,ECOS
PPI,생산자물가지수,M,404Y014,4.1.1.1. 생산자물가지수(기본분류),*AA,총지수,,,202003,99.8,2020=100,ECOS
PPI,생산자물가지수,M,404Y014,4.1.1.1. 생산자물가지수(기본분류),*AA,총지수,,,202004,98.93,2020=100,ECOS
PPI,생산자물가지수,M,404Y014,4.1.1.1. 생산자물가지수(기본분류),*AA,총지수,,,202005,98.96,2020=100,ECOS
PPI,생산자물가지수,M,404Y014,4.1.1.1. 생산자물가지수(기본분류),*AA,총지수,,,202006,99.47,2020=100,ECOS
PPI,생산자물가지수,M,404Y014,4.1.1.1. 생산자물가지수(기본분류),*AA,총지수,,,202007,99.69,2020=100,ECOS
PPI,생산자물가지수,M,404Y014,4.1.1.1. 생산자물가지수(기본분류),*AA,총지수,,,202008,100.18,2020=100,ECOS
PPI,생산자물가지수,M,404Y014,4.1.1.1. 생산자물가지수(기본분류),*AA,총지수,,,202009,100.38,2020=100,ECOS
PPI,생산자물가지수,M,404Y014,4.1.1.1. 생산자물가지수(기본분류),*AA,총지수,,,202010,99.98,2020=100,ECOS
PPI,생산자물가지수,M,404Y014,4.1.1.1. 생산자물가지수(기본분류),*AA,총지수,,,202011,100.06,2020=100,ECOS
PPI,생산자물가지수,M,404Y014,4.1.1.1. 생산자물가지수(기본분류),*AA,총지수,,,202012,100.84,2020=100,ECOS
PPI,생산자물가지수,M,404Y014,4.1.1.1. 생산자물가지수(기본분류),*AA,총지수,,,202101,101.96,2020=100,ECOS
PPI,생산자물가지수,M,404Y014,4.1.1.1. 생산자물가지수(기본분류),*AA,총지수,,,202102,102.8,2020=100,ECOS
PPI,생산자물가지수,M,404Y014,4.1.1.1. 생산자물가지수(기본분류),*AA,총지수,,,202103,103.89,2020=100,ECOS
PPI,생산자물가지수,M,404Y014,4.1.1.1. 생산자물가지수(기본분류),*AA,총지수,,,202104,104.88,2020=100,ECOS
PPI,생산자물가지수,M,404Y014,4.1.1.1. 생산자물가지수(기본분류),*AA,총지수,,,202105,105.45,2020=100,ECOS
PPI,생산자물가지수,M,404Y014,4.1.1.1. 생산자물가지수(기본분류),*AA,총지수,,,202106,106.01,2020=100,ECOS
PPI,생산자물가지수,M,404Y014,4.1.1.1. 생산자물가지수(기본분류),*AA,총지수,,,202107,107.04,2020=100,ECOS
PPI,생산자물가지수,M,404Y014,4.1.1.1. 생산자물가지수(기본분류),*AA,총지수,,,202108,107.6,2020=100,ECOS
PPI,생산자물가지수,M,404Y014,4.1.1.1. 생산자물가지수(기본분류),*AA,총지수,,,202109,108.0,2020=100,ECOS
PPI,생산자물가지수,M,404Y014,4.1.1.1. 생산자물가지수(기본분류),*AA,총지수,,,202110,109.12,2020=100,ECOS
PPI,생산자물가지수,M,404Y014,4.1.1.1. 생산자물가지수(기본분류),*AA,총지수,,,202111,109.9,2020=100,ECOS
PPI,생산자물가지수,M,404Y014,4.1.1.1. 생산자물가지수(기본분류),*AA,총지수,,,202112,109.88,2020=100,ECOS
PPI,생산자물가지수,M,404Y014,4.1.1.1. 생산자물가지수(기본분류),*AA,총지수,,,202201,111.04,2020=100,ECOS
PPI,생산자물가지수,M,404Y014,4.1.1.1. 생산자물가지수(기본분류),*AA,총지수,,,202202,111.57,2020=100,ECOS
PPI,생산자물가지수,M,404Y014,4.1.1.1. 생산자물가지수(기본분류),*AA,총지수,,,202203,113.27,2020=100,ECOS
PPI,생산자물가지수,M,404Y014,4.1.1.1. 생산자물가지수(기본분류),*AA,총지수,,,202204,115.1,2020=100,ECOS
PPI,생산자물가지수,M,404Y014,4.1.1.1. 생산자물가지수(기본분류),*AA,총지수,,,202205,115.92,2020=100,ECOS
PPI,생산자물가지수,M,404Y014,4.1.1.1. 생산자물가지수(기본분류),*AA,총지수,,,202206,116.57,2020=100,ECOS
PPI,생산자물가지수,M,404Y014,4.1.1.1. 생산자물가지수(기본분류),*AA,총지수,,,202207,116.9,2020=100,ECOS
PPI,생산자물가지수,M,404Y014,4.1.1.1. 생산자물가지수(기본분류),*AA,총지수,,,202208,116.45,2020=100,ECOS
PPI,생산자물가지수,M,404Y014,4.1.1.1. 생산자물가지수(기본분류),*AA,총지수,,,202209,116.53,2020=100,ECOS
PPI,생산자물가지수,M,404Y014,4.1.1.1. 생산자물가지수(기본분류),*AA,총지수,,,202210,117.13,2020=100,ECOS
PPI,생산자물가지수,M,404Y014,4.1.1.1. 생산자물가지수(기본분류),*AA,총지수,,,202211,116.75,2020=100,ECOS
PPI,생산자물가지수,M,404Y014,4.1.1.1. 생산자물가지수(기본분류),*AA,총지수,,,202212,116.27,2020=100,ECOS
PPI,생산자물가지수,M,404Y014,4.1.1.1. 생산자물가지수(기본분류),*AA,총지수,,,202301,116.69,2020=100,ECOS
PPI,생산자물가지수,M,404Y014,4.1.1.1. 생산자물가지수(기본분류),*AA,총지수,,,202302,116.91,2020=100,ECOS
PPI,생산자물가지수,M,404Y014,4.1.1.1. 생산자물가지수(기본분류),*AA,총지수,,,202303,117.05,2020=100,ECOS
PPI,생산자물가지수,M,404Y014,4.1.1.1. 생산자물가지수(기본분류),*AA,총지수,,,202304,116.96,2020=100,ECOS
PPI,생산자물가지수,M,404Y014,4.1.1.1. 생산자물가지수(기본분류),*AA,총지수,,,202305,116.53,2020=100,ECOS
PPI,생산자물가지수,M,404Y014,4.1.1.1. 생산자물가지수(기본분류),*AA,총지수,,,202306,116.27,2020=100,ECOS
PPI,생산자물가지수,M,404Y014,4.1.1.1. 생산자물가지수(기본분류),*AA,총지수,,,202307,116.53,2020=100,ECOS
PPI,생산자물가지수,M,404Y014,4.1.1.1. 생산자물가지수(기본분류),*AA,총지수,,,202308,117.5,2020=100,ECOS
PPI,생산자물가지수,M,404Y014,4.1.1.1. 생산자물가지수(기본분류),*AA,총지수,,,202309,118.03,2020=100,ECOS
PPI,생산자물가지수,M,404Y014,4.1.1.1. 생산자물가지수(기본분류),*AA,총지수,,,202310,117.86,2020=100,ECOS
PPI,생산자물가지수,M,404Y014,4.1.1.1. 생산자물가지수(기본분류),*AA,총지수,,,202311,117.41,2020=100,ECOS
PPI,생산자물가지수,M,404Y014,4.1.1.1. 생산자물가지수(기본분류),*AA,총지수,,,202312,117.56,2020=100,ECOS
PPI,생산자물가지수,M,404Y014,4.1.1.1. 생산자물가지수(기본분류),*AA,총지수,,,202401,118.19,2020=100,ECOS
PPI,생산자물가지수,M,404Y014,4.1.1.1. 생산자물가지수(기본분류),*AA,총지수,,,202402,118.55,2020=100,ECOS
PPI,생산자물가지수,M,404Y014,4.1.1.1. 생산자물가지수(기본분류),*AA,총지수,,,202403,118.82,2020=100,ECOS
PPI,생산자물가지수,M,404Y014,4.1.1.1. 생산자물가지수(기본분류),*AA,총지수,,,202404,119.16,2020=100,ECOS
PPI,생산자물가지수,M,404Y014,4.1.1.1. 생산자물가지수(기본분류),*AA,총지수,,,202405,119.25,2020=100,ECOS
PPI,생산자물가지수,M,404Y014,4.1.1.1. 생산자물가지수(기본분류),*AA,총지수,,,202406,119.23,2020=100,ECOS
PPI,생산자물가지수,M,404Y014,4.1.1.1. 생산자물가지수(기본분류),*AA,총지수,,,202407,119.56,2020=100,ECOS
PPI,생산자물가지수,M,404Y014,4.1.1.1. 생산자물가지수(기본분류),*AA,총지수,,,202408,119.38,2020=100,ECOS
PPI,생산자물가지수,M,404Y014,4.1.1.1. 생산자물가지수(기본분류),*AA,총지수,,,202409,119.16,2020=100,ECOS
PPI,생산자물가지수,M,404Y014,4.1.1.1. 생산자물가지수(기본분류),*AA,총지수,,,202410,119.01,2020=100,ECOS
PPI,생산자물가지수,M,404Y014,4.1.1.1. 생산자물가지수(기본분류),*AA,총지수,,,202411,119.1,2020=100,ECOS
PPI,생산자물가지수,M,404Y014,4.1.1.1. 생산자물가지수(기본분류),*AA,총지수,,,202412,119.52,2020=100,ECOS
PPI,생산자물가지수,M,404Y014,4.1.1.1. 생산자물가지수(기본분류),*AA,총지수,,,202501,120.27,2020=100,ECOS
PPI,생산자물가지수,M,404Y014,4.1.1.1. 생산자물가지수(기본분류),*AA,총지수,,,202502,120.33,2020=100,ECOS
PPI,생산자물가지수,M,404Y014,4.1.1.1. 생산자물가지수(기본분류),*AA,총지수,,,202503,120.36,2020=100,ECOS
PPI,생산자물가지수,M,404Y014,4.1.1.1. 생산자물가지수(기본분류),*AA,총지수,,,202504,120.14,2020=100,ECOS
PPI,생산자물가지수,M,404Y014,4.1.1.1. 생산자물가지수(기본분류),*AA,총지수,,,202505,119.64,2020=100,ECOS
PPI,생산자물가지수,M,404Y014,4.1.1.1. 생산자물가지수(기본분류),*AA,총지수,,,202506,119.77,2020=100,ECOS
PPI,생산자물가지수,M,404Y014,4.1.1.1. 생산자물가지수(기본분류),*AA,총지수,,,202507,120.19,2020=100,ECOS
PPI,생산자물가지수,M,404Y014,4.1.1.1. 생산자물가지수(기본분류),*AA,총지수,,,202508,120.11,2020=100,ECOS
PPI,생산자물가지수,M,404Y014,4.1.1.1. 생산자물가지수(기본분류),*AA,총지수,,,202509,120.54,2020=100,ECOS
PPI,생산자물가지수,M,404Y014,4.1.1.1. 생산자물가지수(기본분류),*AA,총지수,,,202510,120.94,2020=100,ECOS
PPI,생산자물가지수,M,404Y014,4.1.1.1. 생산자물가지수(기본분류),*AA,총지수,,,202511,121.31,2020=100,ECOS
PPI,생산자물가지수,M,404Y014,4.1.1.1. 생산자물가지수(기본분류),*AA,총지수,,,202512,121.76,2020=100,ECOS
TREASURY_3Y,국고채 3년 금리,D,817Y002,1.3.2.1. 시장금리(일별),010200000,국고채(3년),,,20180102,2.119,연%,ECOS
TREASURY_3Y,국고채 3년 금리,D,817Y002,1.3.2.1. 시장금리(일별),010200000,국고채(3년),,,20180103,2.127,연%,ECOS
TREASURY_3Y,국고채 3년 금리,D,817Y002,1.3.2.1. 시장금리(일별),010200000,국고채(3년),,,20180104,2.142,연%,ECOS
TREASURY_3Y,국고채 3년 금리,D,817Y002,1.3.2.1. 시장금리(일별),010200000,국고채(3년),,,20180105,2.099,연%,ECOS
TREASURY_3Y,국고채 3년 금리,D,817Y002,1.3.2.1. 시장금리(일별),010200000,국고채(3년),,,20180108,2.135,연%,ECOS
TREASURY_3Y,국고채 3년 금리,D,817Y002,1.3.2.1. 시장금리(일별),010200000,국고채(3년),,,20180109,2.149,연%,ECOS
TREASURY_3Y,국고채 3년 금리,D,817Y002,1.3.2.1. 시장금리(일별),010200000,국고채(3년),,,20180110,2.172,연%,ECOS
TREASURY_3Y,국고채 3년 금리,D,817Y002,1.3.2.1. 시장금리(일별),010200000,국고채(3년),,,20180111,2.152,연%,ECOS
TREASURY_3Y,국고채 3년 금리,D,817Y002,1.3.2.1. 시장금리(일별),010200000,국고채(3년),,,20180112,2.174,연%,ECOS
TREASURY_3Y,국고채 3년 금리,D,817Y002,1.3.2.1. 시장금리(일별),010200000,국고채(3년),,,20180115,2.223,연%,ECOS
TREASURY_3Y,국고채 3년 금리,D,817Y002,1.3.2.1. 시장금리(일별),010200000,국고채(3년),,,20180116,2.225,연%,ECOS
TREASURY_3Y,국고채 3년 금리,D,817Y002,1.3.2.1. 시장금리(일별),010200000,국고채(3년),,,20180117,2.227,연%,ECOS
TREASURY_3Y,국고채 3년 금리,D,817Y002,1.3.2.1. 시장금리(일별),010200000,국고채(3년),,,20180118,2.172,연%,ECOS
TREASURY_3Y,국고채 3년 금리,D,817Y002,1.3.2.1. 시장금리(일별),010200000,국고채(3년),,,20180119,2.17,연%,ECOS
TREASURY_3Y,국고채 3년 금리,D,817Y002,1.3.2.1. 시장금리(일별),010200000,국고채(3년),,,20180122,2.203,연%,ECOS
TREASURY_3Y,국고채 3년 금리,D,817Y002,1.3.2.1. 시장금리(일별),010200000,국고채(3년),,,20180123,2.192,연%,ECOS
TREASURY_3Y,국고채 3년 금리,D,817Y002,1.3.2.1. 시장금리(일별),010200000,국고채(3년),,,20180124,2.197,연%,ECOS
TREASURY_3Y,국고채 3년 금리,D,817Y002,1.3.2.1. 시장금리(일별),010200000,국고채(3년),,,20180125,2.215,연%,ECOS
TREASURY_3Y,국고채 3년 금리,D,817Y002,1.3.2.1. 시장금리(일별),010200000,국고채(3년),,,20180126,2.222,연%,ECOS
TREASURY_3Y,국고채 3년 금리,D,817Y002,1.3.2.1. 시장금리(일별),010200000,국고채(3년),,,20180129,2.281,연%,ECOS
TREASURY_3Y,국고채 3년 금리,D,817Y002,1.3.2.1. 시장금리(일별),010200000,국고채(3년),,,20180130,2.304,연%,ECOS
TREASURY_3Y,국고채 3년 금리,D,817Y002,1.3.2.1. 시장금리(일별),010200000,국고채(3년),,,20180131,2.274,연%,ECOS
TREASURY_3Y,국고채 3년 금리,D,817Y002,1.3.2.1. 시장금리(일별),010200000,국고채(3년),,,20180201,2.249,연%,ECOS
TREASURY_3Y,국고채 3년 금리,D,817Y002,1.3.2.1. 시장금리(일별),010200000,국고채(3년),,,20180202,2.25,연%,ECOS
TREASURY_3Y,국고채 3년 금리,D,817Y002,1.3.2.1. 시장금리(일별),010200000,국고채(3년),,,20180205,2.287,연%,ECOS
TREASURY_3Y,국고채 3년 금리,D,817Y002,1.3.2.1. 시장금리(일별),010200000,국고채(3년),,,20180206,2.253,연%,ECOS
TREASURY_3Y,국고채 3년 금리,D,817Y002,1.3.2.1. 시장금리(일별),010200000,국고채(3년),,,20180207,2.248,연%,ECOS
TREASURY_3Y,국고채 3년 금리,D,817Y002,1.3.2.1. 시장금리(일별),010200000,국고채(3년),,,20180208,2.272,연%,ECOS
TREASURY_3Y,국고채 3년 금리,D,817Y002,1.3.2.1. 시장금리(일별),010200000,국고채(3년),,,20180209,2.278,연%,ECOS
TREASURY_3Y,국고채 3년 금리,D,817Y002,1.3.2.1. 시장금리(일별),010200000,국고채(3년),,,20180212,2.302,연%,ECOS
TREASURY_3Y,국고채 3년 금리,D,817Y002,1.3.2.1. 시장금리(일별),010200000,국고채(3년),,,20180213,2.278,연%,ECOS
TREASURY_3Y,국고채 3년 금리,D,817Y002,1.3.2.1. 시장금리(일별),010200000,국고채(3년),,,20180214,2.265,연%,ECOS
TREASURY_3Y,국고채 3년 금리,D,817Y002,1.3.2.1. 시장금리(일별),010200000,국고채(3년),,,20180219,2.302,연%,ECOS
TREASURY_3Y,국고채 3년 금리,D,817Y002,1.3.2.1. 시장금리(일별),010200000,국고채(3년),,,20180220,2.316,연%,ECOS
TREASURY_3Y,국고채 3년 금리,D,817Y002,1.3.2.1. 시장금리(일별),010200000,국고채(3년),,,20180221,2.306,연%,ECOS
TREASURY_3Y,국고채 3년 금리,D,817Y002,1.3.2.1. 시장금리(일별),010200000,국고채(3년),,,20180222,2.303,연%,ECOS
TREASURY_3Y,국고채 3년 금리,D,817Y002,1.3.2.1. 시장금리(일별),010200000,국고채(3년),,,20180223,2.285,연%,ECOS
TREASURY_3Y,국고채 3년 금리,D,817Y002,1.3.2.1. 시장금리(일별),010200000,국고채(3년),,,20180226,2.263,연%,ECOS
TREASURY_3Y,국고채 3년 금리,D,817Y002,1.3.2.1. 시장금리(일별),010200000,국고채(3년),,,20180227,2.258,연%,ECOS
TREASURY_3Y,국고채 3년 금리,D,817Y002,1.3.2.1. 시장금리(일별),010200000,국고채(3년),,,20180228,2.266,연%,ECOS
TREASURY_3Y,국고채 3년 금리,D,817Y002,1.3.2.1. 시장금리(일별),010200000,국고채(3년),,,20180302,2.29,연%,ECOS
TREASURY_3Y,국고채 3년 금리,D,817Y002,1.3.2.1. 시장금리(일별),010200000,국고채(3년),,,20180305,2.311,연%,ECOS
TREASURY_3Y,국고채 3년 금리,D,817Y002,1.3.2.1. 시장금리(일별),010200000,국고채(3년),,,20180306,2.312,연%,ECOS
TREASURY_3Y,국고채 3년 금리,D,817Y002,1.3.2.1. 시장금리(일별),010200000,국고채(3년),,,20180307,2.297,연%,ECOS
TREASURY_3Y,국고채 3년 금리,D,817Y002,1.3.2.1. 시장금리(일별),010200000,국고채(3년),,,20180308,2.286,연%,ECOS
TREASURY_3Y,국고채 3년 금리,D,817Y002,1.3.2.1. 시장금리(일별),010200000,국고채(3년),,,20180309,2.293,연%,ECOS
TREASURY_3Y,국고채 3년 금리,D,817Y002,1.3.2.1. 시장금리(일별),010200000,국고채(3년),,,20180312,2.305,연%,ECOS
TREASURY_3Y,국고채 3년 금리,D,817Y002,1.3.2.1. 시장금리(일별),010200000,국고채(3년),,,20180313,2.301,연%,ECOS
TREASURY_3Y,국고채 3년 금리,D,817Y002,1.3.2.1. 시장금리(일별),010200000,국고채(3년),,,20180314,2.274,연%,ECOS
TREASURY_3Y,국고채 3년 금리,D,817Y002,1.3.2.1. 시장금리(일별),010200000,국고채(3년),,,20180315,2.268,연%,ECOS
TREASURY_3Y,국고채 3년 금리,D,817Y002,1.3.2.1. 시장금리(일별),010200000,국고채(3년),,,20180316,2.276,연%,ECOS
TREASURY_3Y,국고채 3년 금리,D,817Y002,1.3.2.1. 시장금리(일별),010200000,국고채(3년),,,20180319,2.275,연%,ECOS
TREASURY_3Y,국고채 3년 금리,D,817Y002,1.3.2.1. 시장금리(일별),010200000,국고채(3년),,,20180320,2.286,연%,ECOS
TREASURY_3Y,국고채 3년 금리,D,817Y002,1.3.2.1. 시장금리(일별),010200000,국고채(3년),,,20180321,2.291,연%,ECOS
TREASURY_3Y,국고채 3년 금리,D,817Y002,1.3.2.1. 시장금리(일별),010200000,국고채(3년),,,20180322,2.256,연%,ECOS
TREASURY_3Y,국고채 3년 금리,D,817Y002,1.3.2.1. 시장금리(일별),010200000,국고채(3년),,,20180323,2.223,연%,ECOS
TREASURY_3Y,국고채 3년 금리,D,817Y002,1.3.2.1. 시장금리(일별),010200000,국고채(3년),,,20180326,2.244,연%,ECOS
TREASURY_3Y,국고채 3년 금리,D,817Y002,1.3.2.1. 시장금리(일별),010200000,국고채(3년),,,20180327,2.232,연%,ECOS
TREASURY_3Y,국고채 3년 금리,D,817Y002,1.3.2.1. 시장금리(일별),010200000,국고채(3년),,,20180328,2.222,연%,ECOS
TREASURY_3Y,국고채 3년 금리,D,817Y002,1.3.2.1. 시장금리(일별),010200000,국고채(3년),,,20180329,2.227,연%,ECOS
TREASURY_3Y,국고채 3년 금리,D,817Y002,1.3.2.1. 시장금리(일별),010200000,국고채(3년),,,20180330,2.216,연%,ECOS
TREASURY_3Y,국고채 3년 금리,D,817Y002,1.3.2.1. 시장금리(일별),010200000,국고채(3년),,,20180402,2.225,연%,ECOS
TREASURY_3Y,국고채 3년 금리,D,817Y002,1.3.2.1. 시장금리(일별),010200000,국고채(3년),,,20180403,2.193,연%,ECOS
TREASURY_3Y,국고채 3년 금리,D,817Y002,1.3.2.1. 시장금리(일별),010200000,국고채(3년),,,20180404,2.168,연%,ECOS
TREASURY_3Y,국고채 3년 금리,D,817Y002,1.3.2.1. 시장금리(일별),010200000,국고채(3년),,,20180405,2.175,연%,ECOS
TREASURY_3Y,국고채 3년 금리,D,817Y002,1.3.2.1. 시장금리(일별),010200000,국고채(3년),,,20180406,2.156,연%,ECOS
TREASURY_3Y,국고채 3년 금리,D,817Y002,1.3.2.1. 시장금리(일별),010200000,국고채(3년),,,20180409,2.167,연%,ECOS
TREASURY_3Y,국고채 3년 금리,D,817Y002,1.3.2.1. 시장금리(일별),010200000,국고채(3년),,,20180410,2.185,연%,ECOS
TREASURY_3Y,국고채 3년 금리,D,817Y002,1.3.2.1. 시장금리(일별),010200000,국고채(3년),,,20180411,2.165,연%,ECOS
TREASURY_3Y,국고채 3년 금리,D,817Y002,1.3.2.1. 시장금리(일별),010200000,국고채(3년),,,20180412,2.156,연%,ECOS
TREASURY_3Y,국고채 3년 금리,D,817Y002,1.3.2.1. 시장금리(일별),010200000,국고채(3년),,,20180413,2.155,연%,ECOS
TREASURY_3Y,국고채 3년 금리,D,817Y002,1.3.2.1. 시장금리(일별),010200000,국고채(3년),,,20180416,2.169,연%,ECOS
TREASURY_3Y,국고채 3년 금리,D,817Y002,1.3.2.1. 시장금리(일별),010200000,국고채(3년),,,20180417,2.178,연%,ECOS
TREASURY_3Y,국고채 3년 금리,D,817Y002,1.3.2.1. 시장금리(일별),010200000,국고채(3년),,,20180418,2.196,연%,ECOS
TREASURY_3Y,국고채 3년 금리,D,817Y002,1.3.2.1. 시장금리(일별),010200000,국고채(3년),,,20180419,2.195,연%,ECOS
TREASURY_3Y,국고채 3년 금리,D,817Y002,1.3.2.1. 시장금리(일별),010200000,국고채(3년),,,20180420,2.2,연%,ECOS
TREASURY_3Y,국고채 3년 금리,D,817Y002,1.3.2.1. 시장금리(일별),010200000,국고채(3년),,,20180423,2.235,연%,ECOS
TREASURY_3Y,국고채 3년 금리,D,817Y002,1.3.2.1. 시장금리(일별),010200000,국고채(3년),,,20180424,2.227,연%,ECOS
TREASURY_3Y,국고채 3년 금리,D,817Y002,1.3.2.1. 시장금리(일별),010200000,국고채(3년),,,20180425,2.246,연%,ECOS
TREASURY_3Y,국고채 3년 금리,D,817Y002,1.3.2.1. 시장금리(일별),010200000,국고채(3년),,,20180426,2.234,연%,ECOS
TREASURY_3Y,국고채 3년 금리,D,817Y002,1.3.2.1. 시장금리(일별),010200000,국고채(3년),,,20180427,2.201,연%,ECOS
TREASURY_3Y,국고채 3년 금리,D,817Y002,1.3.2.1. 시장금리(일별),010200000,국고채(3년),,,20180430,2.216,연%,ECOS
TREASURY_3Y,국고채 3년 금리,D,817Y002,1.3.2.1. 시장금리(일별),010200000,국고채(3년),,,20180502,2.237,연%,ECOS
TREASURY_3Y,국고채 3년 금리,D,817Y002,1.3.2.1. 시장금리(일별),010200000,국고채(3년),,,20180503,2.246,연%,ECOS
TREASURY_3Y,국고채 3년 금리,D,817Y002,1.3.2.1. 시장금리(일별),010200000,국고채(3년),,,20180504,2.28,연%,ECOS
TREASURY_3Y,국고채 3년 금리,D,817Y002,1.3.2.1. 시장금리(일별),010200000,국고채(3년),,,20180508,2.311,연%,ECOS
TREASURY_3Y,국고채 3년 금리,D,817Y002,1.3.2.1. 시장금리(일별),010200000,국고채(3년),,,20180509,2.309,연%,ECOS
TREASURY_3Y,국고채 3년 금리,D,817Y002,1.3.2.1. 시장금리(일별),010200000,국고채(3년),,,20180510,2.276,연%,ECOS
TREASURY_3Y,국고채 3년 금리,D,817Y002,1.3.2.1. 시장금리(일별),010200000,국고채(3년),,,20180511,2.286,연%,ECOS
TREASURY_3Y,국고채 3년 금리,D,817Y002,1.3.2.1. 시장금리(일별),010200000,국고채(3년),,,20180514,2.309,연%,ECOS
TREASURY_3Y,국고채 3년 금리,D,817Y002,1.3.2.1. 시장금리(일별),010200000,국고채(3년),,,20180515,2.312,연%,ECOS
TREASURY_3Y,국고채 3년 금리,D,817Y002,1.3.2.1. 시장금리(일별),010200000,국고채(3년),,,20180516,2.285,연%,ECOS
TREASURY_3Y,국고채 3년 금리,D,817Y002,1.3.2.1. 시장금리(일별),010200000,국고채(3년),,,20180517,2.262,연%,ECOS
TREASURY_3Y,국고채 3년 금리,D,817Y002,1.3.2.1. 시장금리(일별),010200000,국고채(3년),,,20180518,2.231,연%,ECOS
TREASURY_3Y,국고채 3년 금리,D,817Y002,1.3.2.1. 시장금리(일별),010200000,국고채(3년),,,20180521,2.251,연%,ECOS
TREASURY_3Y,국고채 3년 금리,D,817Y002,1.3.2.1. 시장금리(일별),010200000,국고채(3년),,,20180523,2.235,연%,ECOS
TREASURY_3Y,국고채 3년 금리,D,817Y002,1.3.2.1. 시장금리(일별),010200000,국고채(3년),,,20180524,2.191,연%,ECOS
TREASURY_3Y,국고채 3년 금리,D,817Y002,1.3.2.1. 시장금리(일별),010200000,국고채(3년),,,20180525,2.198,연%,ECOS
TREASURY_3Y,국고채 3년 금리,D,817Y002,1.3.2.1. 시장금리(일별),010200000,국고채(3년),,,20180528,2.208,연%,ECOS
TREASURY_3Y,국고채 3년 금리,D,817Y002,1.3.2.1. 시장금리(일별),010200000,국고채(3년),,,20180529,2.189,연%,ECOS
TREASURY_3Y,국고채 3년 금리,D,817Y002,1.3.2.1. 시장금리(일별),010200000,국고채(3년),,,20180530,2.192,연%,ECOS
TREASURY_3Y,국고채 3년 금리,D,817Y002,1.3.2.1. 시장금리(일별),010200000,국고채(3년),,,20180531,2.195,연%,ECOS
TREASURY_3Y,국고채 3년 금리,D,817Y002,1.3.2.1. 시장금리(일별),010200000,국고채(3년),,,20180601,2.193,연%,ECOS
TREASURY_3Y,국고채 3년 금리,D,817Y002,1.3.2.1. 시장금리(일별),010200000,국고채(3년),,,20180604,2.213,연%,ECOS
TREASURY_3Y,국고채 3년 금리,D,817Y002,1.3.2.1. 시장금리(일별),010200000,국고채(3년),,,20180605,2.201,연%,ECOS
TREASURY_3Y,국고채 3년 금리,D,817Y002,1.3.2.1. 시장금리(일별),010200000,국고채(3년),,,20180607,2.217,연%,ECOS
TREASURY_3Y,국고채 3년 금리,D,817Y002,1.3.2.1. 시장금리(일별),010200000,국고채(3년),,,20180608,2.189,연%,ECOS
TREASURY_3Y,국고채 3년 금리,D,817Y002,1.3.2.1. 시장금리(일별),010200000,국고채(3년),,,20180611,2.223,연%,ECOS
TREASURY_3Y,국고채 3년 금리,D,817Y002,1.3.2.1. 시장금리(일별),010200000,국고채(3년),,,20180612,2.223,연%,ECOS
TREASURY_3Y,국고채 3년 금리,D,817Y002,1.3.2.1. 시장금리(일별),010200000,국고채(3년),,,20180614,2.227,연%,ECOS
TREASURY_3Y,국고채 3년 금리,D,817Y002,1.3.2.1. 시장금리(일별),010200000,국고채(3년),,,20180615,2.186,연%,ECOS
TREASURY_3Y,국고채 3년 금리,D,817Y002,1.3.2.1. 시장금리(일별),010200000,국고채(3년),,,20180618,2.178,연%,ECOS
TREASURY_3Y,국고채 3년 금리,D,817Y002,1.3.2.1. 시장금리(일별),010200000,국고채(3년),,,20180619,2.164,연%,ECOS
TREASURY_3Y,국고채 3년 금리,D,817Y002,1.3.2.1. 시장금리(일별),010200000,국고채(3년),,,20180620,2.163,연%,ECOS
TREASURY_3Y,국고채 3년 금리,D,817Y002,1.3.2.1. 시장금리(일별),010200000,국고채(3년),,,20180621,2.149,연%,ECOS
TREASURY_3Y,국고채 3년 금리,D,817Y002,1.3.2.1. 시장금리(일별),010200000,국고채(3년),,,20180622,2.147,연%,ECOS
TREASURY_3Y,국고채 3년 금리,D,817Y002,1.3.2.1. 시장금리(일별),010200000,국고채(3년),,,20180625,2.143,연%,ECOS
TREASURY_3Y,국고채 3년 금리,D,817Y002,1.3.2.1. 시장금리(일별),010200000,국고채(3년),,,20180626,2.148,연%,ECOS
TREASURY_3Y,국고채 3년 금리,D,817Y002,1.3.2.1. 시장금리(일별),010200000,국고채(3년),,,20180627,2.122,연%,ECOS
TREASURY_3Y,국고채 3년 금리,D,817Y002,1.3.2.1. 시장금리(일별),010200000,국고채(3년),,,20180628,2.115,연%,ECOS
TREASURY_3Y,국고채 3년 금리,D,817Y002,1.3.2.1. 시장금리(일별),010200000,국고채(3년),,,20180629,2.122,연%,ECOS
TREASURY_3Y,국고채 3년 금리,D,817Y002,1.3.2.1. 시장금리(일별),010200000,국고채(3년),,,20180702,2.123,연%,ECOS
TREASURY_3Y,국고채 3년 금리,D,817Y002,1.3.2.1. 시장금리(일별),010200000,국고채(3년),,,20180703,2.138,연%,ECOS
TREASURY_3Y,국고채 3년 금리,D,817Y002,1.3.2.1. 시장금리(일별),010200000,국고채(3년),,,20180704,2.116,연%,ECOS
TREASURY_3Y,국고채 3년 금리,D,817Y002,1.3.2.1. 시장금리(일별),010200000,국고채(3년),,,20180705,2.093,연%,ECOS
TREASURY_3Y,국고채 3년 금리,D,817Y002,1.3.2.1. 시장금리(일별),010200000,국고채(3년),,,20180706,2.101,연%,ECOS
TREASURY_3Y,국고채 3년 금리,D,817Y002,1.3.2.1. 시장금리(일별),010200000,국고채(3년),,,20180709,2.107,연%,ECOS
TREASURY_3Y,국고채 3년 금리,D,817Y002,1.3.2.1. 시장금리(일별),010200000,국고채(3년),,,20180710,2.095,연%,ECOS
TREASURY_3Y,국고채 3년 금리,D,817Y002,1.3.2.1. 시장금리(일별),010200000,국고채(3년),,,20180711,2.054,연%,ECOS
TREASURY_3Y,국고채 3년 금리,D,817Y002,1.3.2.1. 시장금리(일별),010200000,국고채(3년),,,20180712,2.09,연%,ECOS
TREASURY_3Y,국고채 3년 금리,D,817Y002,1.3.2.1. 시장금리(일별),010200000,국고채(3년),,,20180713,2.105,연%,ECOS
TREASURY_3Y,국고채 3년 금리,D,817Y002,1.3.2.1. 시장금리(일별),010200000,국고채(3년),,,20180716,2.088,연%,ECOS
TREASURY_3Y,국고채 3년 금리,D,817Y002,1.3.2.1. 시장금리(일별),010200000,국고채(3년),,,20180717,2.094,연%,ECOS
TREASURY_3Y,국고채 3년 금리,D,817Y002,1.3.2.1. 시장금리(일별),010200000,국고채(3년),,,20180718,2.087,연%,ECOS
TREASURY_3Y,국고채 3년 금리,D,817Y002,1.3.2.1. 시장금리(일별),010200000,국고채(3년),,,20180719,2.089,연%,ECOS
TREASURY_3Y,국고채 3년 금리,D,817Y002,1.3.2.1. 시장금리(일별),010200000,국고채(3년),,,20180720,2.077,연%,ECOS
TREASURY_3Y,국고채 3년 금리,D,817Y002,1.3.2.1. 시장금리(일별),010200000,국고채(3년),,,20180723,2.077,연%,ECOS
TREASURY_3Y,국고채 3년 금리,D,817Y002,1.3.2.1. 시장금리(일별),010200000,국고채(3년),,,20180724,2.092,연%,ECOS
TREASURY_3Y,국고채 3년 금리,D,817Y002,1.3.2.1. 시장금리(일별),010200000,국고채(3년),,,20180725,2.079,연%,ECOS
TREASURY_3Y,국고채 3년 금리,D,817Y002,1.3.2.1. 시장금리(일별),010200000,국고채(3년),,,20180726,2.071,연%,ECOS
TREASURY_3Y,국고채 3년 금리,D,817Y002,1.3.2.1. 시장금리(일별),010200000,국고채(3년),,,20180727,2.112,연%,ECOS
TREASURY_3Y,국고채 3년 금리,D,817Y002,1.3.2.1. 시장금리(일별),010200000,국고채(3년),,,20180730,2.128,연%,ECOS
TREASURY_3Y,국고채 3년 금리,D,817Y002,1.3.2.1. 시장금리(일별),010200000,국고채(3년),,,20180731,2.123,연%,ECOS
TREASURY_3Y,국고채 3년 금리,D,817Y002,1.3.2.1. 시장금리(일별),010200000,국고채(3년),,,20180801,2.124,연%,ECOS
TREASURY_3Y,국고채 3년 금리,D,817Y002,1.3.2.1. 시장금리(일별),010200000,국고채(3년),,,20180802,2.113,연%,ECOS
TREASURY_3Y,국고채 3년 금리,D,817Y002,1.3.2.1. 시장금리(일별),010200000,국고채(3년),,,20180803,2.108,연%,ECOS
TREASURY_3Y,국고채 3년 금리,D,817Y002,1.3.2.1. 시장금리(일별),010200000,국고채(3년),,,20180806,2.097,연%,ECOS
TREASURY_3Y,국고채 3년 금리,D,817Y002,1.3.2.1. 시장금리(일별),010200000,국고채(3년),,,20180807,2.082,연%,ECOS
TREASURY_3Y,국고채 3년 금리,D,817Y002,1.3.2.1. 시장금리(일별),010200000,국고채(3년),,,20180808,2.07,연%,ECOS
TREASURY_3Y,국고채 3년 금리,D,817Y002,1.3.2.1. 시장금리(일별),010200000,국고채(3년),,,20180809,2.05,연%,ECOS
TREASURY_3Y,국고채 3년 금리,D,817Y002,1.3.2.1. 시장금리(일별),010200000,국고채(3년),,,20180810,2.04,연%,ECOS
TREASURY_3Y,국고채 3년 금리,D,817Y002,1.3.2.1. 시장금리(일별),010200000,국고채(3년),,,20180813,2.051,연%,ECOS
TREASURY_3Y,국고채 3년 금리,D,817Y002,1.3.2.1. 시장금리(일별),010200000,국고채(3년),,,20180814,2.063,연%,ECOS
TREASURY_3Y,국고채 3년 금리,D,817Y002,1.3.2.1. 시장금리(일별),010200000,국고채(3년),,,20180816,2.05,연%,ECOS
TREASURY_3Y,국고채 3년 금리,D,817Y002,1.3.2.1. 시장금리(일별),010200000,국고채(3년),,,20180817,1.997,연%,ECOS
TREASURY_3Y,국고채 3년 금리,D,817Y002,1.3.2.1. 시장금리(일별),010200000,국고채(3년),,,20180820,1.985,연%,ECOS
TREASURY_3Y,국고채 3년 금리,D,817Y002,1.3.2.1. 시장금리(일별),010200000,국고채(3년),,,20180821,1.919,연%,ECOS
TREASURY_3Y,국고채 3년 금리,D,817Y002,1.3.2.1. 시장금리(일별),010200000,국고채(3년),,,20180822,1.962,연%,ECOS
TREASURY_3Y,국고채 3년 금리,D,817Y002,1.3.2.1. 시장금리(일별),010200000,국고채(3년),,,20180823,1.963,연%,ECOS
TREASURY_3Y,국고채 3년 금리,D,817Y002,1.3.2.1. 시장금리(일별),010200000,국고채(3년),,,20180824,1.963,연%,ECOS
TREASURY_3Y,국고채 3년 금리,D,817Y002,1.3.2.1. 시장금리(일별),010200000,국고채(3년),,,20180827,1.963,연%,ECOS
TREASURY_3Y,국고채 3년 금리,D,817Y002,1.3.2.1. 시장금리(일별),010200000,국고채(3년),,,20180828,1.965,연%,ECOS
TREASURY_3Y,국고채 3년 금리,D,817Y002,1.3.2.1. 시장금리(일별),010200000,국고채(3년),,,20180829,1.955,연%,ECOS
TREASURY_3Y,국고채 3년 금리,D,817Y002,1.3.2.1. 시장금리(일별),010200000,국고채(3년),,,20180830,1.98,연%,ECOS
TREASURY_3Y,국고채 3년 금리,D,817Y002,1.3.2.1. 시장금리(일별),010200000,국고채(3년),,,20180831,1.916,연%,ECOS
TREASURY_3Y,국고채 3년 금리,D,817Y002,1.3.2.1. 시장금리(일별),010200000,국고채(3년),,,20180903,1.922,연%,ECOS
TREASURY_3Y,국고채 3년 금리,D,817Y002,1.3.2.1. 시장금리(일별),010200000,국고채(3년),,,20180904,1.917,연%,ECOS
TREASURY_3Y,국고채 3년 금리,D,817Y002,1.3.2.1. 시장금리(일별),010200000,국고채(3년),,,20180905,1.9,연%,ECOS
TREASURY_3Y,국고채 3년 금리,D,817Y002,1.3.2.1. 시장금리(일별),010200000,국고채(3년),,,20180906,1.912,연%,ECOS
TREASURY_3Y,국고채 3년 금리,D,817Y002,1.3.2.1. 시장금리(일별),010200000,국고채(3년),,,20180907,1.919,연%,ECOS
TREASURY_3Y,국고채 3년 금리,D,817Y002,1.3.2.1. 시장금리(일별),010200000,국고채(3년),,,20180910,1.918,연%,ECOS
TREASURY_3Y,국고채 3년 금리,D,817Y002,1.3.2.1. 시장금리(일별),010200000,국고채(3년),,,20180911,1.923,연%,ECOS
TREASURY_3Y,국고채 3년 금리,D,817Y002,1.3.2.1. 시장금리(일별),010200000,국고채(3년),,,20180912,1.893,연%,ECOS
TREASURY_3Y,국고채 3년 금리,D,817Y002,1.3.2.1. 시장금리(일별),010200000,국고채(3년),,,20180913,1.921,연%,ECOS
TREASURY_3Y,국고채 3년 금리,D,817Y002,1.3.2.1. 시장금리(일별),010200000,국고채(3년),,,20180914,1.96,연%,ECOS
TREASURY_3Y,국고채 3년 금리,D,817Y002,1.3.2.1. 시장금리(일별),010200000,국고채(3년),,,20180917,1.967,연%,ECOS
TREASURY_3Y,국고채 3년 금리,D,817Y002,1.3.2.1. 시장금리(일별),010200000,국고채(3년),,,20180918,1.98,연%,ECOS
TREASURY_3Y,국고채 3년 금리,D,817Y002,1.3.2.1. 시장금리(일별),010200000,국고채(3년),,,20180919,1.996,연%,ECOS
TREASURY_3Y,국고채 3년 금리,D,817Y002,1.3.2.1. 시장금리(일별),010200000,국고채(3년),,,20180920,2.035,연%,ECOS
TREASURY_3Y,국고채 3년 금리,D,817Y002,1.3.2.1. 시장금리(일별),010200000,국고채(3년),,,20180921,2.022,연%,ECOS
TREASURY_3Y,국고채 3년 금리,D,817Y002,1.3.2.1. 시장금리(일별),010200000,국고채(3년),,,20180927,2.006,연%,ECOS
TREASURY_3Y,국고채 3년 금리,D,817Y002,1.3.2.1. 시장금리(일별),010200000,국고채(3년),,,20180928,2.005,연%,ECOS
TREASURY_3Y,국고채 3년 금리,D,817Y002,1.3.2.1. 시장금리(일별),010200000,국고채(3년),,,20181001,2.022,연%,ECOS
TREASURY_3Y,국고채 3년 금리,D,817Y002,1.3.2.1. 시장금리(일별),010200000,국고채(3년),,,20181002,2.015,연%,ECOS
TREASURY_3Y,국고채 3년 금리,D,817Y002,1.3.2.1. 시장금리(일별),010200000,국고채(3년),,,20181004,2.066,연%,ECOS
TREASURY_3Y,국고채 3년 금리,D,817Y002,1.3.2.1. 시장금리(일별),010200000,국고채(3년),,,20181005,2.084,연%,ECOS
TREASURY_3Y,국고채 3년 금리,D,817Y002,1.3.2.1. 시장금리(일별),010200000,국고채(3년),,,20181008,2.091,연%,ECOS
TREASURY_3Y,국고채 3년 금리,D,817Y002,1.3.2.1. 시장금리(일별),010200000,국고채(3년),,,20181010,2.059,연%,ECOS
TREASURY_3Y,국고채 3년 금리,D,817Y002,1.3.2.1. 시장금리(일별),010200000,국고채(3년),,,20181011,2.012,연%,ECOS
TREASURY_3Y,국고채 3년 금리,D,817Y002,1.3.2.1. 시장금리(일별),010200000,국고채(3년),,,20181012,2.05,연%,ECOS
TREASURY_3Y,국고채 3년 금리,D,817Y002,1.3.2.1. 시장금리(일별),010200000,국고채(3년),,,20181015,2.051,연%,ECOS
TREASURY_3Y,국고채 3년 금리,D,817Y002,1.3.2.1. 시장금리(일별),010200000,국고채(3년),,,20181016,2.048,연%,ECOS
TREASURY_3Y,국고채 3년 금리,D,817Y002,1.3.2.1. 시장금리(일별),010200000,국고채(3년),,,20181017,2.023,연%,ECOS
TREASURY_3Y,국고채 3년 금리,D,817Y002,1.3.2.1. 시장금리(일별),010200000,국고채(3년),,,20181018,1.981,연%,ECOS
TREASURY_3Y,국고채 3년 금리,D,817Y002,1.3.2.1. 시장금리(일별),010200000,국고채(3년),,,20181019,1.989,연%,ECOS
TREASURY_3Y,국고채 3년 금리,D,817Y002,1.3.2.1. 시장금리(일별),010200000,국고채(3년),,,20181022,2.009,연%,ECOS
TREASURY_3Y,국고채 3년 금리,D,817Y002,1.3.2.1. 시장금리(일별),010200000,국고채(3년),,,20181023,1.989,연%,ECOS
TREASURY_3Y,국고채 3년 금리,D,817Y002,1.3.2.1. 시장금리(일별),010200000,국고채(3년),,,20181024,2.007,연%,ECOS
TREASURY_3Y,국고채 3년 금리,D,817Y002,1.3.2.1. 시장금리(일별),010200000,국고채(3년),,,20181025,1.982,연%,ECOS
TREASURY_3Y,국고채 3년 금리,D,817Y002,1.3.2.1. 시장금리(일별),010200000,국고채(3년),,,20181026,1.968,연%,ECOS
TREASURY_3Y,국고채 3년 금리,D,817Y002,1.3.2.1. 시장금리(일별),010200000,국고채(3년),,,20181029,1.894,연%,ECOS
TREASURY_3Y,국고채 3년 금리,D,817Y002,1.3.2.1. 시장금리(일별),010200000,국고채(3년),,,20181030,1.931,연%,ECOS
TREASURY_3Y,국고채 3년 금리,D,817Y002,1.3.2.1. 시장금리(일별),010200000,국고채(3년),,,20181031,1.939,연%,ECOS
TREASURY_3Y,국고채 3년 금리,D,817Y002,1.3.2.1. 시장금리(일별),010200000,국고채(3년),,,20181101,1.942,연%,ECOS
TREASURY_3Y,국고채 3년 금리,D,817Y002,1.3.2.1. 시장금리(일별),010200000,국고채(3년),,,20181102,1.982,연%,ECOS
TREASURY_3Y,국고채 3년 금리,D,817Y002,1.3.2.1. 시장금리(일별),010200000,국고채(3년),,,20181105,1.982,연%,ECOS
TREASURY_3Y,국고채 3년 금리,D,817Y002,1.3.2.1. 시장금리(일별),010200000,국고채(3년),,,20181106,1.984,연%,ECOS
TREASURY_3Y,국고채 3년 금리,D,817Y002,1.3.2.1. 시장금리(일별),010200000,국고채(3년),,,20181107,1.964,연%,ECOS
TREASURY_3Y,국고채 3년 금리,D,817Y002,1.3.2.1. 시장금리(일별),010200000,국고채(3년),,,20181108,1.966,연%,ECOS
TREASURY_3Y,국고채 3년 금리,D,817Y002,1.3.2.1. 시장금리(일별),010200000,국고채(3년),,,20181109,1.96,연%,ECOS
TREASURY_3Y,국고채 3년 금리,D,817Y002,1.3.2.1. 시장금리(일별),010200000,국고채(3년),,,20181112,1.945,연%,ECOS
TREASURY_3Y,국고채 3년 금리,D,817Y002,1.3.2.1. 시장금리(일별),010200000,국고채(3년),,,20181113,1.94,연%,ECOS
TREASURY_3Y,국고채 3년 금리,D,817Y002,1.3.2.1. 시장금리(일별),010200000,국고채(3년),,,20181114,1.922,연%,ECOS
TREASURY_3Y,국고채 3년 금리,D,817Y002,1.3.2.1. 시장금리(일별),010200000,국고채(3년),,,20181115,1.943,연%,ECOS
TREASURY_3Y,국고채 3년 금리,D,817Y002,1.3.2.1. 시장금리(일별),010200000,국고채(3년),,,20181116,1.947,연%,ECOS
TREASURY_3Y,국고채 3년 금리,D,817Y002,1.3.2.1. 시장금리(일별),010200000,국고채(3년),,,20181119,1.942,연%,ECOS
TREASURY_3Y,국고채 3년 금리,D,817Y002,1.3.2.1. 시장금리(일별),010200000,국고채(3년),,,20181120,1.94,연%,ECOS
TREASURY_3Y,국고채 3년 금리,D,817Y002,1.3.2.1. 시장금리(일별),010200000,국고채(3년),,,20181121,1.946,연%,ECOS
TREASURY_3Y,국고채 3년 금리,D,817Y002,1.3.2.1. 시장금리(일별),010200000,국고채(3년),,,20181122,1.942,연%,ECOS
TREASURY_3Y,국고채 3년 금리,D,817Y002,1.3.2.1. 시장금리(일별),010200000,국고채(3년),,,20181123,1.914,연%,ECOS
TREASURY_3Y,국고채 3년 금리,D,817Y002,1.3.2.1. 시장금리(일별),010200000,국고채(3년),,,20181126,1.914,연%,ECOS
TREASURY_3Y,국고채 3년 금리,D,817Y002,1.3.2.1. 시장금리(일별),010200000,국고채(3년),,,20181127,1.908,연%,ECOS
TREASURY_3Y,국고채 3년 금리,D,817Y002,1.3.2.1. 시장금리(일별),010200000,국고채(3년),,,20181128,1.92,연%,ECOS
TREASURY_3Y,국고채 3년 금리,D,817Y002,1.3.2.1. 시장금리(일별),010200000,국고채(3년),,,20181129,1.889,연%,ECOS
TREASURY_3Y,국고채 3년 금리,D,817Y002,1.3.2.1. 시장금리(일별),010200000,국고채(3년),,,20181130,1.897,연%,ECOS
TREASURY_3Y,국고채 3년 금리,D,817Y002,1.3.2.1. 시장금리(일별),010200000,국고채(3년),,,20181203,1.924,연%,ECOS
TREASURY_3Y,국고채 3년 금리,D,817Y002,1.3.2.1. 시장금리(일별),010200000,국고채(3년),,,20181204,1.914,연%,ECOS
TREASURY_3Y,국고채 3년 금리,D,817Y002,1.3.2.1. 시장금리(일별),010200000,국고채(3년),,,20181205,1.901,연%,ECOS
TREASURY_3Y,국고채 3년 금리,D,817Y002,1.3.2.1. 시장금리(일별),010200000,국고채(3년),,,20181206,1.839,연%,ECOS
TREASURY_3Y,국고채 3년 금리,D,817Y002,1.3.2.1. 시장금리(일별),010200000,국고채(3년),,,20181207,1.834,연%,ECOS
TREASURY_3Y,국고채 3년 금리,D,817Y002,1.3.2.1. 시장금리(일별),010200000,국고채(3년),,,20181210,1.803,연%,ECOS
TREASURY_3Y,국고채 3년 금리,D,817Y002,1.3.2.1. 시장금리(일별),010200000,국고채(3년),,,20181211,1.792,연%,ECOS
TREASURY_3Y,국고채 3년 금리,D,817Y002,1.3.2.1. 시장금리(일별),010200000,국고채(3년),,,20181212,1.803,연%,ECOS
TREASURY_3Y,국고채 3년 금리,D,817Y002,1.3.2.1. 시장금리(일별),010200000,국고채(3년),,,20181213,1.795,연%,ECOS
TREASURY_3Y,국고채 3년 금리,D,817Y002,1.3.2.1. 시장금리(일별),010200000,국고채(3년),,,20181214,1.781,연%,ECOS
TREASURY_3Y,국고채 3년 금리,D,817Y002,1.3.2.1. 시장금리(일별),010200000,국고채(3년),,,20181217,1.795,연%,ECOS
TREASURY_3Y,국고채 3년 금리,D,817Y002,1.3.2.1. 시장금리(일별),010200000,국고채(3년),,,20181218,1.795,연%,ECOS
TREASURY_3Y,국고채 3년 금리,D,817Y002,1.3.2.1. 시장금리(일별),010200000,국고채(3년),,,20181219,1.783,연%,ECOS
TREASURY_3Y,국고채 3년 금리,D,817Y002,1.3.2.1. 시장금리(일별),010200000,국고채(3년),,,20181220,1.8,연%,ECOS
TREASURY_3Y,국고채 3년 금리,D,817Y002,1.3.2.1. 시장금리(일별),010200000,국고채(3년),,,20181221,1.838,연%,ECOS
TREASURY_3Y,국고채 3년 금리,D,817Y002,1.3.2.1. 시장금리(일별),010200000,국고채(3년),,,20181224,1.846,연%,ECOS
TREASURY_3Y,국고채 3년 금리,D,817Y002,1.3.2.1. 시장금리(일별),010200000,국고채(3년),,,20181226,1.807,연%,ECOS
TREASURY_3Y,국고채 3년 금리,D,817Y002,1.3.2.1. 시장금리(일별),010200000,국고채(3년),,,20181227,1.81,연%,ECOS
TREASURY_3Y,국고채 3년 금리,D,817Y002,1.3.2.1. 시장금리(일별),010200000,국고채(3년),,,20181228,1.817,연%,ECOS
TREASURY_3Y,국고채 3년 금리,D,817Y002,1.3.2.1. 시장금리(일별),010200000,국고채(3년),,,20181231,1.817,연%,ECOS
TREASURY_3Y,국고채 3년 금리,D,817Y002,1.3.2.1. 시장금리(일별),010200000,국고채(3년),,,20190102,1.802,연%,ECOS
TREASURY_3Y,국고채 3년 금리,D,817Y002,1.3.2.1. 시장금리(일별),010200000,국고채(3년),,,20190103,1.796,연%,ECOS
TREASURY_3Y,국고채 3년 금리,D,817Y002,1.3.2.1. 시장금리(일별),010200000,국고채(3년),,,20190104,1.797,연%,ECOS
TREASURY_3Y,국고채 3년 금리,D,817Y002,1.3.2.1. 시장금리(일별),010200000,국고채(3년),,,20190107,1.807,연%,ECOS
TREASURY_3Y,국고채 3년 금리,D,817Y002,1.3.2.1. 시장금리(일별),010200000,국고채(3년),,,20190108,1.81,연%,ECOS
TREASURY_3Y,국고채 3년 금리,D,817Y002,1.3.2.1. 시장금리(일별),010200000,국고채(3년),,,20190109,1.809,연%,ECOS
TREASURY_3Y,국고채 3년 금리,D,817Y002,1.3.2.1. 시장금리(일별),010200000,국고채(3년),,,20190110,1.796,연%,ECOS
TREASURY_3Y,국고채 3년 금리,D,817Y002,1.3.2.1. 시장금리(일별),010200000,국고채(3년),,,20190111,1.804,연%,ECOS
TREASURY_3Y,국고채 3년 금리,D,817Y002,1.3.2.1. 시장금리(일별),010200000,국고채(3년),,,20190114,1.797,연%,ECOS
TREASURY_3Y,국고채 3년 금리,D,817Y002,1.3.2.1. 시장금리(일별),010200000,국고채(3년),,,20190115,1.797,연%,ECOS
TREASURY_3Y,국고채 3년 금리,D,817Y002,1.3.2.1. 시장금리(일별),010200000,국고채(3년),,,20190116,1.803,연%,ECOS
TREASURY_3Y,국고채 3년 금리,D,817Y002,1.3.2.1. 시장금리(일별),010200000,국고채(3년),,,20190117,1.795,연%,ECOS
TREASURY_3Y,국고채 3년 금리,D,817Y002,1.3.2.1. 시장금리(일별),010200000,국고채(3년),,,20190118,1.814,연%,ECOS
TREASURY_3Y,국고채 3년 금리,D,817Y002,1.3.2.1. 시장금리(일별),010200000,국고채(3년),,,20190121,1.821,연%,ECOS
TREASURY_3Y,국고채 3년 금리,D,817Y002,1.3.2.1. 시장금리(일별),010200000,국고채(3년),,,20190122,1.803,연%,ECOS
TREASURY_3Y,국고채 3년 금리,D,817Y002,1.3.2.1. 시장금리(일별),010200000,국고채(3년),,,20190123,1.803,연%,ECOS
TREASURY_3Y,국고채 3년 금리,D,817Y002,1.3.2.1. 시장금리(일별),010200000,국고채(3년),,,20190124,1.81,연%,ECOS
TREASURY_3Y,국고채 3년 금리,D,817Y002,1.3.2.1. 시장금리(일별),010200000,국고채(3년),,,20190125,1.812,연%,ECOS
TREASURY_3Y,국고채 3년 금리,D,817Y002,1.3.2.1. 시장금리(일별),010200000,국고채(3년),,,20190128,1.82,연%,ECOS
TREASURY_3Y,국고채 3년 금리,D,817Y002,1.3.2.1. 시장금리(일별),010200000,국고채(3년),,,20190129,1.823,연%,ECOS
TREASURY_3Y,국고채 3년 금리,D,817Y002,1.3.2.1. 시장금리(일별),010200000,국고채(3년),,,20190130,1.827,연%,ECOS
TREASURY_3Y,국고채 3년 금리,D,817Y002,1.3.2.1. 시장금리(일별),010200000,국고채(3년),,,20190131,1.809,연%,ECOS
TREASURY_3Y,국고채 3년 금리,D,817Y002,1.3.2.1. 시장금리(일별),010200000,국고채(3년),,,20190201,1.803,연%,ECOS
TREASURY_3Y,국고채 3년 금리,D,817Y002,1.3.2.1. 시장금리(일별),010200000,국고채(3년),,,20190207,1.801,연%,ECOS
TREASURY_3Y,국고채 3년 금리,D,817Y002,1.3.2.1. 시장금리(일별),010200000,국고채(3년),,,20190208,1.786,연%,ECOS
TREASURY_3Y,국고채 3년 금리,D,817Y002,1.3.2.1. 시장금리(일별),010200000,국고채(3년),,,20190211,1.781,연%,ECOS
TREASURY_3Y,국고채 3년 금리,D,817Y002,1.3.2.1. 시장금리(일별),010200000,국고채(3년),,,20190212,1.796,연%,ECOS
TREASURY_3Y,국고채 3년 금리,D,817Y002,1.3.2.1. 시장금리(일별),010200000,국고채(3년),,,20190213,1.801,연%,ECOS
TREASURY_3Y,국고채 3년 금리,D,817Y002,1.3.2.1. 시장금리(일별),010200000,국고채(3년),,,20190214,1.794,연%,ECOS
TREASURY_3Y,국고채 3년 금리,D,817Y002,1.3.2.1. 시장금리(일별),010200000,국고채(3년),,,20190215,1.779,연%,ECOS
TREASURY_3Y,국고채 3년 금리,D,817Y002,1.3.2.1. 시장금리(일별),010200000,국고채(3년),,,20190218,1.804,연%,ECOS
TREASURY_3Y,국고채 3년 금리,D,817Y002,1.3.2.1. 시장금리(일별),010200000,국고채(3년),,,20190219,1.8,연%,ECOS
TREASURY_3Y,국고채 3년 금리,D,817Y002,1.3.2.1. 시장금리(일별),010200000,국고채(3년),,,20190220,1.802,연%,ECOS
TREASURY_3Y,국고채 3년 금리,D,817Y002,1.3.2.1. 시장금리(일별),010200000,국고채(3년),,,20190221,1.811,연%,ECOS
TREASURY_3Y,국고채 3년 금리,D,817Y002,1.3.2.1. 시장금리(일별),010200000,국고채(3년),,,20190222,1.814,연%,ECOS
TREASURY_3Y,국고채 3년 금리,D,817Y002,1.3.2.1. 시장금리(일별),010200000,국고채(3년),,,20190225,1.819,연%,ECOS
TREASURY_3Y,국고채 3년 금리,D,817Y002,1.3.2.1. 시장금리(일별),010200000,국고채(3년),,,20190226,1.816,연%,ECOS
TREASURY_3Y,국고채 3년 금리,D,817Y002,1.3.2.1. 시장금리(일별),010200000,국고채(3년),,,20190227,1.808,연%,ECOS
TREASURY_3Y,국고채 3년 금리,D,817Y002,1.3.2.1. 시장금리(일별),010200000,국고채(3년),,,20190228,1.813,연%,ECOS
TREASURY_3Y,국고채 3년 금리,D,817Y002,1.3.2.1. 시장금리(일별),010200000,국고채(3년),,,20190304,1.834,연%,ECOS
TREASURY_3Y,국고채 3년 금리,D,817Y002,1.3.2.1. 시장금리(일별),010200000,국고채(3년),,,20190305,1.836,연%,ECOS
TREASURY_3Y,국고채 3년 금리,D,817Y002,1.3.2.1. 시장금리(일별),010200000,국고채(3년),,,20190306,1.828,연%,ECOS
TREASURY_3Y,국고채 3년 금리,D,817Y002,1.3.2.1. 시장금리(일별),010200000,국고채(3년),,,20190307,1.817,연%,ECOS
TREASURY_3Y,국고채 3년 금리,D,817Y002,1.3.2.1. 시장금리(일별),010200000,국고채(3년),,,20190308,1.802,연%,ECOS
TREASURY_3Y,국고채 3년 금리,D,817Y002,1.3.2.1. 시장금리(일별),010200000,국고채(3년),,,20190311,1.81,연%,ECOS
TREASURY_3Y,국고채 3년 금리,D,817Y002,1.3.2.1. 시장금리(일별),010200000,국고채(3년),,,20190312,1.81,연%,ECOS
TREASURY_3Y,국고채 3년 금리,D,817Y002,1.3.2.1. 시장금리(일별),010200000,국고채(3년),,,20190313,1.795,연%,ECOS
TREASURY_3Y,국고채 3년 금리,D,817Y002,1.3.2.1. 시장금리(일별),010200000,국고채(3년),,,20190314,1.793,연%,ECOS
TREASURY_3Y,국고채 3년 금리,D,817Y002,1.3.2.1. 시장금리(일별),010200000,국고채(3년),,,20190315,1.803,연%,ECOS
TREASURY_3Y,국고채 3년 금리,D,817Y002,1.3.2.1. 시장금리(일별),010200000,국고채(3년),,,20190318,1.812,연%,ECOS
TREASURY_3Y,국고채 3년 금리,D,817Y002,1.3.2.1. 시장금리(일별),010200000,국고채(3년),,,20190319,1.81,연%,ECOS
TREASURY_3Y,국고채 3년 금리,D,817Y002,1.3.2.1. 시장금리(일별),010200000,국고채(3년),,,20190320,1.813,연%,ECOS
TREASURY_3Y,국고채 3년 금리,D,817Y002,1.3.2.1. 시장금리(일별),010200000,국고채(3년),,,20190321,1.793,연%,ECOS
TREASURY_3Y,국고채 3년 금리,D,817Y002,1.3.2.1. 시장금리(일별),010200000,국고채(3년),,,20190322,1.8,연%,ECOS
TREASURY_3Y,국고채 3년 금리,D,817Y002,1.3.2.1. 시장금리(일별),010200000,국고채(3년),,,20190325,1.77,연%,ECOS
TREASURY_3Y,국고채 3년 금리,D,817Y002,1.3.2.1. 시장금리(일별),010200000,국고채(3년),,,20190326,1.763,연%,ECOS
TREASURY_3Y,국고채 3년 금리,D,817Y002,1.3.2.1. 시장금리(일별),010200000,국고채(3년),,,20190327,1.722,연%,ECOS
TREASURY_3Y,국고채 3년 금리,D,817Y002,1.3.2.1. 시장금리(일별),010200000,국고채(3년),,,20190328,1.679,연%,ECOS
TREASURY_3Y,국고채 3년 금리,D,817Y002,1.3.2.1. 시장금리(일별),010200000,국고채(3년),,,20190329,1.69,연%,ECOS
TREASURY_3Y,국고채 3년 금리,D,817Y002,1.3.2.1. 시장금리(일별),010200000,국고채(3년),,,20190401,1.726,연%,ECOS
TREASURY_3Y,국고채 3년 금리,D,817Y002,1.3.2.1. 시장금리(일별),010200000,국고채(3년),,,20190402,1.706,연%,ECOS
TREASURY_3Y,국고채 3년 금리,D,817Y002,1.3.2.1. 시장금리(일별),010200000,국고채(3년),,,20190403,1.72,연%,ECOS
TREASURY_3Y,국고채 3년 금리,D,817Y002,1.3.2.1. 시장금리(일별),010200000,국고채(3년),,,20190404,1.72,연%,ECOS
TREASURY_3Y,국고채 3년 금리,D,817Y002,1.3.2.1. 시장금리(일별),010200000,국고채(3년),,,20190405,1.735,연%,ECOS
TREASURY_3Y,국고채 3년 금리,D,817Y002,1.3.2.1. 시장금리(일별),010200000,국고채(3년),,,20190408,1.723,연%,ECOS
TREASURY_3Y,국고채 3년 금리,D,817Y002,1.3.2.1. 시장금리(일별),010200000,국고채(3년),,,20190409,1.725,연%,ECOS
TREASURY_3Y,국고채 3년 금리,D,817Y002,1.3.2.1. 시장금리(일별),010200000,국고채(3년),,,20190410,1.731,연%,ECOS
TREASURY_3Y,국고채 3년 금리,D,817Y002,1.3.2.1. 시장금리(일별),010200000,국고채(3년),,,20190411,1.732,연%,ECOS
TREASURY_3Y,국고채 3년 금리,D,817Y002,1.3.2.1. 시장금리(일별),010200000,국고채(3년),,,20190412,1.733,연%,ECOS
TREASURY_3Y,국고채 3년 금리,D,817Y002,1.3.2.1. 시장금리(일별),010200000,국고채(3년),,,20190415,1.761,연%,ECOS
TREASURY_3Y,국고채 3년 금리,D,817Y002,1.3.2.1. 시장금리(일별),010200000,국고채(3년),,,20190416,1.765,연%,ECOS
TREASURY_3Y,국고채 3년 금리,D,817Y002,1.3.2.1. 시장금리(일별),010200000,국고채(3년),,,20190417,1.778,연%,ECOS
TREASURY_3Y,국고채 3년 금리,D,817Y002,1.3.2.1. 시장금리(일별),010200000,국고채(3년),,,20190418,1.741,연%,ECOS
TREASURY_3Y,국고채 3년 금리,D,817Y002,1.3.2.1. 시장금리(일별),010200000,국고채(3년),,,20190419,1.756,연%,ECOS
TREASURY_3Y,국고채 3년 금리,D,817Y002,1.3.2.1. 시장금리(일별),010200000,국고채(3년),,,20190422,1.769,연%,ECOS
TREASURY_3Y,국고채 3년 금리,D,817Y002,1.3.2.1. 시장금리(일별),010200000,국고채(3년),,,20190423,1.768,연%,ECOS
TREASURY_3Y,국고채 3년 금리,D,817Y002,1.3.2.1. 시장금리(일별),010200000,국고채(3년),,,20190424,1.749,연%,ECOS
TREASURY_3Y,국고채 3년 금리,D,817Y002,1.3.2.1. 시장금리(일별),010200000,국고채(3년),,,20190425,1.724,연%,ECOS
TREASURY_3Y,국고채 3년 금리,D,817Y002,1.3.2.1. 시장금리(일별),010200000,국고채(3년),,,20190426,1.72,연%,ECOS
TREASURY_3Y,국고채 3년 금리,D,817Y002,1.3.2.1. 시장금리(일별),010200000,국고채(3년),,,20190429,1.712,연%,ECOS
TREASURY_3Y,국고채 3년 금리,D,817Y002,1.3.2.1. 시장금리(일별),010200000,국고채(3년),,,20190430,1.699,연%,ECOS
TREASURY_3Y,국고채 3년 금리,D,817Y002,1.3.2.1. 시장금리(일별),010200000,국고채(3년),,,20190502,1.732,연%,ECOS
TREASURY_3Y,국고채 3년 금리,D,817Y002,1.3.2.1. 시장금리(일별),010200000,국고채(3년),,,20190503,1.739,연%,ECOS
TREASURY_3Y,국고채 3년 금리,D,817Y002,1.3.2.1. 시장금리(일별),010200000,국고채(3년),,,20190507,1.723,연%,ECOS
TREASURY_3Y,국고채 3년 금리,D,817Y002,1.3.2.1. 시장금리(일별),010200000,국고채(3년),,,20190508,1.717,연%,ECOS
TREASURY_3Y,국고채 3년 금리,D,817Y002,1.3.2.1. 시장금리(일별),010200000,국고채(3년),,,20190509,1.708,연%,ECOS
TREASURY_3Y,국고채 3년 금리,D,817Y002,1.3.2.1. 시장금리(일별),010200000,국고채(3년),,,20190510,1.719,연%,ECOS
TREASURY_3Y,국고채 3년 금리,D,817Y002,1.3.2.1. 시장금리(일별),010200000,국고채(3년),,,20190513,1.721,연%,ECOS
TREASURY_3Y,국고채 3년 금리,D,817Y002,1.3.2.1. 시장금리(일별),010200000,국고채(3년),,,20190514,1.711,연%,ECOS
TREASURY_3Y,국고채 3년 금리,D,817Y002,1.3.2.1. 시장금리(일별),010200000,국고채(3년),,,20190515,1.71,연%,ECOS
TREASURY_3Y,국고채 3년 금리,D,817Y002,1.3.2.1. 시장금리(일별),010200000,국고채(3년),,,20190516,1.675,연%,ECOS
TREASURY_3Y,국고채 3년 금리,D,817Y002,1.3.2.1. 시장금리(일별),010200000,국고채(3년),,,20190517,1.67,연%,ECOS
TREASURY_3Y,국고채 3년 금리,D,817Y002,1.3.2.1. 시장금리(일별),010200000,국고채(3년),,,20190520,1.681,연%,ECOS
TREASURY_3Y,국고채 3년 금리,D,817Y002,1.3.2.1. 시장금리(일별),010200000,국고채(3년),,,20190521,1.663,연%,ECOS
TREASURY_3Y,국고채 3년 금리,D,817Y002,1.3.2.1. 시장금리(일별),010200000,국고채(3년),,,20190522,1.667,연%,ECOS
TREASURY_3Y,국고채 3년 금리,D,817Y002,1.3.2.1. 시장금리(일별),010200000,국고채(3년),,,20190523,1.648,연%,ECOS
TREASURY_3Y,국고채 3년 금리,D,817Y002,1.3.2.1. 시장금리(일별),010200000,국고채(3년),,,20190524,1.643,연%,ECOS
TREASURY_3Y,국고채 3년 금리,D,817Y002,1.3.2.1. 시장금리(일별),010200000,국고채(3년),,,20190527,1.652,연%,ECOS
TREASURY_3Y,국고채 3년 금리,D,817Y002,1.3.2.1. 시장금리(일별),010200000,국고채(3년),,,20190528,1.654,연%,ECOS
TREASURY_3Y,국고채 3년 금리,D,817Y002,1.3.2.1. 시장금리(일별),010200000,국고채(3년),,,20190529,1.619,연%,ECOS
TREASURY_3Y,국고채 3년 금리,D,817Y002,1.3.2.1. 시장금리(일별),010200000,국고채(3년),,,20190530,1.626,연%,ECOS
TREASURY_3Y,국고채 3년 금리,D,817Y002,1.3.2.1. 시장금리(일별),010200000,국고채(3년),,,20190531,1.587,연%,ECOS
TREASURY_3Y,국고채 3년 금리,D,817Y002,1.3.2.1. 시장금리(일별),010200000,국고채(3년),,,20190603,1.575,연%,ECOS
TREASURY_3Y,국고채 3년 금리,D,817Y002,1.3.2.1. 시장금리(일별),010200000,국고채(3년),,,20190604,1.57,연%,ECOS
TREASURY_3Y,국고채 3년 금리,D,817Y002,1.3.2.1. 시장금리(일별),010200000,국고채(3년),,,20190605,1.542,연%,ECOS
TREASURY_3Y,국고채 3년 금리,D,817Y002,1.3.2.1. 시장금리(일별),010200000,국고채(3년),,,20190607,1.537,연%,ECOS
TREASURY_3Y,국고채 3년 금리,D,817Y002,1.3.2.1. 시장금리(일별),010200000,국고채(3년),,,20190610,1.533,연%,ECOS
TREASURY_3Y,국고채 3년 금리,D,817Y002,1.3.2.1. 시장금리(일별),010200000,국고채(3년),,,20190611,1.542,연%,ECOS
TREASURY_3Y,국고채 3년 금리,D,817Y002,1.3.2.1. 시장금리(일별),010200000,국고채(3년),,,20190612,1.469,연%,ECOS
TREASURY_3Y,국고채 3년 금리,D,817Y002,1.3.2.1. 시장금리(일별),010200000,국고채(3년),,,20190613,1.48,연%,ECOS
TREASURY_3Y,국고채 3년 금리,D,817Y002,1.3.2.1. 시장금리(일별),010200000,국고채(3년),,,20190614,1.47,연%,ECOS
TREASURY_3Y,국고채 3년 금리,D,817Y002,1.3.2.1. 시장금리(일별),010200000,국고채(3년),,,20190617,1.491,연%,ECOS
TREASURY_3Y,국고채 3년 금리,D,817Y002,1.3.2.1. 시장금리(일별),010200000,국고채(3년),,,20190618,1.493,연%,ECOS
TREASURY_3Y,국고채 3년 금리,D,817Y002,1.3.2.1. 시장금리(일별),010200000,국고채(3년),,,20190619,1.484,연%,ECOS
TREASURY_3Y,국고채 3년 금리,D,817Y002,1.3.2.1. 시장금리(일별),010200000,국고채(3년),,,20190620,1.42,연%,ECOS
TREASURY_3Y,국고채 3년 금리,D,817Y002,1.3.2.1. 시장금리(일별),010200000,국고채(3년),,,20190621,1.44,연%,ECOS
TREASURY_3Y,국고채 3년 금리,D,817Y002,1.3.2.1. 시장금리(일별),010200000,국고채(3년),,,20190624,1.44,연%,ECOS
TREASURY_3Y,국고채 3년 금리,D,817Y002,1.3.2.1. 시장금리(일별),010200000,국고채(3년),,,20190625,1.478,연%,ECOS
TREASURY_3Y,국고채 3년 금리,D,817Y002,1.3.2.1. 시장금리(일별),010200000,국고채(3년),,,20190626,1.496,연%,ECOS
TREASURY_3Y,국고채 3년 금리,D,817Y002,1.3.2.1. 시장금리(일별),010200000,국고채(3년),,,20190627,1.494,연%,ECOS
TREASURY_3Y,국고채 3년 금리,D,817Y002,1.3.2.1. 시장금리(일별),010200000,국고채(3년),,,20190628,1.472,연%,ECOS
TREASURY_3Y,국고채 3년 금리,D,817Y002,1.3.2.1. 시장금리(일별),010200000,국고채(3년),,,20190701,1.479,연%,ECOS
TREASURY_3Y,국고채 3년 금리,D,817Y002,1.3.2.1. 시장금리(일별),010200000,국고채(3년),,,20190702,1.463,연%,ECOS
TREASURY_3Y,국고채 3년 금리,D,817Y002,1.3.2.1. 시장금리(일별),010200000,국고채(3년),,,20190703,1.429,연%,ECOS
TREASURY_3Y,국고채 3년 금리,D,817Y002,1.3.2.1. 시장금리(일별),010200000,국고채(3년),,,20190704,1.416,연%,ECOS
TREASURY_3Y,국고채 3년 금리,D,817Y002,1.3.2.1. 시장금리(일별),010200000,국고채(3년),,,20190705,1.423,연%,ECOS
TREASURY_3Y,국고채 3년 금리,D,817Y002,1.3.2.1. 시장금리(일별),010200000,국고채(3년),,,20190708,1.422,연%,ECOS
TREASURY_3Y,국고채 3년 금리,D,817Y002,1.3.2.1. 시장금리(일별),010200000,국고채(3년),,,20190709,1.424,연%,ECOS
TREASURY_3Y,국고채 3년 금리,D,817Y002,1.3.2.1. 시장금리(일별),010200000,국고채(3년),,,20190710,1.438,연%,ECOS
TREASURY_3Y,국고채 3년 금리,D,817Y002,1.3.2.1. 시장금리(일별),010200000,국고채(3년),,,20190711,1.419,연%,ECOS
TREASURY_3Y,국고채 3년 금리,D,817Y002,1.3.2.1. 시장금리(일별),010200000,국고채(3년),,,20190712,1.424,연%,ECOS
TREASURY_3Y,국고채 3년 금리,D,817Y002,1.3.2.1. 시장금리(일별),010200000,국고채(3년),,,20190715,1.434,연%,ECOS
TREASURY_3Y,국고채 3년 금리,D,817Y002,1.3.2.1. 시장금리(일별),010200000,국고채(3년),,,20190716,1.431,연%,ECOS
TREASURY_3Y,국고채 3년 금리,D,817Y002,1.3.2.1. 시장금리(일별),010200000,국고채(3년),,,20190717,1.399,연%,ECOS
TREASURY_3Y,국고채 3년 금리,D,817Y002,1.3.2.1. 시장금리(일별),010200000,국고채(3년),,,20190718,1.345,연%,ECOS
TREASURY_3Y,국고채 3년 금리,D,817Y002,1.3.2.1. 시장금리(일별),010200000,국고채(3년),,,20190719,1.327,연%,ECOS
TREASURY_3Y,국고채 3년 금리,D,817Y002,1.3.2.1. 시장금리(일별),010200000,국고채(3년),,,20190722,1.333,연%,ECOS
TREASURY_3Y,국고채 3년 금리,D,817Y002,1.3.2.1. 시장금리(일별),010200000,국고채(3년),,,20190723,1.339,연%,ECOS
TREASURY_3Y,국고채 3년 금리,D,817Y002,1.3.2.1. 시장금리(일별),010200000,국고채(3년),,,20190724,1.321,연%,ECOS
TREASURY_3Y,국고채 3년 금리,D,817Y002,1.3.2.1. 시장금리(일별),010200000,국고채(3년),,,20190725,1.302,연%,ECOS
TREASURY_3Y,국고채 3년 금리,D,817Y002,1.3.2.1. 시장금리(일별),010200000,국고채(3년),,,20190726,1.308,연%,ECOS
TREASURY_3Y,국고채 3년 금리,D,817Y002,1.3.2.1. 시장금리(일별),010200000,국고채(3년),,,20190729,1.306,연%,ECOS
TREASURY_3Y,국고채 3년 금리,D,817Y002,1.3.2.1. 시장금리(일별),010200000,국고채(3년),,,20190730,1.301,연%,ECOS
TREASURY_3Y,국고채 3년 금리,D,817Y002,1.3.2.1. 시장금리(일별),010200000,국고채(3년),,,20190731,1.292,연%,ECOS
TREASURY_3Y,국고채 3년 금리,D,817Y002,1.3.2.1. 시장금리(일별),010200000,국고채(3년),,,20190801,1.309,연%,ECOS
TREASURY_3Y,국고채 3년 금리,D,817Y002,1.3.2.1. 시장금리(일별),010200000,국고채(3년),,,20190802,1.26,연%,ECOS
TREASURY_3Y,국고채 3년 금리,D,817Y002,1.3.2.1. 시장금리(일별),010200000,국고채(3년),,,20190805,1.172,연%,ECOS
TREASURY_3Y,국고채 3년 금리,D,817Y002,1.3.2.1. 시장금리(일별),010200000,국고채(3년),,,20190806,1.163,연%,ECOS
TREASURY_3Y,국고채 3년 금리,D,817Y002,1.3.2.1. 시장금리(일별),010200000,국고채(3년),,,20190807,1.153,연%,ECOS
TREASURY_3Y,국고채 3년 금리,D,817Y002,1.3.2.1. 시장금리(일별),010200000,국고채(3년),,,20190808,1.165,연%,ECOS
TREASURY_3Y,국고채 3년 금리,D,817Y002,1.3.2.1. 시장금리(일별),010200000,국고채(3년),,,20190809,1.186,연%,ECOS
TREASURY_3Y,국고채 3년 금리,D,817Y002,1.3.2.1. 시장금리(일별),010200000,국고채(3년),,,20190812,1.182,연%,ECOS
TREASURY_3Y,국고채 3년 금리,D,817Y002,1.3.2.1. 시장금리(일별),010200000,국고채(3년),,,20190813,1.15,연%,ECOS
TREASURY_3Y,국고채 3년 금리,D,817Y002,1.3.2.1. 시장금리(일별),010200000,국고채(3년),,,20190814,1.149,연%,ECOS
TREASURY_3Y,국고채 3년 금리,D,817Y002,1.3.2.1. 시장금리(일별),010200000,국고채(3년),,,20190816,1.095,연%,ECOS
TREASURY_3Y,국고채 3년 금리,D,817Y002,1.3.2.1. 시장금리(일별),010200000,국고채(3년),,,20190819,1.093,연%,ECOS
TREASURY_3Y,국고채 3년 금리,D,817Y002,1.3.2.1. 시장금리(일별),010200000,국고채(3년),,,20190820,1.101,연%,ECOS
TREASURY_3Y,국고채 3년 금리,D,817Y002,1.3.2.1. 시장금리(일별),010200000,국고채(3년),,,20190821,1.156,연%,ECOS
TREASURY_3Y,국고채 3년 금리,D,817Y002,1.3.2.1. 시장금리(일별),010200000,국고채(3년),,,20190822,1.13,연%,ECOS
TREASURY_3Y,국고채 3년 금리,D,817Y002,1.3.2.1. 시장금리(일별),010200000,국고채(3년),,,20190823,1.169,연%,ECOS
TREASURY_3Y,국고채 3년 금리,D,817Y002,1.3.2.1. 시장금리(일별),010200000,국고채(3년),,,20190826,1.121,연%,ECOS
TREASURY_3Y,국고채 3년 금리,D,817Y002,1.3.2.1. 시장금리(일별),010200000,국고채(3년),,,20190827,1.171,연%,ECOS
TREASURY_3Y,국고채 3년 금리,D,817Y002,1.3.2.1. 시장금리(일별),010200000,국고채(3년),,,20190828,1.18,연%,ECOS
TREASURY_3Y,국고채 3년 금리,D,817Y002,1.3.2.1. 시장금리(일별),010200000,국고채(3년),,,20190829,1.167,연%,ECOS
TREASURY_3Y,국고채 3년 금리,D,817Y002,1.3.2.1. 시장금리(일별),010200000,국고채(3년),,,20190830,1.168,연%,ECOS
TREASURY_3Y,국고채 3년 금리,D,817Y002,1.3.2.1. 시장금리(일별),010200000,국고채(3년),,,20190902,1.233,연%,ECOS
TREASURY_3Y,국고채 3년 금리,D,817Y002,1.3.2.1. 시장금리(일별),010200000,국고채(3년),,,20190903,1.228,연%,ECOS
TREASURY_3Y,국고채 3년 금리,D,817Y002,1.3.2.1. 시장금리(일별),010200000,국고채(3년),,,20190904,1.241,연%,ECOS
TREASURY_3Y,국고채 3년 금리,D,817Y002,1.3.2.1. 시장금리(일별),010200000,국고채(3년),,,20190905,1.259,연%,ECOS
TREASURY_3Y,국고채 3년 금리,D,817Y002,1.3.2.1. 시장금리(일별),010200000,국고채(3년),,,20190906,1.265,연%,ECOS
TREASURY_3Y,국고채 3년 금리,D,817Y002,1.3.2.1. 시장금리(일별),010200000,국고채(3년),,,20190909,1.235,연%,ECOS
TREASURY_3Y,국고채 3년 금리,D,817Y002,1.3.2.1. 시장금리(일별),010200000,국고채(3년),,,20190910,1.242,연%,ECOS
TREASURY_3Y,국고채 3년 금리,D,817Y002,1.3.2.1. 시장금리(일별),010200000,국고채(3년),,,20190911,1.258,연%,ECOS
TREASURY_3Y,국고채 3년 금리,D,817Y002,1.3.2.1. 시장금리(일별),010200000,국고채(3년),,,20190916,1.348,연%,ECOS
TREASURY_3Y,국고채 3년 금리,D,817Y002,1.3.2.1. 시장금리(일별),010200000,국고채(3년),,,20190917,1.315,연%,ECOS
TREASURY_3Y,국고채 3년 금리,D,817Y002,1.3.2.1. 시장금리(일별),010200000,국고채(3년),,,20190918,1.309,연%,ECOS
TREASURY_3Y,국고채 3년 금리,D,817Y002,1.3.2.1. 시장금리(일별),010200000,국고채(3년),,,20190919,1.329,연%,ECOS
TREASURY_3Y,국고채 3년 금리,D,817Y002,1.3.2.1. 시장금리(일별),010200000,국고채(3년),,,20190920,1.332,연%,ECOS
TREASURY_3Y,국고채 3년 금리,D,817Y002,1.3.2.1. 시장금리(일별),010200000,국고채(3년),,,20190923,1.331,연%,ECOS
TREASURY_3Y,국고채 3년 금리,D,817Y002,1.3.2.1. 시장금리(일별),010200000,국고채(3년),,,20190924,1.325,연%,ECOS
TREASURY_3Y,국고채 3년 금리,D,817Y002,1.3.2.1. 시장금리(일별),010200000,국고채(3년),,,20190925,1.304,연%,ECOS
TREASURY_3Y,국고채 3년 금리,D,817Y002,1.3.2.1. 시장금리(일별),010200000,국고채(3년),,,20190926,1.301,연%,ECOS
TREASURY_3Y,국고채 3년 금리,D,817Y002,1.3.2.1. 시장금리(일별),010200000,국고채(3년),,,20190927,1.301,연%,ECOS
TREASURY_3Y,국고채 3년 금리,D,817Y002,1.3.2.1. 시장금리(일별),010200000,국고채(3년),,,20190930,1.297,연%,ECOS
TREASURY_3Y,국고채 3년 금리,D,817Y002,1.3.2.1. 시장금리(일별),010200000,국고채(3년),,,20191001,1.323,연%,ECOS
TREASURY_3Y,국고채 3년 금리,D,817Y002,1.3.2.1. 시장금리(일별),010200000,국고채(3년),,,20191002,1.303,연%,ECOS
TREASURY_3Y,국고채 3년 금리,D,817Y002,1.3.2.1. 시장금리(일별),010200000,국고채(3년),,,20191004,1.21,연%,ECOS
TREASURY_3Y,국고채 3년 금리,D,817Y002,1.3.2.1. 시장금리(일별),010200000,국고채(3년),,,20191007,1.232,연%,ECOS
TREASURY_3Y,국고채 3년 금리,D,817Y002,1.3.2.1. 시장금리(일별),010200000,국고채(3년),,,20191008,1.264,연%,ECOS
TREASURY_3Y,국고채 3년 금리,D,817Y002,1.3.2.1. 시장금리(일별),010200000,국고채(3년),,,20191010,1.276,연%,ECOS
TREASURY_3Y,국고채 3년 금리,D,817Y002,1.3.2.1. 시장금리(일별),010200000,국고채(3년),,,20191011,1.281,연%,ECOS
TREASURY_3Y,국고채 3년 금리,D,817Y002,1.3.2.1. 시장금리(일별),010200000,국고채(3년),,,20191014,1.281,연%,ECOS
TREASURY_3Y,국고채 3년 금리,D,817Y002,1.3.2.1. 시장금리(일별),010200000,국고채(3년),,,20191015,1.281,연%,ECOS
TREASURY_3Y,국고채 3년 금리,D,817Y002,1.3.2.1. 시장금리(일별),010200000,국고채(3년),,,20191016,1.32,연%,ECOS
TREASURY_3Y,국고채 3년 금리,D,817Y002,1.3.2.1. 시장금리(일별),010200000,국고채(3년),,,20191017,1.375,연%,ECOS
TREASURY_3Y,국고채 3년 금리,D,817Y002,1.3.2.1. 시장금리(일별),010200000,국고채(3년),,,20191018,1.375,연%,ECOS
TREASURY_3Y,국고채 3년 금리,D,817Y002,1.3.2.1. 시장금리(일별),010200000,국고채(3년),,,20191021,1.408,연%,ECOS
TREASURY_3Y,국고채 3년 금리,D,817Y002,1.3.2.1. 시장금리(일별),010200000,국고채(3년),,,20191022,1.379,연%,ECOS
TREASURY_3Y,국고채 3년 금리,D,817Y002,1.3.2.1. 시장금리(일별),010200000,국고채(3년),,,20191023,1.388,연%,ECOS
TREASURY_3Y,국고채 3년 금리,D,817Y002,1.3.2.1. 시장금리(일별),010200000,국고채(3년),,,20191024,1.396,연%,ECOS
TREASURY_3Y,국고채 3년 금리,D,817Y002,1.3.2.1. 시장금리(일별),010200000,국고채(3년),,,20191025,1.435,연%,ECOS
TREASURY_3Y,국고채 3년 금리,D,817Y002,1.3.2.1. 시장금리(일별),010200000,국고채(3년),,,20191028,1.523,연%,ECOS
TREASURY_3Y,국고채 3년 금리,D,817Y002,1.3.2.1. 시장금리(일별),010200000,국고채(3년),,,20191029,1.499,연%,ECOS
TREASURY_3Y,국고채 3년 금리,D,817Y002,1.3.2.1. 시장금리(일별),010200000,국고채(3년),,,20191030,1.481,연%,ECOS
TREASURY_3Y,국고채 3년 금리,D,817Y002,1.3.2.1. 시장금리(일별),010200000,국고채(3년),,,20191031,1.466,연%,ECOS
TREASURY_3Y,국고채 3년 금리,D,817Y002,1.3.2.1. 시장금리(일별),010200000,국고채(3년),,,20191101,1.467,연%,ECOS
TREASURY_3Y,국고채 3년 금리,D,817Y002,1.3.2.1. 시장금리(일별),010200000,국고채(3년),,,20191104,1.55,연%,ECOS
TREASURY_3Y,국고채 3년 금리,D,817Y002,1.3.2.1. 시장금리(일별),010200000,국고채(3년),,,20191105,1.522,연%,ECOS
TREASURY_3Y,국고채 3년 금리,D,817Y002,1.3.2.1. 시장금리(일별),010200000,국고채(3년),,,20191106,1.53,연%,ECOS
TREASURY_3Y,국고채 3년 금리,D,817Y002,1.3.2.1. 시장금리(일별),010200000,국고채(3년),,,20191107,1.541,연%,ECOS
TREASURY_3Y,국고채 3년 금리,D,817Y002,1.3.2.1. 시장금리(일별),010200000,국고채(3년),,,20191108,1.518,연%,ECOS
TREASURY_3Y,국고채 3년 금리,D,817Y002,1.3.2.1. 시장금리(일별),010200000,국고채(3년),,,20191111,1.5,연%,ECOS
TREASURY_3Y,국고채 3년 금리,D,817Y002,1.3.2.1. 시장금리(일별),010200000,국고채(3년),,,20191112,1.564,연%,ECOS
TREASURY_3Y,국고채 3년 금리,D,817Y002,1.3.2.1. 시장금리(일별),010200000,국고채(3년),,,20191113,1.51,연%,ECOS
TREASURY_3Y,국고채 3년 금리,D,817Y002,1.3.2.1. 시장금리(일별),010200000,국고채(3년),,,20191114,1.515,연%,ECOS
TREASURY_3Y,국고채 3년 금리,D,817Y002,1.3.2.1. 시장금리(일별),010200000,국고채(3년),,,20191115,1.513,연%,ECOS
TREASURY_3Y,국고채 3년 금리,D,817Y002,1.3.2.1. 시장금리(일별),010200000,국고채(3년),,,20191118,1.518,연%,ECOS
TREASURY_3Y,국고채 3년 금리,D,817Y002,1.3.2.1. 시장금리(일별),010200000,국고채(3년),,,20191119,1.485,연%,ECOS
TREASURY_3Y,국고채 3년 금리,D,817Y002,1.3.2.1. 시장금리(일별),010200000,국고채(3년),,,20191120,1.45,연%,ECOS
TREASURY_3Y,국고채 3년 금리,D,817Y002,1.3.2.1. 시장금리(일별),010200000,국고채(3년),,,20191121,1.462,연%,ECOS
TREASURY_3Y,국고채 3년 금리,D,817Y002,1.3.2.1. 시장금리(일별),010200000,국고채(3년),,,20191122,1.456,연%,ECOS
TREASURY_3Y,국고채 3년 금리,D,817Y002,1.3.2.1. 시장금리(일별),010200000,국고채(3년),,,20191125,1.475,연%,ECOS
TREASURY_3Y,국고채 3년 금리,D,817Y002,1.3.2.1. 시장금리(일별),010200000,국고채(3년),,,20191126,1.475,연%,ECOS
TREASURY_3Y,국고채 3년 금리,D,817Y002,1.3.2.1. 시장금리(일별),010200000,국고채(3년),,,20191127,1.456,연%,ECOS
TREASURY_3Y,국고채 3년 금리,D,817Y002,1.3.2.1. 시장금리(일별),010200000,국고채(3년),,,20191128,1.43,연%,ECOS
TREASURY_3Y,국고채 3년 금리,D,817Y002,1.3.2.1. 시장금리(일별),010200000,국고채(3년),,,20191129,1.385,연%,ECOS
TREASURY_3Y,국고채 3년 금리,D,817Y002,1.3.2.1. 시장금리(일별),010200000,국고채(3년),,,20191202,1.425,연%,ECOS
TREASURY_3Y,국고채 3년 금리,D,817Y002,1.3.2.1. 시장금리(일별),010200000,국고채(3년),,,20191203,1.46,연%,ECOS
TREASURY_3Y,국고채 3년 금리,D,817Y002,1.3.2.1. 시장금리(일별),010200000,국고채(3년),,,20191204,1.406,연%,ECOS
TREASURY_3Y,국고채 3년 금리,D,817Y002,1.3.2.1. 시장금리(일별),010200000,국고채(3년),,,20191205,1.423,연%,ECOS
TREASURY_3Y,국고채 3년 금리,D,817Y002,1.3.2.1. 시장금리(일별),010200000,국고채(3년),,,20191206,1.43,연%,ECOS
TREASURY_3Y,국고채 3년 금리,D,817Y002,1.3.2.1. 시장금리(일별),010200000,국고채(3년),,,20191209,1.412,연%,ECOS
TREASURY_3Y,국고채 3년 금리,D,817Y002,1.3.2.1. 시장금리(일별),010200000,국고채(3년),,,20191210,1.39,연%,ECOS
TREASURY_3Y,국고채 3년 금리,D,817Y002,1.3.2.1. 시장금리(일별),010200000,국고채(3년),,,20191211,1.381,연%,ECOS
TREASURY_3Y,국고채 3년 금리,D,817Y002,1.3.2.1. 시장금리(일별),010200000,국고채(3년),,,20191212,1.382,연%,ECOS
TREASURY_3Y,국고채 3년 금리,D,817Y002,1.3.2.1. 시장금리(일별),010200000,국고채(3년),,,20191213,1.402,연%,ECOS
TREASURY_3Y,국고채 3년 금리,D,817Y002,1.3.2.1. 시장금리(일별),010200000,국고채(3년),,,20191216,1.369,연%,ECOS
TREASURY_3Y,국고채 3년 금리,D,817Y002,1.3.2.1. 시장금리(일별),010200000,국고채(3년),,,20191217,1.363,연%,ECOS
TREASURY_3Y,국고채 3년 금리,D,817Y002,1.3.2.1. 시장금리(일별),010200000,국고채(3년),,,20191218,1.357,연%,ECOS
TREASURY_3Y,국고채 3년 금리,D,817Y002,1.3.2.1. 시장금리(일별),010200000,국고채(3년),,,20191219,1.383,연%,ECOS
TREASURY_3Y,국고채 3년 금리,D,817Y002,1.3.2.1. 시장금리(일별),010200000,국고채(3년),,,20191220,1.392,연%,ECOS
TREASURY_3Y,국고채 3년 금리,D,817Y002,1.3.2.1. 시장금리(일별),010200000,국고채(3년),,,20191223,1.38,연%,ECOS
TREASURY_3Y,국고채 3년 금리,D,817Y002,1.3.2.1. 시장금리(일별),010200000,국고채(3년),,,20191224,1.37,연%,ECOS
TREASURY_3Y,국고채 3년 금리,D,817Y002,1.3.2.1. 시장금리(일별),010200000,국고채(3년),,,20191226,1.367,연%,ECOS
TREASURY_3Y,국고채 3년 금리,D,817Y002,1.3.2.1. 시장금리(일별),010200000,국고채(3년),,,20191227,1.37,연%,ECOS
TREASURY_3Y,국고채 3년 금리,D,817Y002,1.3.2.1. 시장금리(일별),010200000,국고채(3년),,,20191230,1.36,연%,ECOS
TREASURY_3Y,국고채 3년 금리,D,817Y002,1.3.2.1. 시장금리(일별),010200000,국고채(3년),,,20191231,1.36,연%,ECOS
TREASURY_3Y,국고채 3년 금리,D,817Y002,1.3.2.1. 시장금리(일별),010200000,국고채(3년),,,20200102,1.327,연%,ECOS
TREASURY_3Y,국고채 3년 금리,D,817Y002,1.3.2.1. 시장금리(일별),010200000,국고채(3년),,,20200103,1.27,연%,ECOS
TREASURY_3Y,국고채 3년 금리,D,817Y002,1.3.2.1. 시장금리(일별),010200000,국고채(3년),,,20200106,1.277,연%,ECOS
TREASURY_3Y,국고채 3년 금리,D,817Y002,1.3.2.1. 시장금리(일별),010200000,국고채(3년),,,20200107,1.331,연%,ECOS
TREASURY_3Y,국고채 3년 금리,D,817Y002,1.3.2.1. 시장금리(일별),010200000,국고채(3년),,,20200108,1.363,연%,ECOS
TREASURY_3Y,국고채 3년 금리,D,817Y002,1.3.2.1. 시장금리(일별),010200000,국고채(3년),,,20200109,1.416,연%,ECOS
TREASURY_3Y,국고채 3년 금리,D,817Y002,1.3.2.1. 시장금리(일별),010200000,국고채(3년),,,20200110,1.425,연%,ECOS
TREASURY_3Y,국고채 3년 금리,D,817Y002,1.3.2.1. 시장금리(일별),010200000,국고채(3년),,,20200113,1.418,연%,ECOS
TREASURY_3Y,국고채 3년 금리,D,817Y002,1.3.2.1. 시장금리(일별),010200000,국고채(3년),,,20200114,1.386,연%,ECOS
TREASURY_3Y,국고채 3년 금리,D,817Y002,1.3.2.1. 시장금리(일별),010200000,국고채(3년),,,20200115,1.391,연%,ECOS
TREASURY_3Y,국고채 3년 금리,D,817Y002,1.3.2.1. 시장금리(일별),010200000,국고채(3년),,,20200116,1.426,연%,ECOS
TREASURY_3Y,국고채 3년 금리,D,817Y002,1.3.2.1. 시장금리(일별),010200000,국고채(3년),,,20200117,1.433,연%,ECOS
TREASURY_3Y,국고채 3년 금리,D,817Y002,1.3.2.1. 시장금리(일별),010200000,국고채(3년),,,20200120,1.455,연%,ECOS
TREASURY_3Y,국고채 3년 금리,D,817Y002,1.3.2.1. 시장금리(일별),010200000,국고채(3년),,,20200121,1.395,연%,ECOS
TREASURY_3Y,국고채 3년 금리,D,817Y002,1.3.2.1. 시장금리(일별),010200000,국고채(3년),,,20200122,1.437,연%,ECOS
TREASURY_3Y,국고채 3년 금리,D,817Y002,1.3.2.1. 시장금리(일별),010200000,국고채(3년),,,20200123,1.424,연%,ECOS
TREASURY_3Y,국고채 3년 금리,D,817Y002,1.3.2.1. 시장금리(일별),010200000,국고채(3년),,,20200128,1.352,연%,ECOS
TREASURY_3Y,국고채 3년 금리,D,817Y002,1.3.2.1. 시장금리(일별),010200000,국고채(3년),,,20200129,1.33,연%,ECOS
TREASURY_3Y,국고채 3년 금리,D,817Y002,1.3.2.1. 시장금리(일별),010200000,국고채(3년),,,20200130,1.301,연%,ECOS
TREASURY_3Y,국고채 3년 금리,D,817Y002,1.3.2.1. 시장금리(일별),010200000,국고채(3년),,,20200131,1.303,연%,ECOS
TREASURY_3Y,국고채 3년 금리,D,817Y002,1.3.2.1. 시장금리(일별),010200000,국고채(3년),,,20200203,1.291,연%,ECOS
TREASURY_3Y,국고채 3년 금리,D,817Y002,1.3.2.1. 시장금리(일별),010200000,국고채(3년),,,20200204,1.331,연%,ECOS
TREASURY_3Y,국고채 3년 금리,D,817Y002,1.3.2.1. 시장금리(일별),010200000,국고채(3년),,,20200205,1.307,연%,ECOS
TREASURY_3Y,국고채 3년 금리,D,817Y002,1.3.2.1. 시장금리(일별),010200000,국고채(3년),,,20200206,1.311,연%,ECOS
TREASURY_3Y,국고채 3년 금리,D,817Y002,1.3.2.1. 시장금리(일별),010200000,국고채(3년),,,20200207,1.28,연%,ECOS
TREASURY_3Y,국고채 3년 금리,D,817Y002,1.3.2.1. 시장금리(일별),010200000,국고채(3년),,,20200210,1.296,연%,ECOS
TREASURY_3Y,국고채 3년 금리,D,817Y002,1.3.2.1. 시장금리(일별),010200000,국고채(3년),,,20200211,1.299,연%,ECOS
TREASURY_3Y,국고채 3년 금리,D,817Y002,1.3.2.1. 시장금리(일별),010200000,국고채(3년),,,20200212,1.297,연%,ECOS
TREASURY_3Y,국고채 3년 금리,D,817Y002,1.3.2.1. 시장금리(일별),010200000,국고채(3년),,,20200213,1.275,연%,ECOS
TREASURY_3Y,국고채 3년 금리,D,817Y002,1.3.2.1. 시장금리(일별),010200000,국고채(3년),,,20200214,1.33,연%,ECOS
TREASURY_3Y,국고채 3년 금리,D,817Y002,1.3.2.1. 시장금리(일별),010200000,국고채(3년),,,20200217,1.32,연%,ECOS
TREASURY_3Y,국고채 3년 금리,D,817Y002,1.3.2.1. 시장금리(일별),010200000,국고채(3년),,,20200218,1.271,연%,ECOS
TREASURY_3Y,국고채 3년 금리,D,817Y002,1.3.2.1. 시장금리(일별),010200000,국고채(3년),,,20200219,1.284,연%,ECOS
TREASURY_3Y,국고채 3년 금리,D,817Y002,1.3.2.1. 시장금리(일별),010200000,국고채(3년),,,20200220,1.234,연%,ECOS
TREASURY_3Y,국고채 3년 금리,D,817Y002,1.3.2.1. 시장금리(일별),010200000,국고채(3년),,,20200221,1.182,연%,ECOS
TREASURY_3Y,국고채 3년 금리,D,817Y002,1.3.2.1. 시장금리(일별),010200000,국고채(3년),,,20200224,1.139,연%,ECOS
TREASURY_3Y,국고채 3년 금리,D,817Y002,1.3.2.1. 시장금리(일별),010200000,국고채(3년),,,20200225,1.171,연%,ECOS
TREASURY_3Y,국고채 3년 금리,D,817Y002,1.3.2.1. 시장금리(일별),010200000,국고채(3년),,,20200226,1.135,연%,ECOS
TREASURY_3Y,국고채 3년 금리,D,817Y002,1.3.2.1. 시장금리(일별),010200000,국고채(3년),,,20200227,1.194,연%,ECOS
TREASURY_3Y,국고채 3년 금리,D,817Y002,1.3.2.1. 시장금리(일별),010200000,국고채(3년),,,20200228,1.104,연%,ECOS
TREASURY_3Y,국고채 3년 금리,D,817Y002,1.3.2.1. 시장금리(일별),010200000,국고채(3년),,,20200302,1.128,연%,ECOS
TREASURY_3Y,국고채 3년 금리,D,817Y002,1.3.2.1. 시장금리(일별),010200000,국고채(3년),,,20200303,1.11,연%,ECOS
TREASURY_3Y,국고채 3년 금리,D,817Y002,1.3.2.1. 시장금리(일별),010200000,국고채(3년),,,20200304,1.029,연%,ECOS
TREASURY_3Y,국고채 3년 금리,D,817Y002,1.3.2.1. 시장금리(일별),010200000,국고채(3년),,,20200305,1.051,연%,ECOS
TREASURY_3Y,국고채 3년 금리,D,817Y002,1.3.2.1. 시장금리(일별),010200000,국고채(3년),,,20200306,1.078,연%,ECOS
TREASURY_3Y,국고채 3년 금리,D,817Y002,1.3.2.1. 시장금리(일별),010200000,국고채(3년),,,20200309,1.038,연%,ECOS
TREASURY_3Y,국고채 3년 금리,D,817Y002,1.3.2.1. 시장금리(일별),010200000,국고채(3년),,,20200310,1.082,연%,ECOS
TREASURY_3Y,국고채 3년 금리,D,817Y002,1.3.2.1. 시장금리(일별),010200000,국고채(3년),,,20200311,1.086,연%,ECOS
TREASURY_3Y,국고채 3년 금리,D,817Y002,1.3.2.1. 시장금리(일별),010200000,국고채(3년),,,20200312,1.062,연%,ECOS
TREASURY_3Y,국고채 3년 금리,D,817Y002,1.3.2.1. 시장금리(일별),010200000,국고채(3년),,,20200313,1.149,연%,ECOS
TREASURY_3Y,국고채 3년 금리,D,817Y002,1.3.2.1. 시장금리(일별),010200000,국고채(3년),,,20200316,1.099,연%,ECOS
TREASURY_3Y,국고채 3년 금리,D,817Y002,1.3.2.1. 시장금리(일별),010200000,국고채(3년),,,20200317,1.03,연%,ECOS
TREASURY_3Y,국고채 3년 금리,D,817Y002,1.3.2.1. 시장금리(일별),010200000,국고채(3년),,,20200318,1.05,연%,ECOS
TREASURY_3Y,국고채 3년 금리,D,817Y002,1.3.2.1. 시장금리(일별),010200000,국고채(3년),,,20200319,1.193,연%,ECOS
TREASURY_3Y,국고채 3년 금리,D,817Y002,1.3.2.1. 시장금리(일별),010200000,국고채(3년),,,20200320,1.107,연%,ECOS
TREASURY_3Y,국고채 3년 금리,D,817Y002,1.3.2.1. 시장금리(일별),010200000,국고채(3년),,,20200323,1.153,연%,ECOS
TREASURY_3Y,국고채 3년 금리,D,817Y002,1.3.2.1. 시장금리(일별),010200000,국고채(3년),,,20200324,1.127,연%,ECOS
TREASURY_3Y,국고채 3년 금리,D,817Y002,1.3.2.1. 시장금리(일별),010200000,국고채(3년),,,20200325,1.131,연%,ECOS
TREASURY_3Y,국고채 3년 금리,D,817Y002,1.3.2.1. 시장금리(일별),010200000,국고채(3년),,,20200326,1.067,연%,ECOS
TREASURY_3Y,국고채 3년 금리,D,817Y002,1.3.2.1. 시장금리(일별),010200000,국고채(3년),,,20200327,1.06,연%,ECOS
TREASURY_3Y,국고채 3년 금리,D,817Y002,1.3.2.1. 시장금리(일별),010200000,국고채(3년),,,20200330,1.098,연%,ECOS
TREASURY_3Y,국고채 3년 금리,D,817Y002,1.3.2.1. 시장금리(일별),010200000,국고채(3년),,,20200331,1.07,연%,ECOS
TREASURY_3Y,국고채 3년 금리,D,817Y002,1.3.2.1. 시장금리(일별),010200000,국고채(3년),,,20200401,1.092,연%,ECOS
TREASURY_3Y,국고채 3년 금리,D,817Y002,1.3.2.1. 시장금리(일별),010200000,국고채(3년),,,20200402,1.059,연%,ECOS
TREASURY_3Y,국고채 3년 금리,D,817Y002,1.3.2.1. 시장금리(일별),010200000,국고채(3년),,,20200403,1.066,연%,ECOS
TREASURY_3Y,국고채 3년 금리,D,817Y002,1.3.2.1. 시장금리(일별),010200000,국고채(3년),,,20200406,1.052,연%,ECOS
TREASURY_3Y,국고채 3년 금리,D,817Y002,1.3.2.1. 시장금리(일별),010200000,국고채(3년),,,20200407,1.047,연%,ECOS
TREASURY_3Y,국고채 3년 금리,D,817Y002,1.3.2.1. 시장금리(일별),010200000,국고채(3년),,,20200408,1.024,연%,ECOS
TREASURY_3Y,국고채 3년 금리,D,817Y002,1.3.2.1. 시장금리(일별),010200000,국고채(3년),,,20200409,0.986,연%,ECOS
TREASURY_3Y,국고채 3년 금리,D,817Y002,1.3.2.1. 시장금리(일별),010200000,국고채(3년),,,20200410,0.97,연%,ECOS
TREASURY_3Y,국고채 3년 금리,D,817Y002,1.3.2.1. 시장금리(일별),010200000,국고채(3년),,,20200413,0.996,연%,ECOS
TREASURY_3Y,국고채 3년 금리,D,817Y002,1.3.2.1. 시장금리(일별),010200000,국고채(3년),,,20200414,0.996,연%,ECOS
TREASURY_3Y,국고채 3년 금리,D,817Y002,1.3.2.1. 시장금리(일별),010200000,국고채(3년),,,20200416,0.982,연%,ECOS
TREASURY_3Y,국고채 3년 금리,D,817Y002,1.3.2.1. 시장금리(일별),010200000,국고채(3년),,,20200417,1.006,연%,ECOS
TREASURY_3Y,국고채 3년 금리,D,817Y002,1.3.2.1. 시장금리(일별),010200000,국고채(3년),,,20200420,1.013,연%,ECOS
TREASURY_3Y,국고채 3년 금리,D,817Y002,1.3.2.1. 시장금리(일별),010200000,국고채(3년),,,20200421,1.035,연%,ECOS
TREASURY_3Y,국고채 3년 금리,D,817Y002,1.3.2.1. 시장금리(일별),010200000,국고채(3년),,,20200422,1.046,연%,ECOS
TREASURY_3Y,국고채 3년 금리,D,817Y002,1.3.2.1. 시장금리(일별),010200000,국고채(3년),,,20200423,1.036,연%,ECOS
TREASURY_3Y,국고채 3년 금리,D,817Y002,1.3.2.1. 시장금리(일별),010200000,국고채(3년),,,20200424,1.018,연%,ECOS
TREASURY_3Y,국고채 3년 금리,D,817Y002,1.3.2.1. 시장금리(일별),010200000,국고채(3년),,,20200427,1.026,연%,ECOS
TREASURY_3Y,국고채 3년 금리,D,817Y002,1.3.2.1. 시장금리(일별),010200000,국고채(3년),,,20200428,1.033,연%,ECOS
TREASURY_3Y,국고채 3년 금리,D,817Y002,1.3.2.1. 시장금리(일별),010200000,국고채(3년),,,20200429,1.006,연%,ECOS
TREASURY_3Y,국고채 3년 금리,D,817Y002,1.3.2.1. 시장금리(일별),010200000,국고채(3년),,,20200504,0.975,연%,ECOS
TREASURY_3Y,국고채 3년 금리,D,817Y002,1.3.2.1. 시장금리(일별),010200000,국고채(3년),,,20200506,0.96,연%,ECOS
TREASURY_3Y,국고채 3년 금리,D,817Y002,1.3.2.1. 시장금리(일별),010200000,국고채(3년),,,20200507,0.946,연%,ECOS
TREASURY_3Y,국고채 3년 금리,D,817Y002,1.3.2.1. 시장금리(일별),010200000,국고채(3년),,,20200508,0.914,연%,ECOS
TREASURY_3Y,국고채 3년 금리,D,817Y002,1.3.2.1. 시장금리(일별),010200000,국고채(3년),,,20200511,0.926,연%,ECOS
TREASURY_3Y,국고채 3년 금리,D,817Y002,1.3.2.1. 시장금리(일별),010200000,국고채(3년),,,20200512,0.886,연%,ECOS
TREASURY_3Y,국고채 3년 금리,D,817Y002,1.3.2.1. 시장금리(일별),010200000,국고채(3년),,,20200513,0.856,연%,ECOS
TREASURY_3Y,국고채 3년 금리,D,817Y002,1.3.2.1. 시장금리(일별),010200000,국고채(3년),,,20200514,0.869,연%,ECOS
TREASURY_3Y,국고채 3년 금리,D,817Y002,1.3.2.1. 시장금리(일별),010200000,국고채(3년),,,20200515,0.874,연%,ECOS
TREASURY_3Y,국고채 3년 금리,D,817Y002,1.3.2.1. 시장금리(일별),010200000,국고채(3년),,,20200518,0.887,연%,ECOS
TREASURY_3Y,국고채 3년 금리,D,817Y002,1.3.2.1. 시장금리(일별),010200000,국고채(3년),,,20200519,0.876,연%,ECOS
TREASURY_3Y,국고채 3년 금리,D,817Y002,1.3.2.1. 시장금리(일별),010200000,국고채(3년),,,20200520,0.868,연%,ECOS
TREASURY_3Y,국고채 3년 금리,D,817Y002,1.3.2.1. 시장금리(일별),010200000,국고채(3년),,,20200521,0.856,연%,ECOS
TREASURY_3Y,국고채 3년 금리,D,817Y002,1.3.2.1. 시장금리(일별),010200000,국고채(3년),,,20200522,0.837,연%,ECOS
TREASURY_3Y,국고채 3년 금리,D,817Y002,1.3.2.1. 시장금리(일별),010200000,국고채(3년),,,20200525,0.815,연%,ECOS
TREASURY_3Y,국고채 3년 금리,D,817Y002,1.3.2.1. 시장금리(일별),010200000,국고채(3년),,,20200526,0.839,연%,ECOS
TREASURY_3Y,국고채 3년 금리,D,817Y002,1.3.2.1. 시장금리(일별),010200000,국고채(3년),,,20200527,0.863,연%,ECOS
TREASURY_3Y,국고채 3년 금리,D,817Y002,1.3.2.1. 시장금리(일별),010200000,국고채(3년),,,20200528,0.818,연%,ECOS
TREASURY_3Y,국고채 3년 금리,D,817Y002,1.3.2.1. 시장금리(일별),010200000,국고채(3년),,,20200529,0.826,연%,ECOS
TREASURY_3Y,국고채 3년 금리,D,817Y002,1.3.2.1. 시장금리(일별),010200000,국고채(3년),,,20200601,0.831,연%,ECOS
TREASURY_3Y,국고채 3년 금리,D,817Y002,1.3.2.1. 시장금리(일별),010200000,국고채(3년),,,20200602,0.851,연%,ECOS
TREASURY_3Y,국고채 3년 금리,D,817Y002,1.3.2.1. 시장금리(일별),010200000,국고채(3년),,,20200603,0.866,연%,ECOS
TREASURY_3Y,국고채 3년 금리,D,817Y002,1.3.2.1. 시장금리(일별),010200000,국고채(3년),,,20200604,0.886,연%,ECOS
TREASURY_3Y,국고채 3년 금리,D,817Y002,1.3.2.1. 시장금리(일별),010200000,국고채(3년),,,20200605,0.894,연%,ECOS
TREASURY_3Y,국고채 3년 금리,D,817Y002,1.3.2.1. 시장금리(일별),010200000,국고채(3년),,,20200608,0.902,연%,ECOS
TREASURY_3Y,국고채 3년 금리,D,817Y002,1.3.2.1. 시장금리(일별),010200000,국고채(3년),,,20200609,0.861,연%,ECOS
TREASURY_3Y,국고채 3년 금리,D,817Y002,1.3.2.1. 시장금리(일별),010200000,국고채(3년),,,20200610,0.84,연%,ECOS
TREASURY_3Y,국고채 3년 금리,D,817Y002,1.3.2.1. 시장금리(일별),010200000,국고채(3년),,,20200611,0.837,연%,ECOS
TREASURY_3Y,국고채 3년 금리,D,817Y002,1.3.2.1. 시장금리(일별),010200000,국고채(3년),,,20200612,0.841,연%,ECOS
TREASURY_3Y,국고채 3년 금리,D,817Y002,1.3.2.1. 시장금리(일별),010200000,국고채(3년),,,20200615,0.861,연%,ECOS
TREASURY_3Y,국고채 3년 금리,D,817Y002,1.3.2.1. 시장금리(일별),010200000,국고채(3년),,,20200616,0.86,연%,ECOS
TREASURY_3Y,국고채 3년 금리,D,817Y002,1.3.2.1. 시장금리(일별),010200000,국고채(3년),,,20200617,0.874,연%,ECOS
TREASURY_3Y,국고채 3년 금리,D,817Y002,1.3.2.1. 시장금리(일별),010200000,국고채(3년),,,20200618,0.842,연%,ECOS
TREASURY_3Y,국고채 3년 금리,D,817Y002,1.3.2.1. 시장금리(일별),010200000,국고채(3년),,,20200619,0.844,연%,ECOS
TREASURY_3Y,국고채 3년 금리,D,817Y002,1.3.2.1. 시장금리(일별),010200000,국고채(3년),,,20200622,0.846,연%,ECOS
TREASURY_3Y,국고채 3년 금리,D,817Y002,1.3.2.1. 시장금리(일별),010200000,국고채(3년),,,20200623,0.827,연%,ECOS
TREASURY_3Y,국고채 3년 금리,D,817Y002,1.3.2.1. 시장금리(일별),010200000,국고채(3년),,,20200624,0.819,연%,ECOS
TREASURY_3Y,국고채 3년 금리,D,817Y002,1.3.2.1. 시장금리(일별),010200000,국고채(3년),,,20200625,0.817,연%,ECOS
TREASURY_3Y,국고채 3년 금리,D,817Y002,1.3.2.1. 시장금리(일별),010200000,국고채(3년),,,20200626,0.811,연%,ECOS
TREASURY_3Y,국고채 3년 금리,D,817Y002,1.3.2.1. 시장금리(일별),010200000,국고채(3년),,,20200629,0.842,연%,ECOS
TREASURY_3Y,국고채 3년 금리,D,817Y002,1.3.2.1. 시장금리(일별),010200000,국고채(3년),,,20200630,0.842,연%,ECOS
TREASURY_3Y,국고채 3년 금리,D,817Y002,1.3.2.1. 시장금리(일별),010200000,국고채(3년),,,20200701,0.847,연%,ECOS
TREASURY_3Y,국고채 3년 금리,D,817Y002,1.3.2.1. 시장금리(일별),010200000,국고채(3년),,,20200702,0.831,연%,ECOS
TREASURY_3Y,국고채 3년 금리,D,817Y002,1.3.2.1. 시장금리(일별),010200000,국고채(3년),,,20200703,0.838,연%,ECOS
TREASURY_3Y,국고채 3년 금리,D,817Y002,1.3.2.1. 시장금리(일별),010200000,국고채(3년),,,20200706,0.854,연%,ECOS
TREASURY_3Y,국고채 3년 금리,D,817Y002,1.3.2.1. 시장금리(일별),010200000,국고채(3년),,,20200707,0.843,연%,ECOS
TREASURY_3Y,국고채 3년 금리,D,817Y002,1.3.2.1. 시장금리(일별),010200000,국고채(3년),,,20200708,0.839,연%,ECOS
TREASURY_3Y,국고채 3년 금리,D,817Y002,1.3.2.1. 시장금리(일별),010200000,국고채(3년),,,20200709,0.84,연%,ECOS
TREASURY_3Y,국고채 3년 금리,D,817Y002,1.3.2.1. 시장금리(일별),010200000,국고채(3년),,,20200710,0.849,연%,ECOS
TREASURY_3Y,국고채 3년 금리,D,817Y002,1.3.2.1. 시장금리(일별),010200000,국고채(3년),,,20200713,0.86,연%,ECOS
TREASURY_3Y,국고채 3년 금리,D,817Y002,1.3.2.1. 시장금리(일별),010200000,국고채(3년),,,20200714,0.854,연%,ECOS
TREASURY_3Y,국고채 3년 금리,D,817Y002,1.3.2.1. 시장금리(일별),010200000,국고채(3년),,,20200715,0.847,연%,ECOS
TREASURY_3Y,국고채 3년 금리,D,817Y002,1.3.2.1. 시장금리(일별),010200000,국고채(3년),,,20200716,0.829,연%,ECOS
TREASURY_3Y,국고채 3년 금리,D,817Y002,1.3.2.1. 시장금리(일별),010200000,국고채(3년),,,20200717,0.812,연%,ECOS
TREASURY_3Y,국고채 3년 금리,D,817Y002,1.3.2.1. 시장금리(일별),010200000,국고채(3년),,,20200720,0.801,연%,ECOS
TREASURY_3Y,국고채 3년 금리,D,817Y002,1.3.2.1. 시장금리(일별),010200000,국고채(3년),,,20200721,0.818,연%,ECOS
TREASURY_3Y,국고채 3년 금리,D,817Y002,1.3.2.1. 시장금리(일별),010200000,국고채(3년),,,20200722,0.81,연%,ECOS
TREASURY_3Y,국고채 3년 금리,D,817Y002,1.3.2.1. 시장금리(일별),010200000,국고채(3년),,,20200723,0.798,연%,ECOS
TREASURY_3Y,국고채 3년 금리,D,817Y002,1.3.2.1. 시장금리(일별),010200000,국고채(3년),,,20200724,0.799,연%,ECOS
TREASURY_3Y,국고채 3년 금리,D,817Y002,1.3.2.1. 시장금리(일별),010200000,국고채(3년),,,20200727,0.803,연%,ECOS
TREASURY_3Y,국고채 3년 금리,D,817Y002,1.3.2.1. 시장금리(일별),010200000,국고채(3년),,,20200728,0.813,연%,ECOS
TREASURY_3Y,국고채 3년 금리,D,817Y002,1.3.2.1. 시장금리(일별),010200000,국고채(3년),,,20200729,0.811,연%,ECOS
TREASURY_3Y,국고채 3년 금리,D,817Y002,1.3.2.1. 시장금리(일별),010200000,국고채(3년),,,20200730,0.799,연%,ECOS
TREASURY_3Y,국고채 3년 금리,D,817Y002,1.3.2.1. 시장금리(일별),010200000,국고채(3년),,,20200731,0.796,연%,ECOS
TREASURY_3Y,국고채 3년 금리,D,817Y002,1.3.2.1. 시장금리(일별),010200000,국고채(3년),,,20200803,0.799,연%,ECOS
TREASURY_3Y,국고채 3년 금리,D,817Y002,1.3.2.1. 시장금리(일별),010200000,국고채(3년),,,20200804,0.802,연%,ECOS
TREASURY_3Y,국고채 3년 금리,D,817Y002,1.3.2.1. 시장금리(일별),010200000,국고채(3년),,,20200805,0.795,연%,ECOS
TREASURY_3Y,국고채 3년 금리,D,817Y002,1.3.2.1. 시장금리(일별),010200000,국고채(3년),,,20200806,0.807,연%,ECOS
TREASURY_3Y,국고채 3년 금리,D,817Y002,1.3.2.1. 시장금리(일별),010200000,국고채(3년),,,20200807,0.81,연%,ECOS
TREASURY_3Y,국고채 3년 금리,D,817Y002,1.3.2.1. 시장금리(일별),010200000,국고채(3년),,,20200810,0.83,연%,ECOS
TREASURY_3Y,국고채 3년 금리,D,817Y002,1.3.2.1. 시장금리(일별),010200000,국고채(3년),,,20200811,0.818,연%,ECOS
TREASURY_3Y,국고채 3년 금리,D,817Y002,1.3.2.1. 시장금리(일별),010200000,국고채(3년),,,20200812,0.827,연%,ECOS
TREASURY_3Y,국고채 3년 금리,D,817Y002,1.3.2.1. 시장금리(일별),010200000,국고채(3년),,,20200813,0.815,연%,ECOS
TREASURY_3Y,국고채 3년 금리,D,817Y002,1.3.2.1. 시장금리(일별),010200000,국고채(3년),,,20200814,0.828,연%,ECOS
TREASURY_3Y,국고채 3년 금리,D,817Y002,1.3.2.1. 시장금리(일별),010200000,국고채(3년),,,20200818,0.81,연%,ECOS
TREASURY_3Y,국고채 3년 금리,D,817Y002,1.3.2.1. 시장금리(일별),010200000,국고채(3년),,,20200819,0.805,연%,ECOS
TREASURY_3Y,국고채 3년 금리,D,817Y002,1.3.2.1. 시장금리(일별),010200000,국고채(3년),,,20200820,0.813,연%,ECOS
TREASURY_3Y,국고채 3년 금리,D,817Y002,1.3.2.1. 시장금리(일별),010200000,국고채(3년),,,20200821,0.854,연%,ECOS
TREASURY_3Y,국고채 3년 금리,D,817Y002,1.3.2.1. 시장금리(일별),010200000,국고채(3년),,,20200824,0.824,연%,ECOS
TREASURY_3Y,국고채 3년 금리,D,817Y002,1.3.2.1. 시장금리(일별),010200000,국고채(3년),,,20200825,0.825,연%,ECOS
TREASURY_3Y,국고채 3년 금리,D,817Y002,1.3.2.1. 시장금리(일별),010200000,국고채(3년),,,20200826,0.835,연%,ECOS
TREASURY_3Y,국고채 3년 금리,D,817Y002,1.3.2.1. 시장금리(일별),010200000,국고채(3년),,,20200827,0.852,연%,ECOS
TREASURY_3Y,국고채 3년 금리,D,817Y002,1.3.2.1. 시장금리(일별),010200000,국고채(3년),,,20200828,0.893,연%,ECOS
TREASURY_3Y,국고채 3년 금리,D,817Y002,1.3.2.1. 시장금리(일별),010200000,국고채(3년),,,20200831,0.94,연%,ECOS
TREASURY_3Y,국고채 3년 금리,D,817Y002,1.3.2.1. 시장금리(일별),010200000,국고채(3년),,,20200901,0.977,연%,ECOS
TREASURY_3Y,국고채 3년 금리,D,817Y002,1.3.2.1. 시장금리(일별),010200000,국고채(3년),,,20200902,0.923,연%,ECOS
TREASURY_3Y,국고채 3년 금리,D,817Y002,1.3.2.1. 시장금리(일별),010200000,국고채(3년),,,20200903,0.919,연%,ECOS
TREASURY_3Y,국고채 3년 금리,D,817Y002,1.3.2.1. 시장금리(일별),010200000,국고채(3년),,,20200904,0.929,연%,ECOS
TREASURY_3Y,국고채 3년 금리,D,817Y002,1.3.2.1. 시장금리(일별),010200000,국고채(3년),,,20200907,0.973,연%,ECOS
TREASURY_3Y,국고채 3년 금리,D,817Y002,1.3.2.1. 시장금리(일별),010200000,국고채(3년),,,20200908,0.949,연%,ECOS
TREASURY_3Y,국고채 3년 금리,D,817Y002,1.3.2.1. 시장금리(일별),010200000,국고채(3년),,,20200909,0.915,연%,ECOS
TREASURY_3Y,국고채 3년 금리,D,817Y002,1.3.2.1. 시장금리(일별),010200000,국고채(3년),,,20200910,0.915,연%,ECOS
TREASURY_3Y,국고채 3년 금리,D,817Y002,1.3.2.1. 시장금리(일별),010200000,국고채(3년),,,20200911,0.926,연%,ECOS
TREASURY_3Y,국고채 3년 금리,D,817Y002,1.3.2.1. 시장금리(일별),010200000,국고채(3년),,,20200914,0.919,연%,ECOS
TREASURY_3Y,국고채 3년 금리,D,817Y002,1.3.2.1. 시장금리(일별),010200000,국고채(3년),,,20200915,0.907,연%,ECOS
TREASURY_3Y,국고채 3년 금리,D,817Y002,1.3.2.1. 시장금리(일별),010200000,국고채(3년),,,20200916,0.91,연%,ECOS
TREASURY_3Y,국고채 3년 금리,D,817Y002,1.3.2.1. 시장금리(일별),010200000,국고채(3년),,,20200917,0.914,연%,ECOS
TREASURY_3Y,국고채 3년 금리,D,817Y002,1.3.2.1. 시장금리(일별),010200000,국고채(3년),,,20200918,0.907,연%,ECOS
TREASURY_3Y,국고채 3년 금리,D,817Y002,1.3.2.1. 시장금리(일별),010200000,국고채(3년),,,20200921,0.904,연%,ECOS
TREASURY_3Y,국고채 3년 금리,D,817Y002,1.3.2.1. 시장금리(일별),010200000,국고채(3년),,,20200922,0.897,연%,ECOS
TREASURY_3Y,국고채 3년 금리,D,817Y002,1.3.2.1. 시장금리(일별),010200000,국고채(3년),,,20200923,0.883,연%,ECOS
TREASURY_3Y,국고채 3년 금리,D,817Y002,1.3.2.1. 시장금리(일별),010200000,국고채(3년),,,20200924,0.857,연%,ECOS
TREASURY_3Y,국고채 3년 금리,D,817Y002,1.3.2.1. 시장금리(일별),010200000,국고채(3년),,,20200925,0.855,연%,ECOS
TREASURY_3Y,국고채 3년 금리,D,817Y002,1.3.2.1. 시장금리(일별),010200000,국고채(3년),,,20200928,0.843,연%,ECOS
TREASURY_3Y,국고채 3년 금리,D,817Y002,1.3.2.1. 시장금리(일별),010200000,국고채(3년),,,20200929,0.846,연%,ECOS
TREASURY_3Y,국고채 3년 금리,D,817Y002,1.3.2.1. 시장금리(일별),010200000,국고채(3년),,,20201005,0.881,연%,ECOS
TREASURY_3Y,국고채 3년 금리,D,817Y002,1.3.2.1. 시장금리(일별),010200000,국고채(3년),,,20201006,0.905,연%,ECOS
TREASURY_3Y,국고채 3년 금리,D,817Y002,1.3.2.1. 시장금리(일별),010200000,국고채(3년),,,20201007,0.91,연%,ECOS
TREASURY_3Y,국고채 3년 금리,D,817Y002,1.3.2.1. 시장금리(일별),010200000,국고채(3년),,,20201008,0.907,연%,ECOS
TREASURY_3Y,국고채 3년 금리,D,817Y002,1.3.2.1. 시장금리(일별),010200000,국고채(3년),,,20201012,0.925,연%,ECOS
TREASURY_3Y,국고채 3년 금리,D,817Y002,1.3.2.1. 시장금리(일별),010200000,국고채(3년),,,20201013,0.923,연%,ECOS
TREASURY_3Y,국고채 3년 금리,D,817Y002,1.3.2.1. 시장금리(일별),010200000,국고채(3년),,,20201014,0.901,연%,ECOS
TREASURY_3Y,국고채 3년 금리,D,817Y002,1.3.2.1. 시장금리(일별),010200000,국고채(3년),,,20201015,0.877,연%,ECOS
TREASURY_3Y,국고채 3년 금리,D,817Y002,1.3.2.1. 시장금리(일별),010200000,국고채(3년),,,20201016,0.888,연%,ECOS
TREASURY_3Y,국고채 3년 금리,D,817Y002,1.3.2.1. 시장금리(일별),010200000,국고채(3년),,,20201019,0.891,연%,ECOS
TREASURY_3Y,국고채 3년 금리,D,817Y002,1.3.2.1. 시장금리(일별),010200000,국고채(3년),,,20201020,0.911,연%,ECOS
TREASURY_3Y,국고채 3년 금리,D,817Y002,1.3.2.1. 시장금리(일별),010200000,국고채(3년),,,20201021,0.934,연%,ECOS
TREASURY_3Y,국고채 3년 금리,D,817Y002,1.3.2.1. 시장금리(일별),010200000,국고채(3년),,,20201022,0.925,연%,ECOS
TREASURY_3Y,국고채 3년 금리,D,817Y002,1.3.2.1. 시장금리(일별),010200000,국고채(3년),,,20201023,0.91,연%,ECOS
TREASURY_3Y,국고채 3년 금리,D,817Y002,1.3.2.1. 시장금리(일별),010200000,국고채(3년),,,20201026,0.908,연%,ECOS
TREASURY_3Y,국고채 3년 금리,D,817Y002,1.3.2.1. 시장금리(일별),010200000,국고채(3년),,,20201027,0.917,연%,ECOS
TREASURY_3Y,국고채 3년 금리,D,817Y002,1.3.2.1. 시장금리(일별),010200000,국고채(3년),,,20201028,0.914,연%,ECOS
TREASURY_3Y,국고채 3년 금리,D,817Y002,1.3.2.1. 시장금리(일별),010200000,국고채(3년),,,20201029,0.927,연%,ECOS
TREASURY_3Y,국고채 3년 금리,D,817Y002,1.3.2.1. 시장금리(일별),010200000,국고채(3년),,,20201030,0.935,연%,ECOS
TREASURY_3Y,국고채 3년 금리,D,817Y002,1.3.2.1. 시장금리(일별),010200000,국고채(3년),,,20201102,0.971,연%,ECOS
TREASURY_3Y,국고채 3년 금리,D,817Y002,1.3.2.1. 시장금리(일별),010200000,국고채(3년),,,20201103,0.98,연%,ECOS
TREASURY_3Y,국고채 3년 금리,D,817Y002,1.3.2.1. 시장금리(일별),010200000,국고채(3년),,,20201104,0.955,연%,ECOS
TREASURY_3Y,국고채 3년 금리,D,817Y002,1.3.2.1. 시장금리(일별),010200000,국고채(3년),,,20201105,0.927,연%,ECOS
TREASURY_3Y,국고채 3년 금리,D,817Y002,1.3.2.1. 시장금리(일별),010200000,국고채(3년),,,20201106,0.943,연%,ECOS
TREASURY_3Y,국고채 3년 금리,D,817Y002,1.3.2.1. 시장금리(일별),010200000,국고채(3년),,,20201109,0.959,연%,ECOS
TREASURY_3Y,국고채 3년 금리,D,817Y002,1.3.2.1. 시장금리(일별),010200000,국고채(3년),,,20201110,0.976,연%,ECOS
TREASURY_3Y,국고채 3년 금리,D,817Y002,1.3.2.1. 시장금리(일별),010200000,국고채(3년),,,20201111,0.989,연%,ECOS
TREASURY_3Y,국고채 3년 금리,D,817Y002,1.3.2.1. 시장금리(일별),010200000,국고채(3년),,,20201112,0.969,연%,ECOS
TREASURY_3Y,국고채 3년 금리,D,817Y002,1.3.2.1. 시장금리(일별),010200000,국고채(3년),,,20201113,0.965,연%,ECOS
TREASURY_3Y,국고채 3년 금리,D,817Y002,1.3.2.1. 시장금리(일별),010200000,국고채(3년),,,20201116,0.97,연%,ECOS
TREASURY_3Y,국고채 3년 금리,D,817Y002,1.3.2.1. 시장금리(일별),010200000,국고채(3년),,,20201117,0.96,연%,ECOS
TREASURY_3Y,국고채 3년 금리,D,817Y002,1.3.2.1. 시장금리(일별),010200000,국고채(3년),,,20201118,0.949,연%,ECOS
TREASURY_3Y,국고채 3년 금리,D,817Y002,1.3.2.1. 시장금리(일별),010200000,국고채(3년),,,20201119,0.955,연%,ECOS
TREASURY_3Y,국고채 3년 금리,D,817Y002,1.3.2.1. 시장금리(일별),010200000,국고채(3년),,,20201120,0.963,연%,ECOS
TREASURY_3Y,국고채 3년 금리,D,817Y002,1.3.2.1. 시장금리(일별),010200000,국고채(3년),,,20201123,0.955,연%,ECOS
TREASURY_3Y,국고채 3년 금리,D,817Y002,1.3.2.1. 시장금리(일별),010200000,국고채(3년),,,20201124,0.963,연%,ECOS
TREASURY_3Y,국고채 3년 금리,D,817Y002,1.3.2.1. 시장금리(일별),010200000,국고채(3년),,,20201125,0.971,연%,ECOS
TREASURY_3Y,국고채 3년 금리,D,817Y002,1.3.2.1. 시장금리(일별),010200000,국고채(3년),,,20201126,0.981,연%,ECOS
TREASURY_3Y,국고채 3년 금리,D,817Y002,1.3.2.1. 시장금리(일별),010200000,국고채(3년),,,20201127,0.979,연%,ECOS
TREASURY_3Y,국고채 3년 금리,D,817Y002,1.3.2.1. 시장금리(일별),010200000,국고채(3년),,,20201130,0.983,연%,ECOS
TREASURY_3Y,국고채 3년 금리,D,817Y002,1.3.2.1. 시장금리(일별),010200000,국고채(3년),,,20201201,0.982,연%,ECOS
TREASURY_3Y,국고채 3년 금리,D,817Y002,1.3.2.1. 시장금리(일별),010200000,국고채(3년),,,20201202,0.982,연%,ECOS
TREASURY_3Y,국고채 3년 금리,D,817Y002,1.3.2.1. 시장금리(일별),010200000,국고채(3년),,,20201203,0.975,연%,ECOS
TREASURY_3Y,국고채 3년 금리,D,817Y002,1.3.2.1. 시장금리(일별),010200000,국고채(3년),,,20201204,0.966,연%,ECOS
TREASURY_3Y,국고채 3년 금리,D,817Y002,1.3.2.1. 시장금리(일별),010200000,국고채(3년),,,20201207,0.961,연%,ECOS
TREASURY_3Y,국고채 3년 금리,D,817Y002,1.3.2.1. 시장금리(일별),010200000,국고채(3년),,,20201208,0.959,연%,ECOS
TREASURY_3Y,국고채 3년 금리,D,817Y002,1.3.2.1. 시장금리(일별),010200000,국고채(3년),,,20201209,0.966,연%,ECOS
TREASURY_3Y,국고채 3년 금리,D,817Y002,1.3.2.1. 시장금리(일별),010200000,국고채(3년),,,20201210,0.973,연%,ECOS
TREASURY_3Y,국고채 3년 금리,D,817Y002,1.3.2.1. 시장금리(일별),010200000,국고채(3년),,,20201211,0.98,연%,ECOS
TREASURY_3Y,국고채 3년 금리,D,817Y002,1.3.2.1. 시장금리(일별),010200000,국고채(3년),,,20201214,0.986,연%,ECOS
TREASURY_3Y,국고채 3년 금리,D,817Y002,1.3.2.1. 시장금리(일별),010200000,국고채(3년),,,20201215,0.984,연%,ECOS
TREASURY_3Y,국고채 3년 금리,D,817Y002,1.3.2.1. 시장금리(일별),010200000,국고채(3년),,,20201216,0.989,연%,ECOS
TREASURY_3Y,국고채 3년 금리,D,817Y002,1.3.2.1. 시장금리(일별),010200000,국고채(3년),,,20201217,0.999,연%,ECOS
TREASURY_3Y,국고채 3년 금리,D,817Y002,1.3.2.1. 시장금리(일별),010200000,국고채(3년),,,20201218,0.963,연%,ECOS
TREASURY_3Y,국고채 3년 금리,D,817Y002,1.3.2.1. 시장금리(일별),010200000,국고채(3년),,,20201221,0.959,연%,ECOS
TREASURY_3Y,국고채 3년 금리,D,817Y002,1.3.2.1. 시장금리(일별),010200000,국고채(3년),,,20201222,0.945,연%,ECOS
TREASURY_3Y,국고채 3년 금리,D,817Y002,1.3.2.1. 시장금리(일별),010200000,국고채(3년),,,20201223,0.932,연%,ECOS
TREASURY_3Y,국고채 3년 금리,D,817Y002,1.3.2.1. 시장금리(일별),010200000,국고채(3년),,,20201224,0.95,연%,ECOS
TREASURY_3Y,국고채 3년 금리,D,817Y002,1.3.2.1. 시장금리(일별),010200000,국고채(3년),,,20201228,0.958,연%,ECOS
TREASURY_3Y,국고채 3년 금리,D,817Y002,1.3.2.1. 시장금리(일별),010200000,국고채(3년),,,20201229,0.973,연%,ECOS
TREASURY_3Y,국고채 3년 금리,D,817Y002,1.3.2.1. 시장금리(일별),010200000,국고채(3년),,,20201230,0.978,연%,ECOS
TREASURY_3Y,국고채 3년 금리,D,817Y002,1.3.2.1. 시장금리(일별),010200000,국고채(3년),,,20201231,0.976,연%,ECOS
TREASURY_3Y,국고채 3년 금리,D,817Y002,1.3.2.1. 시장금리(일별),010200000,국고채(3년),,,20210104,0.954,연%,ECOS
TREASURY_3Y,국고채 3년 금리,D,817Y002,1.3.2.1. 시장금리(일별),010200000,국고채(3년),,,20210105,0.936,연%,ECOS
TREASURY_3Y,국고채 3년 금리,D,817Y002,1.3.2.1. 시장금리(일별),010200000,국고채(3년),,,20210106,0.953,연%,ECOS
TREASURY_3Y,국고채 3년 금리,D,817Y002,1.3.2.1. 시장금리(일별),010200000,국고채(3년),,,20210107,0.964,연%,ECOS
TREASURY_3Y,국고채 3년 금리,D,817Y002,1.3.2.1. 시장금리(일별),010200000,국고채(3년),,,20210108,0.978,연%,ECOS
TREASURY_3Y,국고채 3년 금리,D,817Y002,1.3.2.1. 시장금리(일별),010200000,국고채(3년),,,20210111,0.969,연%,ECOS
TREASURY_3Y,국고채 3년 금리,D,817Y002,1.3.2.1. 시장금리(일별),010200000,국고채(3년),,,20210112,0.976,연%,ECOS
TREASURY_3Y,국고채 3년 금리,D,817Y002,1.3.2.1. 시장금리(일별),010200000,국고채(3년),,,20210113,0.979,연%,ECOS
TREASURY_3Y,국고채 3년 금리,D,817Y002,1.3.2.1. 시장금리(일별),010200000,국고채(3년),,,20210114,0.988,연%,ECOS
TREASURY_3Y,국고채 3년 금리,D,817Y002,1.3.2.1. 시장금리(일별),010200000,국고채(3년),,,20210115,0.973,연%,ECOS
TREASURY_3Y,국고채 3년 금리,D,817Y002,1.3.2.1. 시장금리(일별),010200000,국고채(3년),,,20210118,0.968,연%,ECOS
TREASURY_3Y,국고채 3년 금리,D,817Y002,1.3.2.1. 시장금리(일별),010200000,국고채(3년),,,20210119,0.974,연%,ECOS
TREASURY_3Y,국고채 3년 금리,D,817Y002,1.3.2.1. 시장금리(일별),010200000,국고채(3년),,,20210120,0.976,연%,ECOS
TREASURY_3Y,국고채 3년 금리,D,817Y002,1.3.2.1. 시장금리(일별),010200000,국고채(3년),,,20210121,0.971,연%,ECOS
TREASURY_3Y,국고채 3년 금리,D,817Y002,1.3.2.1. 시장금리(일별),010200000,국고채(3년),,,20210122,0.993,연%,ECOS
TREASURY_3Y,국고채 3년 금리,D,817Y002,1.3.2.1. 시장금리(일별),010200000,국고채(3년),,,20210125,1.006,연%,ECOS
TREASURY_3Y,국고채 3년 금리,D,817Y002,1.3.2.1. 시장금리(일별),010200000,국고채(3년),,,20210126,1.007,연%,ECOS
TREASURY_3Y,국고채 3년 금리,D,817Y002,1.3.2.1. 시장금리(일별),010200000,국고채(3년),,,20210127,0.982,연%,ECOS
TREASURY_3Y,국고채 3년 금리,D,817Y002,1.3.2.1. 시장금리(일별),010200000,국고채(3년),,,20210128,0.977,연%,ECOS
TREASURY_3Y,국고채 3년 금리,D,817Y002,1.3.2.1. 시장금리(일별),010200000,국고채(3년),,,20210129,0.971,연%,ECOS
TREASURY_3Y,국고채 3년 금리,D,817Y002,1.3.2.1. 시장금리(일별),010200000,국고채(3년),,,20210201,0.994,연%,ECOS
TREASURY_3Y,국고채 3년 금리,D,817Y002,1.3.2.1. 시장금리(일별),010200000,국고채(3년),,,20210202,0.98,연%,ECOS
TREASURY_3Y,국고채 3년 금리,D,817Y002,1.3.2.1. 시장금리(일별),010200000,국고채(3년),,,20210203,0.978,연%,ECOS
TREASURY_3Y,국고채 3년 금리,D,817Y002,1.3.2.1. 시장금리(일별),010200000,국고채(3년),,,20210204,0.984,연%,ECOS
TREASURY_3Y,국고채 3년 금리,D,817Y002,1.3.2.1. 시장금리(일별),010200000,국고채(3년),,,20210205,0.982,연%,ECOS
TREASURY_3Y,국고채 3년 금리,D,817Y002,1.3.2.1. 시장금리(일별),010200000,국고채(3년),,,20210208,1.001,연%,ECOS
TREASURY_3Y,국고채 3년 금리,D,817Y002,1.3.2.1. 시장금리(일별),010200000,국고채(3년),,,20210209,0.99,연%,ECOS
TREASURY_3Y,국고채 3년 금리,D,817Y002,1.3.2.1. 시장금리(일별),010200000,국고채(3년),,,20210210,0.995,연%,ECOS
TREASURY_3Y,국고채 3년 금리,D,817Y002,1.3.2.1. 시장금리(일별),010200000,국고채(3년),,,20210215,0.998,연%,ECOS
TREASURY_3Y,국고채 3년 금리,D,817Y002,1.3.2.1. 시장금리(일별),010200000,국고채(3년),,,20210216,0.984,연%,ECOS
TREASURY_3Y,국고채 3년 금리,D,817Y002,1.3.2.1. 시장금리(일별),010200000,국고채(3년),,,20210217,0.986,연%,ECOS
TREASURY_3Y,국고채 3년 금리,D,817Y002,1.3.2.1. 시장금리(일별),010200000,국고채(3년),,,20210218,0.985,연%,ECOS
TREASURY_3Y,국고채 3년 금리,D,817Y002,1.3.2.1. 시장금리(일별),010200000,국고채(3년),,,20210219,0.996,연%,ECOS
TREASURY_3Y,국고채 3년 금리,D,817Y002,1.3.2.1. 시장금리(일별),010200000,국고채(3년),,,20210222,1.02,연%,ECOS
TREASURY_3Y,국고채 3년 금리,D,817Y002,1.3.2.1. 시장금리(일별),010200000,국고채(3년),,,20210223,1.02,연%,ECOS
TREASURY_3Y,국고채 3년 금리,D,817Y002,1.3.2.1. 시장금리(일별),010200000,국고채(3년),,,20210224,1.006,연%,ECOS
TREASURY_3Y,국고채 3년 금리,D,817Y002,1.3.2.1. 시장금리(일별),010200000,국고채(3년),,,20210225,0.995,연%,ECOS
TREASURY_3Y,국고채 3년 금리,D,817Y002,1.3.2.1. 시장금리(일별),010200000,국고채(3년),,,20210226,1.02,연%,ECOS
TREASURY_3Y,국고채 3년 금리,D,817Y002,1.3.2.1. 시장금리(일별),010200000,국고채(3년),,,20210302,1.021,연%,ECOS
TREASURY_3Y,국고채 3년 금리,D,817Y002,1.3.2.1. 시장금리(일별),010200000,국고채(3년),,,20210303,1.019,연%,ECOS
TREASURY_3Y,국고채 3년 금리,D,817Y002,1.3.2.1. 시장금리(일별),010200000,국고채(3년),,,20210304,1.03,연%,ECOS
TREASURY_3Y,국고채 3년 금리,D,817Y002,1.3.2.1. 시장금리(일별),010200000,국고채(3년),,,20210305,1.066,연%,ECOS
TREASURY_3Y,국고채 3년 금리,D,817Y002,1.3.2.1. 시장금리(일별),010200000,국고채(3년),,,20210308,1.139,연%,ECOS
TREASURY_3Y,국고채 3년 금리,D,817Y002,1.3.2.1. 시장금리(일별),010200000,국고채(3년),,,20210309,1.206,연%,ECOS
TREASURY_3Y,국고채 3년 금리,D,817Y002,1.3.2.1. 시장금리(일별),010200000,국고채(3년),,,20210310,1.182,연%,ECOS
TREASURY_3Y,국고채 3년 금리,D,817Y002,1.3.2.1. 시장금리(일별),010200000,국고채(3년),,,20210311,1.179,연%,ECOS
TREASURY_3Y,국고채 3년 금리,D,817Y002,1.3.2.1. 시장금리(일별),010200000,국고채(3년),,,20210312,1.223,연%,ECOS
TREASURY_3Y,국고채 3년 금리,D,817Y002,1.3.2.1. 시장금리(일별),010200000,국고채(3년),,,20210315,1.238,연%,ECOS
TREASURY_3Y,국고채 3년 금리,D,817Y002,1.3.2.1. 시장금리(일별),010200000,국고채(3년),,,20210316,1.177,연%,ECOS
TREASURY_3Y,국고채 3년 금리,D,817Y002,1.3.2.1. 시장금리(일별),010200000,국고채(3년),,,20210317,1.177,연%,ECOS
TREASURY_3Y,국고채 3년 금리,D,817Y002,1.3.2.1. 시장금리(일별),010200000,국고채(3년),,,20210318,1.133,연%,ECOS
TREASURY_3Y,국고채 3년 금리,D,817Y002,1.3.2.1. 시장금리(일별),010200000,국고채(3년),,,20210319,1.146,연%,ECOS
TREASURY_3Y,국고채 3년 금리,D,817Y002,1.3.2.1. 시장금리(일별),010200000,국고채(3년),,,20210322,1.13,연%,ECOS
TREASURY_3Y,국고채 3년 금리,D,817Y002,1.3.2.1. 시장금리(일별),010200000,국고채(3년),,,20210323,1.132,연%,ECOS
TREASURY_3Y,국고채 3년 금리,D,817Y002,1.3.2.1. 시장금리(일별),010200000,국고채(3년),,,20210324,1.115,연%,ECOS
TREASURY_3Y,국고채 3년 금리,D,817Y002,1.3.2.1. 시장금리(일별),010200000,국고채(3년),,,20210325,1.089,연%,ECOS
TREASURY_3Y,국고채 3년 금리,D,817Y002,1.3.2.1. 시장금리(일별),010200000,국고채(3년),,,20210326,1.117,연%,ECOS
TREASURY_3Y,국고채 3년 금리,D,817Y002,1.3.2.1. 시장금리(일별),010200000,국고채(3년),,,20210329,1.119,연%,ECOS
TREASURY_3Y,국고채 3년 금리,D,817Y002,1.3.2.1. 시장금리(일별),010200000,국고채(3년),,,20210330,1.155,연%,ECOS
TREASURY_3Y,국고채 3년 금리,D,817Y002,1.3.2.1. 시장금리(일별),010200000,국고채(3년),,,20210331,1.133,연%,ECOS
TREASURY_3Y,국고채 3년 금리,D,817Y002,1.3.2.1. 시장금리(일별),010200000,국고채(3년),,,20210401,1.138,연%,ECOS
TREASURY_3Y,국고채 3년 금리,D,817Y002,1.3.2.1. 시장금리(일별),010200000,국고채(3년),,,20210402,1.151,연%,ECOS
TREASURY_3Y,국고채 3년 금리,D,817Y002,1.3.2.1. 시장금리(일별),010200000,국고채(3년),,,20210405,1.202,연%,ECOS
TREASURY_3Y,국고채 3년 금리,D,817Y002,1.3.2.1. 시장금리(일별),010200000,국고채(3년),,,20210406,1.181,연%,ECOS
TREASURY_3Y,국고채 3년 금리,D,817Y002,1.3.2.1. 시장금리(일별),010200000,국고채(3년),,,20210407,1.181,연%,ECOS
TREASURY_3Y,국고채 3년 금리,D,817Y002,1.3.2.1. 시장금리(일별),010200000,국고채(3년),,,20210408,1.152,연%,ECOS
TREASURY_3Y,국고채 3년 금리,D,817Y002,1.3.2.1. 시장금리(일별),010200000,국고채(3년),,,20210409,1.168,연%,ECOS
TREASURY_3Y,국고채 3년 금리,D,817Y002,1.3.2.1. 시장금리(일별),010200000,국고채(3년),,,20210412,1.14,연%,ECOS
TREASURY_3Y,국고채 3년 금리,D,817Y002,1.3.2.1. 시장금리(일별),010200000,국고채(3년),,,20210413,1.138,연%,ECOS
TREASURY_3Y,국고채 3년 금리,D,817Y002,1.3.2.1. 시장금리(일별),010200000,국고채(3년),,,20210414,1.102,연%,ECOS
TREASURY_3Y,국고채 3년 금리,D,817Y002,1.3.2.1. 시장금리(일별),010200000,국고채(3년),,,20210415,1.147,연%,ECOS
TREASURY_3Y,국고채 3년 금리,D,817Y002,1.3.2.1. 시장금리(일별),010200000,국고채(3년),,,20210416,1.154,연%,ECOS
TREASURY_3Y,국고채 3년 금리,D,817Y002,1.3.2.1. 시장금리(일별),010200000,국고채(3년),,,20210419,1.129,연%,ECOS
TREASURY_3Y,국고채 3년 금리,D,817Y002,1.3.2.1. 시장금리(일별),010200000,국고채(3년),,,20210420,1.134,연%,ECOS
TREASURY_3Y,국고채 3년 금리,D,817Y002,1.3.2.1. 시장금리(일별),010200000,국고채(3년),,,20210421,1.11,연%,ECOS
TREASURY_3Y,국고채 3년 금리,D,817Y002,1.3.2.1. 시장금리(일별),010200000,국고채(3년),,,20210422,1.105,연%,ECOS
TREASURY_3Y,국고채 3년 금리,D,817Y002,1.3.2.1. 시장금리(일별),010200000,국고채(3년),,,20210423,1.12,연%,ECOS
TREASURY_3Y,국고채 3년 금리,D,817Y002,1.3.2.1. 시장금리(일별),010200000,국고채(3년),,,20210426,1.119,연%,ECOS
TREASURY_3Y,국고채 3년 금리,D,817Y002,1.3.2.1. 시장금리(일별),010200000,국고채(3년),,,20210427,1.097,연%,ECOS
TREASURY_3Y,국고채 3년 금리,D,817Y002,1.3.2.1. 시장금리(일별),010200000,국고채(3년),,,20210428,1.105,연%,ECOS
TREASURY_3Y,국고채 3년 금리,D,817Y002,1.3.2.1. 시장금리(일별),010200000,국고채(3년),,,20210429,1.121,연%,ECOS
TREASURY_3Y,국고채 3년 금리,D,817Y002,1.3.2.1. 시장금리(일별),010200000,국고채(3년),,,20210430,1.141,연%,ECOS
TREASURY_3Y,국고채 3년 금리,D,817Y002,1.3.2.1. 시장금리(일별),010200000,국고채(3년),,,20210503,1.149,연%,ECOS
TREASURY_3Y,국고채 3년 금리,D,817Y002,1.3.2.1. 시장금리(일별),010200000,국고채(3년),,,20210504,1.158,연%,ECOS
TREASURY_3Y,국고채 3년 금리,D,817Y002,1.3.2.1. 시장금리(일별),010200000,국고채(3년),,,20210506,1.14,연%,ECOS
TREASURY_3Y,국고채 3년 금리,D,817Y002,1.3.2.1. 시장금리(일별),010200000,국고채(3년),,,20210507,1.137,연%,ECOS
TREASURY_3Y,국고채 3년 금리,D,817Y002,1.3.2.1. 시장금리(일별),010200000,국고채(3년),,,20210510,1.136,연%,ECOS
TREASURY_3Y,국고채 3년 금리,D,817Y002,1.3.2.1. 시장금리(일별),010200000,국고채(3년),,,20210511,1.128,연%,ECOS
TREASURY_3Y,국고채 3년 금리,D,817Y002,1.3.2.1. 시장금리(일별),010200000,국고채(3년),,,20210512,1.121,연%,ECOS
TREASURY_3Y,국고채 3년 금리,D,817Y002,1.3.2.1. 시장금리(일별),010200000,국고채(3년),,,20210513,1.123,연%,ECOS
TREASURY_3Y,국고채 3년 금리,D,817Y002,1.3.2.1. 시장금리(일별),010200000,국고채(3년),,,20210514,1.116,연%,ECOS
TREASURY_3Y,국고채 3년 금리,D,817Y002,1.3.2.1. 시장금리(일별),010200000,국고채(3년),,,20210517,1.107,연%,ECOS
TREASURY_3Y,국고채 3년 금리,D,817Y002,1.3.2.1. 시장금리(일별),010200000,국고채(3년),,,20210518,1.099,연%,ECOS
TREASURY_3Y,국고채 3년 금리,D,817Y002,1.3.2.1. 시장금리(일별),010200000,국고채(3년),,,20210520,1.103,연%,ECOS
TREASURY_3Y,국고채 3년 금리,D,817Y002,1.3.2.1. 시장금리(일별),010200000,국고채(3년),,,20210521,1.095,연%,ECOS
TREASURY_3Y,국고채 3년 금리,D,817Y002,1.3.2.1. 시장금리(일별),010200000,국고채(3년),,,20210524,1.116,연%,ECOS
TREASURY_3Y,국고채 3년 금리,D,817Y002,1.3.2.1. 시장금리(일별),010200000,국고채(3년),,,20210525,1.142,연%,ECOS
TREASURY_3Y,국고채 3년 금리,D,817Y002,1.3.2.1. 시장금리(일별),010200000,국고채(3년),,,20210526,1.161,연%,ECOS
TREASURY_3Y,국고채 3년 금리,D,817Y002,1.3.2.1. 시장금리(일별),010200000,국고채(3년),,,20210527,1.124,연%,ECOS
TREASURY_3Y,국고채 3년 금리,D,817Y002,1.3.2.1. 시장금리(일별),010200000,국고채(3년),,,20210528,1.162,연%,ECOS
TREASURY_3Y,국고채 3년 금리,D,817Y002,1.3.2.1. 시장금리(일별),010200000,국고채(3년),,,20210531,1.227,연%,ECOS
TREASURY_3Y,국고채 3년 금리,D,817Y002,1.3.2.1. 시장금리(일별),010200000,국고채(3년),,,20210601,1.213,연%,ECOS
TREASURY_3Y,국고채 3년 금리,D,817Y002,1.3.2.1. 시장금리(일별),010200000,국고채(3년),,,20210602,1.206,연%,ECOS
TREASURY_3Y,국고채 3년 금리,D,817Y002,1.3.2.1. 시장금리(일별),010200000,국고채(3년),,,20210603,1.191,연%,ECOS
TREASURY_3Y,국고채 3년 금리,D,817Y002,1.3.2.1. 시장금리(일별),010200000,국고채(3년),,,20210604,1.22,연%,ECOS
TREASURY_3Y,국고채 3년 금리,D,817Y002,1.3.2.1. 시장금리(일별),010200000,국고채(3년),,,20210607,1.201,연%,ECOS
TREASURY_3Y,국고채 3년 금리,D,817Y002,1.3.2.1. 시장금리(일별),010200000,국고채(3년),,,20210608,1.174,연%,ECOS
TREASURY_3Y,국고채 3년 금리,D,817Y002,1.3.2.1. 시장금리(일별),010200000,국고채(3년),,,20210609,1.137,연%,ECOS
TREASURY_3Y,국고채 3년 금리,D,817Y002,1.3.2.1. 시장금리(일별),010200000,국고채(3년),,,20210610,1.282,연%,ECOS
TREASURY_3Y,국고채 3년 금리,D,817Y002,1.3.2.1. 시장금리(일별),010200000,국고채(3년),,,20210611,1.276,연%,ECOS
TREASURY_3Y,국고채 3년 금리,D,817Y002,1.3.2.1. 시장금리(일별),010200000,국고채(3년),,,20210614,1.287,연%,ECOS
TREASURY_3Y,국고채 3년 금리,D,817Y002,1.3.2.1. 시장금리(일별),010200000,국고채(3년),,,20210615,1.307,연%,ECOS
TREASURY_3Y,국고채 3년 금리,D,817Y002,1.3.2.1. 시장금리(일별),010200000,국고채(3년),,,20210616,1.286,연%,ECOS
TREASURY_3Y,국고채 3년 금리,D,817Y002,1.3.2.1. 시장금리(일별),010200000,국고채(3년),,,20210617,1.327,연%,ECOS
TREASURY_3Y,국고채 3년 금리,D,817Y002,1.3.2.1. 시장금리(일별),010200000,국고채(3년),,,20210618,1.313,연%,ECOS
TREASURY_3Y,국고채 3년 금리,D,817Y002,1.3.2.1. 시장금리(일별),010200000,국고채(3년),,,20210621,1.351,연%,ECOS
TREASURY_3Y,국고채 3년 금리,D,817Y002,1.3.2.1. 시장금리(일별),010200000,국고채(3년),,,20210622,1.331,연%,ECOS
TREASURY_3Y,국고채 3년 금리,D,817Y002,1.3.2.1. 시장금리(일별),010200000,국고채(3년),,,20210623,1.338,연%,ECOS
TREASURY_3Y,국고채 3년 금리,D,817Y002,1.3.2.1. 시장금리(일별),010200000,국고채(3년),,,20210624,1.384,연%,ECOS
TREASURY_3Y,국고채 3년 금리,D,817Y002,1.3.2.1. 시장금리(일별),010200000,국고채(3년),,,20210625,1.441,연%,ECOS
TREASURY_3Y,국고채 3년 금리,D,817Y002,1.3.2.1. 시장금리(일별),010200000,국고채(3년),,,20210628,1.47,연%,ECOS
TREASURY_3Y,국고채 3년 금리,D,817Y002,1.3.2.1. 시장금리(일별),010200000,국고채(3년),,,20210629,1.459,연%,ECOS
TREASURY_3Y,국고채 3년 금리,D,817Y002,1.3.2.1. 시장금리(일별),010200000,국고채(3년),,,20210630,1.448,연%,ECOS
TREASURY_3Y,국고채 3년 금리,D,817Y002,1.3.2.1. 시장금리(일별),010200000,국고채(3년),,,20210701,1.469,연%,ECOS
TREASURY_3Y,국고채 3년 금리,D,817Y002,1.3.2.1. 시장금리(일별),010200000,국고채(3년),,,20210702,1.484,연%,ECOS
TREASURY_3Y,국고채 3년 금리,D,817Y002,1.3.2.1. 시장금리(일별),010200000,국고채(3년),,,20210705,1.462,연%,ECOS
TREASURY_3Y,국고채 3년 금리,D,817Y002,1.3.2.1. 시장금리(일별),010200000,국고채(3년),,,20210706,1.465,연%,ECOS
TREASURY_3Y,국고채 3년 금리,D,817Y002,1.3.2.1. 시장금리(일별),010200000,국고채(3년),,,20210707,1.41,연%,ECOS
TREASURY_3Y,국고채 3년 금리,D,817Y002,1.3.2.1. 시장금리(일별),010200000,국고채(3년),,,20210708,1.358,연%,ECOS
TREASURY_3Y,국고채 3년 금리,D,817Y002,1.3.2.1. 시장금리(일별),010200000,국고채(3년),,,20210709,1.375,연%,ECOS
TREASURY_3Y,국고채 3년 금리,D,817Y002,1.3.2.1. 시장금리(일별),010200000,국고채(3년),,,20210712,1.384,연%,ECOS
TREASURY_3Y,국고채 3년 금리,D,817Y002,1.3.2.1. 시장금리(일별),010200000,국고채(3년),,,20210713,1.424,연%,ECOS
TREASURY_3Y,국고채 3년 금리,D,817Y002,1.3.2.1. 시장금리(일별),010200000,국고채(3년),,,20210714,1.39,연%,ECOS
TREASURY_3Y,국고채 3년 금리,D,817Y002,1.3.2.1. 시장금리(일별),010200000,국고채(3년),,,20210715,1.497,연%,ECOS
TREASURY_3Y,국고채 3년 금리,D,817Y002,1.3.2.1. 시장금리(일별),010200000,국고채(3년),,,20210716,1.451,연%,ECOS
TREASURY_3Y,국고채 3년 금리,D,817Y002,1.3.2.1. 시장금리(일별),010200000,국고채(3년),,,20210719,1.459,연%,ECOS
TREASURY_3Y,국고채 3년 금리,D,817Y002,1.3.2.1. 시장금리(일별),010200000,국고채(3년),,,20210720,1.41,연%,ECOS
TREASURY_3Y,국고채 3년 금리,D,817Y002,1.3.2.1. 시장금리(일별),010200000,국고채(3년),,,20210721,1.383,연%,ECOS
TREASURY_3Y,국고채 3년 금리,D,817Y002,1.3.2.1. 시장금리(일별),010200000,국고채(3년),,,20210722,1.397,연%,ECOS
TREASURY_3Y,국고채 3년 금리,D,817Y002,1.3.2.1. 시장금리(일별),010200000,국고채(3년),,,20210723,1.393,연%,ECOS
TREASURY_3Y,국고채 3년 금리,D,817Y002,1.3.2.1. 시장금리(일별),010200000,국고채(3년),,,20210726,1.369,연%,ECOS
TREASURY_3Y,국고채 3년 금리,D,817Y002,1.3.2.1. 시장금리(일별),010200000,국고채(3년),,,20210727,1.38,연%,ECOS
TREASURY_3Y,국고채 3년 금리,D,817Y002,1.3.2.1. 시장금리(일별),010200000,국고채(3년),,,20210728,1.419,연%,ECOS
TREASURY_3Y,국고채 3년 금리,D,817Y002,1.3.2.1. 시장금리(일별),010200000,국고채(3년),,,20210729,1.431,연%,ECOS
TREASURY_3Y,국고채 3년 금리,D,817Y002,1.3.2.1. 시장금리(일별),010200000,국고채(3년),,,20210730,1.417,연%,ECOS
TREASURY_3Y,국고채 3년 금리,D,817Y002,1.3.2.1. 시장금리(일별),010200000,국고채(3년),,,20210802,1.435,연%,ECOS
TREASURY_3Y,국고채 3년 금리,D,817Y002,1.3.2.1. 시장금리(일별),010200000,국고채(3년),,,20210803,1.442,연%,ECOS
TREASURY_3Y,국고채 3년 금리,D,817Y002,1.3.2.1. 시장금리(일별),010200000,국고채(3년),,,20210804,1.418,연%,ECOS
TREASURY_3Y,국고채 3년 금리,D,817Y002,1.3.2.1. 시장금리(일별),010200000,국고채(3년),,,20210805,1.414,연%,ECOS
TREASURY_3Y,국고채 3년 금리,D,817Y002,1.3.2.1. 시장금리(일별),010200000,국고채(3년),,,20210806,1.433,연%,ECOS
TREASURY_3Y,국고채 3년 금리,D,817Y002,1.3.2.1. 시장금리(일별),010200000,국고채(3년),,,20210809,1.436,연%,ECOS
TREASURY_3Y,국고채 3년 금리,D,817Y002,1.3.2.1. 시장금리(일별),010200000,국고채(3년),,,20210810,1.432,연%,ECOS
TREASURY_3Y,국고채 3년 금리,D,817Y002,1.3.2.1. 시장금리(일별),010200000,국고채(3년),,,20210811,1.419,연%,ECOS
TREASURY_3Y,국고채 3년 금리,D,817Y002,1.3.2.1. 시장금리(일별),010200000,국고채(3년),,,20210812,1.413,연%,ECOS
TREASURY_3Y,국고채 3년 금리,D,817Y002,1.3.2.1. 시장금리(일별),010200000,국고채(3년),,,20210813,1.407,연%,ECOS
TREASURY_3Y,국고채 3년 금리,D,817Y002,1.3.2.1. 시장금리(일별),010200000,국고채(3년),,,20210817,1.402,연%,ECOS
TREASURY_3Y,국고채 3년 금리,D,817Y002,1.3.2.1. 시장금리(일별),010200000,국고채(3년),,,20210818,1.389,연%,ECOS
TREASURY_3Y,국고채 3년 금리,D,817Y002,1.3.2.1. 시장금리(일별),010200000,국고채(3년),,,20210819,1.36,연%,ECOS
TREASURY_3Y,국고채 3년 금리,D,817Y002,1.3.2.1. 시장금리(일별),010200000,국고채(3년),,,20210820,1.364,연%,ECOS
TREASURY_3Y,국고채 3년 금리,D,817Y002,1.3.2.1. 시장금리(일별),010200000,국고채(3년),,,20210823,1.389,연%,ECOS
TREASURY_3Y,국고채 3년 금리,D,817Y002,1.3.2.1. 시장금리(일별),010200000,국고채(3년),,,20210824,1.438,연%,ECOS
TREASURY_3Y,국고채 3년 금리,D,817Y002,1.3.2.1. 시장금리(일별),010200000,국고채(3년),,,20210825,1.435,연%,ECOS
TREASURY_3Y,국고채 3년 금리,D,817Y002,1.3.2.1. 시장금리(일별),010200000,국고채(3년),,,20210826,1.398,연%,ECOS
TREASURY_3Y,국고채 3년 금리,D,817Y002,1.3.2.1. 시장금리(일별),010200000,국고채(3년),,,20210827,1.408,연%,ECOS
TREASURY_3Y,국고채 3년 금리,D,817Y002,1.3.2.1. 시장금리(일별),010200000,국고채(3년),,,20210830,1.398,연%,ECOS
TREASURY_3Y,국고채 3년 금리,D,817Y002,1.3.2.1. 시장금리(일별),010200000,국고채(3년),,,20210831,1.395,연%,ECOS
TREASURY_3Y,국고채 3년 금리,D,817Y002,1.3.2.1. 시장금리(일별),010200000,국고채(3년),,,20210901,1.417,연%,ECOS
TREASURY_3Y,국고채 3년 금리,D,817Y002,1.3.2.1. 시장금리(일별),010200000,국고채(3년),,,20210902,1.422,연%,ECOS
TREASURY_3Y,국고채 3년 금리,D,817Y002,1.3.2.1. 시장금리(일별),010200000,국고채(3년),,,20210903,1.437,연%,ECOS
TREASURY_3Y,국고채 3년 금리,D,817Y002,1.3.2.1. 시장금리(일별),010200000,국고채(3년),,,20210906,1.459,연%,ECOS
TREASURY_3Y,국고채 3년 금리,D,817Y002,1.3.2.1. 시장금리(일별),010200000,국고채(3년),,,20210907,1.464,연%,ECOS
TREASURY_3Y,국고채 3년 금리,D,817Y002,1.3.2.1. 시장금리(일별),010200000,국고채(3년),,,20210908,1.489,연%,ECOS
TREASURY_3Y,국고채 3년 금리,D,817Y002,1.3.2.1. 시장금리(일별),010200000,국고채(3년),,,20210909,1.499,연%,ECOS
TREASURY_3Y,국고채 3년 금리,D,817Y002,1.3.2.1. 시장금리(일별),010200000,국고채(3년),,,20210910,1.501,연%,ECOS
TREASURY_3Y,국고채 3년 금리,D,817Y002,1.3.2.1. 시장금리(일별),010200000,국고채(3년),,,20210913,1.525,연%,ECOS
TREASURY_3Y,국고채 3년 금리,D,817Y002,1.3.2.1. 시장금리(일별),010200000,국고채(3년),,,20210914,1.535,연%,ECOS
TREASURY_3Y,국고채 3년 금리,D,817Y002,1.3.2.1. 시장금리(일별),010200000,국고채(3년),,,20210915,1.492,연%,ECOS
TREASURY_3Y,국고채 3년 금리,D,817Y002,1.3.2.1. 시장금리(일별),010200000,국고채(3년),,,20210916,1.51,연%,ECOS
TREASURY_3Y,국고채 3년 금리,D,817Y002,1.3.2.1. 시장금리(일별),010200000,국고채(3년),,,20210917,1.535,연%,ECOS
TREASURY_3Y,국고채 3년 금리,D,817Y002,1.3.2.1. 시장금리(일별),010200000,국고채(3년),,,20210923,1.558,연%,ECOS
TREASURY_3Y,국고채 3년 금리,D,817Y002,1.3.2.1. 시장금리(일별),010200000,국고채(3년),,,20210924,1.575,연%,ECOS
TREASURY_3Y,국고채 3년 금리,D,817Y002,1.3.2.1. 시장금리(일별),010200000,국고채(3년),,,20210927,1.566,연%,ECOS
TREASURY_3Y,국고채 3년 금리,D,817Y002,1.3.2.1. 시장금리(일별),010200000,국고채(3년),,,20210928,1.609,연%,ECOS
TREASURY_3Y,국고채 3년 금리,D,817Y002,1.3.2.1. 시장금리(일별),010200000,국고채(3년),,,20210929,1.603,연%,ECOS
TREASURY_3Y,국고채 3년 금리,D,817Y002,1.3.2.1. 시장금리(일별),010200000,국고채(3년),,,20210930,1.593,연%,ECOS
TREASURY_3Y,국고채 3년 금리,D,817Y002,1.3.2.1. 시장금리(일별),010200000,국고채(3년),,,20211001,1.633,연%,ECOS
TREASURY_3Y,국고채 3년 금리,D,817Y002,1.3.2.1. 시장금리(일별),010200000,국고채(3년),,,20211005,1.65,연%,ECOS
TREASURY_3Y,국고채 3년 금리,D,817Y002,1.3.2.1. 시장금리(일별),010200000,국고채(3년),,,20211006,1.719,연%,ECOS
TREASURY_3Y,국고채 3년 금리,D,817Y002,1.3.2.1. 시장금리(일별),010200000,국고채(3년),,,20211007,1.704,연%,ECOS
TREASURY_3Y,국고채 3년 금리,D,817Y002,1.3.2.1. 시장금리(일별),010200000,국고채(3년),,,20211008,1.701,연%,ECOS
TREASURY_3Y,국고채 3년 금리,D,817Y002,1.3.2.1. 시장금리(일별),010200000,국고채(3년),,,20211012,1.815,연%,ECOS
TREASURY_3Y,국고채 3년 금리,D,817Y002,1.3.2.1. 시장금리(일별),010200000,국고채(3년),,,20211013,1.824,연%,ECOS
TREASURY_3Y,국고채 3년 금리,D,817Y002,1.3.2.1. 시장금리(일별),010200000,국고채(3년),,,20211014,1.813,연%,ECOS
TREASURY_3Y,국고채 3년 금리,D,817Y002,1.3.2.1. 시장금리(일별),010200000,국고채(3년),,,20211015,1.795,연%,ECOS
TREASURY_3Y,국고채 3년 금리,D,817Y002,1.3.2.1. 시장금리(일별),010200000,국고채(3년),,,20211018,1.875,연%,ECOS
TREASURY_3Y,국고채 3년 금리,D,817Y002,1.3.2.1. 시장금리(일별),010200000,국고채(3년),,,20211019,1.866,연%,ECOS
TREASURY_3Y,국고채 3년 금리,D,817Y002,1.3.2.1. 시장금리(일별),010200000,국고채(3년),,,20211020,1.847,연%,ECOS
TREASURY_3Y,국고채 3년 금리,D,817Y002,1.3.2.1. 시장금리(일별),010200000,국고채(3년),,,20211021,1.836,연%,ECOS
TREASURY_3Y,국고채 3년 금리,D,817Y002,1.3.2.1. 시장금리(일별),010200000,국고채(3년),,,20211022,1.889,연%,ECOS
TREASURY_3Y,국고채 3년 금리,D,817Y002,1.3.2.1. 시장금리(일별),010200000,국고채(3년),,,20211025,1.919,연%,ECOS
TREASURY_3Y,국고채 3년 금리,D,817Y002,1.3.2.1. 시장금리(일별),010200000,국고채(3년),,,20211026,1.947,연%,ECOS
TREASURY_3Y,국고채 3년 금리,D,817Y002,1.3.2.1. 시장금리(일별),010200000,국고채(3년),,,20211027,2.044,연%,ECOS
TREASURY_3Y,국고채 3년 금리,D,817Y002,1.3.2.1. 시장금리(일별),010200000,국고채(3년),,,20211028,2.017,연%,ECOS
TREASURY_3Y,국고채 3년 금리,D,817Y002,1.3.2.1. 시장금리(일별),010200000,국고채(3년),,,20211029,2.103,연%,ECOS
TREASURY_3Y,국고채 3년 금리,D,817Y002,1.3.2.1. 시장금리(일별),010200000,국고채(3년),,,20211101,2.108,연%,ECOS
TREASURY_3Y,국고채 3년 금리,D,817Y002,1.3.2.1. 시장금리(일별),010200000,국고채(3년),,,20211102,2.038,연%,ECOS
TREASURY_3Y,국고채 3년 금리,D,817Y002,1.3.2.1. 시장금리(일별),010200000,국고채(3년),,,20211103,2.036,연%,ECOS
TREASURY_3Y,국고채 3년 금리,D,817Y002,1.3.2.1. 시장금리(일별),010200000,국고채(3년),,,20211104,2.04,연%,ECOS
TREASURY_3Y,국고채 3년 금리,D,817Y002,1.3.2.1. 시장금리(일별),010200000,국고채(3년),,,20211105,1.944,연%,ECOS
TREASURY_3Y,국고채 3년 금리,D,817Y002,1.3.2.1. 시장금리(일별),010200000,국고채(3년),,,20211108,1.906,연%,ECOS
TREASURY_3Y,국고채 3년 금리,D,817Y002,1.3.2.1. 시장금리(일별),010200000,국고채(3년),,,20211109,1.865,연%,ECOS
TREASURY_3Y,국고채 3년 금리,D,817Y002,1.3.2.1. 시장금리(일별),010200000,국고채(3년),,,20211110,1.877,연%,ECOS
TREASURY_3Y,국고채 3년 금리,D,817Y002,1.3.2.1. 시장금리(일별),010200000,국고채(3년),,,20211111,1.913,연%,ECOS
TREASURY_3Y,국고채 3년 금리,D,817Y002,1.3.2.1. 시장금리(일별),010200000,국고채(3년),,,20211112,1.968,연%,ECOS
TREASURY_3Y,국고채 3년 금리,D,817Y002,1.3.2.1. 시장금리(일별),010200000,국고채(3년),,,20211115,1.912,연%,ECOS
TREASURY_3Y,국고채 3년 금리,D,817Y002,1.3.2.1. 시장금리(일별),010200000,국고채(3년),,,20211116,1.963,연%,ECOS
TREASURY_3Y,국고채 3년 금리,D,817Y002,1.3.2.1. 시장금리(일별),010200000,국고채(3년),,,20211117,1.974,연%,ECOS
TREASURY_3Y,국고채 3년 금리,D,817Y002,1.3.2.1. 시장금리(일별),010200000,국고채(3년),,,20211118,1.953,연%,ECOS
TREASURY_3Y,국고채 3년 금리,D,817Y002,1.3.2.1. 시장금리(일별),010200000,국고채(3년),,,20211119,1.966,연%,ECOS
TREASURY_3Y,국고채 3년 금리,D,817Y002,1.3.2.1. 시장금리(일별),010200000,국고채(3년),,,20211122,2.018,연%,ECOS
TREASURY_3Y,국고채 3년 금리,D,817Y002,1.3.2.1. 시장금리(일별),010200000,국고채(3년),,,20211123,2.031,연%,ECOS
TREASURY_3Y,국고채 3년 금리,D,817Y002,1.3.2.1. 시장금리(일별),010200000,국고채(3년),,,20211124,2.013,연%,ECOS
TREASURY_3Y,국고채 3년 금리,D,817Y002,1.3.2.1. 시장금리(일별),010200000,국고채(3년),,,20211125,1.933,연%,ECOS
TREASURY_3Y,국고채 3년 금리,D,817Y002,1.3.2.1. 시장금리(일별),010200000,국고채(3년),,,20211126,1.863,연%,ECOS
TREASURY_3Y,국고채 3년 금리,D,817Y002,1.3.2.1. 시장금리(일별),010200000,국고채(3년),,,20211129,1.844,연%,ECOS
TREASURY_3Y,국고채 3년 금리,D,817Y002,1.3.2.1. 시장금리(일별),010200000,국고채(3년),,,20211130,1.799,연%,ECOS
TREASURY_3Y,국고채 3년 금리,D,817Y002,1.3.2.1. 시장금리(일별),010200000,국고채(3년),,,20211201,1.813,연%,ECOS
TREASURY_3Y,국고채 3년 금리,D,817Y002,1.3.2.1. 시장금리(일별),010200000,국고채(3년),,,20211202,1.845,연%,ECOS
TREASURY_3Y,국고채 3년 금리,D,817Y002,1.3.2.1. 시장금리(일별),010200000,국고채(3년),,,20211203,1.9,연%,ECOS
TREASURY_3Y,국고채 3년 금리,D,817Y002,1.3.2.1. 시장금리(일별),010200000,국고채(3년),,,20211206,1.865,연%,ECOS
TREASURY_3Y,국고채 3년 금리,D,817Y002,1.3.2.1. 시장금리(일별),010200000,국고채(3년),,,20211207,1.872,연%,ECOS
TREASURY_3Y,국고채 3년 금리,D,817Y002,1.3.2.1. 시장금리(일별),010200000,국고채(3년),,,20211208,1.831,연%,ECOS
TREASURY_3Y,국고채 3년 금리,D,817Y002,1.3.2.1. 시장금리(일별),010200000,국고채(3년),,,20211209,1.794,연%,ECOS
TREASURY_3Y,국고채 3년 금리,D,817Y002,1.3.2.1. 시장금리(일별),010200000,국고채(3년),,,20211210,1.805,연%,ECOS
TREASURY_3Y,국고채 3년 금리,D,817Y002,1.3.2.1. 시장금리(일별),010200000,국고채(3년),,,20211213,1.79,연%,ECOS
TREASURY_3Y,국고채 3년 금리,D,817Y002,1.3.2.1. 시장금리(일별),010200000,국고채(3년),,,20211214,1.784,연%,ECOS
TREASURY_3Y,국고채 3년 금리,D,817Y002,1.3.2.1. 시장금리(일별),010200000,국고채(3년),,,20211215,1.808,연%,ECOS
TREASURY_3Y,국고채 3년 금리,D,817Y002,1.3.2.1. 시장금리(일별),010200000,국고채(3년),,,20211216,1.766,연%,ECOS
TREASURY_3Y,국고채 3년 금리,D,817Y002,1.3.2.1. 시장금리(일별),010200000,국고채(3년),,,20211217,1.767,연%,ECOS
TREASURY_3Y,국고채 3년 금리,D,817Y002,1.3.2.1. 시장금리(일별),010200000,국고채(3년),,,20211220,1.74,연%,ECOS
TREASURY_3Y,국고채 3년 금리,D,817Y002,1.3.2.1. 시장금리(일별),010200000,국고채(3년),,,20211221,1.72,연%,ECOS
TREASURY_3Y,국고채 3년 금리,D,817Y002,1.3.2.1. 시장금리(일별),010200000,국고채(3년),,,20211222,1.757,연%,ECOS
TREASURY_3Y,국고채 3년 금리,D,817Y002,1.3.2.1. 시장금리(일별),010200000,국고채(3년),,,20211223,1.805,연%,ECOS
TREASURY_3Y,국고채 3년 금리,D,817Y002,1.3.2.1. 시장금리(일별),010200000,국고채(3년),,,20211224,1.798,연%,ECOS
TREASURY_3Y,국고채 3년 금리,D,817Y002,1.3.2.1. 시장금리(일별),010200000,국고채(3년),,,20211227,1.776,연%,ECOS
TREASURY_3Y,국고채 3년 금리,D,817Y002,1.3.2.1. 시장금리(일별),010200000,국고채(3년),,,20211228,1.786,연%,ECOS
TREASURY_3Y,국고채 3년 금리,D,817Y002,1.3.2.1. 시장금리(일별),010200000,국고채(3년),,,20211229,1.783,연%,ECOS
TREASURY_3Y,국고채 3년 금리,D,817Y002,1.3.2.1. 시장금리(일별),010200000,국고채(3년),,,20211230,1.799,연%,ECOS
TREASURY_3Y,국고채 3년 금리,D,817Y002,1.3.2.1. 시장금리(일별),010200000,국고채(3년),,,20211231,1.798,연%,ECOS
TREASURY_3Y,국고채 3년 금리,D,817Y002,1.3.2.1. 시장금리(일별),010200000,국고채(3년),,,20220103,1.855,연%,ECOS
TREASURY_3Y,국고채 3년 금리,D,817Y002,1.3.2.1. 시장금리(일별),010200000,국고채(3년),,,20220104,1.868,연%,ECOS
TREASURY_3Y,국고채 3년 금리,D,817Y002,1.3.2.1. 시장금리(일별),010200000,국고채(3년),,,20220105,1.913,연%,ECOS
TREASURY_3Y,국고채 3년 금리,D,817Y002,1.3.2.1. 시장금리(일별),010200000,국고채(3년),,,20220106,2.013,연%,ECOS
TREASURY_3Y,국고채 3년 금리,D,817Y002,1.3.2.1. 시장금리(일별),010200000,국고채(3년),,,20220107,2.015,연%,ECOS
TREASURY_3Y,국고채 3년 금리,D,817Y002,1.3.2.1. 시장금리(일별),010200000,국고채(3년),,,20220110,2.058,연%,ECOS
TREASURY_3Y,국고채 3년 금리,D,817Y002,1.3.2.1. 시장금리(일별),010200000,국고채(3년),,,20220111,2.038,연%,ECOS
TREASURY_3Y,국고채 3년 금리,D,817Y002,1.3.2.1. 시장금리(일별),010200000,국고채(3년),,,20220112,1.998,연%,ECOS
TREASURY_3Y,국고채 3년 금리,D,817Y002,1.3.2.1. 시장금리(일별),010200000,국고채(3년),,,20220113,1.953,연%,ECOS
TREASURY_3Y,국고채 3년 금리,D,817Y002,1.3.2.1. 시장금리(일별),010200000,국고채(3년),,,20220114,2.044,연%,ECOS
TREASURY_3Y,국고채 3년 금리,D,817Y002,1.3.2.1. 시장금리(일별),010200000,국고채(3년),,,20220117,2.148,연%,ECOS
TREASURY_3Y,국고채 3년 금리,D,817Y002,1.3.2.1. 시장금리(일별),010200000,국고채(3년),,,20220118,2.127,연%,ECOS
TREASURY_3Y,국고채 3년 금리,D,817Y002,1.3.2.1. 시장금리(일별),010200000,국고채(3년),,,20220119,2.073,연%,ECOS
TREASURY_3Y,국고채 3년 금리,D,817Y002,1.3.2.1. 시장금리(일별),010200000,국고채(3년),,,20220120,2.119,연%,ECOS
TREASURY_3Y,국고채 3년 금리,D,817Y002,1.3.2.1. 시장금리(일별),010200000,국고채(3년),,,20220121,2.132,연%,ECOS
TREASURY_3Y,국고채 3년 금리,D,817Y002,1.3.2.1. 시장금리(일별),010200000,국고채(3년),,,20220124,2.112,연%,ECOS
TREASURY_3Y,국고채 3년 금리,D,817Y002,1.3.2.1. 시장금리(일별),010200000,국고채(3년),,,20220125,2.174,연%,ECOS
TREASURY_3Y,국고채 3년 금리,D,817Y002,1.3.2.1. 시장금리(일별),010200000,국고채(3년),,,20220126,2.156,연%,ECOS
TREASURY_3Y,국고채 3년 금리,D,817Y002,1.3.2.1. 시장금리(일별),010200000,국고채(3년),,,20220127,2.217,연%,ECOS
TREASURY_3Y,국고채 3년 금리,D,817Y002,1.3.2.1. 시장금리(일별),010200000,국고채(3년),,,20220128,2.189,연%,ECOS
TREASURY_3Y,국고채 3년 금리,D,817Y002,1.3.2.1. 시장금리(일별),010200000,국고채(3년),,,20220203,2.158,연%,ECOS
TREASURY_3Y,국고채 3년 금리,D,817Y002,1.3.2.1. 시장금리(일별),010200000,국고채(3년),,,20220204,2.194,연%,ECOS
TREASURY_3Y,국고채 3년 금리,D,817Y002,1.3.2.1. 시장금리(일별),010200000,국고채(3년),,,20220207,2.237,연%,ECOS
TREASURY_3Y,국고채 3년 금리,D,817Y002,1.3.2.1. 시장금리(일별),010200000,국고채(3년),,,20220208,2.303,연%,ECOS
TREASURY_3Y,국고채 3년 금리,D,817Y002,1.3.2.1. 시장금리(일별),010200000,국고채(3년),,,20220209,2.279,연%,ECOS
TREASURY_3Y,국고채 3년 금리,D,817Y002,1.3.2.1. 시장금리(일별),010200000,국고채(3년),,,20220210,2.264,연%,ECOS
TREASURY_3Y,국고채 3년 금리,D,817Y002,1.3.2.1. 시장금리(일별),010200000,국고채(3년),,,20220211,2.343,연%,ECOS
TREASURY_3Y,국고채 3년 금리,D,817Y002,1.3.2.1. 시장금리(일별),010200000,국고채(3년),,,20220214,2.347,연%,ECOS
TREASURY_3Y,국고채 3년 금리,D,817Y002,1.3.2.1. 시장금리(일별),010200000,국고채(3년),,,20220215,2.345,연%,ECOS
TREASURY_3Y,국고채 3년 금리,D,817Y002,1.3.2.1. 시장금리(일별),010200000,국고채(3년),,,20220216,2.325,연%,ECOS
TREASURY_3Y,국고채 3년 금리,D,817Y002,1.3.2.1. 시장금리(일별),010200000,국고채(3년),,,20220217,2.295,연%,ECOS
TREASURY_3Y,국고채 3년 금리,D,817Y002,1.3.2.1. 시장금리(일별),010200000,국고채(3년),,,20220218,2.322,연%,ECOS
TREASURY_3Y,국고채 3년 금리,D,817Y002,1.3.2.1. 시장금리(일별),010200000,국고채(3년),,,20220221,2.363,연%,ECOS
TREASURY_3Y,국고채 3년 금리,D,817Y002,1.3.2.1. 시장금리(일별),010200000,국고채(3년),,,20220222,2.327,연%,ECOS
TREASURY_3Y,국고채 3년 금리,D,817Y002,1.3.2.1. 시장금리(일별),010200000,국고채(3년),,,20220223,2.317,연%,ECOS
TREASURY_3Y,국고채 3년 금리,D,817Y002,1.3.2.1. 시장금리(일별),010200000,국고채(3년),,,20220224,2.226,연%,ECOS
TREASURY_3Y,국고채 3년 금리,D,817Y002,1.3.2.1. 시장금리(일별),010200000,국고채(3년),,,20220225,2.244,연%,ECOS
TREASURY_3Y,국고채 3년 금리,D,817Y002,1.3.2.1. 시장금리(일별),010200000,국고채(3년),,,20220228,2.242,연%,ECOS
TREASURY_3Y,국고채 3년 금리,D,817Y002,1.3.2.1. 시장금리(일별),010200000,국고채(3년),,,20220302,2.187,연%,ECOS
TREASURY_3Y,국고채 3년 금리,D,817Y002,1.3.2.1. 시장금리(일별),010200000,국고채(3년),,,20220303,2.195,연%,ECOS
TREASURY_3Y,국고채 3년 금리,D,817Y002,1.3.2.1. 시장금리(일별),010200000,국고채(3년),,,20220304,2.214,연%,ECOS
TREASURY_3Y,국고채 3년 금리,D,817Y002,1.3.2.1. 시장금리(일별),010200000,국고채(3년),,,20220307,2.288,연%,ECOS
TREASURY_3Y,국고채 3년 금리,D,817Y002,1.3.2.1. 시장금리(일별),010200000,국고채(3년),,,20220308,2.287,연%,ECOS
TREASURY_3Y,국고채 3년 금리,D,817Y002,1.3.2.1. 시장금리(일별),010200000,국고채(3년),,,20220310,2.267,연%,ECOS
TREASURY_3Y,국고채 3년 금리,D,817Y002,1.3.2.1. 시장금리(일별),010200000,국고채(3년),,,20220311,2.255,연%,ECOS
TREASURY_3Y,국고채 3년 금리,D,817Y002,1.3.2.1. 시장금리(일별),010200000,국고채(3년),,,20220314,2.283,연%,ECOS
TREASURY_3Y,국고채 3년 금리,D,817Y002,1.3.2.1. 시장금리(일별),010200000,국고채(3년),,,20220315,2.285,연%,ECOS
TREASURY_3Y,국고채 3년 금리,D,817Y002,1.3.2.1. 시장금리(일별),010200000,국고채(3년),,,20220316,2.268,연%,ECOS
TREASURY_3Y,국고채 3년 금리,D,817Y002,1.3.2.1. 시장금리(일별),010200000,국고채(3년),,,20220317,2.217,연%,ECOS
TREASURY_3Y,국고채 3년 금리,D,817Y002,1.3.2.1. 시장금리(일별),010200000,국고채(3년),,,20220318,2.231,연%,ECOS
TREASURY_3Y,국고채 3년 금리,D,817Y002,1.3.2.1. 시장금리(일별),010200000,국고채(3년),,,20220321,2.268,연%,ECOS
TREASURY_3Y,국고채 3년 금리,D,817Y002,1.3.2.1. 시장금리(일별),010200000,국고채(3년),,,20220322,2.399,연%,ECOS
TREASURY_3Y,국고채 3년 금리,D,817Y002,1.3.2.1. 시장금리(일별),010200000,국고채(3년),,,20220323,2.426,연%,ECOS
TREASURY_3Y,국고채 3년 금리,D,817Y002,1.3.2.1. 시장금리(일별),010200000,국고채(3년),,,20220324,2.455,연%,ECOS
TREASURY_3Y,국고채 3년 금리,D,817Y002,1.3.2.1. 시장금리(일별),010200000,국고채(3년),,,20220325,2.505,연%,ECOS
TREASURY_3Y,국고채 3년 금리,D,817Y002,1.3.2.1. 시장금리(일별),010200000,국고채(3년),,,20220328,2.747,연%,ECOS
TREASURY_3Y,국고채 3년 금리,D,817Y002,1.3.2.1. 시장금리(일별),010200000,국고채(3년),,,20220329,2.7,연%,ECOS
TREASURY_3Y,국고채 3년 금리,D,817Y002,1.3.2.1. 시장금리(일별),010200000,국고채(3년),,,20220330,2.615,연%,ECOS
TREASURY_3Y,국고채 3년 금리,D,817Y002,1.3.2.1. 시장금리(일별),010200000,국고채(3년),,,20220331,2.663,연%,ECOS
TREASURY_3Y,국고채 3년 금리,D,817Y002,1.3.2.1. 시장금리(일별),010200000,국고채(3년),,,20220401,2.784,연%,ECOS
TREASURY_3Y,국고채 3년 금리,D,817Y002,1.3.2.1. 시장금리(일별),010200000,국고채(3년),,,20220404,2.837,연%,ECOS
TREASURY_3Y,국고채 3년 금리,D,817Y002,1.3.2.1. 시장금리(일별),010200000,국고채(3년),,,20220405,2.879,연%,ECOS
TREASURY_3Y,국고채 3년 금리,D,817Y002,1.3.2.1. 시장금리(일별),010200000,국고채(3년),,,20220406,2.941,연%,ECOS
TREASURY_3Y,국고채 3년 금리,D,817Y002,1.3.2.1. 시장금리(일별),010200000,국고채(3년),,,20220407,2.905,연%,ECOS
TREASURY_3Y,국고채 3년 금리,D,817Y002,1.3.2.1. 시장금리(일별),010200000,국고채(3년),,,20220408,2.987,연%,ECOS
TREASURY_3Y,국고채 3년 금리,D,817Y002,1.3.2.1. 시장금리(일별),010200000,국고채(3년),,,20220411,3.186,연%,ECOS
TREASURY_3Y,국고채 3년 금리,D,817Y002,1.3.2.1. 시장금리(일별),010200000,국고채(3년),,,20220412,3.105,연%,ECOS
TREASURY_3Y,국고채 3년 금리,D,817Y002,1.3.2.1. 시장금리(일별),010200000,국고채(3년),,,20220413,3.001,연%,ECOS
TREASURY_3Y,국고채 3년 금리,D,817Y002,1.3.2.1. 시장금리(일별),010200000,국고채(3년),,,20220414,2.888,연%,ECOS
TREASURY_3Y,국고채 3년 금리,D,817Y002,1.3.2.1. 시장금리(일별),010200000,국고채(3년),,,20220415,2.944,연%,ECOS
TREASURY_3Y,국고채 3년 금리,D,817Y002,1.3.2.1. 시장금리(일별),010200000,국고채(3년),,,20220418,2.99,연%,ECOS
TREASURY_3Y,국고채 3년 금리,D,817Y002,1.3.2.1. 시장금리(일별),010200000,국고채(3년),,,20220419,2.981,연%,ECOS
TREASURY_3Y,국고채 3년 금리,D,817Y002,1.3.2.1. 시장금리(일별),010200000,국고채(3년),,,20220420,2.957,연%,ECOS
TREASURY_3Y,국고채 3년 금리,D,817Y002,1.3.2.1. 시장금리(일별),010200000,국고채(3년),,,20220421,2.927,연%,ECOS
TREASURY_3Y,국고채 3년 금리,D,817Y002,1.3.2.1. 시장금리(일별),010200000,국고채(3년),,,20220422,2.971,연%,ECOS
TREASURY_3Y,국고채 3년 금리,D,817Y002,1.3.2.1. 시장금리(일별),010200000,국고채(3년),,,20220425,2.857,연%,ECOS
TREASURY_3Y,국고채 3년 금리,D,817Y002,1.3.2.1. 시장금리(일별),010200000,국고채(3년),,,20220426,2.83,연%,ECOS
TREASURY_3Y,국고채 3년 금리,D,817Y002,1.3.2.1. 시장금리(일별),010200000,국고채(3년),,,20220427,2.899,연%,ECOS
TREASURY_3Y,국고채 3년 금리,D,817Y002,1.3.2.1. 시장금리(일별),010200000,국고채(3년),,,20220428,2.925,연%,ECOS
TREASURY_3Y,국고채 3년 금리,D,817Y002,1.3.2.1. 시장금리(일별),010200000,국고채(3년),,,20220429,2.958,연%,ECOS
TREASURY_3Y,국고채 3년 금리,D,817Y002,1.3.2.1. 시장금리(일별),010200000,국고채(3년),,,20220502,3.086,연%,ECOS
TREASURY_3Y,국고채 3년 금리,D,817Y002,1.3.2.1. 시장금리(일별),010200000,국고채(3년),,,20220503,3.139,연%,ECOS
TREASURY_3Y,국고채 3년 금리,D,817Y002,1.3.2.1. 시장금리(일별),010200000,국고채(3년),,,20220504,3.178,연%,ECOS
TREASURY_3Y,국고채 3년 금리,D,817Y002,1.3.2.1. 시장금리(일별),010200000,국고채(3년),,,20220506,3.146,연%,ECOS
TREASURY_3Y,국고채 3년 금리,D,817Y002,1.3.2.1. 시장금리(일별),010200000,국고채(3년),,,20220509,3.062,연%,ECOS
TREASURY_3Y,국고채 3년 금리,D,817Y002,1.3.2.1. 시장금리(일별),010200000,국고채(3년),,,20220510,3.046,연%,ECOS
TREASURY_3Y,국고채 3년 금리,D,817Y002,1.3.2.1. 시장금리(일별),010200000,국고채(3년),,,20220511,2.928,연%,ECOS
TREASURY_3Y,국고채 3년 금리,D,817Y002,1.3.2.1. 시장금리(일별),010200000,국고채(3년),,,20220512,2.9,연%,ECOS
TREASURY_3Y,국고채 3년 금리,D,817Y002,1.3.2.1. 시장금리(일별),010200000,국고채(3년),,,20220513,2.911,연%,ECOS
TREASURY_3Y,국고채 3년 금리,D,817Y002,1.3.2.1. 시장금리(일별),010200000,국고채(3년),,,20220516,3.046,연%,ECOS
TREASURY_3Y,국고채 3년 금리,D,817Y002,1.3.2.1. 시장금리(일별),010200000,국고채(3년),,,20220517,3.031,연%,ECOS
TREASURY_3Y,국고채 3년 금리,D,817Y002,1.3.2.1. 시장금리(일별),010200000,국고채(3년),,,20220518,3.069,연%,ECOS
TREASURY_3Y,국고채 3년 금리,D,817Y002,1.3.2.1. 시장금리(일별),010200000,국고채(3년),,,20220519,3.046,연%,ECOS
TREASURY_3Y,국고채 3년 금리,D,817Y002,1.3.2.1. 시장금리(일별),010200000,국고채(3년),,,20220520,3.011,연%,ECOS
TREASURY_3Y,국고채 3년 금리,D,817Y002,1.3.2.1. 시장금리(일별),010200000,국고채(3년),,,20220523,3.018,연%,ECOS
TREASURY_3Y,국고채 3년 금리,D,817Y002,1.3.2.1. 시장금리(일별),010200000,국고채(3년),,,20220524,2.967,연%,ECOS
TREASURY_3Y,국고채 3년 금리,D,817Y002,1.3.2.1. 시장금리(일별),010200000,국고채(3년),,,20220525,2.946,연%,ECOS
TREASURY_3Y,국고채 3년 금리,D,817Y002,1.3.2.1. 시장금리(일별),010200000,국고채(3년),,,20220526,2.955,연%,ECOS
TREASURY_3Y,국고채 3년 금리,D,817Y002,1.3.2.1. 시장금리(일별),010200000,국고채(3년),,,20220527,2.947,연%,ECOS
TREASURY_3Y,국고채 3년 금리,D,817Y002,1.3.2.1. 시장금리(일별),010200000,국고채(3년),,,20220530,2.942,연%,ECOS
TREASURY_3Y,국고채 3년 금리,D,817Y002,1.3.2.1. 시장금리(일별),010200000,국고채(3년),,,20220531,3.027,연%,ECOS
TREASURY_3Y,국고채 3년 금리,D,817Y002,1.3.2.1. 시장금리(일별),010200000,국고채(3년),,,20220602,3.125,연%,ECOS
TREASURY_3Y,국고채 3년 금리,D,817Y002,1.3.2.1. 시장금리(일별),010200000,국고채(3년),,,20220603,3.121,연%,ECOS
TREASURY_3Y,국고채 3년 금리,D,817Y002,1.3.2.1. 시장금리(일별),010200000,국고채(3년),,,20220607,3.232,연%,ECOS
TREASURY_3Y,국고채 3년 금리,D,817Y002,1.3.2.1. 시장금리(일별),010200000,국고채(3년),,,20220608,3.209,연%,ECOS
TREASURY_3Y,국고채 3년 금리,D,817Y002,1.3.2.1. 시장금리(일별),010200000,국고채(3년),,,20220609,3.171,연%,ECOS
TREASURY_3Y,국고채 3년 금리,D,817Y002,1.3.2.1. 시장금리(일별),010200000,국고채(3년),,,20220610,3.275,연%,ECOS
TREASURY_3Y,국고채 3년 금리,D,817Y002,1.3.2.1. 시장금리(일별),010200000,국고채(3년),,,20220613,3.514,연%,ECOS
TREASURY_3Y,국고채 3년 금리,D,817Y002,1.3.2.1. 시장금리(일별),010200000,국고채(3년),,,20220614,3.548,연%,ECOS
TREASURY_3Y,국고채 3년 금리,D,817Y002,1.3.2.1. 시장금리(일별),010200000,국고채(3년),,,20220615,3.666,연%,ECOS
TREASURY_3Y,국고채 3년 금리,D,817Y002,1.3.2.1. 시장금리(일별),010200000,국고채(3년),,,20220616,3.728,연%,ECOS
TREASURY_3Y,국고채 3년 금리,D,817Y002,1.3.2.1. 시장금리(일별),010200000,국고채(3년),,,20220617,3.745,연%,ECOS
TREASURY_3Y,국고채 3년 금리,D,817Y002,1.3.2.1. 시장금리(일별),010200000,국고채(3년),,,20220620,3.675,연%,ECOS
TREASURY_3Y,국고채 3년 금리,D,817Y002,1.3.2.1. 시장금리(일별),010200000,국고채(3년),,,20220621,3.663,연%,ECOS
TREASURY_3Y,국고채 3년 금리,D,817Y002,1.3.2.1. 시장금리(일별),010200000,국고채(3년),,,20220622,3.522,연%,ECOS
TREASURY_3Y,국고채 3년 금리,D,817Y002,1.3.2.1. 시장금리(일별),010200000,국고채(3년),,,20220623,3.608,연%,ECOS
TREASURY_3Y,국고채 3년 금리,D,817Y002,1.3.2.1. 시장금리(일별),010200000,국고채(3년),,,20220624,3.523,연%,ECOS
TREASURY_3Y,국고채 3년 금리,D,817Y002,1.3.2.1. 시장금리(일별),010200000,국고채(3년),,,20220627,3.568,연%,ECOS
TREASURY_3Y,국고채 3년 금리,D,817Y002,1.3.2.1. 시장금리(일별),010200000,국고채(3년),,,20220628,3.552,연%,ECOS
TREASURY_3Y,국고채 3년 금리,D,817Y002,1.3.2.1. 시장금리(일별),010200000,국고채(3년),,,20220629,3.552,연%,ECOS
TREASURY_3Y,국고채 3년 금리,D,817Y002,1.3.2.1. 시장금리(일별),010200000,국고채(3년),,,20220630,3.55,연%,ECOS
TREASURY_3Y,국고채 3년 금리,D,817Y002,1.3.2.1. 시장금리(일별),010200000,국고채(3년),,,20220701,3.439,연%,ECOS
TREASURY_3Y,국고채 3년 금리,D,817Y002,1.3.2.1. 시장금리(일별),010200000,국고채(3년),,,20220704,3.43,연%,ECOS
TREASURY_3Y,국고채 3년 금리,D,817Y002,1.3.2.1. 시장금리(일별),010200000,국고채(3년),,,20220705,3.301,연%,ECOS
TREASURY_3Y,국고채 3년 금리,D,817Y002,1.3.2.1. 시장금리(일별),010200000,국고채(3년),,,20220706,3.239,연%,ECOS
TREASURY_3Y,국고채 3년 금리,D,817Y002,1.3.2.1. 시장금리(일별),010200000,국고채(3년),,,20220707,3.262,연%,ECOS
TREASURY_3Y,국고채 3년 금리,D,817Y002,1.3.2.1. 시장금리(일별),010200000,국고채(3년),,,20220708,3.315,연%,ECOS
TREASURY_3Y,국고채 3년 금리,D,817Y002,1.3.2.1. 시장금리(일별),010200000,국고채(3년),,,20220711,3.324,연%,ECOS
TREASURY_3Y,국고채 3년 금리,D,817Y002,1.3.2.1. 시장금리(일별),010200000,국고채(3년),,,20220712,3.291,연%,ECOS
TREASURY_3Y,국고채 3년 금리,D,817Y002,1.3.2.1. 시장금리(일별),010200000,국고채(3년),,,20220713,3.211,연%,ECOS
TREASURY_3Y,국고채 3년 금리,D,817Y002,1.3.2.1. 시장금리(일별),010200000,국고채(3년),,,20220714,3.26,연%,ECOS
TREASURY_3Y,국고채 3년 금리,D,817Y002,1.3.2.1. 시장금리(일별),010200000,국고채(3년),,,20220715,3.205,연%,ECOS
TREASURY_3Y,국고채 3년 금리,D,817Y002,1.3.2.1. 시장금리(일별),010200000,국고채(3년),,,20220718,3.212,연%,ECOS
TREASURY_3Y,국고채 3년 금리,D,817Y002,1.3.2.1. 시장금리(일별),010200000,국고채(3년),,,20220719,3.192,연%,ECOS
TREASURY_3Y,국고채 3년 금리,D,817Y002,1.3.2.1. 시장금리(일별),010200000,국고채(3년),,,20220720,3.296,연%,ECOS
TREASURY_3Y,국고채 3년 금리,D,817Y002,1.3.2.1. 시장금리(일별),010200000,국고채(3년),,,20220721,3.294,연%,ECOS
TREASURY_3Y,국고채 3년 금리,D,817Y002,1.3.2.1. 시장금리(일별),010200000,국고채(3년),,,20220722,3.218,연%,ECOS
TREASURY_3Y,국고채 3년 금리,D,817Y002,1.3.2.1. 시장금리(일별),010200000,국고채(3년),,,20220725,3.153,연%,ECOS
TREASURY_3Y,국고채 3년 금리,D,817Y002,1.3.2.1. 시장금리(일별),010200000,국고채(3년),,,20220726,3.121,연%,ECOS
TREASURY_3Y,국고채 3년 금리,D,817Y002,1.3.2.1. 시장금리(일별),010200000,국고채(3년),,,20220727,3.09,연%,ECOS
TREASURY_3Y,국고채 3년 금리,D,817Y002,1.3.2.1. 시장금리(일별),010200000,국고채(3년),,,20220728,3.13,연%,ECOS
TREASURY_3Y,국고채 3년 금리,D,817Y002,1.3.2.1. 시장금리(일별),010200000,국고채(3년),,,20220729,3.009,연%,ECOS
TREASURY_3Y,국고채 3년 금리,D,817Y002,1.3.2.1. 시장금리(일별),010200000,국고채(3년),,,20220801,3.081,연%,ECOS
TREASURY_3Y,국고채 3년 금리,D,817Y002,1.3.2.1. 시장금리(일별),010200000,국고채(3년),,,20220802,3.012,연%,ECOS
TREASURY_3Y,국고채 3년 금리,D,817Y002,1.3.2.1. 시장금리(일별),010200000,국고채(3년),,,20220803,3.065,연%,ECOS
TREASURY_3Y,국고채 3년 금리,D,817Y002,1.3.2.1. 시장금리(일별),010200000,국고채(3년),,,20220804,3.114,연%,ECOS
TREASURY_3Y,국고채 3년 금리,D,817Y002,1.3.2.1. 시장금리(일별),010200000,국고채(3년),,,20220805,3.079,연%,ECOS
TREASURY_3Y,국고채 3년 금리,D,817Y002,1.3.2.1. 시장금리(일별),010200000,국고채(3년),,,20220808,3.134,연%,ECOS
TREASURY_3Y,국고채 3년 금리,D,817Y002,1.3.2.1. 시장금리(일별),010200000,국고채(3년),,,20220809,3.134,연%,ECOS
TREASURY_3Y,국고채 3년 금리,D,817Y002,1.3.2.1. 시장금리(일별),010200000,국고채(3년),,,20220810,3.154,연%,ECOS
TREASURY_3Y,국고채 3년 금리,D,817Y002,1.3.2.1. 시장금리(일별),010200000,국고채(3년),,,20220811,3.124,연%,ECOS
TREASURY_3Y,국고채 3년 금리,D,817Y002,1.3.2.1. 시장금리(일별),010200000,국고채(3년),,,20220812,3.181,연%,ECOS
TREASURY_3Y,국고채 3년 금리,D,817Y002,1.3.2.1. 시장금리(일별),010200000,국고채(3년),,,20220816,3.078,연%,ECOS
TREASURY_3Y,국고채 3년 금리,D,817Y002,1.3.2.1. 시장금리(일별),010200000,국고채(3년),,,20220817,3.087,연%,ECOS
TREASURY_3Y,국고채 3년 금리,D,817Y002,1.3.2.1. 시장금리(일별),010200000,국고채(3년),,,20220818,3.125,연%,ECOS
TREASURY_3Y,국고채 3년 금리,D,817Y002,1.3.2.1. 시장금리(일별),010200000,국고채(3년),,,20220819,3.197,연%,ECOS
TREASURY_3Y,국고채 3년 금리,D,817Y002,1.3.2.1. 시장금리(일별),010200000,국고채(3년),,,20220822,3.245,연%,ECOS
TREASURY_3Y,국고채 3년 금리,D,817Y002,1.3.2.1. 시장금리(일별),010200000,국고채(3년),,,20220823,3.281,연%,ECOS
TREASURY_3Y,국고채 3년 금리,D,817Y002,1.3.2.1. 시장금리(일별),010200000,국고채(3년),,,20220824,3.311,연%,ECOS
TREASURY_3Y,국고채 3년 금리,D,817Y002,1.3.2.1. 시장금리(일별),010200000,국고채(3년),,,20220825,3.531,연%,ECOS
TREASURY_3Y,국고채 3년 금리,D,817Y002,1.3.2.1. 시장금리(일별),010200000,국고채(3년),,,20220826,3.525,연%,ECOS
TREASURY_3Y,국고채 3년 금리,D,817Y002,1.3.2.1. 시장금리(일별),010200000,국고채(3년),,,20220829,3.653,연%,ECOS
TREASURY_3Y,국고채 3년 금리,D,817Y002,1.3.2.1. 시장금리(일별),010200000,국고채(3년),,,20220830,3.642,연%,ECOS
TREASURY_3Y,국고채 3년 금리,D,817Y002,1.3.2.1. 시장금리(일별),010200000,국고채(3년),,,20220831,3.685,연%,ECOS
TREASURY_3Y,국고채 3년 금리,D,817Y002,1.3.2.1. 시장금리(일별),010200000,국고채(3년),,,20220901,3.778,연%,ECOS
TREASURY_3Y,국고채 3년 금리,D,817Y002,1.3.2.1. 시장금리(일별),010200000,국고채(3년),,,20220902,3.678,연%,ECOS
TREASURY_3Y,국고채 3년 금리,D,817Y002,1.3.2.1. 시장금리(일별),010200000,국고채(3년),,,20220905,3.616,연%,ECOS
TREASURY_3Y,국고채 3년 금리,D,817Y002,1.3.2.1. 시장금리(일별),010200000,국고채(3년),,,20220906,3.682,연%,ECOS
TREASURY_3Y,국고채 3년 금리,D,817Y002,1.3.2.1. 시장금리(일별),010200000,국고채(3년),,,20220907,3.685,연%,ECOS
TREASURY_3Y,국고채 3년 금리,D,817Y002,1.3.2.1. 시장금리(일별),010200000,국고채(3년),,,20220908,3.543,연%,ECOS
TREASURY_3Y,국고채 3년 금리,D,817Y002,1.3.2.1. 시장금리(일별),010200000,국고채(3년),,,20220913,3.536,연%,ECOS
TREASURY_3Y,국고채 3년 금리,D,817Y002,1.3.2.1. 시장금리(일별),010200000,국고채(3년),,,20220914,3.585,연%,ECOS
TREASURY_3Y,국고채 3년 금리,D,817Y002,1.3.2.1. 시장금리(일별),010200000,국고채(3년),,,20220915,3.77,연%,ECOS
TREASURY_3Y,국고채 3년 금리,D,817Y002,1.3.2.1. 시장금리(일별),010200000,국고채(3년),,,20220916,3.767,연%,ECOS
TREASURY_3Y,국고채 3년 금리,D,817Y002,1.3.2.1. 시장금리(일별),010200000,국고채(3년),,,20220919,3.759,연%,ECOS
TREASURY_3Y,국고채 3년 금리,D,817Y002,1.3.2.1. 시장금리(일별),010200000,국고채(3년),,,20220920,3.823,연%,ECOS
TREASURY_3Y,국고채 3년 금리,D,817Y002,1.3.2.1. 시장금리(일별),010200000,국고채(3년),,,20220921,3.847,연%,ECOS
TREASURY_3Y,국고채 3년 금리,D,817Y002,1.3.2.1. 시장금리(일별),010200000,국고채(3년),,,20220922,4.104,연%,ECOS
TREASURY_3Y,국고채 3년 금리,D,817Y002,1.3.2.1. 시장금리(일별),010200000,국고채(3년),,,20220923,4.199,연%,ECOS
TREASURY_3Y,국고채 3년 금리,D,817Y002,1.3.2.1. 시장금리(일별),010200000,국고채(3년),,,20220926,4.548,연%,ECOS
TREASURY_3Y,국고채 3년 금리,D,817Y002,1.3.2.1. 시장금리(일별),010200000,국고채(3년),,,20220927,4.304,연%,ECOS
TREASURY_3Y,국고채 3년 금리,D,817Y002,1.3.2.1. 시장금리(일별),010200000,국고채(3년),,,20220928,4.338,연%,ECOS
TREASURY_3Y,국고채 3년 금리,D,817Y002,1.3.2.1. 시장금리(일별),010200000,국고채(3년),,,20220929,4.303,연%,ECOS
TREASURY_3Y,국고채 3년 금리,D,817Y002,1.3.2.1. 시장금리(일별),010200000,국고채(3년),,,20220930,4.186,연%,ECOS
TREASURY_3Y,국고채 3년 금리,D,817Y002,1.3.2.1. 시장금리(일별),010200000,국고채(3년),,,20221004,4.081,연%,ECOS
TREASURY_3Y,국고채 3년 금리,D,817Y002,1.3.2.1. 시장금리(일별),010200000,국고채(3년),,,20221005,4.157,연%,ECOS
TREASURY_3Y,국고채 3년 금리,D,817Y002,1.3.2.1. 시장금리(일별),010200000,국고채(3년),,,20221006,4.145,연%,ECOS
TREASURY_3Y,국고채 3년 금리,D,817Y002,1.3.2.1. 시장금리(일별),010200000,국고채(3년),,,20221007,4.276,연%,ECOS
TREASURY_3Y,국고채 3년 금리,D,817Y002,1.3.2.1. 시장금리(일별),010200000,국고채(3년),,,20221011,4.342,연%,ECOS
TREASURY_3Y,국고채 3년 금리,D,817Y002,1.3.2.1. 시장금리(일별),010200000,국고채(3년),,,20221012,4.107,연%,ECOS
TREASURY_3Y,국고채 3년 금리,D,817Y002,1.3.2.1. 시장금리(일별),010200000,국고채(3년),,,20221013,4.203,연%,ECOS
TREASURY_3Y,국고채 3년 금리,D,817Y002,1.3.2.1. 시장금리(일별),010200000,국고채(3년),,,20221014,4.207,연%,ECOS
TREASURY_3Y,국고채 3년 금리,D,817Y002,1.3.2.1. 시장금리(일별),010200000,국고채(3년),,,20221017,4.239,연%,ECOS
TREASURY_3Y,국고채 3년 금리,D,817Y002,1.3.2.1. 시장금리(일별),010200000,국고채(3년),,,20221018,4.242,연%,ECOS
TREASURY_3Y,국고채 3년 금리,D,817Y002,1.3.2.1. 시장금리(일별),010200000,국고채(3년),,,20221019,4.331,연%,ECOS
TREASURY_3Y,국고채 3년 금리,D,817Y002,1.3.2.1. 시장금리(일별),010200000,국고채(3년),,,20221020,4.35,연%,ECOS
TREASURY_3Y,국고채 3년 금리,D,817Y002,1.3.2.1. 시장금리(일별),010200000,국고채(3년),,,20221021,4.495,연%,ECOS
TREASURY_3Y,국고채 3년 금리,D,817Y002,1.3.2.1. 시장금리(일별),010200000,국고채(3년),,,20221024,4.305,연%,ECOS
TREASURY_3Y,국고채 3년 금리,D,817Y002,1.3.2.1. 시장금리(일별),010200000,국고채(3년),,,20221025,4.221,연%,ECOS
TREASURY_3Y,국고채 3년 금리,D,817Y002,1.3.2.1. 시장금리(일별),010200000,국고채(3년),,,20221026,4.208,연%,ECOS
TREASURY_3Y,국고채 3년 금리,D,817Y002,1.3.2.1. 시장금리(일별),010200000,국고채(3년),,,20221027,4.254,연%,ECOS
TREASURY_3Y,국고채 3년 금리,D,817Y002,1.3.2.1. 시장금리(일별),010200000,국고채(3년),,,20221028,4.112,연%,ECOS
TREASURY_3Y,국고채 3년 금리,D,817Y002,1.3.2.1. 시장금리(일별),010200000,국고채(3년),,,20221031,4.185,연%,ECOS
TREASURY_3Y,국고채 3년 금리,D,817Y002,1.3.2.1. 시장금리(일별),010200000,국고채(3년),,,20221101,4.068,연%,ECOS
TREASURY_3Y,국고채 3년 금리,D,817Y002,1.3.2.1. 시장금리(일별),010200000,국고채(3년),,,20221102,4.095,연%,ECOS
TREASURY_3Y,국고채 3년 금리,D,817Y002,1.3.2.1. 시장금리(일별),010200000,국고채(3년),,,20221103,4.158,연%,ECOS
TREASURY_3Y,국고채 3년 금리,D,817Y002,1.3.2.1. 시장금리(일별),010200000,국고채(3년),,,20221104,4.118,연%,ECOS
TREASURY_3Y,국고채 3년 금리,D,817Y002,1.3.2.1. 시장금리(일별),010200000,국고채(3년),,,20221107,4.186,연%,ECOS
TREASURY_3Y,국고채 3년 금리,D,817Y002,1.3.2.1. 시장금리(일별),010200000,국고채(3년),,,20221108,4.156,연%,ECOS
TREASURY_3Y,국고채 3년 금리,D,817Y002,1.3.2.1. 시장금리(일별),010200000,국고채(3년),,,20221109,4.086,연%,ECOS
TREASURY_3Y,국고채 3년 금리,D,817Y002,1.3.2.1. 시장금리(일별),010200000,국고채(3년),,,20221110,4.033,연%,ECOS
TREASURY_3Y,국고채 3년 금리,D,817Y002,1.3.2.1. 시장금리(일별),010200000,국고채(3년),,,20221111,3.834,연%,ECOS
TREASURY_3Y,국고채 3년 금리,D,817Y002,1.3.2.1. 시장금리(일별),010200000,국고채(3년),,,20221114,3.85,연%,ECOS
TREASURY_3Y,국고채 3년 금리,D,817Y002,1.3.2.1. 시장금리(일별),010200000,국고채(3년),,,20221115,3.753,연%,ECOS
TREASURY_3Y,국고채 3년 금리,D,817Y002,1.3.2.1. 시장금리(일별),010200000,국고채(3년),,,20221116,3.808,연%,ECOS
TREASURY_3Y,국고채 3년 금리,D,817Y002,1.3.2.1. 시장금리(일별),010200000,국고채(3년),,,20221117,3.804,연%,ECOS
TREASURY_3Y,국고채 3년 금리,D,817Y002,1.3.2.1. 시장금리(일별),010200000,국고채(3년),,,20221118,3.787,연%,ECOS
TREASURY_3Y,국고채 3년 금리,D,817Y002,1.3.2.1. 시장금리(일별),010200000,국고채(3년),,,20221121,3.837,연%,ECOS
TREASURY_3Y,국고채 3년 금리,D,817Y002,1.3.2.1. 시장금리(일별),010200000,국고채(3년),,,20221122,3.844,연%,ECOS
TREASURY_3Y,국고채 3년 금리,D,817Y002,1.3.2.1. 시장금리(일별),010200000,국고채(3년),,,20221123,3.849,연%,ECOS
TREASURY_3Y,국고채 3년 금리,D,817Y002,1.3.2.1. 시장금리(일별),010200000,국고채(3년),,,20221124,3.689,연%,ECOS
TREASURY_3Y,국고채 3년 금리,D,817Y002,1.3.2.1. 시장금리(일별),010200000,국고채(3년),,,20221125,3.644,연%,ECOS
TREASURY_3Y,국고채 3년 금리,D,817Y002,1.3.2.1. 시장금리(일별),010200000,국고채(3년),,,20221128,3.669,연%,ECOS
TREASURY_3Y,국고채 3년 금리,D,817Y002,1.3.2.1. 시장금리(일별),010200000,국고채(3년),,,20221129,3.723,연%,ECOS
TREASURY_3Y,국고채 3년 금리,D,817Y002,1.3.2.1. 시장금리(일별),010200000,국고채(3년),,,20221130,3.689,연%,ECOS
TREASURY_3Y,국고채 3년 금리,D,817Y002,1.3.2.1. 시장금리(일별),010200000,국고채(3년),,,20221201,3.65,연%,ECOS
TREASURY_3Y,국고채 3년 금리,D,817Y002,1.3.2.1. 시장금리(일별),010200000,국고채(3년),,,20221202,3.616,연%,ECOS
TREASURY_3Y,국고채 3년 금리,D,817Y002,1.3.2.1. 시장금리(일별),010200000,국고채(3년),,,20221205,3.609,연%,ECOS
TREASURY_3Y,국고채 3년 금리,D,817Y002,1.3.2.1. 시장금리(일별),010200000,국고채(3년),,,20221206,3.633,연%,ECOS
TREASURY_3Y,국고채 3년 금리,D,817Y002,1.3.2.1. 시장금리(일별),010200000,국고채(3년),,,20221207,3.672,연%,ECOS
TREASURY_3Y,국고채 3년 금리,D,817Y002,1.3.2.1. 시장금리(일별),010200000,국고채(3년),,,20221208,3.676,연%,ECOS
TREASURY_3Y,국고채 3년 금리,D,817Y002,1.3.2.1. 시장금리(일별),010200000,국고채(3년),,,20221209,3.657,연%,ECOS
TREASURY_3Y,국고채 3년 금리,D,817Y002,1.3.2.1. 시장금리(일별),010200000,국고채(3년),,,20221212,3.623,연%,ECOS
TREASURY_3Y,국고채 3년 금리,D,817Y002,1.3.2.1. 시장금리(일별),010200000,국고채(3년),,,20221213,3.623,연%,ECOS
TREASURY_3Y,국고채 3년 금리,D,817Y002,1.3.2.1. 시장금리(일별),010200000,국고채(3년),,,20221214,3.53,연%,ECOS
TREASURY_3Y,국고채 3년 금리,D,817Y002,1.3.2.1. 시장금리(일별),010200000,국고채(3년),,,20221215,3.536,연%,ECOS
TREASURY_3Y,국고채 3년 금리,D,817Y002,1.3.2.1. 시장금리(일별),010200000,국고채(3년),,,20221216,3.539,연%,ECOS
TREASURY_3Y,국고채 3년 금리,D,817Y002,1.3.2.1. 시장금리(일별),010200000,국고채(3년),,,20221219,3.545,연%,ECOS
TREASURY_3Y,국고채 3년 금리,D,817Y002,1.3.2.1. 시장금리(일별),010200000,국고채(3년),,,20221220,3.685,연%,ECOS
TREASURY_3Y,국고채 3년 금리,D,817Y002,1.3.2.1. 시장금리(일별),010200000,국고채(3년),,,20221221,3.638,연%,ECOS
TREASURY_3Y,국고채 3년 금리,D,817Y002,1.3.2.1. 시장금리(일별),010200000,국고채(3년),,,20221222,3.567,연%,ECOS
TREASURY_3Y,국고채 3년 금리,D,817Y002,1.3.2.1. 시장금리(일별),010200000,국고채(3년),,,20221223,3.623,연%,ECOS
TREASURY_3Y,국고채 3년 금리,D,817Y002,1.3.2.1. 시장금리(일별),010200000,국고채(3년),,,20221226,3.663,연%,ECOS
TREASURY_3Y,국고채 3년 금리,D,817Y002,1.3.2.1. 시장금리(일별),010200000,국고채(3년),,,20221227,3.662,연%,ECOS
TREASURY_3Y,국고채 3년 금리,D,817Y002,1.3.2.1. 시장금리(일별),010200000,국고채(3년),,,20221228,3.668,연%,ECOS
TREASURY_3Y,국고채 3년 금리,D,817Y002,1.3.2.1. 시장금리(일별),010200000,국고채(3년),,,20221229,3.719,연%,ECOS
TREASURY_3Y,국고채 3년 금리,D,817Y002,1.3.2.1. 시장금리(일별),010200000,국고채(3년),,,20221230,3.722,연%,ECOS
TREASURY_3Y,국고채 3년 금리,D,817Y002,1.3.2.1. 시장금리(일별),010200000,국고채(3년),,,20230102,3.782,연%,ECOS
TREASURY_3Y,국고채 3년 금리,D,817Y002,1.3.2.1. 시장금리(일별),010200000,국고채(3년),,,20230103,3.661,연%,ECOS
TREASURY_3Y,국고채 3년 금리,D,817Y002,1.3.2.1. 시장금리(일별),010200000,국고채(3년),,,20230104,3.632,연%,ECOS
TREASURY_3Y,국고채 3년 금리,D,817Y002,1.3.2.1. 시장금리(일별),010200000,국고채(3년),,,20230105,3.644,연%,ECOS
TREASURY_3Y,국고채 3년 금리,D,817Y002,1.3.2.1. 시장금리(일별),010200000,국고채(3년),,,20230106,3.681,연%,ECOS
TREASURY_3Y,국고채 3년 금리,D,817Y002,1.3.2.1. 시장금리(일별),010200000,국고채(3년),,,20230109,3.577,연%,ECOS
TREASURY_3Y,국고채 3년 금리,D,817Y002,1.3.2.1. 시장금리(일별),010200000,국고채(3년),,,20230110,3.556,연%,ECOS
TREASURY_3Y,국고채 3년 금리,D,817Y002,1.3.2.1. 시장금리(일별),010200000,국고채(3년),,,20230111,3.472,연%,ECOS
TREASURY_3Y,국고채 3년 금리,D,817Y002,1.3.2.1. 시장금리(일별),010200000,국고채(3년),,,20230112,3.466,연%,ECOS
TREASURY_3Y,국고채 3년 금리,D,817Y002,1.3.2.1. 시장금리(일별),010200000,국고채(3년),,,20230113,3.369,연%,ECOS
TREASURY_3Y,국고채 3년 금리,D,817Y002,1.3.2.1. 시장금리(일별),010200000,국고채(3년),,,20230116,3.454,연%,ECOS
TREASURY_3Y,국고채 3년 금리,D,817Y002,1.3.2.1. 시장금리(일별),010200000,국고채(3년),,,20230117,3.484,연%,ECOS
TREASURY_3Y,국고채 3년 금리,D,817Y002,1.3.2.1. 시장금리(일별),010200000,국고채(3년),,,20230118,3.39,연%,ECOS
TREASURY_3Y,국고채 3년 금리,D,817Y002,1.3.2.1. 시장금리(일별),010200000,국고채(3년),,,20230119,3.248,연%,ECOS
TREASURY_3Y,국고채 3년 금리,D,817Y002,1.3.2.1. 시장금리(일별),010200000,국고채(3년),,,20230120,3.33,연%,ECOS
TREASURY_3Y,국고채 3년 금리,D,817Y002,1.3.2.1. 시장금리(일별),010200000,국고채(3년),,,20230125,3.285,연%,ECOS
TREASURY_3Y,국고채 3년 금리,D,817Y002,1.3.2.1. 시장금리(일별),010200000,국고채(3년),,,20230126,3.273,연%,ECOS
TREASURY_3Y,국고채 3년 금리,D,817Y002,1.3.2.1. 시장금리(일별),010200000,국고채(3년),,,20230127,3.304,연%,ECOS
TREASURY_3Y,국고채 3년 금리,D,817Y002,1.3.2.1. 시장금리(일별),010200000,국고채(3년),,,20230130,3.271,연%,ECOS
TREASURY_3Y,국고채 3년 금리,D,817Y002,1.3.2.1. 시장금리(일별),010200000,국고채(3년),,,20230131,3.325,연%,ECOS
TREASURY_3Y,국고채 3년 금리,D,817Y002,1.3.2.1. 시장금리(일별),010200000,국고채(3년),,,20230201,3.263,연%,ECOS
TREASURY_3Y,국고채 3년 금리,D,817Y002,1.3.2.1. 시장금리(일별),010200000,국고채(3년),,,20230202,3.183,연%,ECOS
TREASURY_3Y,국고채 3년 금리,D,817Y002,1.3.2.1. 시장금리(일별),010200000,국고채(3년),,,20230203,3.11,연%,ECOS
TREASURY_3Y,국고채 3년 금리,D,817Y002,1.3.2.1. 시장금리(일별),010200000,국고채(3년),,,20230206,3.283,연%,ECOS
TREASURY_3Y,국고채 3년 금리,D,817Y002,1.3.2.1. 시장금리(일별),010200000,국고채(3년),,,20230207,3.315,연%,ECOS
TREASURY_3Y,국고채 3년 금리,D,817Y002,1.3.2.1. 시장금리(일별),010200000,국고채(3년),,,20230208,3.339,연%,ECOS
TREASURY_3Y,국고채 3년 금리,D,817Y002,1.3.2.1. 시장금리(일별),010200000,국고채(3년),,,20230209,3.401,연%,ECOS
TREASURY_3Y,국고채 3년 금리,D,817Y002,1.3.2.1. 시장금리(일별),010200000,국고채(3년),,,20230210,3.398,연%,ECOS
TREASURY_3Y,국고채 3년 금리,D,817Y002,1.3.2.1. 시장금리(일별),010200000,국고채(3년),,,20230213,3.452,연%,ECOS
TREASURY_3Y,국고채 3년 금리,D,817Y002,1.3.2.1. 시장금리(일별),010200000,국고채(3년),,,20230214,3.429,연%,ECOS
TREASURY_3Y,국고채 3년 금리,D,817Y002,1.3.2.1. 시장금리(일별),010200000,국고채(3년),,,20230215,3.502,연%,ECOS
TREASURY_3Y,국고채 3년 금리,D,817Y002,1.3.2.1. 시장금리(일별),010200000,국고채(3년),,,20230216,3.504,연%,ECOS
TREASURY_3Y,국고채 3년 금리,D,817Y002,1.3.2.1. 시장금리(일별),010200000,국고채(3년),,,20230217,3.639,연%,ECOS
TREASURY_3Y,국고채 3년 금리,D,817Y002,1.3.2.1. 시장금리(일별),010200000,국고채(3년),,,20230220,3.677,연%,ECOS
TREASURY_3Y,국고채 3년 금리,D,817Y002,1.3.2.1. 시장금리(일별),010200000,국고채(3년),,,20230221,3.623,연%,ECOS
TREASURY_3Y,국고채 3년 금리,D,817Y002,1.3.2.1. 시장금리(일별),010200000,국고채(3년),,,20230222,3.645,연%,ECOS
TREASURY_3Y,국고채 3년 금리,D,817Y002,1.3.2.1. 시장금리(일별),010200000,국고채(3년),,,20230223,3.599,연%,ECOS
TREASURY_3Y,국고채 3년 금리,D,817Y002,1.3.2.1. 시장금리(일별),010200000,국고채(3년),,,20230224,3.555,연%,ECOS
TREASURY_3Y,국고채 3년 금리,D,817Y002,1.3.2.1. 시장금리(일별),010200000,국고채(3년),,,20230227,3.683,연%,ECOS
TREASURY_3Y,국고채 3년 금리,D,817Y002,1.3.2.1. 시장금리(일별),010200000,국고채(3년),,,20230228,3.797,연%,ECOS
TREASURY_3Y,국고채 3년 금리,D,817Y002,1.3.2.1. 시장금리(일별),010200000,국고채(3년),,,20230302,3.878,연%,ECOS
TREASURY_3Y,국고채 3년 금리,D,817Y002,1.3.2.1. 시장금리(일별),010200000,국고채(3년),,,20230303,3.791,연%,ECOS
TREASURY_3Y,국고채 3년 금리,D,817Y002,1.3.2.1. 시장금리(일별),010200000,국고채(3년),,,20230306,3.774,연%,ECOS
TREASURY_3Y,국고채 3년 금리,D,817Y002,1.3.2.1. 시장금리(일별),010200000,국고채(3년),,,20230307,3.726,연%,ECOS
TREASURY_3Y,국고채 3년 금리,D,817Y002,1.3.2.1. 시장금리(일별),010200000,국고채(3년),,,20230308,3.855,연%,ECOS
TREASURY_3Y,국고채 3년 금리,D,817Y002,1.3.2.1. 시장금리(일별),010200000,국고채(3년),,,20230309,3.858,연%,ECOS
TREASURY_3Y,국고채 3년 금리,D,817Y002,1.3.2.1. 시장금리(일별),010200000,국고채(3년),,,20230310,3.703,연%,ECOS
TREASURY_3Y,국고채 3년 금리,D,817Y002,1.3.2.1. 시장금리(일별),010200000,국고채(3년),,,20230313,3.435,연%,ECOS
TREASURY_3Y,국고채 3년 금리,D,817Y002,1.3.2.1. 시장금리(일별),010200000,국고채(3년),,,20230314,3.381,연%,ECOS
TREASURY_3Y,국고채 3년 금리,D,817Y002,1.3.2.1. 시장금리(일별),010200000,국고채(3년),,,20230315,3.473,연%,ECOS
TREASURY_3Y,국고채 3년 금리,D,817Y002,1.3.2.1. 시장금리(일별),010200000,국고채(3년),,,20230316,3.4,연%,ECOS
TREASURY_3Y,국고채 3년 금리,D,817Y002,1.3.2.1. 시장금리(일별),010200000,국고채(3년),,,20230317,3.415,연%,ECOS
TREASURY_3Y,국고채 3년 금리,D,817Y002,1.3.2.1. 시장금리(일별),010200000,국고채(3년),,,20230320,3.264,연%,ECOS
TREASURY_3Y,국고채 3년 금리,D,817Y002,1.3.2.1. 시장금리(일별),010200000,국고채(3년),,,20230321,3.294,연%,ECOS
TREASURY_3Y,국고채 3년 금리,D,817Y002,1.3.2.1. 시장금리(일별),010200000,국고채(3년),,,20230322,3.284,연%,ECOS
TREASURY_3Y,국고채 3년 금리,D,817Y002,1.3.2.1. 시장금리(일별),010200000,국고채(3년),,,20230323,3.206,연%,ECOS
TREASURY_3Y,국고채 3년 금리,D,817Y002,1.3.2.1. 시장금리(일별),010200000,국고채(3년),,,20230324,3.16,연%,ECOS
TREASURY_3Y,국고채 3년 금리,D,817Y002,1.3.2.1. 시장금리(일별),010200000,국고채(3년),,,20230327,3.22,연%,ECOS
TREASURY_3Y,국고채 3년 금리,D,817Y002,1.3.2.1. 시장금리(일별),010200000,국고채(3년),,,20230328,3.258,연%,ECOS
TREASURY_3Y,국고채 3년 금리,D,817Y002,1.3.2.1. 시장금리(일별),010200000,국고채(3년),,,20230329,3.249,연%,ECOS
TREASURY_3Y,국고채 3년 금리,D,817Y002,1.3.2.1. 시장금리(일별),010200000,국고채(3년),,,20230330,3.24,연%,ECOS
TREASURY_3Y,국고채 3년 금리,D,817Y002,1.3.2.1. 시장금리(일별),010200000,국고채(3년),,,20230331,3.27,연%,ECOS
TREASURY_3Y,국고채 3년 금리,D,817Y002,1.3.2.1. 시장금리(일별),010200000,국고채(3년),,,20230403,3.342,연%,ECOS
TREASURY_3Y,국고채 3년 금리,D,817Y002,1.3.2.1. 시장금리(일별),010200000,국고채(3년),,,20230404,3.279,연%,ECOS
TREASURY_3Y,국고채 3년 금리,D,817Y002,1.3.2.1. 시장금리(일별),010200000,국고채(3년),,,20230405,3.264,연%,ECOS
TREASURY_3Y,국고채 3년 금리,D,817Y002,1.3.2.1. 시장금리(일별),010200000,국고채(3년),,,20230406,3.211,연%,ECOS
TREASURY_3Y,국고채 3년 금리,D,817Y002,1.3.2.1. 시장금리(일별),010200000,국고채(3년),,,20230407,3.24,연%,ECOS
TREASURY_3Y,국고채 3년 금리,D,817Y002,1.3.2.1. 시장금리(일별),010200000,국고채(3년),,,20230410,3.192,연%,ECOS
TREASURY_3Y,국고채 3년 금리,D,817Y002,1.3.2.1. 시장금리(일별),010200000,국고채(3년),,,20230411,3.231,연%,ECOS
TREASURY_3Y,국고채 3년 금리,D,817Y002,1.3.2.1. 시장금리(일별),010200000,국고채(3년),,,20230412,3.233,연%,ECOS
TREASURY_3Y,국고채 3년 금리,D,817Y002,1.3.2.1. 시장금리(일별),010200000,국고채(3년),,,20230413,3.199,연%,ECOS
TREASURY_3Y,국고채 3년 금리,D,817Y002,1.3.2.1. 시장금리(일별),010200000,국고채(3년),,,20230414,3.215,연%,ECOS
TREASURY_3Y,국고채 3년 금리,D,817Y002,1.3.2.1. 시장금리(일별),010200000,국고채(3년),,,20230417,3.287,연%,ECOS
TREASURY_3Y,국고채 3년 금리,D,817Y002,1.3.2.1. 시장금리(일별),010200000,국고채(3년),,,20230418,3.294,연%,ECOS
TREASURY_3Y,국고채 3년 금리,D,817Y002,1.3.2.1. 시장금리(일별),010200000,국고채(3년),,,20230419,3.337,연%,ECOS
TREASURY_3Y,국고채 3년 금리,D,817Y002,1.3.2.1. 시장금리(일별),010200000,국고채(3년),,,20230420,3.334,연%,ECOS
TREASURY_3Y,국고채 3년 금리,D,817Y002,1.3.2.1. 시장금리(일별),010200000,국고채(3년),,,20230421,3.267,연%,ECOS
TREASURY_3Y,국고채 3년 금리,D,817Y002,1.3.2.1. 시장금리(일별),010200000,국고채(3년),,,20230424,3.23,연%,ECOS
TREASURY_3Y,국고채 3년 금리,D,817Y002,1.3.2.1. 시장금리(일별),010200000,국고채(3년),,,20230425,3.265,연%,ECOS
TREASURY_3Y,국고채 3년 금리,D,817Y002,1.3.2.1. 시장금리(일별),010200000,국고채(3년),,,20230426,3.259,연%,ECOS
TREASURY_3Y,국고채 3년 금리,D,817Y002,1.3.2.1. 시장금리(일별),010200000,국고채(3년),,,20230427,3.288,연%,ECOS
TREASURY_3Y,국고채 3년 금리,D,817Y002,1.3.2.1. 시장금리(일별),010200000,국고채(3년),,,20230428,3.293,연%,ECOS
TREASURY_3Y,국고채 3년 금리,D,817Y002,1.3.2.1. 시장금리(일별),010200000,국고채(3년),,,20230502,3.335,연%,ECOS
TREASURY_3Y,국고채 3년 금리,D,817Y002,1.3.2.1. 시장금리(일별),010200000,국고채(3년),,,20230503,3.281,연%,ECOS
TREASURY_3Y,국고채 3년 금리,D,817Y002,1.3.2.1. 시장금리(일별),010200000,국고채(3년),,,20230504,3.21,연%,ECOS
TREASURY_3Y,국고채 3년 금리,D,817Y002,1.3.2.1. 시장금리(일별),010200000,국고채(3년),,,20230508,3.261,연%,ECOS
TREASURY_3Y,국고채 3년 금리,D,817Y002,1.3.2.1. 시장금리(일별),010200000,국고채(3년),,,20230509,3.256,연%,ECOS
TREASURY_3Y,국고채 3년 금리,D,817Y002,1.3.2.1. 시장금리(일별),010200000,국고채(3년),,,20230510,3.273,연%,ECOS
TREASURY_3Y,국고채 3년 금리,D,817Y002,1.3.2.1. 시장금리(일별),010200000,국고채(3년),,,20230511,3.22,연%,ECOS
TREASURY_3Y,국고채 3년 금리,D,817Y002,1.3.2.1. 시장금리(일별),010200000,국고채(3년),,,20230512,3.225,연%,ECOS
TREASURY_3Y,국고채 3년 금리,D,817Y002,1.3.2.1. 시장금리(일별),010200000,국고채(3년),,,20230515,3.279,연%,ECOS
TREASURY_3Y,국고채 3년 금리,D,817Y002,1.3.2.1. 시장금리(일별),010200000,국고채(3년),,,20230516,3.242,연%,ECOS
TREASURY_3Y,국고채 3년 금리,D,817Y002,1.3.2.1. 시장금리(일별),010200000,국고채(3년),,,20230517,3.274,연%,ECOS
TREASURY_3Y,국고채 3년 금리,D,817Y002,1.3.2.1. 시장금리(일별),010200000,국고채(3년),,,20230518,3.316,연%,ECOS
TREASURY_3Y,국고채 3년 금리,D,817Y002,1.3.2.1. 시장금리(일별),010200000,국고채(3년),,,20230519,3.34,연%,ECOS
TREASURY_3Y,국고채 3년 금리,D,817Y002,1.3.2.1. 시장금리(일별),010200000,국고채(3년),,,20230522,3.321,연%,ECOS
TREASURY_3Y,국고채 3년 금리,D,817Y002,1.3.2.1. 시장금리(일별),010200000,국고채(3년),,,20230523,3.373,연%,ECOS
TREASURY_3Y,국고채 3년 금리,D,817Y002,1.3.2.1. 시장금리(일별),010200000,국고채(3년),,,20230524,3.378,연%,ECOS
TREASURY_3Y,국고채 3년 금리,D,817Y002,1.3.2.1. 시장금리(일별),010200000,국고채(3년),,,20230525,3.48,연%,ECOS
TREASURY_3Y,국고채 3년 금리,D,817Y002,1.3.2.1. 시장금리(일별),010200000,국고채(3년),,,20230526,3.524,연%,ECOS
TREASURY_3Y,국고채 3년 금리,D,817Y002,1.3.2.1. 시장금리(일별),010200000,국고채(3년),,,20230530,3.56,연%,ECOS
TREASURY_3Y,국고채 3년 금리,D,817Y002,1.3.2.1. 시장금리(일별),010200000,국고채(3년),,,20230531,3.459,연%,ECOS
TREASURY_3Y,국고채 3년 금리,D,817Y002,1.3.2.1. 시장금리(일별),010200000,국고채(3년),,,20230601,3.478,연%,ECOS
TREASURY_3Y,국고채 3년 금리,D,817Y002,1.3.2.1. 시장금리(일별),010200000,국고채(3년),,,20230602,3.436,연%,ECOS
TREASURY_3Y,국고채 3년 금리,D,817Y002,1.3.2.1. 시장금리(일별),010200000,국고채(3년),,,20230605,3.502,연%,ECOS
TREASURY_3Y,국고채 3년 금리,D,817Y002,1.3.2.1. 시장금리(일별),010200000,국고채(3년),,,20230607,3.471,연%,ECOS
TREASURY_3Y,국고채 3년 금리,D,817Y002,1.3.2.1. 시장금리(일별),010200000,국고채(3년),,,20230608,3.543,연%,ECOS
TREASURY_3Y,국고채 3년 금리,D,817Y002,1.3.2.1. 시장금리(일별),010200000,국고채(3년),,,20230609,3.506,연%,ECOS
TREASURY_3Y,국고채 3년 금리,D,817Y002,1.3.2.1. 시장금리(일별),010200000,국고채(3년),,,20230612,3.493,연%,ECOS
TREASURY_3Y,국고채 3년 금리,D,817Y002,1.3.2.1. 시장금리(일별),010200000,국고채(3년),,,20230613,3.484,연%,ECOS
TREASURY_3Y,국고채 3년 금리,D,817Y002,1.3.2.1. 시장금리(일별),010200000,국고채(3년),,,20230614,3.545,연%,ECOS
TREASURY_3Y,국고채 3년 금리,D,817Y002,1.3.2.1. 시장금리(일별),010200000,국고채(3년),,,20230615,3.626,연%,ECOS
TREASURY_3Y,국고채 3년 금리,D,817Y002,1.3.2.1. 시장금리(일별),010200000,국고채(3년),,,20230616,3.585,연%,ECOS
TREASURY_3Y,국고채 3년 금리,D,817Y002,1.3.2.1. 시장금리(일별),010200000,국고채(3년),,,20230619,3.583,연%,ECOS
TREASURY_3Y,국고채 3년 금리,D,817Y002,1.3.2.1. 시장금리(일별),010200000,국고채(3년),,,20230620,3.567,연%,ECOS
TREASURY_3Y,국고채 3년 금리,D,817Y002,1.3.2.1. 시장금리(일별),010200000,국고채(3년),,,20230621,3.571,연%,ECOS
TREASURY_3Y,국고채 3년 금리,D,817Y002,1.3.2.1. 시장금리(일별),010200000,국고채(3년),,,20230622,3.592,연%,ECOS
TREASURY_3Y,국고채 3년 금리,D,817Y002,1.3.2.1. 시장금리(일별),010200000,국고채(3년),,,20230623,3.609,연%,ECOS
TREASURY_3Y,국고채 3년 금리,D,817Y002,1.3.2.1. 시장금리(일별),010200000,국고채(3년),,,20230626,3.568,연%,ECOS
TREASURY_3Y,국고채 3년 금리,D,817Y002,1.3.2.1. 시장금리(일별),010200000,국고채(3년),,,20230627,3.538,연%,ECOS
TREASURY_3Y,국고채 3년 금리,D,817Y002,1.3.2.1. 시장금리(일별),010200000,국고채(3년),,,20230628,3.557,연%,ECOS
TREASURY_3Y,국고채 3년 금리,D,817Y002,1.3.2.1. 시장금리(일별),010200000,국고채(3년),,,20230629,3.584,연%,ECOS
TREASURY_3Y,국고채 3년 금리,D,817Y002,1.3.2.1. 시장금리(일별),010200000,국고채(3년),,,20230630,3.662,연%,ECOS
TREASURY_3Y,국고채 3년 금리,D,817Y002,1.3.2.1. 시장금리(일별),010200000,국고채(3년),,,20230703,3.613,연%,ECOS
TREASURY_3Y,국고채 3년 금리,D,817Y002,1.3.2.1. 시장금리(일별),010200000,국고채(3년),,,20230704,3.619,연%,ECOS
TREASURY_3Y,국고채 3년 금리,D,817Y002,1.3.2.1. 시장금리(일별),010200000,국고채(3년),,,20230705,3.618,연%,ECOS
TREASURY_3Y,국고채 3년 금리,D,817Y002,1.3.2.1. 시장금리(일별),010200000,국고채(3년),,,20230706,3.676,연%,ECOS
TREASURY_3Y,국고채 3년 금리,D,817Y002,1.3.2.1. 시장금리(일별),010200000,국고채(3년),,,20230707,3.735,연%,ECOS
TREASURY_3Y,국고채 3년 금리,D,817Y002,1.3.2.1. 시장금리(일별),010200000,국고채(3년),,,20230710,3.795,연%,ECOS
TREASURY_3Y,국고채 3년 금리,D,817Y002,1.3.2.1. 시장금리(일별),010200000,국고채(3년),,,20230711,3.703,연%,ECOS
TREASURY_3Y,국고채 3년 금리,D,817Y002,1.3.2.1. 시장금리(일별),010200000,국고채(3년),,,20230712,3.704,연%,ECOS
TREASURY_3Y,국고채 3년 금리,D,817Y002,1.3.2.1. 시장금리(일별),010200000,국고채(3년),,,20230713,3.602,연%,ECOS
TREASURY_3Y,국고채 3년 금리,D,817Y002,1.3.2.1. 시장금리(일별),010200000,국고채(3년),,,20230714,3.614,연%,ECOS
TREASURY_3Y,국고채 3년 금리,D,817Y002,1.3.2.1. 시장금리(일별),010200000,국고채(3년),,,20230717,3.611,연%,ECOS
TREASURY_3Y,국고채 3년 금리,D,817Y002,1.3.2.1. 시장금리(일별),010200000,국고채(3년),,,20230718,3.596,연%,ECOS
TREASURY_3Y,국고채 3년 금리,D,817Y002,1.3.2.1. 시장금리(일별),010200000,국고채(3년),,,20230719,3.543,연%,ECOS
TREASURY_3Y,국고채 3년 금리,D,817Y002,1.3.2.1. 시장금리(일별),010200000,국고채(3년),,,20230720,3.581,연%,ECOS
TREASURY_3Y,국고채 3년 금리,D,817Y002,1.3.2.1. 시장금리(일별),010200000,국고채(3년),,,20230721,3.602,연%,ECOS
TREASURY_3Y,국고채 3년 금리,D,817Y002,1.3.2.1. 시장금리(일별),010200000,국고채(3년),,,20230724,3.617,연%,ECOS
TREASURY_3Y,국고채 3년 금리,D,817Y002,1.3.2.1. 시장금리(일별),010200000,국고채(3년),,,20230725,3.645,연%,ECOS
TREASURY_3Y,국고채 3년 금리,D,817Y002,1.3.2.1. 시장금리(일별),010200000,국고채(3년),,,20230726,3.627,연%,ECOS
TREASURY_3Y,국고채 3년 금리,D,817Y002,1.3.2.1. 시장금리(일별),010200000,국고채(3년),,,20230727,3.587,연%,ECOS
TREASURY_3Y,국고채 3년 금리,D,817Y002,1.3.2.1. 시장금리(일별),010200000,국고채(3년),,,20230728,3.635,연%,ECOS
TREASURY_3Y,국고채 3년 금리,D,817Y002,1.3.2.1. 시장금리(일별),010200000,국고채(3년),,,20230731,3.681,연%,ECOS
TREASURY_3Y,국고채 3년 금리,D,817Y002,1.3.2.1. 시장금리(일별),010200000,국고채(3년),,,20230801,3.647,연%,ECOS
TREASURY_3Y,국고채 3년 금리,D,817Y002,1.3.2.1. 시장금리(일별),010200000,국고채(3년),,,20230802,3.677,연%,ECOS
TREASURY_3Y,국고채 3년 금리,D,817Y002,1.3.2.1. 시장금리(일별),010200000,국고채(3년),,,20230803,3.714,연%,ECOS
TREASURY_3Y,국고채 3년 금리,D,817Y002,1.3.2.1. 시장금리(일별),010200000,국고채(3년),,,20230804,3.738,연%,ECOS
TREASURY_3Y,국고채 3년 금리,D,817Y002,1.3.2.1. 시장금리(일별),010200000,국고채(3년),,,20230807,3.689,연%,ECOS
TREASURY_3Y,국고채 3년 금리,D,817Y002,1.3.2.1. 시장금리(일별),010200000,국고채(3년),,,20230808,3.647,연%,ECOS
TREASURY_3Y,국고채 3년 금리,D,817Y002,1.3.2.1. 시장금리(일별),010200000,국고채(3년),,,20230809,3.672,연%,ECOS
TREASURY_3Y,국고채 3년 금리,D,817Y002,1.3.2.1. 시장금리(일별),010200000,국고채(3년),,,20230810,3.687,연%,ECOS
TREASURY_3Y,국고채 3년 금리,D,817Y002,1.3.2.1. 시장금리(일별),010200000,국고채(3년),,,20230811,3.698,연%,ECOS
TREASURY_3Y,국고채 3년 금리,D,817Y002,1.3.2.1. 시장금리(일별),010200000,국고채(3년),,,20230814,3.747,연%,ECOS
TREASURY_3Y,국고채 3년 금리,D,817Y002,1.3.2.1. 시장금리(일별),010200000,국고채(3년),,,20230816,3.712,연%,ECOS
TREASURY_3Y,국고채 3년 금리,D,817Y002,1.3.2.1. 시장금리(일별),010200000,국고채(3년),,,20230817,3.788,연%,ECOS
TREASURY_3Y,국고채 3년 금리,D,817Y002,1.3.2.1. 시장금리(일별),010200000,국고채(3년),,,20230818,3.729,연%,ECOS
TREASURY_3Y,국고채 3년 금리,D,817Y002,1.3.2.1. 시장금리(일별),010200000,국고채(3년),,,20230821,3.795,연%,ECOS
TREASURY_3Y,국고채 3년 금리,D,817Y002,1.3.2.1. 시장금리(일별),010200000,국고채(3년),,,20230822,3.802,연%,ECOS
TREASURY_3Y,국고채 3년 금리,D,817Y002,1.3.2.1. 시장금리(일별),010200000,국고채(3년),,,20230823,3.771,연%,ECOS
TREASURY_3Y,국고채 3년 금리,D,817Y002,1.3.2.1. 시장금리(일별),010200000,국고채(3년),,,20230824,3.759,연%,ECOS
TREASURY_3Y,국고채 3년 금리,D,817Y002,1.3.2.1. 시장금리(일별),010200000,국고채(3년),,,20230825,3.789,연%,ECOS
TREASURY_3Y,국고채 3년 금리,D,817Y002,1.3.2.1. 시장금리(일별),010200000,국고채(3년),,,20230828,3.759,연%,ECOS
TREASURY_3Y,국고채 3년 금리,D,817Y002,1.3.2.1. 시장금리(일별),010200000,국고채(3년),,,20230829,3.74,연%,ECOS
TREASURY_3Y,국고채 3년 금리,D,817Y002,1.3.2.1. 시장금리(일별),010200000,국고채(3년),,,20230830,3.732,연%,ECOS
TREASURY_3Y,국고채 3년 금리,D,817Y002,1.3.2.1. 시장금리(일별),010200000,국고채(3년),,,20230831,3.711,연%,ECOS
TREASURY_3Y,국고채 3년 금리,D,817Y002,1.3.2.1. 시장금리(일별),010200000,국고채(3년),,,20230901,3.689,연%,ECOS
TREASURY_3Y,국고채 3년 금리,D,817Y002,1.3.2.1. 시장금리(일별),010200000,국고채(3년),,,20230904,3.738,연%,ECOS
TREASURY_3Y,국고채 3년 금리,D,817Y002,1.3.2.1. 시장금리(일별),010200000,국고채(3년),,,20230905,3.765,연%,ECOS
TREASURY_3Y,국고채 3년 금리,D,817Y002,1.3.2.1. 시장금리(일별),010200000,국고채(3년),,,20230906,3.765,연%,ECOS
TREASURY_3Y,국고채 3년 금리,D,817Y002,1.3.2.1. 시장금리(일별),010200000,국고채(3년),,,20230907,3.847,연%,ECOS
TREASURY_3Y,국고채 3년 금리,D,817Y002,1.3.2.1. 시장금리(일별),010200000,국고채(3년),,,20230908,3.795,연%,ECOS
TREASURY_3Y,국고채 3년 금리,D,817Y002,1.3.2.1. 시장금리(일별),010200000,국고채(3년),,,20230911,3.865,연%,ECOS
TREASURY_3Y,국고채 3년 금리,D,817Y002,1.3.2.1. 시장금리(일별),010200000,국고채(3년),,,20230912,3.863,연%,ECOS
TREASURY_3Y,국고채 3년 금리,D,817Y002,1.3.2.1. 시장금리(일별),010200000,국고채(3년),,,20230913,3.853,연%,ECOS
TREASURY_3Y,국고채 3년 금리,D,817Y002,1.3.2.1. 시장금리(일별),010200000,국고채(3년),,,20230914,3.836,연%,ECOS
TREASURY_3Y,국고채 3년 금리,D,817Y002,1.3.2.1. 시장금리(일별),010200000,국고채(3년),,,20230915,3.85,연%,ECOS
TREASURY_3Y,국고채 3년 금리,D,817Y002,1.3.2.1. 시장금리(일별),010200000,국고채(3년),,,20230918,3.891,연%,ECOS
TREASURY_3Y,국고채 3년 금리,D,817Y002,1.3.2.1. 시장금리(일별),010200000,국고채(3년),,,20230919,3.887,연%,ECOS
TREASURY_3Y,국고채 3년 금리,D,817Y002,1.3.2.1. 시장금리(일별),010200000,국고채(3년),,,20230920,3.89,연%,ECOS
TREASURY_3Y,국고채 3년 금리,D,817Y002,1.3.2.1. 시장금리(일별),010200000,국고채(3년),,,20230921,3.93,연%,ECOS
TREASURY_3Y,국고채 3년 금리,D,817Y002,1.3.2.1. 시장금리(일별),010200000,국고채(3년),,,20230922,3.876,연%,ECOS
TREASURY_3Y,국고채 3년 금리,D,817Y002,1.3.2.1. 시장금리(일별),010200000,국고채(3년),,,20230925,3.876,연%,ECOS
TREASURY_3Y,국고채 3년 금리,D,817Y002,1.3.2.1. 시장금리(일별),010200000,국고채(3년),,,20230926,3.891,연%,ECOS
TREASURY_3Y,국고채 3년 금리,D,817Y002,1.3.2.1. 시장금리(일별),010200000,국고채(3년),,,20230927,3.884,연%,ECOS
TREASURY_3Y,국고채 3년 금리,D,817Y002,1.3.2.1. 시장금리(일별),010200000,국고채(3년),,,20231004,4.108,연%,ECOS
TREASURY_3Y,국고채 3년 금리,D,817Y002,1.3.2.1. 시장금리(일별),010200000,국고채(3년),,,20231005,4.081,연%,ECOS
TREASURY_3Y,국고채 3년 금리,D,817Y002,1.3.2.1. 시장금리(일별),010200000,국고채(3년),,,20231006,4.015,연%,ECOS
TREASURY_3Y,국고채 3년 금리,D,817Y002,1.3.2.1. 시장금리(일별),010200000,국고채(3년),,,20231010,3.997,연%,ECOS
TREASURY_3Y,국고채 3년 금리,D,817Y002,1.3.2.1. 시장금리(일별),010200000,국고채(3년),,,20231011,3.953,연%,ECOS
TREASURY_3Y,국고채 3년 금리,D,817Y002,1.3.2.1. 시장금리(일별),010200000,국고채(3년),,,20231012,3.932,연%,ECOS
TREASURY_3Y,국고채 3년 금리,D,817Y002,1.3.2.1. 시장금리(일별),010200000,국고채(3년),,,20231013,3.957,연%,ECOS
TREASURY_3Y,국고채 3년 금리,D,817Y002,1.3.2.1. 시장금리(일별),010200000,국고채(3년),,,20231016,3.973,연%,ECOS
TREASURY_3Y,국고채 3년 금리,D,817Y002,1.3.2.1. 시장금리(일별),010200000,국고채(3년),,,20231017,3.991,연%,ECOS
TREASURY_3Y,국고채 3년 금리,D,817Y002,1.3.2.1. 시장금리(일별),010200000,국고채(3년),,,20231018,4.031,연%,ECOS
TREASURY_3Y,국고채 3년 금리,D,817Y002,1.3.2.1. 시장금리(일별),010200000,국고채(3년),,,20231019,4.07,연%,ECOS
TREASURY_3Y,국고채 3년 금리,D,817Y002,1.3.2.1. 시장금리(일별),010200000,국고채(3년),,,20231020,4.033,연%,ECOS
TREASURY_3Y,국고채 3년 금리,D,817Y002,1.3.2.1. 시장금리(일별),010200000,국고채(3년),,,20231023,4.055,연%,ECOS
TREASURY_3Y,국고채 3년 금리,D,817Y002,1.3.2.1. 시장금리(일별),010200000,국고채(3년),,,20231024,4.004,연%,ECOS
TREASURY_3Y,국고채 3년 금리,D,817Y002,1.3.2.1. 시장금리(일별),010200000,국고채(3년),,,20231025,4.038,연%,ECOS
TREASURY_3Y,국고채 3년 금리,D,817Y002,1.3.2.1. 시장금리(일별),010200000,국고채(3년),,,20231026,4.104,연%,ECOS
TREASURY_3Y,국고채 3년 금리,D,817Y002,1.3.2.1. 시장금리(일별),010200000,국고채(3년),,,20231027,4.073,연%,ECOS
TREASURY_3Y,국고채 3년 금리,D,817Y002,1.3.2.1. 시장금리(일별),010200000,국고채(3년),,,20231030,4.089,연%,ECOS
TREASURY_3Y,국고채 3년 금리,D,817Y002,1.3.2.1. 시장금리(일별),010200000,국고채(3년),,,20231031,4.085,연%,ECOS
TREASURY_3Y,국고채 3년 금리,D,817Y002,1.3.2.1. 시장금리(일별),010200000,국고채(3년),,,20231101,4.071,연%,ECOS
TREASURY_3Y,국고채 3년 금리,D,817Y002,1.3.2.1. 시장금리(일별),010200000,국고채(3년),,,20231102,3.979,연%,ECOS
TREASURY_3Y,국고채 3년 금리,D,817Y002,1.3.2.1. 시장금리(일별),010200000,국고채(3년),,,20231103,3.949,연%,ECOS
TREASURY_3Y,국고채 3년 금리,D,817Y002,1.3.2.1. 시장금리(일별),010200000,국고채(3년),,,20231106,3.877,연%,ECOS
TREASURY_3Y,국고채 3년 금리,D,817Y002,1.3.2.1. 시장금리(일별),010200000,국고채(3년),,,20231107,3.887,연%,ECOS
TREASURY_3Y,국고채 3년 금리,D,817Y002,1.3.2.1. 시장금리(일별),010200000,국고채(3년),,,20231108,3.868,연%,ECOS
TREASURY_3Y,국고채 3년 금리,D,817Y002,1.3.2.1. 시장금리(일별),010200000,국고채(3년),,,20231109,3.847,연%,ECOS
TREASURY_3Y,국고채 3년 금리,D,817Y002,1.3.2.1. 시장금리(일별),010200000,국고채(3년),,,20231110,3.862,연%,ECOS
TREASURY_3Y,국고채 3년 금리,D,817Y002,1.3.2.1. 시장금리(일별),010200000,국고채(3년),,,20231113,3.877,연%,ECOS
TREASURY_3Y,국고채 3년 금리,D,817Y002,1.3.2.1. 시장금리(일별),010200000,국고채(3년),,,20231114,3.857,연%,ECOS
TREASURY_3Y,국고채 3년 금리,D,817Y002,1.3.2.1. 시장금리(일별),010200000,국고채(3년),,,20231115,3.744,연%,ECOS
TREASURY_3Y,국고채 3년 금리,D,817Y002,1.3.2.1. 시장금리(일별),010200000,국고채(3년),,,20231116,3.701,연%,ECOS
TREASURY_3Y,국고채 3년 금리,D,817Y002,1.3.2.1. 시장금리(일별),010200000,국고채(3년),,,20231117,3.681,연%,ECOS
TREASURY_3Y,국고채 3년 금리,D,817Y002,1.3.2.1. 시장금리(일별),010200000,국고채(3년),,,20231120,3.667,연%,ECOS
TREASURY_3Y,국고채 3년 금리,D,817Y002,1.3.2.1. 시장금리(일별),010200000,국고채(3년),,,20231121,3.644,연%,ECOS
TREASURY_3Y,국고채 3년 금리,D,817Y002,1.3.2.1. 시장금리(일별),010200000,국고채(3년),,,20231122,3.666,연%,ECOS
TREASURY_3Y,국고채 3년 금리,D,817Y002,1.3.2.1. 시장금리(일별),010200000,국고채(3년),,,20231123,3.644,연%,ECOS
TREASURY_3Y,국고채 3년 금리,D,817Y002,1.3.2.1. 시장금리(일별),010200000,국고채(3년),,,20231124,3.677,연%,ECOS
TREASURY_3Y,국고채 3년 금리,D,817Y002,1.3.2.1. 시장금리(일별),010200000,국고채(3년),,,20231127,3.689,연%,ECOS
TREASURY_3Y,국고채 3년 금리,D,817Y002,1.3.2.1. 시장금리(일별),010200000,국고채(3년),,,20231128,3.648,연%,ECOS
TREASURY_3Y,국고채 3년 금리,D,817Y002,1.3.2.1. 시장금리(일별),010200000,국고채(3년),,,20231129,3.554,연%,ECOS
TREASURY_3Y,국고채 3년 금리,D,817Y002,1.3.2.1. 시장금리(일별),010200000,국고채(3년),,,20231130,3.583,연%,ECOS
TREASURY_3Y,국고채 3년 금리,D,817Y002,1.3.2.1. 시장금리(일별),010200000,국고채(3년),,,20231201,3.587,연%,ECOS
TREASURY_3Y,국고채 3년 금리,D,817Y002,1.3.2.1. 시장금리(일별),010200000,국고채(3년),,,20231204,3.531,연%,ECOS
TREASURY_3Y,국고채 3년 금리,D,817Y002,1.3.2.1. 시장금리(일별),010200000,국고채(3년),,,20231205,3.484,연%,ECOS
TREASURY_3Y,국고채 3년 금리,D,817Y002,1.3.2.1. 시장금리(일별),010200000,국고채(3년),,,20231206,3.463,연%,ECOS
TREASURY_3Y,국고채 3년 금리,D,817Y002,1.3.2.1. 시장금리(일별),010200000,국고채(3년),,,20231207,3.511,연%,ECOS
TREASURY_3Y,국고채 3년 금리,D,817Y002,1.3.2.1. 시장금리(일별),010200000,국고채(3년),,,20231208,3.461,연%,ECOS
TREASURY_3Y,국고채 3년 금리,D,817Y002,1.3.2.1. 시장금리(일별),010200000,국고채(3년),,,20231211,3.48,연%,ECOS
TREASURY_3Y,국고채 3년 금리,D,817Y002,1.3.2.1. 시장금리(일별),010200000,국고채(3년),,,20231212,3.446,연%,ECOS
TREASURY_3Y,국고채 3년 금리,D,817Y002,1.3.2.1. 시장금리(일별),010200000,국고채(3년),,,20231213,3.465,연%,ECOS
TREASURY_3Y,국고채 3년 금리,D,817Y002,1.3.2.1. 시장금리(일별),010200000,국고채(3년),,,20231214,3.258,연%,ECOS
TREASURY_3Y,국고채 3년 금리,D,817Y002,1.3.2.1. 시장금리(일별),010200000,국고채(3년),,,20231215,3.281,연%,ECOS
TREASURY_3Y,국고채 3년 금리,D,817Y002,1.3.2.1. 시장금리(일별),010200000,국고채(3년),,,20231218,3.277,연%,ECOS
TREASURY_3Y,국고채 3년 금리,D,817Y002,1.3.2.1. 시장금리(일별),010200000,국고채(3년),,,20231219,3.296,연%,ECOS
TREASURY_3Y,국고채 3년 금리,D,817Y002,1.3.2.1. 시장금리(일별),010200000,국고채(3년),,,20231220,3.232,연%,ECOS
TREASURY_3Y,국고채 3년 금리,D,817Y002,1.3.2.1. 시장금리(일별),010200000,국고채(3년),,,20231221,3.236,연%,ECOS
TREASURY_3Y,국고채 3년 금리,D,817Y002,1.3.2.1. 시장금리(일별),010200000,국고채(3년),,,20231222,3.234,연%,ECOS
TREASURY_3Y,국고채 3년 금리,D,817Y002,1.3.2.1. 시장금리(일별),010200000,국고채(3년),,,20231226,3.221,연%,ECOS
TREASURY_3Y,국고채 3년 금리,D,817Y002,1.3.2.1. 시장금리(일별),010200000,국고채(3년),,,20231227,3.22,연%,ECOS
TREASURY_3Y,국고채 3년 금리,D,817Y002,1.3.2.1. 시장금리(일별),010200000,국고채(3년),,,20231228,3.154,연%,ECOS
TREASURY_3Y,국고채 3년 금리,D,817Y002,1.3.2.1. 시장금리(일별),010200000,국고채(3년),,,20231229,3.154,연%,ECOS
TREASURY_3Y,국고채 3년 금리,D,817Y002,1.3.2.1. 시장금리(일별),010200000,국고채(3년),,,20240102,3.24,연%,ECOS
TREASURY_3Y,국고채 3년 금리,D,817Y002,1.3.2.1. 시장금리(일별),010200000,국고채(3년),,,20240103,3.278,연%,ECOS
TREASURY_3Y,국고채 3년 금리,D,817Y002,1.3.2.1. 시장금리(일별),010200000,국고채(3년),,,20240104,3.227,연%,ECOS
TREASURY_3Y,국고채 3년 금리,D,817Y002,1.3.2.1. 시장금리(일별),010200000,국고채(3년),,,20240105,3.283,연%,ECOS
TREASURY_3Y,국고채 3년 금리,D,817Y002,1.3.2.1. 시장금리(일별),010200000,국고채(3년),,,20240108,3.297,연%,ECOS
TREASURY_3Y,국고채 3년 금리,D,817Y002,1.3.2.1. 시장금리(일별),010200000,국고채(3년),,,20240109,3.255,연%,ECOS
TREASURY_3Y,국고채 3년 금리,D,817Y002,1.3.2.1. 시장금리(일별),010200000,국고채(3년),,,20240110,3.269,연%,ECOS
TREASURY_3Y,국고채 3년 금리,D,817Y002,1.3.2.1. 시장금리(일별),010200000,국고채(3년),,,20240111,3.227,연%,ECOS
TREASURY_3Y,국고채 3년 금리,D,817Y002,1.3.2.1. 시장금리(일별),010200000,국고채(3년),,,20240112,3.204,연%,ECOS
TREASURY_3Y,국고채 3년 금리,D,817Y002,1.3.2.1. 시장금리(일별),010200000,국고채(3년),,,20240115,3.191,연%,ECOS
TREASURY_3Y,국고채 3년 금리,D,817Y002,1.3.2.1. 시장금리(일별),010200000,국고채(3년),,,20240116,3.235,연%,ECOS
TREASURY_3Y,국고채 3년 금리,D,817Y002,1.3.2.1. 시장금리(일별),010200000,국고채(3년),,,20240117,3.277,연%,ECOS
TREASURY_3Y,국고채 3년 금리,D,817Y002,1.3.2.1. 시장금리(일별),010200000,국고채(3년),,,20240118,3.285,연%,ECOS
TREASURY_3Y,국고채 3년 금리,D,817Y002,1.3.2.1. 시장금리(일별),010200000,국고채(3년),,,20240119,3.307,연%,ECOS
TREASURY_3Y,국고채 3년 금리,D,817Y002,1.3.2.1. 시장금리(일별),010200000,국고채(3년),,,20240122,3.278,연%,ECOS
TREASURY_3Y,국고채 3년 금리,D,817Y002,1.3.2.1. 시장금리(일별),010200000,국고채(3년),,,20240123,3.286,연%,ECOS
TREASURY_3Y,국고채 3년 금리,D,817Y002,1.3.2.1. 시장금리(일별),010200000,국고채(3년),,,20240124,3.3,연%,ECOS
TREASURY_3Y,국고채 3년 금리,D,817Y002,1.3.2.1. 시장금리(일별),010200000,국고채(3년),,,20240125,3.313,연%,ECOS
TREASURY_3Y,국고채 3년 금리,D,817Y002,1.3.2.1. 시장금리(일별),010200000,국고채(3년),,,20240126,3.263,연%,ECOS
TREASURY_3Y,국고채 3년 금리,D,817Y002,1.3.2.1. 시장금리(일별),010200000,국고채(3년),,,20240129,3.304,연%,ECOS
TREASURY_3Y,국고채 3년 금리,D,817Y002,1.3.2.1. 시장금리(일별),010200000,국고채(3년),,,20240130,3.268,연%,ECOS
TREASURY_3Y,국고채 3년 금리,D,817Y002,1.3.2.1. 시장금리(일별),010200000,국고채(3년),,,20240131,3.261,연%,ECOS
TREASURY_3Y,국고채 3년 금리,D,817Y002,1.3.2.1. 시장금리(일별),010200000,국고채(3년),,,20240201,3.267,연%,ECOS
TREASURY_3Y,국고채 3년 금리,D,817Y002,1.3.2.1. 시장금리(일별),010200000,국고채(3년),,,20240202,3.248,연%,ECOS
TREASURY_3Y,국고채 3년 금리,D,817Y002,1.3.2.1. 시장금리(일별),010200000,국고채(3년),,,20240205,3.312,연%,ECOS
TREASURY_3Y,국고채 3년 금리,D,817Y002,1.3.2.1. 시장금리(일별),010200000,국고채(3년),,,20240206,3.292,연%,ECOS
TREASURY_3Y,국고채 3년 금리,D,817Y002,1.3.2.1. 시장금리(일별),010200000,국고채(3년),,,20240207,3.286,연%,ECOS
TREASURY_3Y,국고채 3년 금리,D,817Y002,1.3.2.1. 시장금리(일별),010200000,국고채(3년),,,20240208,3.305,연%,ECOS
TREASURY_3Y,국고채 3년 금리,D,817Y002,1.3.2.1. 시장금리(일별),010200000,국고채(3년),,,20240213,3.353,연%,ECOS
TREASURY_3Y,국고채 3년 금리,D,817Y002,1.3.2.1. 시장금리(일별),010200000,국고채(3년),,,20240214,3.425,연%,ECOS
TREASURY_3Y,국고채 3년 금리,D,817Y002,1.3.2.1. 시장금리(일별),010200000,국고채(3년),,,20240215,3.405,연%,ECOS
TREASURY_3Y,국고채 3년 금리,D,817Y002,1.3.2.1. 시장금리(일별),010200000,국고채(3년),,,20240216,3.405,연%,ECOS
TREASURY_3Y,국고채 3년 금리,D,817Y002,1.3.2.1. 시장금리(일별),010200000,국고채(3년),,,20240219,3.397,연%,ECOS
TREASURY_3Y,국고채 3년 금리,D,817Y002,1.3.2.1. 시장금리(일별),010200000,국고채(3년),,,20240220,3.405,연%,ECOS
TREASURY_3Y,국고채 3년 금리,D,817Y002,1.3.2.1. 시장금리(일별),010200000,국고채(3년),,,20240221,3.402,연%,ECOS
TREASURY_3Y,국고채 3년 금리,D,817Y002,1.3.2.1. 시장금리(일별),010200000,국고채(3년),,,20240222,3.342,연%,ECOS
TREASURY_3Y,국고채 3년 금리,D,817Y002,1.3.2.1. 시장금리(일별),010200000,국고채(3년),,,20240223,3.374,연%,ECOS
TREASURY_3Y,국고채 3년 금리,D,817Y002,1.3.2.1. 시장금리(일별),010200000,국고채(3년),,,20240226,3.34,연%,ECOS
TREASURY_3Y,국고채 3년 금리,D,817Y002,1.3.2.1. 시장금리(일별),010200000,국고채(3년),,,20240227,3.364,연%,ECOS
TREASURY_3Y,국고채 3년 금리,D,817Y002,1.3.2.1. 시장금리(일별),010200000,국고채(3년),,,20240228,3.359,연%,ECOS
TREASURY_3Y,국고채 3년 금리,D,817Y002,1.3.2.1. 시장금리(일별),010200000,국고채(3년),,,20240229,3.385,연%,ECOS
TREASURY_3Y,국고채 3년 금리,D,817Y002,1.3.2.1. 시장금리(일별),010200000,국고채(3년),,,20240304,3.36,연%,ECOS
TREASURY_3Y,국고채 3년 금리,D,817Y002,1.3.2.1. 시장금리(일별),010200000,국고채(3년),,,20240305,3.349,연%,ECOS
TREASURY_3Y,국고채 3년 금리,D,817Y002,1.3.2.1. 시장금리(일별),010200000,국고채(3년),,,20240306,3.325,연%,ECOS
TREASURY_3Y,국고채 3년 금리,D,817Y002,1.3.2.1. 시장금리(일별),010200000,국고채(3년),,,20240307,3.321,연%,ECOS
TREASURY_3Y,국고채 3년 금리,D,817Y002,1.3.2.1. 시장금리(일별),010200000,국고채(3년),,,20240308,3.271,연%,ECOS
TREASURY_3Y,국고채 3년 금리,D,817Y002,1.3.2.1. 시장금리(일별),010200000,국고채(3년),,,20240311,3.275,연%,ECOS
TREASURY_3Y,국고채 3년 금리,D,817Y002,1.3.2.1. 시장금리(일별),010200000,국고채(3년),,,20240312,3.273,연%,ECOS
TREASURY_3Y,국고채 3년 금리,D,817Y002,1.3.2.1. 시장금리(일별),010200000,국고채(3년),,,20240313,3.251,연%,ECOS
TREASURY_3Y,국고채 3년 금리,D,817Y002,1.3.2.1. 시장금리(일별),010200000,국고채(3년),,,20240314,3.273,연%,ECOS
TREASURY_3Y,국고채 3년 금리,D,817Y002,1.3.2.1. 시장금리(일별),010200000,국고채(3년),,,20240315,3.308,연%,ECOS
TREASURY_3Y,국고채 3년 금리,D,817Y002,1.3.2.1. 시장금리(일별),010200000,국고채(3년),,,20240318,3.348,연%,ECOS
TREASURY_3Y,국고채 3년 금리,D,817Y002,1.3.2.1. 시장금리(일별),010200000,국고채(3년),,,20240319,3.383,연%,ECOS
TREASURY_3Y,국고채 3년 금리,D,817Y002,1.3.2.1. 시장금리(일별),010200000,국고채(3년),,,20240320,3.371,연%,ECOS
TREASURY_3Y,국고채 3년 금리,D,817Y002,1.3.2.1. 시장금리(일별),010200000,국고채(3년),,,20240321,3.306,연%,ECOS
TREASURY_3Y,국고채 3년 금리,D,817Y002,1.3.2.1. 시장금리(일별),010200000,국고채(3년),,,20240322,3.284,연%,ECOS
TREASURY_3Y,국고채 3년 금리,D,817Y002,1.3.2.1. 시장금리(일별),010200000,국고채(3년),,,20240325,3.29,연%,ECOS
TREASURY_3Y,국고채 3년 금리,D,817Y002,1.3.2.1. 시장금리(일별),010200000,국고채(3년),,,20240326,3.301,연%,ECOS
TREASURY_3Y,국고채 3년 금리,D,817Y002,1.3.2.1. 시장금리(일별),010200000,국고채(3년),,,20240327,3.288,연%,ECOS
TREASURY_3Y,국고채 3년 금리,D,817Y002,1.3.2.1. 시장금리(일별),010200000,국고채(3년),,,20240328,3.293,연%,ECOS
TREASURY_3Y,국고채 3년 금리,D,817Y002,1.3.2.1. 시장금리(일별),010200000,국고채(3년),,,20240329,3.322,연%,ECOS
TREASURY_3Y,국고채 3년 금리,D,817Y002,1.3.2.1. 시장금리(일별),010200000,국고채(3년),,,20240401,3.291,연%,ECOS
TREASURY_3Y,국고채 3년 금리,D,817Y002,1.3.2.1. 시장금리(일별),010200000,국고채(3년),,,20240402,3.333,연%,ECOS
TREASURY_3Y,국고채 3년 금리,D,817Y002,1.3.2.1. 시장금리(일별),010200000,국고채(3년),,,20240403,3.341,연%,ECOS
TREASURY_3Y,국고채 3년 금리,D,817Y002,1.3.2.1. 시장금리(일별),010200000,국고채(3년),,,20240404,3.338,연%,ECOS
TREASURY_3Y,국고채 3년 금리,D,817Y002,1.3.2.1. 시장금리(일별),010200000,국고채(3년),,,20240405,3.329,연%,ECOS
TREASURY_3Y,국고채 3년 금리,D,817Y002,1.3.2.1. 시장금리(일별),010200000,국고채(3년),,,20240408,3.383,연%,ECOS
TREASURY_3Y,국고채 3년 금리,D,817Y002,1.3.2.1. 시장금리(일별),010200000,국고채(3년),,,20240409,3.391,연%,ECOS
TREASURY_3Y,국고채 3년 금리,D,817Y002,1.3.2.1. 시장금리(일별),010200000,국고채(3년),,,20240411,3.466,연%,ECOS
TREASURY_3Y,국고채 3년 금리,D,817Y002,1.3.2.1. 시장금리(일별),010200000,국고채(3년),,,20240412,3.403,연%,ECOS
TREASURY_3Y,국고채 3년 금리,D,817Y002,1.3.2.1. 시장금리(일별),010200000,국고채(3년),,,20240415,3.44,연%,ECOS
TREASURY_3Y,국고채 3년 금리,D,817Y002,1.3.2.1. 시장금리(일별),010200000,국고채(3년),,,20240416,3.469,연%,ECOS
TREASURY_3Y,국고채 3년 금리,D,817Y002,1.3.2.1. 시장금리(일별),010200000,국고채(3년),,,20240417,3.475,연%,ECOS
TREASURY_3Y,국고채 3년 금리,D,817Y002,1.3.2.1. 시장금리(일별),010200000,국고채(3년),,,20240418,3.427,연%,ECOS
TREASURY_3Y,국고채 3년 금리,D,817Y002,1.3.2.1. 시장금리(일별),010200000,국고채(3년),,,20240419,3.468,연%,ECOS
TREASURY_3Y,국고채 3년 금리,D,817Y002,1.3.2.1. 시장금리(일별),010200000,국고채(3년),,,20240422,3.512,연%,ECOS
TREASURY_3Y,국고채 3년 금리,D,817Y002,1.3.2.1. 시장금리(일별),010200000,국고채(3년),,,20240423,3.489,연%,ECOS
TREASURY_3Y,국고채 3년 금리,D,817Y002,1.3.2.1. 시장금리(일별),010200000,국고채(3년),,,20240424,3.509,연%,ECOS
TREASURY_3Y,국고채 3년 금리,D,817Y002,1.3.2.1. 시장금리(일별),010200000,국고채(3년),,,20240425,3.543,연%,ECOS
TREASURY_3Y,국고채 3년 금리,D,817Y002,1.3.2.1. 시장금리(일별),010200000,국고채(3년),,,20240426,3.531,연%,ECOS
TREASURY_3Y,국고채 3년 금리,D,817Y002,1.3.2.1. 시장금리(일별),010200000,국고채(3년),,,20240429,3.552,연%,ECOS
TREASURY_3Y,국고채 3년 금리,D,817Y002,1.3.2.1. 시장금리(일별),010200000,국고채(3년),,,20240430,3.529,연%,ECOS
TREASURY_3Y,국고채 3년 금리,D,817Y002,1.3.2.1. 시장금리(일별),010200000,국고채(3년),,,20240502,3.509,연%,ECOS
TREASURY_3Y,국고채 3년 금리,D,817Y002,1.3.2.1. 시장금리(일별),010200000,국고채(3년),,,20240503,3.5,연%,ECOS
TREASURY_3Y,국고채 3년 금리,D,817Y002,1.3.2.1. 시장금리(일별),010200000,국고채(3년),,,20240507,3.448,연%,ECOS
TREASURY_3Y,국고채 3년 금리,D,817Y002,1.3.2.1. 시장금리(일별),010200000,국고채(3년),,,20240508,3.439,연%,ECOS
TREASURY_3Y,국고채 3년 금리,D,817Y002,1.3.2.1. 시장금리(일별),010200000,국고채(3년),,,20240509,3.453,연%,ECOS
TREASURY_3Y,국고채 3년 금리,D,817Y002,1.3.2.1. 시장금리(일별),010200000,국고채(3년),,,20240510,3.44,연%,ECOS
TREASURY_3Y,국고채 3년 금리,D,817Y002,1.3.2.1. 시장금리(일별),010200000,국고채(3년),,,20240513,3.452,연%,ECOS
TREASURY_3Y,국고채 3년 금리,D,817Y002,1.3.2.1. 시장금리(일별),010200000,국고채(3년),,,20240514,3.454,연%,ECOS
TREASURY_3Y,국고채 3년 금리,D,817Y002,1.3.2.1. 시장금리(일별),010200000,국고채(3년),,,20240516,3.375,연%,ECOS
TREASURY_3Y,국고채 3년 금리,D,817Y002,1.3.2.1. 시장금리(일별),010200000,국고채(3년),,,20240517,3.379,연%,ECOS
TREASURY_3Y,국고채 3년 금리,D,817Y002,1.3.2.1. 시장금리(일별),010200000,국고채(3년),,,20240520,3.412,연%,ECOS
TREASURY_3Y,국고채 3년 금리,D,817Y002,1.3.2.1. 시장금리(일별),010200000,국고채(3년),,,20240521,3.411,연%,ECOS
TREASURY_3Y,국고채 3년 금리,D,817Y002,1.3.2.1. 시장금리(일별),010200000,국고채(3년),,,20240522,3.409,연%,ECOS
TREASURY_3Y,국고채 3년 금리,D,817Y002,1.3.2.1. 시장금리(일별),010200000,국고채(3년),,,20240523,3.402,연%,ECOS
TREASURY_3Y,국고채 3년 금리,D,817Y002,1.3.2.1. 시장금리(일별),010200000,국고채(3년),,,20240524,3.423,연%,ECOS
TREASURY_3Y,국고채 3년 금리,D,817Y002,1.3.2.1. 시장금리(일별),010200000,국고채(3년),,,20240527,3.413,연%,ECOS
TREASURY_3Y,국고채 3년 금리,D,817Y002,1.3.2.1. 시장금리(일별),010200000,국고채(3년),,,20240528,3.394,연%,ECOS
TREASURY_3Y,국고채 3년 금리,D,817Y002,1.3.2.1. 시장금리(일별),010200000,국고채(3년),,,20240529,3.425,연%,ECOS
TREASURY_3Y,국고채 3년 금리,D,817Y002,1.3.2.1. 시장금리(일별),010200000,국고채(3년),,,20240530,3.44,연%,ECOS
TREASURY_3Y,국고채 3년 금리,D,817Y002,1.3.2.1. 시장금리(일별),010200000,국고채(3년),,,20240531,3.452,연%,ECOS
TREASURY_3Y,국고채 3년 금리,D,817Y002,1.3.2.1. 시장금리(일별),010200000,국고채(3년),,,20240603,3.434,연%,ECOS
TREASURY_3Y,국고채 3년 금리,D,817Y002,1.3.2.1. 시장금리(일별),010200000,국고채(3년),,,20240604,3.39,연%,ECOS
TREASURY_3Y,국고채 3년 금리,D,817Y002,1.3.2.1. 시장금리(일별),010200000,국고채(3년),,,20240605,3.345,연%,ECOS
TREASURY_3Y,국고채 3년 금리,D,817Y002,1.3.2.1. 시장금리(일별),010200000,국고채(3년),,,20240607,3.308,연%,ECOS
TREASURY_3Y,국고채 3년 금리,D,817Y002,1.3.2.1. 시장금리(일별),010200000,국고채(3년),,,20240610,3.353,연%,ECOS
TREASURY_3Y,국고채 3년 금리,D,817Y002,1.3.2.1. 시장금리(일별),010200000,국고채(3년),,,20240611,3.341,연%,ECOS
TREASURY_3Y,국고채 3년 금리,D,817Y002,1.3.2.1. 시장금리(일별),010200000,국고채(3년),,,20240612,3.307,연%,ECOS
TREASURY_3Y,국고채 3년 금리,D,817Y002,1.3.2.1. 시장금리(일별),010200000,국고채(3년),,,20240613,3.277,연%,ECOS
TREASURY_3Y,국고채 3년 금리,D,817Y002,1.3.2.1. 시장금리(일별),010200000,국고채(3년),,,20240614,3.252,연%,ECOS
TREASURY_3Y,국고채 3년 금리,D,817Y002,1.3.2.1. 시장금리(일별),010200000,국고채(3년),,,20240617,3.212,연%,ECOS
TREASURY_3Y,국고채 3년 금리,D,817Y002,1.3.2.1. 시장금리(일별),010200000,국고채(3년),,,20240618,3.214,연%,ECOS
TREASURY_3Y,국고채 3년 금리,D,817Y002,1.3.2.1. 시장금리(일별),010200000,국고채(3년),,,20240619,3.162,연%,ECOS
TREASURY_3Y,국고채 3년 금리,D,817Y002,1.3.2.1. 시장금리(일별),010200000,국고채(3년),,,20240620,3.196,연%,ECOS
TREASURY_3Y,국고채 3년 금리,D,817Y002,1.3.2.1. 시장금리(일별),010200000,국고채(3년),,,20240621,3.176,연%,ECOS
TREASURY_3Y,국고채 3년 금리,D,817Y002,1.3.2.1. 시장금리(일별),010200000,국고채(3년),,,20240624,3.194,연%,ECOS
TREASURY_3Y,국고채 3년 금리,D,817Y002,1.3.2.1. 시장금리(일별),010200000,국고채(3년),,,20240625,3.201,연%,ECOS
TREASURY_3Y,국고채 3년 금리,D,817Y002,1.3.2.1. 시장금리(일별),010200000,국고채(3년),,,20240626,3.215,연%,ECOS
TREASURY_3Y,국고채 3년 금리,D,817Y002,1.3.2.1. 시장금리(일별),010200000,국고채(3년),,,20240627,3.22,연%,ECOS
TREASURY_3Y,국고채 3년 금리,D,817Y002,1.3.2.1. 시장금리(일별),010200000,국고채(3년),,,20240628,3.182,연%,ECOS
TREASURY_3Y,국고채 3년 금리,D,817Y002,1.3.2.1. 시장금리(일별),010200000,국고채(3년),,,20240701,3.21,연%,ECOS
TREASURY_3Y,국고채 3년 금리,D,817Y002,1.3.2.1. 시장금리(일별),010200000,국고채(3년),,,20240702,3.169,연%,ECOS
TREASURY_3Y,국고채 3년 금리,D,817Y002,1.3.2.1. 시장금리(일별),010200000,국고채(3년),,,20240703,3.16,연%,ECOS
TREASURY_3Y,국고채 3년 금리,D,817Y002,1.3.2.1. 시장금리(일별),010200000,국고채(3년),,,20240704,3.128,연%,ECOS
TREASURY_3Y,국고채 3년 금리,D,817Y002,1.3.2.1. 시장금리(일별),010200000,국고채(3년),,,20240705,3.115,연%,ECOS
TREASURY_3Y,국고채 3년 금리,D,817Y002,1.3.2.1. 시장금리(일별),010200000,국고채(3년),,,20240708,3.119,연%,ECOS
TREASURY_3Y,국고채 3년 금리,D,817Y002,1.3.2.1. 시장금리(일별),010200000,국고채(3년),,,20240709,3.114,연%,ECOS
TREASURY_3Y,국고채 3년 금리,D,817Y002,1.3.2.1. 시장금리(일별),010200000,국고채(3년),,,20240710,3.12,연%,ECOS
TREASURY_3Y,국고채 3년 금리,D,817Y002,1.3.2.1. 시장금리(일별),010200000,국고채(3년),,,20240711,3.163,연%,ECOS
TREASURY_3Y,국고채 3년 금리,D,817Y002,1.3.2.1. 시장금리(일별),010200000,국고채(3년),,,20240712,3.101,연%,ECOS
TREASURY_3Y,국고채 3년 금리,D,817Y002,1.3.2.1. 시장금리(일별),010200000,국고채(3년),,,20240715,3.076,연%,ECOS
TREASURY_3Y,국고채 3년 금리,D,817Y002,1.3.2.1. 시장금리(일별),010200000,국고채(3년),,,20240716,3.035,연%,ECOS
TREASURY_3Y,국고채 3년 금리,D,817Y002,1.3.2.1. 시장금리(일별),010200000,국고채(3년),,,20240717,3.05,연%,ECOS
TREASURY_3Y,국고채 3년 금리,D,817Y002,1.3.2.1. 시장금리(일별),010200000,국고채(3년),,,20240718,3.058,연%,ECOS
TREASURY_3Y,국고채 3년 금리,D,817Y002,1.3.2.1. 시장금리(일별),010200000,국고채(3년),,,20240719,3.074,연%,ECOS
TREASURY_3Y,국고채 3년 금리,D,817Y002,1.3.2.1. 시장금리(일별),010200000,국고채(3년),,,20240722,3.071,연%,ECOS
TREASURY_3Y,국고채 3년 금리,D,817Y002,1.3.2.1. 시장금리(일별),010200000,국고채(3년),,,20240723,3.084,연%,ECOS
TREASURY_3Y,국고채 3년 금리,D,817Y002,1.3.2.1. 시장금리(일별),010200000,국고채(3년),,,20240724,3.046,연%,ECOS
TREASURY_3Y,국고채 3년 금리,D,817Y002,1.3.2.1. 시장금리(일별),010200000,국고채(3년),,,20240725,3.024,연%,ECOS
TREASURY_3Y,국고채 3년 금리,D,817Y002,1.3.2.1. 시장금리(일별),010200000,국고채(3년),,,20240726,3.024,연%,ECOS
TREASURY_3Y,국고채 3년 금리,D,817Y002,1.3.2.1. 시장금리(일별),010200000,국고채(3년),,,20240729,2.978,연%,ECOS
TREASURY_3Y,국고채 3년 금리,D,817Y002,1.3.2.1. 시장금리(일별),010200000,국고채(3년),,,20240730,2.994,연%,ECOS
TREASURY_3Y,국고채 3년 금리,D,817Y002,1.3.2.1. 시장금리(일별),010200000,국고채(3년),,,20240731,3.004,연%,ECOS
TREASURY_3Y,국고채 3년 금리,D,817Y002,1.3.2.1. 시장금리(일별),010200000,국고채(3년),,,20240801,2.976,연%,ECOS
TREASURY_3Y,국고채 3년 금리,D,817Y002,1.3.2.1. 시장금리(일별),010200000,국고채(3년),,,20240802,2.939,연%,ECOS
TREASURY_3Y,국고채 3년 금리,D,817Y002,1.3.2.1. 시장금리(일별),010200000,국고채(3년),,,20240805,2.806,연%,ECOS
TREASURY_3Y,국고채 3년 금리,D,817Y002,1.3.2.1. 시장금리(일별),010200000,국고채(3년),,,20240806,2.935,연%,ECOS
TREASURY_3Y,국고채 3년 금리,D,817Y002,1.3.2.1. 시장금리(일별),010200000,국고채(3년),,,20240807,2.929,연%,ECOS
TREASURY_3Y,국고채 3년 금리,D,817Y002,1.3.2.1. 시장금리(일별),010200000,국고채(3년),,,20240808,2.911,연%,ECOS
TREASURY_3Y,국고채 3년 금리,D,817Y002,1.3.2.1. 시장금리(일별),010200000,국고채(3년),,,20240809,2.941,연%,ECOS
TREASURY_3Y,국고채 3년 금리,D,817Y002,1.3.2.1. 시장금리(일별),010200000,국고채(3년),,,20240812,2.946,연%,ECOS
TREASURY_3Y,국고채 3년 금리,D,817Y002,1.3.2.1. 시장금리(일별),010200000,국고채(3년),,,20240813,2.918,연%,ECOS
TREASURY_3Y,국고채 3년 금리,D,817Y002,1.3.2.1. 시장금리(일별),010200000,국고채(3년),,,20240814,2.888,연%,ECOS
TREASURY_3Y,국고채 3년 금리,D,817Y002,1.3.2.1. 시장금리(일별),010200000,국고채(3년),,,20240816,2.928,연%,ECOS
TREASURY_3Y,국고채 3년 금리,D,817Y002,1.3.2.1. 시장금리(일별),010200000,국고채(3년),,,20240819,2.927,연%,ECOS
TREASURY_3Y,국고채 3년 금리,D,817Y002,1.3.2.1. 시장금리(일별),010200000,국고채(3년),,,20240820,2.944,연%,ECOS
TREASURY_3Y,국고채 3년 금리,D,817Y002,1.3.2.1. 시장금리(일별),010200000,국고채(3년),,,20240821,2.94,연%,ECOS
TREASURY_3Y,국고채 3년 금리,D,817Y002,1.3.2.1. 시장금리(일별),010200000,국고채(3년),,,20240822,2.907,연%,ECOS
TREASURY_3Y,국고채 3년 금리,D,817Y002,1.3.2.1. 시장금리(일별),010200000,국고채(3년),,,20240823,2.92,연%,ECOS
TREASURY_3Y,국고채 3년 금리,D,817Y002,1.3.2.1. 시장금리(일별),010200000,국고채(3년),,,20240826,2.89,연%,ECOS
TREASURY_3Y,국고채 3년 금리,D,817Y002,1.3.2.1. 시장금리(일별),010200000,국고채(3년),,,20240827,2.94,연%,ECOS
TREASURY_3Y,국고채 3년 금리,D,817Y002,1.3.2.1. 시장금리(일별),010200000,국고채(3년),,,20240828,2.919,연%,ECOS
TREASURY_3Y,국고채 3년 금리,D,817Y002,1.3.2.1. 시장금리(일별),010200000,국고채(3년),,,20240829,2.939,연%,ECOS
TREASURY_3Y,국고채 3년 금리,D,817Y002,1.3.2.1. 시장금리(일별),010200000,국고채(3년),,,20240830,2.953,연%,ECOS
TREASURY_3Y,국고채 3년 금리,D,817Y002,1.3.2.1. 시장금리(일별),010200000,국고채(3년),,,20240902,2.989,연%,ECOS
TREASURY_3Y,국고채 3년 금리,D,817Y002,1.3.2.1. 시장금리(일별),010200000,국고채(3년),,,20240903,2.981,연%,ECOS
TREASURY_3Y,국고채 3년 금리,D,817Y002,1.3.2.1. 시장금리(일별),010200000,국고채(3년),,,20240904,2.931,연%,ECOS
TREASURY_3Y,국고채 3년 금리,D,817Y002,1.3.2.1. 시장금리(일별),010200000,국고채(3년),,,20240905,2.905,연%,ECOS
TREASURY_3Y,국고채 3년 금리,D,817Y002,1.3.2.1. 시장금리(일별),010200000,국고채(3년),,,20240906,2.881,연%,ECOS
TREASURY_3Y,국고채 3년 금리,D,817Y002,1.3.2.1. 시장금리(일별),010200000,국고채(3년),,,20240909,2.897,연%,ECOS
TREASURY_3Y,국고채 3년 금리,D,817Y002,1.3.2.1. 시장금리(일별),010200000,국고채(3년),,,20240910,2.877,연%,ECOS
TREASURY_3Y,국고채 3년 금리,D,817Y002,1.3.2.1. 시장금리(일별),010200000,국고채(3년),,,20240911,2.82,연%,ECOS
TREASURY_3Y,국고채 3년 금리,D,817Y002,1.3.2.1. 시장금리(일별),010200000,국고채(3년),,,20240912,2.866,연%,ECOS
TREASURY_3Y,국고채 3년 금리,D,817Y002,1.3.2.1. 시장금리(일별),010200000,국고채(3년),,,20240913,2.822,연%,ECOS
TREASURY_3Y,국고채 3년 금리,D,817Y002,1.3.2.1. 시장금리(일별),010200000,국고채(3년),,,20240919,2.843,연%,ECOS
TREASURY_3Y,국고채 3년 금리,D,817Y002,1.3.2.1. 시장금리(일별),010200000,국고채(3년),,,20240920,2.838,연%,ECOS
TREASURY_3Y,국고채 3년 금리,D,817Y002,1.3.2.1. 시장금리(일별),010200000,국고채(3년),,,20240923,2.864,연%,ECOS
TREASURY_3Y,국고채 3년 금리,D,817Y002,1.3.2.1. 시장금리(일별),010200000,국고채(3년),,,20240924,2.854,연%,ECOS
TREASURY_3Y,국고채 3년 금리,D,817Y002,1.3.2.1. 시장금리(일별),010200000,국고채(3년),,,20240925,2.812,연%,ECOS
TREASURY_3Y,국고채 3년 금리,D,817Y002,1.3.2.1. 시장금리(일별),010200000,국고채(3년),,,20240926,2.807,연%,ECOS
TREASURY_3Y,국고채 3년 금리,D,817Y002,1.3.2.1. 시장금리(일별),010200000,국고채(3년),,,20240927,2.826,연%,ECOS
TREASURY_3Y,국고채 3년 금리,D,817Y002,1.3.2.1. 시장금리(일별),010200000,국고채(3년),,,20240930,2.811,연%,ECOS
TREASURY_3Y,국고채 3년 금리,D,817Y002,1.3.2.1. 시장금리(일별),010200000,국고채(3년),,,20241002,2.78,연%,ECOS
TREASURY_3Y,국고채 3년 금리,D,817Y002,1.3.2.1. 시장금리(일별),010200000,국고채(3년),,,20241004,2.824,연%,ECOS
TREASURY_3Y,국고채 3년 금리,D,817Y002,1.3.2.1. 시장금리(일별),010200000,국고채(3년),,,20241007,2.96,연%,ECOS
TREASURY_3Y,국고채 3년 금리,D,817Y002,1.3.2.1. 시장금리(일별),010200000,국고채(3년),,,20241008,2.932,연%,ECOS
TREASURY_3Y,국고채 3년 금리,D,817Y002,1.3.2.1. 시장금리(일별),010200000,국고채(3년),,,20241010,2.962,연%,ECOS
TREASURY_3Y,국고채 3년 금리,D,817Y002,1.3.2.1. 시장금리(일별),010200000,국고채(3년),,,20241011,2.947,연%,ECOS
TREASURY_3Y,국고채 3년 금리,D,817Y002,1.3.2.1. 시장금리(일별),010200000,국고채(3년),,,20241014,2.938,연%,ECOS
TREASURY_3Y,국고채 3년 금리,D,817Y002,1.3.2.1. 시장금리(일별),010200000,국고채(3년),,,20241015,2.906,연%,ECOS
TREASURY_3Y,국고채 3년 금리,D,817Y002,1.3.2.1. 시장금리(일별),010200000,국고채(3년),,,20241016,2.88,연%,ECOS
TREASURY_3Y,국고채 3년 금리,D,817Y002,1.3.2.1. 시장금리(일별),010200000,국고채(3년),,,20241017,2.897,연%,ECOS
TREASURY_3Y,국고채 3년 금리,D,817Y002,1.3.2.1. 시장금리(일별),010200000,국고채(3년),,,20241018,2.908,연%,ECOS
TREASURY_3Y,국고채 3년 금리,D,817Y002,1.3.2.1. 시장금리(일별),010200000,국고채(3년),,,20241021,2.902,연%,ECOS
TREASURY_3Y,국고채 3년 금리,D,817Y002,1.3.2.1. 시장금리(일별),010200000,국고채(3년),,,20241022,2.943,연%,ECOS
TREASURY_3Y,국고채 3년 금리,D,817Y002,1.3.2.1. 시장금리(일별),010200000,국고채(3년),,,20241023,2.936,연%,ECOS
TREASURY_3Y,국고채 3년 금리,D,817Y002,1.3.2.1. 시장금리(일별),010200000,국고채(3년),,,20241024,2.891,연%,ECOS
TREASURY_3Y,국고채 3년 금리,D,817Y002,1.3.2.1. 시장금리(일별),010200000,국고채(3년),,,20241025,2.882,연%,ECOS
TREASURY_3Y,국고채 3년 금리,D,817Y002,1.3.2.1. 시장금리(일별),010200000,국고채(3년),,,20241028,2.932,연%,ECOS
TREASURY_3Y,국고채 3년 금리,D,817Y002,1.3.2.1. 시장금리(일별),010200000,국고채(3년),,,20241029,2.936,연%,ECOS
TREASURY_3Y,국고채 3년 금리,D,817Y002,1.3.2.1. 시장금리(일별),010200000,국고채(3년),,,20241030,2.937,연%,ECOS
TREASURY_3Y,국고채 3년 금리,D,817Y002,1.3.2.1. 시장금리(일별),010200000,국고채(3년),,,20241031,2.936,연%,ECOS
TREASURY_3Y,국고채 3년 금리,D,817Y002,1.3.2.1. 시장금리(일별),010200000,국고채(3년),,,20241101,2.939,연%,ECOS
TREASURY_3Y,국고채 3년 금리,D,817Y002,1.3.2.1. 시장금리(일별),010200000,국고채(3년),,,20241104,2.935,연%,ECOS
TREASURY_3Y,국고채 3년 금리,D,817Y002,1.3.2.1. 시장금리(일별),010200000,국고채(3년),,,20241105,2.918,연%,ECOS
TREASURY_3Y,국고채 3년 금리,D,817Y002,1.3.2.1. 시장금리(일별),010200000,국고채(3년),,,20241106,2.96,연%,ECOS
TREASURY_3Y,국고채 3년 금리,D,817Y002,1.3.2.1. 시장금리(일별),010200000,국고채(3년),,,20241107,2.922,연%,ECOS
TREASURY_3Y,국고채 3년 금리,D,817Y002,1.3.2.1. 시장금리(일별),010200000,국고채(3년),,,20241108,2.889,연%,ECOS
TREASURY_3Y,국고채 3년 금리,D,817Y002,1.3.2.1. 시장금리(일별),010200000,국고채(3년),,,20241111,2.901,연%,ECOS
TREASURY_3Y,국고채 3년 금리,D,817Y002,1.3.2.1. 시장금리(일별),010200000,국고채(3년),,,20241112,2.9,연%,ECOS
TREASURY_3Y,국고채 3년 금리,D,817Y002,1.3.2.1. 시장금리(일별),010200000,국고채(3년),,,20241113,2.939,연%,ECOS
TREASURY_3Y,국고채 3년 금리,D,817Y002,1.3.2.1. 시장금리(일별),010200000,국고채(3년),,,20241114,2.929,연%,ECOS
TREASURY_3Y,국고채 3년 금리,D,817Y002,1.3.2.1. 시장금리(일별),010200000,국고채(3년),,,20241115,2.941,연%,ECOS
TREASURY_3Y,국고채 3년 금리,D,817Y002,1.3.2.1. 시장금리(일별),010200000,국고채(3년),,,20241118,2.915,연%,ECOS
TREASURY_3Y,국고채 3년 금리,D,817Y002,1.3.2.1. 시장금리(일별),010200000,국고채(3년),,,20241119,2.889,연%,ECOS
TREASURY_3Y,국고채 3년 금리,D,817Y002,1.3.2.1. 시장금리(일별),010200000,국고채(3년),,,20241120,2.873,연%,ECOS
TREASURY_3Y,국고채 3년 금리,D,817Y002,1.3.2.1. 시장금리(일별),010200000,국고채(3년),,,20241121,2.829,연%,ECOS
TREASURY_3Y,국고채 3년 금리,D,817Y002,1.3.2.1. 시장금리(일별),010200000,국고채(3년),,,20241122,2.816,연%,ECOS
TREASURY_3Y,국고채 3년 금리,D,817Y002,1.3.2.1. 시장금리(일별),010200000,국고채(3년),,,20241125,2.773,연%,ECOS
TREASURY_3Y,국고채 3년 금리,D,817Y002,1.3.2.1. 시장금리(일별),010200000,국고채(3년),,,20241126,2.773,연%,ECOS
TREASURY_3Y,국고채 3년 금리,D,817Y002,1.3.2.1. 시장금리(일별),010200000,국고채(3년),,,20241127,2.741,연%,ECOS
TREASURY_3Y,국고채 3년 금리,D,817Y002,1.3.2.1. 시장금리(일별),010200000,국고채(3년),,,20241128,2.638,연%,ECOS
TREASURY_3Y,국고채 3년 금리,D,817Y002,1.3.2.1. 시장금리(일별),010200000,국고채(3년),,,20241129,2.607,연%,ECOS
TREASURY_3Y,국고채 3년 금리,D,817Y002,1.3.2.1. 시장금리(일별),010200000,국고채(3년),,,20241202,2.567,연%,ECOS
TREASURY_3Y,국고채 3년 금리,D,817Y002,1.3.2.1. 시장금리(일별),010200000,국고채(3년),,,20241203,2.585,연%,ECOS
TREASURY_3Y,국고채 3년 금리,D,817Y002,1.3.2.1. 시장금리(일별),010200000,국고채(3년),,,20241204,2.626,연%,ECOS
TREASURY_3Y,국고채 3년 금리,D,817Y002,1.3.2.1. 시장금리(일별),010200000,국고채(3년),,,20241205,2.603,연%,ECOS
TREASURY_3Y,국고채 3년 금리,D,817Y002,1.3.2.1. 시장금리(일별),010200000,국고채(3년),,,20241206,2.62,연%,ECOS
TREASURY_3Y,국고채 3년 금리,D,817Y002,1.3.2.1. 시장금리(일별),010200000,국고채(3년),,,20241209,2.579,연%,ECOS
TREASURY_3Y,국고채 3년 금리,D,817Y002,1.3.2.1. 시장금리(일별),010200000,국고채(3년),,,20241210,2.524,연%,ECOS
TREASURY_3Y,국고채 3년 금리,D,817Y002,1.3.2.1. 시장금리(일별),010200000,국고채(3년),,,20241211,2.536,연%,ECOS
TREASURY_3Y,국고채 3년 금리,D,817Y002,1.3.2.1. 시장금리(일별),010200000,국고채(3년),,,20241212,2.549,연%,ECOS
TREASURY_3Y,국고채 3년 금리,D,817Y002,1.3.2.1. 시장금리(일별),010200000,국고채(3년),,,20241213,2.541,연%,ECOS
TREASURY_3Y,국고채 3년 금리,D,817Y002,1.3.2.1. 시장금리(일별),010200000,국고채(3년),,,20241216,2.553,연%,ECOS
TREASURY_3Y,국고채 3년 금리,D,817Y002,1.3.2.1. 시장금리(일별),010200000,국고채(3년),,,20241217,2.621,연%,ECOS
TREASURY_3Y,국고채 3년 금리,D,817Y002,1.3.2.1. 시장금리(일별),010200000,국고채(3년),,,20241218,2.536,연%,ECOS
TREASURY_3Y,국고채 3년 금리,D,817Y002,1.3.2.1. 시장금리(일별),010200000,국고채(3년),,,20241219,2.603,연%,ECOS
TREASURY_3Y,국고채 3년 금리,D,817Y002,1.3.2.1. 시장금리(일별),010200000,국고채(3년),,,20241220,2.629,연%,ECOS
TREASURY_3Y,국고채 3년 금리,D,817Y002,1.3.2.1. 시장금리(일별),010200000,국고채(3년),,,20241223,2.616,연%,ECOS
TREASURY_3Y,국고채 3년 금리,D,817Y002,1.3.2.1. 시장금리(일별),010200000,국고채(3년),,,20241224,2.626,연%,ECOS
TREASURY_3Y,국고채 3년 금리,D,817Y002,1.3.2.1. 시장금리(일별),010200000,국고채(3년),,,20241226,2.648,연%,ECOS
TREASURY_3Y,국고채 3년 금리,D,817Y002,1.3.2.1. 시장금리(일별),010200000,국고채(3년),,,20241227,2.634,연%,ECOS
TREASURY_3Y,국고채 3년 금리,D,817Y002,1.3.2.1. 시장금리(일별),010200000,국고채(3년),,,20241230,2.597,연%,ECOS
TREASURY_3Y,국고채 3년 금리,D,817Y002,1.3.2.1. 시장금리(일별),010200000,국고채(3년),,,20241231,2.596,연%,ECOS
TREASURY_3Y,국고채 3년 금리,D,817Y002,1.3.2.1. 시장금리(일별),010200000,국고채(3년),,,20250102,2.507,연%,ECOS
TREASURY_3Y,국고채 3년 금리,D,817Y002,1.3.2.1. 시장금리(일별),010200000,국고채(3년),,,20250103,2.482,연%,ECOS
TREASURY_3Y,국고채 3년 금리,D,817Y002,1.3.2.1. 시장금리(일별),010200000,국고채(3년),,,20250106,2.524,연%,ECOS
TREASURY_3Y,국고채 3년 금리,D,817Y002,1.3.2.1. 시장금리(일별),010200000,국고채(3년),,,20250107,2.508,연%,ECOS
TREASURY_3Y,국고채 3년 금리,D,817Y002,1.3.2.1. 시장금리(일별),010200000,국고채(3년),,,20250108,2.505,연%,ECOS
TREASURY_3Y,국고채 3년 금리,D,817Y002,1.3.2.1. 시장금리(일별),010200000,국고채(3년),,,20250109,2.5,연%,ECOS
TREASURY_3Y,국고채 3년 금리,D,817Y002,1.3.2.1. 시장금리(일별),010200000,국고채(3년),,,20250110,2.561,연%,ECOS
TREASURY_3Y,국고채 3년 금리,D,817Y002,1.3.2.1. 시장금리(일별),010200000,국고채(3년),,,20250113,2.664,연%,ECOS
TREASURY_3Y,국고채 3년 금리,D,817Y002,1.3.2.1. 시장금리(일별),010200000,국고채(3년),,,20250114,2.646,연%,ECOS
TREASURY_3Y,국고채 3년 금리,D,817Y002,1.3.2.1. 시장금리(일별),010200000,국고채(3년),,,20250115,2.675,연%,ECOS
TREASURY_3Y,국고채 3년 금리,D,817Y002,1.3.2.1. 시장금리(일별),010200000,국고채(3년),,,20250116,2.626,연%,ECOS
TREASURY_3Y,국고채 3년 금리,D,817Y002,1.3.2.1. 시장금리(일별),010200000,국고채(3년),,,20250117,2.588,연%,ECOS
TREASURY_3Y,국고채 3년 금리,D,817Y002,1.3.2.1. 시장금리(일별),010200000,국고채(3년),,,20250120,2.623,연%,ECOS
TREASURY_3Y,국고채 3년 금리,D,817Y002,1.3.2.1. 시장금리(일별),010200000,국고채(3년),,,20250121,2.579,연%,ECOS
TREASURY_3Y,국고채 3년 금리,D,817Y002,1.3.2.1. 시장금리(일별),010200000,국고채(3년),,,20250122,2.577,연%,ECOS
TREASURY_3Y,국고채 3년 금리,D,817Y002,1.3.2.1. 시장금리(일별),010200000,국고채(3년),,,20250123,2.578,연%,ECOS
TREASURY_3Y,국고채 3년 금리,D,817Y002,1.3.2.1. 시장금리(일별),010200000,국고채(3년),,,20250124,2.57,연%,ECOS
TREASURY_3Y,국고채 3년 금리,D,817Y002,1.3.2.1. 시장금리(일별),010200000,국고채(3년),,,20250131,2.573,연%,ECOS
TREASURY_3Y,국고채 3년 금리,D,817Y002,1.3.2.1. 시장금리(일별),010200000,국고채(3년),,,20250203,2.572,연%,ECOS
TREASURY_3Y,국고채 3년 금리,D,817Y002,1.3.2.1. 시장금리(일별),010200000,국고채(3년),,,20250204,2.584,연%,ECOS
TREASURY_3Y,국고채 3년 금리,D,817Y002,1.3.2.1. 시장금리(일별),010200000,국고채(3년),,,20250205,2.578,연%,ECOS
TREASURY_3Y,국고채 3년 금리,D,817Y002,1.3.2.1. 시장금리(일별),010200000,국고채(3년),,,20250206,2.582,연%,ECOS
TREASURY_3Y,국고채 3년 금리,D,817Y002,1.3.2.1. 시장금리(일별),010200000,국고채(3년),,,20250207,2.635,연%,ECOS
TREASURY_3Y,국고채 3년 금리,D,817Y002,1.3.2.1. 시장금리(일별),010200000,국고채(3년),,,20250210,2.638,연%,ECOS
TREASURY_3Y,국고채 3년 금리,D,817Y002,1.3.2.1. 시장금리(일별),010200000,국고채(3년),,,20250211,2.633,연%,ECOS
TREASURY_3Y,국고채 3년 금리,D,817Y002,1.3.2.1. 시장금리(일별),010200000,국고채(3년),,,20250212,2.651,연%,ECOS
TREASURY_3Y,국고채 3년 금리,D,817Y002,1.3.2.1. 시장금리(일별),010200000,국고채(3년),,,20250213,2.631,연%,ECOS
TREASURY_3Y,국고채 3년 금리,D,817Y002,1.3.2.1. 시장금리(일별),010200000,국고채(3년),,,20250214,2.611,연%,ECOS
TREASURY_3Y,국고채 3년 금리,D,817Y002,1.3.2.1. 시장금리(일별),010200000,국고채(3년),,,20250217,2.623,연%,ECOS
TREASURY_3Y,국고채 3년 금리,D,817Y002,1.3.2.1. 시장금리(일별),010200000,국고채(3년),,,20250218,2.641,연%,ECOS
TREASURY_3Y,국고채 3년 금리,D,817Y002,1.3.2.1. 시장금리(일별),010200000,국고채(3년),,,20250219,2.63,연%,ECOS
TREASURY_3Y,국고채 3년 금리,D,817Y002,1.3.2.1. 시장금리(일별),010200000,국고채(3년),,,20250220,2.628,연%,ECOS
TREASURY_3Y,국고채 3년 금리,D,817Y002,1.3.2.1. 시장금리(일별),010200000,국고채(3년),,,20250221,2.618,연%,ECOS
TREASURY_3Y,국고채 3년 금리,D,817Y002,1.3.2.1. 시장금리(일별),010200000,국고채(3년),,,20250224,2.61,연%,ECOS
TREASURY_3Y,국고채 3년 금리,D,817Y002,1.3.2.1. 시장금리(일별),010200000,국고채(3년),,,20250225,2.596,연%,ECOS
TREASURY_3Y,국고채 3년 금리,D,817Y002,1.3.2.1. 시장금리(일별),010200000,국고채(3년),,,20250226,2.591,연%,ECOS
TREASURY_3Y,국고채 3년 금리,D,817Y002,1.3.2.1. 시장금리(일별),010200000,국고채(3년),,,20250227,2.592,연%,ECOS
TREASURY_3Y,국고채 3년 금리,D,817Y002,1.3.2.1. 시장금리(일별),010200000,국고채(3년),,,20250228,2.566,연%,ECOS
TREASURY_3Y,국고채 3년 금리,D,817Y002,1.3.2.1. 시장금리(일별),010200000,국고채(3년),,,20250304,2.541,연%,ECOS
TREASURY_3Y,국고채 3년 금리,D,817Y002,1.3.2.1. 시장금리(일별),010200000,국고채(3년),,,20250305,2.565,연%,ECOS
TREASURY_3Y,국고채 3년 금리,D,817Y002,1.3.2.1. 시장금리(일별),010200000,국고채(3년),,,20250306,2.594,연%,ECOS
TREASURY_3Y,국고채 3년 금리,D,817Y002,1.3.2.1. 시장금리(일별),010200000,국고채(3년),,,20250307,2.565,연%,ECOS
TREASURY_3Y,국고채 3년 금리,D,817Y002,1.3.2.1. 시장금리(일별),010200000,국고채(3년),,,20250310,2.596,연%,ECOS
TREASURY_3Y,국고채 3년 금리,D,817Y002,1.3.2.1. 시장금리(일별),010200000,국고채(3년),,,20250311,2.56,연%,ECOS
TREASURY_3Y,국고채 3년 금리,D,817Y002,1.3.2.1. 시장금리(일별),010200000,국고채(3년),,,20250312,2.55,연%,ECOS
TREASURY_3Y,국고채 3년 금리,D,817Y002,1.3.2.1. 시장금리(일별),010200000,국고채(3년),,,20250313,2.57,연%,ECOS
TREASURY_3Y,국고채 3년 금리,D,817Y002,1.3.2.1. 시장금리(일별),010200000,국고채(3년),,,20250314,2.596,연%,ECOS
TREASURY_3Y,국고채 3년 금리,D,817Y002,1.3.2.1. 시장금리(일별),010200000,국고채(3년),,,20250317,2.601,연%,ECOS
TREASURY_3Y,국고채 3년 금리,D,817Y002,1.3.2.1. 시장금리(일별),010200000,국고채(3년),,,20250318,2.598,연%,ECOS
TREASURY_3Y,국고채 3년 금리,D,817Y002,1.3.2.1. 시장금리(일별),010200000,국고채(3년),,,20250319,2.621,연%,ECOS
TREASURY_3Y,국고채 3년 금리,D,817Y002,1.3.2.1. 시장금리(일별),010200000,국고채(3년),,,20250320,2.598,연%,ECOS
TREASURY_3Y,국고채 3년 금리,D,817Y002,1.3.2.1. 시장금리(일별),010200000,국고채(3년),,,20250321,2.597,연%,ECOS
TREASURY_3Y,국고채 3년 금리,D,817Y002,1.3.2.1. 시장금리(일별),010200000,국고채(3년),,,20250324,2.604,연%,ECOS
TREASURY_3Y,국고채 3년 금리,D,817Y002,1.3.2.1. 시장금리(일별),010200000,국고채(3년),,,20250325,2.612,연%,ECOS
TREASURY_3Y,국고채 3년 금리,D,817Y002,1.3.2.1. 시장금리(일별),010200000,국고채(3년),,,20250326,2.618,연%,ECOS
TREASURY_3Y,국고채 3년 금리,D,817Y002,1.3.2.1. 시장금리(일별),010200000,국고채(3년),,,20250327,2.622,연%,ECOS
TREASURY_3Y,국고채 3년 금리,D,817Y002,1.3.2.1. 시장금리(일별),010200000,국고채(3년),,,20250328,2.629,연%,ECOS
TREASURY_3Y,국고채 3년 금리,D,817Y002,1.3.2.1. 시장금리(일별),010200000,국고채(3년),,,20250331,2.569,연%,ECOS
TREASURY_3Y,국고채 3년 금리,D,817Y002,1.3.2.1. 시장금리(일별),010200000,국고채(3년),,,20250401,2.581,연%,ECOS
TREASURY_3Y,국고채 3년 금리,D,817Y002,1.3.2.1. 시장금리(일별),010200000,국고채(3년),,,20250402,2.584,연%,ECOS
TREASURY_3Y,국고채 3년 금리,D,817Y002,1.3.2.1. 시장금리(일별),010200000,국고채(3년),,,20250403,2.529,연%,ECOS
TREASURY_3Y,국고채 3년 금리,D,817Y002,1.3.2.1. 시장금리(일별),010200000,국고채(3년),,,20250404,2.461,연%,ECOS
TREASURY_3Y,국고채 3년 금리,D,817Y002,1.3.2.1. 시장금리(일별),010200000,국고채(3년),,,20250407,2.405,연%,ECOS
TREASURY_3Y,국고채 3년 금리,D,817Y002,1.3.2.1. 시장금리(일별),010200000,국고채(3년),,,20250408,2.413,연%,ECOS
TREASURY_3Y,국고채 3년 금리,D,817Y002,1.3.2.1. 시장금리(일별),010200000,국고채(3년),,,20250409,2.434,연%,ECOS
TREASURY_3Y,국고채 3년 금리,D,817Y002,1.3.2.1. 시장금리(일별),010200000,국고채(3년),,,20250410,2.437,연%,ECOS
TREASURY_3Y,국고채 3년 금리,D,817Y002,1.3.2.1. 시장금리(일별),010200000,국고채(3년),,,20250411,2.411,연%,ECOS
TREASURY_3Y,국고채 3년 금리,D,817Y002,1.3.2.1. 시장금리(일별),010200000,국고채(3년),,,20250414,2.408,연%,ECOS
TREASURY_3Y,국고채 3년 금리,D,817Y002,1.3.2.1. 시장금리(일별),010200000,국고채(3년),,,20250415,2.399,연%,ECOS
TREASURY_3Y,국고채 3년 금리,D,817Y002,1.3.2.1. 시장금리(일별),010200000,국고채(3년),,,20250416,2.351,연%,ECOS
TREASURY_3Y,국고채 3년 금리,D,817Y002,1.3.2.1. 시장금리(일별),010200000,국고채(3년),,,20250417,2.385,연%,ECOS
TREASURY_3Y,국고채 3년 금리,D,817Y002,1.3.2.1. 시장금리(일별),010200000,국고채(3년),,,20250418,2.362,연%,ECOS
TREASURY_3Y,국고채 3년 금리,D,817Y002,1.3.2.1. 시장금리(일별),010200000,국고채(3년),,,20250421,2.331,연%,ECOS
TREASURY_3Y,국고채 3년 금리,D,817Y002,1.3.2.1. 시장금리(일별),010200000,국고채(3년),,,20250422,2.33,연%,ECOS
TREASURY_3Y,국고채 3년 금리,D,817Y002,1.3.2.1. 시장금리(일별),010200000,국고채(3년),,,20250423,2.337,연%,ECOS
TREASURY_3Y,국고채 3년 금리,D,817Y002,1.3.2.1. 시장금리(일별),010200000,국고채(3년),,,20250424,2.341,연%,ECOS
TREASURY_3Y,국고채 3년 금리,D,817Y002,1.3.2.1. 시장금리(일별),010200000,국고채(3년),,,20250425,2.305,연%,ECOS
TREASURY_3Y,국고채 3년 금리,D,817Y002,1.3.2.1. 시장금리(일별),010200000,국고채(3년),,,20250428,2.316,연%,ECOS
TREASURY_3Y,국고채 3년 금리,D,817Y002,1.3.2.1. 시장금리(일별),010200000,국고채(3년),,,20250429,2.31,연%,ECOS
TREASURY_3Y,국고채 3년 금리,D,817Y002,1.3.2.1. 시장금리(일별),010200000,국고채(3년),,,20250430,2.267,연%,ECOS
TREASURY_3Y,국고채 3년 금리,D,817Y002,1.3.2.1. 시장금리(일별),010200000,국고채(3년),,,20250502,2.282,연%,ECOS
TREASURY_3Y,국고채 3년 금리,D,817Y002,1.3.2.1. 시장금리(일별),010200000,국고채(3년),,,20250507,2.253,연%,ECOS
TREASURY_3Y,국고채 3년 금리,D,817Y002,1.3.2.1. 시장금리(일별),010200000,국고채(3년),,,20250508,2.281,연%,ECOS
TREASURY_3Y,국고채 3년 금리,D,817Y002,1.3.2.1. 시장금리(일별),010200000,국고채(3년),,,20250509,2.331,연%,ECOS
TREASURY_3Y,국고채 3년 금리,D,817Y002,1.3.2.1. 시장금리(일별),010200000,국고채(3년),,,20250512,2.33,연%,ECOS
TREASURY_3Y,국고채 3년 금리,D,817Y002,1.3.2.1. 시장금리(일별),010200000,국고채(3년),,,20250513,2.37,연%,ECOS
TREASURY_3Y,국고채 3년 금리,D,817Y002,1.3.2.1. 시장금리(일별),010200000,국고채(3년),,,20250514,2.351,연%,ECOS
TREASURY_3Y,국고채 3년 금리,D,817Y002,1.3.2.1. 시장금리(일별),010200000,국고채(3년),,,20250515,2.362,연%,ECOS
TREASURY_3Y,국고채 3년 금리,D,817Y002,1.3.2.1. 시장금리(일별),010200000,국고채(3년),,,20250516,2.319,연%,ECOS
TREASURY_3Y,국고채 3년 금리,D,817Y002,1.3.2.1. 시장금리(일별),010200000,국고채(3년),,,20250519,2.366,연%,ECOS
TREASURY_3Y,국고채 3년 금리,D,817Y002,1.3.2.1. 시장금리(일별),010200000,국고채(3년),,,20250520,2.33,연%,ECOS
TREASURY_3Y,국고채 3년 금리,D,817Y002,1.3.2.1. 시장금리(일별),010200000,국고채(3년),,,20250521,2.345,연%,ECOS
TREASURY_3Y,국고채 3년 금리,D,817Y002,1.3.2.1. 시장금리(일별),010200000,국고채(3년),,,20250522,2.336,연%,ECOS
TREASURY_3Y,국고채 3년 금리,D,817Y002,1.3.2.1. 시장금리(일별),010200000,국고채(3년),,,20250523,2.338,연%,ECOS
TREASURY_3Y,국고채 3년 금리,D,817Y002,1.3.2.1. 시장금리(일별),010200000,국고채(3년),,,20250526,2.348,연%,ECOS
TREASURY_3Y,국고채 3년 금리,D,817Y002,1.3.2.1. 시장금리(일별),010200000,국고채(3년),,,20250527,2.34,연%,ECOS
TREASURY_3Y,국고채 3년 금리,D,817Y002,1.3.2.1. 시장금리(일별),010200000,국고채(3년),,,20250528,2.314,연%,ECOS
TREASURY_3Y,국고채 3년 금리,D,817Y002,1.3.2.1. 시장금리(일별),010200000,국고채(3년),,,20250529,2.341,연%,ECOS
TREASURY_3Y,국고채 3년 금리,D,817Y002,1.3.2.1. 시장금리(일별),010200000,국고채(3년),,,20250530,2.347,연%,ECOS
TREASURY_3Y,국고채 3년 금리,D,817Y002,1.3.2.1. 시장금리(일별),010200000,국고채(3년),,,20250602,2.34,연%,ECOS
TREASURY_3Y,국고채 3년 금리,D,817Y002,1.3.2.1. 시장금리(일별),010200000,국고채(3년),,,20250604,2.414,연%,ECOS
TREASURY_3Y,국고채 3년 금리,D,817Y002,1.3.2.1. 시장금리(일별),010200000,국고채(3년),,,20250605,2.412,연%,ECOS
TREASURY_3Y,국고채 3년 금리,D,817Y002,1.3.2.1. 시장금리(일별),010200000,국고채(3년),,,20250609,2.405,연%,ECOS
TREASURY_3Y,국고채 3년 금리,D,817Y002,1.3.2.1. 시장금리(일별),010200000,국고채(3년),,,20250610,2.385,연%,ECOS
TREASURY_3Y,국고채 3년 금리,D,817Y002,1.3.2.1. 시장금리(일별),010200000,국고채(3년),,,20250611,2.419,연%,ECOS
TREASURY_3Y,국고채 3년 금리,D,817Y002,1.3.2.1. 시장금리(일별),010200000,국고채(3년),,,20250612,2.429,연%,ECOS
TREASURY_3Y,국고채 3년 금리,D,817Y002,1.3.2.1. 시장금리(일별),010200000,국고채(3년),,,20250613,2.462,연%,ECOS
TREASURY_3Y,국고채 3년 금리,D,817Y002,1.3.2.1. 시장금리(일별),010200000,국고채(3년),,,20250616,2.483,연%,ECOS
TREASURY_3Y,국고채 3년 금리,D,817Y002,1.3.2.1. 시장금리(일별),010200000,국고채(3년),,,20250617,2.448,연%,ECOS
TREASURY_3Y,국고채 3년 금리,D,817Y002,1.3.2.1. 시장금리(일별),010200000,국고채(3년),,,20250618,2.472,연%,ECOS
TREASURY_3Y,국고채 3년 금리,D,817Y002,1.3.2.1. 시장금리(일별),010200000,국고채(3년),,,20250619,2.475,연%,ECOS
TREASURY_3Y,국고채 3년 금리,D,817Y002,1.3.2.1. 시장금리(일별),010200000,국고채(3년),,,20250620,2.463,연%,ECOS
TREASURY_3Y,국고채 3년 금리,D,817Y002,1.3.2.1. 시장금리(일별),010200000,국고채(3년),,,20250623,2.498,연%,ECOS
TREASURY_3Y,국고채 3년 금리,D,817Y002,1.3.2.1. 시장금리(일별),010200000,국고채(3년),,,20250624,2.461,연%,ECOS
TREASURY_3Y,국고채 3년 금리,D,817Y002,1.3.2.1. 시장금리(일별),010200000,국고채(3년),,,20250625,2.46,연%,ECOS
TREASURY_3Y,국고채 3년 금리,D,817Y002,1.3.2.1. 시장금리(일별),010200000,국고채(3년),,,20250626,2.454,연%,ECOS
TREASURY_3Y,국고채 3년 금리,D,817Y002,1.3.2.1. 시장금리(일별),010200000,국고채(3년),,,20250627,2.453,연%,ECOS
TREASURY_3Y,국고채 3년 금리,D,817Y002,1.3.2.1. 시장금리(일별),010200000,국고채(3년),,,20250630,2.452,연%,ECOS
TREASURY_3Y,국고채 3년 금리,D,817Y002,1.3.2.1. 시장금리(일별),010200000,국고채(3년),,,20250701,2.454,연%,ECOS
TREASURY_3Y,국고채 3년 금리,D,817Y002,1.3.2.1. 시장금리(일별),010200000,국고채(3년),,,20250702,2.483,연%,ECOS
TREASURY_3Y,국고채 3년 금리,D,817Y002,1.3.2.1. 시장금리(일별),010200000,국고채(3년),,,20250703,2.449,연%,ECOS
TREASURY_3Y,국고채 3년 금리,D,817Y002,1.3.2.1. 시장금리(일별),010200000,국고채(3년),,,20250704,2.467,연%,ECOS
TREASURY_3Y,국고채 3년 금리,D,817Y002,1.3.2.1. 시장금리(일별),010200000,국고채(3년),,,20250707,2.482,연%,ECOS
TREASURY_3Y,국고채 3년 금리,D,817Y002,1.3.2.1. 시장금리(일별),010200000,국고채(3년),,,20250708,2.477,연%,ECOS
TREASURY_3Y,국고채 3년 금리,D,817Y002,1.3.2.1. 시장금리(일별),010200000,국고채(3년),,,20250709,2.478,연%,ECOS
TREASURY_3Y,국고채 3년 금리,D,817Y002,1.3.2.1. 시장금리(일별),010200000,국고채(3년),,,20250710,2.433,연%,ECOS
TREASURY_3Y,국고채 3년 금리,D,817Y002,1.3.2.1. 시장금리(일별),010200000,국고채(3년),,,20250711,2.448,연%,ECOS
TREASURY_3Y,국고채 3년 금리,D,817Y002,1.3.2.1. 시장금리(일별),010200000,국고채(3년),,,20250714,2.474,연%,ECOS
TREASURY_3Y,국고채 3년 금리,D,817Y002,1.3.2.1. 시장금리(일별),010200000,국고채(3년),,,20250715,2.463,연%,ECOS
TREASURY_3Y,국고채 3년 금리,D,817Y002,1.3.2.1. 시장금리(일별),010200000,국고채(3년),,,20250716,2.459,연%,ECOS
TREASURY_3Y,국고채 3년 금리,D,817Y002,1.3.2.1. 시장금리(일별),010200000,국고채(3년),,,20250717,2.479,연%,ECOS
TREASURY_3Y,국고채 3년 금리,D,817Y002,1.3.2.1. 시장금리(일별),010200000,국고채(3년),,,20250718,2.474,연%,ECOS
TREASURY_3Y,국고채 3년 금리,D,817Y002,1.3.2.1. 시장금리(일별),010200000,국고채(3년),,,20250721,2.456,연%,ECOS
TREASURY_3Y,국고채 3년 금리,D,817Y002,1.3.2.1. 시장금리(일별),010200000,국고채(3년),,,20250722,2.463,연%,ECOS
TREASURY_3Y,국고채 3년 금리,D,817Y002,1.3.2.1. 시장금리(일별),010200000,국고채(3년),,,20250723,2.458,연%,ECOS
TREASURY_3Y,국고채 3년 금리,D,817Y002,1.3.2.1. 시장금리(일별),010200000,국고채(3년),,,20250724,2.467,연%,ECOS
TREASURY_3Y,국고채 3년 금리,D,817Y002,1.3.2.1. 시장금리(일별),010200000,국고채(3년),,,20250725,2.485,연%,ECOS
TREASURY_3Y,국고채 3년 금리,D,817Y002,1.3.2.1. 시장금리(일별),010200000,국고채(3년),,,20250728,2.464,연%,ECOS
TREASURY_3Y,국고채 3년 금리,D,817Y002,1.3.2.1. 시장금리(일별),010200000,국고채(3년),,,20250729,2.46,연%,ECOS
TREASURY_3Y,국고채 3년 금리,D,817Y002,1.3.2.1. 시장금리(일별),010200000,국고채(3년),,,20250730,2.454,연%,ECOS
TREASURY_3Y,국고채 3년 금리,D,817Y002,1.3.2.1. 시장금리(일별),010200000,국고채(3년),,,20250731,2.46,연%,ECOS
TREASURY_3Y,국고채 3년 금리,D,817Y002,1.3.2.1. 시장금리(일별),010200000,국고채(3년),,,20250801,2.478,연%,ECOS
TREASURY_3Y,국고채 3년 금리,D,817Y002,1.3.2.1. 시장금리(일별),010200000,국고채(3년),,,20250804,2.421,연%,ECOS
TREASURY_3Y,국고채 3년 금리,D,817Y002,1.3.2.1. 시장금리(일별),010200000,국고채(3년),,,20250805,2.425,연%,ECOS
TREASURY_3Y,국고채 3년 금리,D,817Y002,1.3.2.1. 시장금리(일별),010200000,국고채(3년),,,20250806,2.43,연%,ECOS
TREASURY_3Y,국고채 3년 금리,D,817Y002,1.3.2.1. 시장금리(일별),010200000,국고채(3년),,,20250807,2.408,연%,ECOS
TREASURY_3Y,국고채 3년 금리,D,817Y002,1.3.2.1. 시장금리(일별),010200000,국고채(3년),,,20250808,2.409,연%,ECOS
TREASURY_3Y,국고채 3년 금리,D,817Y002,1.3.2.1. 시장금리(일별),010200000,국고채(3년),,,20250811,2.42,연%,ECOS
TREASURY_3Y,국고채 3년 금리,D,817Y002,1.3.2.1. 시장금리(일별),010200000,국고채(3년),,,20250812,2.431,연%,ECOS
TREASURY_3Y,국고채 3년 금리,D,817Y002,1.3.2.1. 시장금리(일별),010200000,국고채(3년),,,20250813,2.417,연%,ECOS
TREASURY_3Y,국고채 3년 금리,D,817Y002,1.3.2.1. 시장금리(일별),010200000,국고채(3년),,,20250814,2.404,연%,ECOS
TREASURY_3Y,국고채 3년 금리,D,817Y002,1.3.2.1. 시장금리(일별),010200000,국고채(3년),,,20250818,2.426,연%,ECOS
TREASURY_3Y,국고채 3년 금리,D,817Y002,1.3.2.1. 시장금리(일별),010200000,국고채(3년),,,20250819,2.444,연%,ECOS
TREASURY_3Y,국고채 3년 금리,D,817Y002,1.3.2.1. 시장금리(일별),010200000,국고채(3년),,,20250820,2.441,연%,ECOS
TREASURY_3Y,국고채 3년 금리,D,817Y002,1.3.2.1. 시장금리(일별),010200000,국고채(3년),,,20250821,2.438,연%,ECOS
TREASURY_3Y,국고채 3년 금리,D,817Y002,1.3.2.1. 시장금리(일별),010200000,국고채(3년),,,20250822,2.456,연%,ECOS
TREASURY_3Y,국고채 3년 금리,D,817Y002,1.3.2.1. 시장금리(일별),010200000,국고채(3년),,,20250825,2.434,연%,ECOS
TREASURY_3Y,국고채 3년 금리,D,817Y002,1.3.2.1. 시장금리(일별),010200000,국고채(3년),,,20250826,2.422,연%,ECOS
TREASURY_3Y,국고채 3년 금리,D,817Y002,1.3.2.1. 시장금리(일별),010200000,국고채(3년),,,20250827,2.402,연%,ECOS
TREASURY_3Y,국고채 3년 금리,D,817Y002,1.3.2.1. 시장금리(일별),010200000,국고채(3년),,,20250828,2.416,연%,ECOS
TREASURY_3Y,국고채 3년 금리,D,817Y002,1.3.2.1. 시장금리(일별),010200000,국고채(3년),,,20250829,2.426,연%,ECOS
TREASURY_3Y,국고채 3년 금리,D,817Y002,1.3.2.1. 시장금리(일별),010200000,국고채(3년),,,20250901,2.435,연%,ECOS
TREASURY_3Y,국고채 3년 금리,D,817Y002,1.3.2.1. 시장금리(일별),010200000,국고채(3년),,,20250902,2.45,연%,ECOS
TREASURY_3Y,국고채 3년 금리,D,817Y002,1.3.2.1. 시장금리(일별),010200000,국고채(3년),,,20250903,2.475,연%,ECOS
TREASURY_3Y,국고채 3년 금리,D,817Y002,1.3.2.1. 시장금리(일별),010200000,국고채(3년),,,20250904,2.472,연%,ECOS
TREASURY_3Y,국고채 3년 금리,D,817Y002,1.3.2.1. 시장금리(일별),010200000,국고채(3년),,,20250905,2.46,연%,ECOS
TREASURY_3Y,국고채 3년 금리,D,817Y002,1.3.2.1. 시장금리(일별),010200000,국고채(3년),,,20250908,2.448,연%,ECOS
TREASURY_3Y,국고채 3년 금리,D,817Y002,1.3.2.1. 시장금리(일별),010200000,국고채(3년),,,20250909,2.425,연%,ECOS
TREASURY_3Y,국고채 3년 금리,D,817Y002,1.3.2.1. 시장금리(일별),010200000,국고채(3년),,,20250910,2.43,연%,ECOS
TREASURY_3Y,국고채 3년 금리,D,817Y002,1.3.2.1. 시장금리(일별),010200000,국고채(3년),,,20250911,2.42,연%,ECOS
TREASURY_3Y,국고채 3년 금리,D,817Y002,1.3.2.1. 시장금리(일별),010200000,국고채(3년),,,20250912,2.431,연%,ECOS
TREASURY_3Y,국고채 3년 금리,D,817Y002,1.3.2.1. 시장금리(일별),010200000,국고채(3년),,,20250915,2.443,연%,ECOS
TREASURY_3Y,국고채 3년 금리,D,817Y002,1.3.2.1. 시장금리(일별),010200000,국고채(3년),,,20250916,2.417,연%,ECOS
TREASURY_3Y,국고채 3년 금리,D,817Y002,1.3.2.1. 시장금리(일별),010200000,국고채(3년),,,20250917,2.418,연%,ECOS
TREASURY_3Y,국고채 3년 금리,D,817Y002,1.3.2.1. 시장금리(일별),010200000,국고채(3년),,,20250918,2.403,연%,ECOS
TREASURY_3Y,국고채 3년 금리,D,817Y002,1.3.2.1. 시장금리(일별),010200000,국고채(3년),,,20250919,2.441,연%,ECOS
TREASURY_3Y,국고채 3년 금리,D,817Y002,1.3.2.1. 시장금리(일별),010200000,국고채(3년),,,20250922,2.459,연%,ECOS
TREASURY_3Y,국고채 3년 금리,D,817Y002,1.3.2.1. 시장금리(일별),010200000,국고채(3년),,,20250923,2.46,연%,ECOS
TREASURY_3Y,국고채 3년 금리,D,817Y002,1.3.2.1. 시장금리(일별),010200000,국고채(3년),,,20250924,2.489,연%,ECOS
TREASURY_3Y,국고채 3년 금리,D,817Y002,1.3.2.1. 시장금리(일별),010200000,국고채(3년),,,20250925,2.528,연%,ECOS
TREASURY_3Y,국고채 3년 금리,D,817Y002,1.3.2.1. 시장금리(일별),010200000,국고채(3년),,,20250926,2.562,연%,ECOS
TREASURY_3Y,국고채 3년 금리,D,817Y002,1.3.2.1. 시장금리(일별),010200000,국고채(3년),,,20250929,2.563,연%,ECOS
TREASURY_3Y,국고채 3년 금리,D,817Y002,1.3.2.1. 시장금리(일별),010200000,국고채(3년),,,20250930,2.582,연%,ECOS
TREASURY_3Y,국고채 3년 금리,D,817Y002,1.3.2.1. 시장금리(일별),010200000,국고채(3년),,,20251001,2.596,연%,ECOS
TREASURY_3Y,국고채 3년 금리,D,817Y002,1.3.2.1. 시장금리(일별),010200000,국고채(3년),,,20251002,2.581,연%,ECOS
TREASURY_3Y,국고채 3년 금리,D,817Y002,1.3.2.1. 시장금리(일별),010200000,국고채(3년),,,20251010,2.591,연%,ECOS
TREASURY_3Y,국고채 3년 금리,D,817Y002,1.3.2.1. 시장금리(일별),010200000,국고채(3년),,,20251013,2.554,연%,ECOS
TREASURY_3Y,국고채 3년 금리,D,817Y002,1.3.2.1. 시장금리(일별),010200000,국고채(3년),,,20251014,2.533,연%,ECOS
TREASURY_3Y,국고채 3년 금리,D,817Y002,1.3.2.1. 시장금리(일별),010200000,국고채(3년),,,20251015,2.52,연%,ECOS
TREASURY_3Y,국고채 3년 금리,D,817Y002,1.3.2.1. 시장금리(일별),010200000,국고채(3년),,,20251016,2.569,연%,ECOS
TREASURY_3Y,국고채 3년 금리,D,817Y002,1.3.2.1. 시장금리(일별),010200000,국고채(3년),,,20251017,2.555,연%,ECOS
TREASURY_3Y,국고채 3년 금리,D,817Y002,1.3.2.1. 시장금리(일별),010200000,국고채(3년),,,20251020,2.569,연%,ECOS
TREASURY_3Y,국고채 3년 금리,D,817Y002,1.3.2.1. 시장금리(일별),010200000,국고채(3년),,,20251021,2.6,연%,ECOS
TREASURY_3Y,국고채 3년 금리,D,817Y002,1.3.2.1. 시장금리(일별),010200000,국고채(3년),,,20251022,2.572,연%,ECOS
TREASURY_3Y,국고채 3년 금리,D,817Y002,1.3.2.1. 시장금리(일별),010200000,국고채(3년),,,20251023,2.605,연%,ECOS
TREASURY_3Y,국고채 3년 금리,D,817Y002,1.3.2.1. 시장금리(일별),010200000,국고채(3년),,,20251024,2.591,연%,ECOS
TREASURY_3Y,국고채 3년 금리,D,817Y002,1.3.2.1. 시장금리(일별),010200000,국고채(3년),,,20251027,2.62,연%,ECOS
TREASURY_3Y,국고채 3년 금리,D,817Y002,1.3.2.1. 시장금리(일별),010200000,국고채(3년),,,20251028,2.633,연%,ECOS
TREASURY_3Y,국고채 3년 금리,D,817Y002,1.3.2.1. 시장금리(일별),010200000,국고채(3년),,,20251029,2.677,연%,ECOS
TREASURY_3Y,국고채 3년 금리,D,817Y002,1.3.2.1. 시장금리(일별),010200000,국고채(3년),,,20251030,2.732,연%,ECOS
TREASURY_3Y,국고채 3년 금리,D,817Y002,1.3.2.1. 시장금리(일별),010200000,국고채(3년),,,20251031,2.716,연%,ECOS
TREASURY_3Y,국고채 3년 금리,D,817Y002,1.3.2.1. 시장금리(일별),010200000,국고채(3년),,,20251103,2.741,연%,ECOS
TREASURY_3Y,국고채 3년 금리,D,817Y002,1.3.2.1. 시장금리(일별),010200000,국고채(3년),,,20251104,2.729,연%,ECOS
TREASURY_3Y,국고채 3년 금리,D,817Y002,1.3.2.1. 시장금리(일별),010200000,국고채(3년),,,20251105,2.767,연%,ECOS
TREASURY_3Y,국고채 3년 금리,D,817Y002,1.3.2.1. 시장금리(일별),010200000,국고채(3년),,,20251106,2.834,연%,ECOS
TREASURY_3Y,국고채 3년 금리,D,817Y002,1.3.2.1. 시장금리(일별),010200000,국고채(3년),,,20251107,2.894,연%,ECOS
TREASURY_3Y,국고채 3년 금리,D,817Y002,1.3.2.1. 시장금리(일별),010200000,국고채(3년),,,20251110,2.865,연%,ECOS
TREASURY_3Y,국고채 3년 금리,D,817Y002,1.3.2.1. 시장금리(일별),010200000,국고채(3년),,,20251111,2.831,연%,ECOS
TREASURY_3Y,국고채 3년 금리,D,817Y002,1.3.2.1. 시장금리(일별),010200000,국고채(3년),,,20251112,2.923,연%,ECOS
TREASURY_3Y,국고채 3년 금리,D,817Y002,1.3.2.1. 시장금리(일별),010200000,국고채(3년),,,20251113,2.932,연%,ECOS
TREASURY_3Y,국고채 3년 금리,D,817Y002,1.3.2.1. 시장금리(일별),010200000,국고채(3년),,,20251114,2.944,연%,ECOS
TREASURY_3Y,국고채 3년 금리,D,817Y002,1.3.2.1. 시장금리(일별),010200000,국고채(3년),,,20251117,2.914,연%,ECOS
TREASURY_3Y,국고채 3년 금리,D,817Y002,1.3.2.1. 시장금리(일별),010200000,국고채(3년),,,20251118,2.872,연%,ECOS
TREASURY_3Y,국고채 3년 금리,D,817Y002,1.3.2.1. 시장금리(일별),010200000,국고채(3년),,,20251119,2.869,연%,ECOS
TREASURY_3Y,국고채 3년 금리,D,817Y002,1.3.2.1. 시장금리(일별),010200000,국고채(3년),,,20251120,2.908,연%,ECOS
TREASURY_3Y,국고채 3년 금리,D,817Y002,1.3.2.1. 시장금리(일별),010200000,국고채(3년),,,20251121,2.872,연%,ECOS
TREASURY_3Y,국고채 3년 금리,D,817Y002,1.3.2.1. 시장금리(일별),010200000,국고채(3년),,,20251124,2.904,연%,ECOS
TREASURY_3Y,국고채 3년 금리,D,817Y002,1.3.2.1. 시장금리(일별),010200000,국고채(3년),,,20251125,2.902,연%,ECOS
TREASURY_3Y,국고채 3년 금리,D,817Y002,1.3.2.1. 시장금리(일별),010200000,국고채(3년),,,20251126,2.895,연%,ECOS
TREASURY_3Y,국고채 3년 금리,D,817Y002,1.3.2.1. 시장금리(일별),010200000,국고채(3년),,,20251127,3.013,연%,ECOS
TREASURY_3Y,국고채 3년 금리,D,817Y002,1.3.2.1. 시장금리(일별),010200000,국고채(3년),,,20251128,2.991,연%,ECOS
TREASURY_3Y,국고채 3년 금리,D,817Y002,1.3.2.1. 시장금리(일별),010200000,국고채(3년),,,20251201,3.045,연%,ECOS
TREASURY_3Y,국고채 3년 금리,D,817Y002,1.3.2.1. 시장금리(일별),010200000,국고채(3년),,,20251202,3.022,연%,ECOS
TREASURY_3Y,국고채 3년 금리,D,817Y002,1.3.2.1. 시장금리(일별),010200000,국고채(3년),,,20251203,3.041,연%,ECOS
TREASURY_3Y,국고채 3년 금리,D,817Y002,1.3.2.1. 시장금리(일별),010200000,국고채(3년),,,20251204,3.025,연%,ECOS
TREASURY_3Y,국고채 3년 금리,D,817Y002,1.3.2.1. 시장금리(일별),010200000,국고채(3년),,,20251205,2.994,연%,ECOS
TREASURY_3Y,국고채 3년 금리,D,817Y002,1.3.2.1. 시장금리(일별),010200000,국고채(3년),,,20251208,3.034,연%,ECOS
TREASURY_3Y,국고채 3년 금리,D,817Y002,1.3.2.1. 시장금리(일별),010200000,국고채(3년),,,20251209,3.084,연%,ECOS
TREASURY_3Y,국고채 3년 금리,D,817Y002,1.3.2.1. 시장금리(일별),010200000,국고채(3년),,,20251210,3.095,연%,ECOS
TREASURY_3Y,국고채 3년 금리,D,817Y002,1.3.2.1. 시장금리(일별),010200000,국고채(3년),,,20251211,3.101,연%,ECOS
TREASURY_3Y,국고채 3년 금리,D,817Y002,1.3.2.1. 시장금리(일별),010200000,국고채(3년),,,20251212,3.093,연%,ECOS
TREASURY_3Y,국고채 3년 금리,D,817Y002,1.3.2.1. 시장금리(일별),010200000,국고채(3년),,,20251215,3.0,연%,ECOS
TREASURY_3Y,국고채 3년 금리,D,817Y002,1.3.2.1. 시장금리(일별),010200000,국고채(3년),,,20251216,2.999,연%,ECOS
TREASURY_3Y,국고채 3년 금리,D,817Y002,1.3.2.1. 시장금리(일별),010200000,국고채(3년),,,20251217,2.996,연%,ECOS
TREASURY_3Y,국고채 3년 금리,D,817Y002,1.3.2.1. 시장금리(일별),010200000,국고채(3년),,,20251218,2.967,연%,ECOS
TREASURY_3Y,국고채 3년 금리,D,817Y002,1.3.2.1. 시장금리(일별),010200000,국고채(3년),,,20251219,3.01,연%,ECOS
TREASURY_3Y,국고채 3년 금리,D,817Y002,1.3.2.1. 시장금리(일별),010200000,국고채(3년),,,20251222,2.999,연%,ECOS
TREASURY_3Y,국고채 3년 금리,D,817Y002,1.3.2.1. 시장금리(일별),010200000,국고채(3년),,,20251223,2.963,연%,ECOS
TREASURY_3Y,국고채 3년 금리,D,817Y002,1.3.2.1. 시장금리(일별),010200000,국고채(3년),,,20251224,2.939,연%,ECOS
TREASURY_3Y,국고채 3년 금리,D,817Y002,1.3.2.1. 시장금리(일별),010200000,국고채(3년),,,20251226,2.958,연%,ECOS
TREASURY_3Y,국고채 3년 금리,D,817Y002,1.3.2.1. 시장금리(일별),010200000,국고채(3년),,,20251229,2.939,연%,ECOS
TREASURY_3Y,국고채 3년 금리,D,817Y002,1.3.2.1. 시장금리(일별),010200000,국고채(3년),,,20251230,2.952,연%,ECOS
TREASURY_3Y,국고채 3년 금리,D,817Y002,1.3.2.1. 시장금리(일별),010200000,국고채(3년),,,20251231,2.953,연%,ECOS
USDKRW,원/미국달러 환율,D,731Y001,3.1.1.1. 주요국 통화의 대원화환율,0000001,원/미국달러(매매기준율),,,20180102,1071.4,원,ECOS
USDKRW,원/미국달러 환율,D,731Y001,3.1.1.1. 주요국 통화의 대원화환율,0000001,원/미국달러(매매기준율),,,20180103,1064.3,원,ECOS
USDKRW,원/미국달러 환율,D,731Y001,3.1.1.1. 주요국 통화의 대원화환율,0000001,원/미국달러(매매기준율),,,20180104,1065.4,원,ECOS
USDKRW,원/미국달러 환율,D,731Y001,3.1.1.1. 주요국 통화의 대원화환율,0000001,원/미국달러(매매기준율),,,20180105,1065.5,원,ECOS
USDKRW,원/미국달러 환율,D,731Y001,3.1.1.1. 주요국 통화의 대원화환율,0000001,원/미국달러(매매기준율),,,20180108,1062.1,원,ECOS
USDKRW,원/미국달러 환율,D,731Y001,3.1.1.1. 주요국 통화의 대원화환율,0000001,원/미국달러(매매기준율),,,20180109,1065.2,원,ECOS
USDKRW,원/미국달러 환율,D,731Y001,3.1.1.1. 주요국 통화의 대원화환율,0000001,원/미국달러(매매기준율),,,20180110,1067.1,원,ECOS
USDKRW,원/미국달러 환율,D,731Y001,3.1.1.1. 주요국 통화의 대원화환율,0000001,원/미국달러(매매기준율),,,20180111,1070.7,원,ECOS
USDKRW,원/미국달러 환율,D,731Y001,3.1.1.1. 주요국 통화의 대원화환율,0000001,원/미국달러(매매기준율),,,20180112,1071.2,원,ECOS
USDKRW,원/미국달러 환율,D,731Y001,3.1.1.1. 주요국 통화의 대원화환율,0000001,원/미국달러(매매기준율),,,20180115,1064.7,원,ECOS
USDKRW,원/미국달러 환율,D,731Y001,3.1.1.1. 주요국 통화의 대원화환율,0000001,원/미국달러(매매기준율),,,20180116,1061.3,원,ECOS
USDKRW,원/미국달러 환율,D,731Y001,3.1.1.1. 주요국 통화의 대원화환율,0000001,원/미국달러(매매기준율),,,20180117,1064.0,원,ECOS
USDKRW,원/미국달러 환율,D,731Y001,3.1.1.1. 주요국 통화의 대원화환율,0000001,원/미국달러(매매기준율),,,20180118,1065.8,원,ECOS
USDKRW,원/미국달러 환율,D,731Y001,3.1.1.1. 주요국 통화의 대원화환율,0000001,원/미국달러(매매기준율),,,20180119,1069.4,원,ECOS
USDKRW,원/미국달러 환율,D,731Y001,3.1.1.1. 주요국 통화의 대원화환율,0000001,원/미국달러(매매기준율),,,20180122,1067.3,원,ECOS
USDKRW,원/미국달러 환율,D,731Y001,3.1.1.1. 주요국 통화의 대원화환율,0000001,원/미국달러(매매기준율),,,20180123,1068.9,원,ECOS
USDKRW,원/미국달러 환율,D,731Y001,3.1.1.1. 주요국 통화의 대원화환율,0000001,원/미국달러(매매기준율),,,20180124,1069.7,원,ECOS
USDKRW,원/미국달러 환율,D,731Y001,3.1.1.1. 주요국 통화의 대원화환율,0000001,원/미국달러(매매기준율),,,20180125,1070.6,원,ECOS
USDKRW,원/미국달러 환율,D,731Y001,3.1.1.1. 주요국 통화의 대원화환율,0000001,원/미국달러(매매기준율),,,20180126,1061.7,원,ECOS
USDKRW,원/미국달러 환율,D,731Y001,3.1.1.1. 주요국 통화의 대원화환율,0000001,원/미국달러(매매기준율),,,20180129,1064.8,원,ECOS
USDKRW,원/미국달러 환율,D,731Y001,3.1.1.1. 주요국 통화의 대원화환율,0000001,원/미국달러(매매기준율),,,20180130,1064.8,원,ECOS
USDKRW,원/미국달러 환율,D,731Y001,3.1.1.1. 주요국 통화의 대원화환율,0000001,원/미국달러(매매기준율),,,20180131,1071.5,원,ECOS
USDKRW,원/미국달러 환율,D,731Y001,3.1.1.1. 주요국 통화의 대원화환율,0000001,원/미국달러(매매기준율),,,20180201,1071.0,원,ECOS
USDKRW,원/미국달러 환율,D,731Y001,3.1.1.1. 주요국 통화의 대원화환율,0000001,원/미국달러(매매기준율),,,20180202,1071.1,원,ECOS
USDKRW,원/미국달러 환율,D,731Y001,3.1.1.1. 주요국 통화의 대원화환율,0000001,원/미국달러(매매기준율),,,20180205,1076.7,원,ECOS
USDKRW,원/미국달러 환율,D,731Y001,3.1.1.1. 주요국 통화의 대원화환율,0000001,원/미국달러(매매기준율),,,20180206,1089.8,원,ECOS
USDKRW,원/미국달러 환율,D,731Y001,3.1.1.1. 주요국 통화의 대원화환율,0000001,원/미국달러(매매기준율),,,20180207,1094.3,원,ECOS
USDKRW,원/미국달러 환율,D,731Y001,3.1.1.1. 주요국 통화의 대원화환율,0000001,원/미국달러(매매기준율),,,20180208,1083.3,원,ECOS
USDKRW,원/미국달러 환율,D,731Y001,3.1.1.1. 주요국 통화의 대원화환율,0000001,원/미국달러(매매기준율),,,20180209,1087.8,원,ECOS
USDKRW,원/미국달러 환율,D,731Y001,3.1.1.1. 주요국 통화의 대원화환율,0000001,원/미국달러(매매기준율),,,20180212,1092.7,원,ECOS
USDKRW,원/미국달러 환율,D,731Y001,3.1.1.1. 주요국 통화의 대원화환율,0000001,원/미국달러(매매기준율),,,20180213,1083.4,원,ECOS
USDKRW,원/미국달러 환율,D,731Y001,3.1.1.1. 주요국 통화의 대원화환율,0000001,원/미국달러(매매기준율),,,20180214,1082.8,원,ECOS
USDKRW,원/미국달러 환율,D,731Y001,3.1.1.1. 주요국 통화의 대원화환율,0000001,원/미국달러(매매기준율),,,20180219,1079.9,원,ECOS
USDKRW,원/미국달러 환율,D,731Y001,3.1.1.1. 주요국 통화의 대원화환율,0000001,원/미국달러(매매기준율),,,20180220,1068.0,원,ECOS
USDKRW,원/미국달러 환율,D,731Y001,3.1.1.1. 주요국 통화의 대원화환율,0000001,원/미국달러(매매기준율),,,20180221,1070.3,원,ECOS
USDKRW,원/미국달러 환율,D,731Y001,3.1.1.1. 주요국 통화의 대원화환율,0000001,원/미국달러(매매기준율),,,20180222,1075.3,원,ECOS
USDKRW,원/미국달러 환율,D,731Y001,3.1.1.1. 주요국 통화의 대원화환율,0000001,원/미국달러(매매기준율),,,20180223,1082.9,원,ECOS
USDKRW,원/미국달러 환율,D,731Y001,3.1.1.1. 주요국 통화의 대원화환율,0000001,원/미국달러(매매기준율),,,20180226,1078.5,원,ECOS
USDKRW,원/미국달러 환율,D,731Y001,3.1.1.1. 주요국 통화의 대원화환율,0000001,원/미국달러(매매기준율),,,20180227,1073.7,원,ECOS
USDKRW,원/미국달러 환율,D,731Y001,3.1.1.1. 주요국 통화의 대원화환율,0000001,원/미국달러(매매기준율),,,20180228,1071.0,원,ECOS
USDKRW,원/미국달러 환율,D,731Y001,3.1.1.1. 주요국 통화의 대원화환율,0000001,원/미국달러(매매기준율),,,20180302,1081.9,원,ECOS
USDKRW,원/미국달러 환율,D,731Y001,3.1.1.1. 주요국 통화의 대원화환율,0000001,원/미국달러(매매기준율),,,20180305,1081.3,원,ECOS
USDKRW,원/미국달러 환율,D,731Y001,3.1.1.1. 주요국 통화의 대원화환율,0000001,원/미국달러(매매기준율),,,20180306,1080.5,원,ECOS
USDKRW,원/미국달러 환율,D,731Y001,3.1.1.1. 주요국 통화의 대원화환율,0000001,원/미국달러(매매기준율),,,20180307,1075.4,원,ECOS
USDKRW,원/미국달러 환율,D,731Y001,3.1.1.1. 주요국 통화의 대원화환율,0000001,원/미국달러(매매기준율),,,20180308,1068.7,원,ECOS
USDKRW,원/미국달러 환율,D,731Y001,3.1.1.1. 주요국 통화의 대원화환율,0000001,원/미국달러(매매기준율),,,20180309,1068.4,원,ECOS
USDKRW,원/미국달러 환율,D,731Y001,3.1.1.1. 주요국 통화의 대원화환율,0000001,원/미국달러(매매기준율),,,20180312,1069.2,원,ECOS
USDKRW,원/미국달러 환율,D,731Y001,3.1.1.1. 주요국 통화의 대원화환율,0000001,원/미국달러(매매기준율),,,20180313,1064.3,원,ECOS
USDKRW,원/미국달러 환율,D,731Y001,3.1.1.1. 주요국 통화의 대원화환율,0000001,원/미국달러(매매기준율),,,20180314,1065.8,원,ECOS
USDKRW,원/미국달러 환율,D,731Y001,3.1.1.1. 주요국 통화의 대원화환율,0000001,원/미국달러(매매기준율),,,20180315,1065.8,원,ECOS
USDKRW,원/미국달러 환율,D,731Y001,3.1.1.1. 주요국 통화의 대원화환율,0000001,원/미국달러(매매기준율),,,20180316,1065.8,원,ECOS
USDKRW,원/미국달러 환율,D,731Y001,3.1.1.1. 주요국 통화의 대원화환율,0000001,원/미국달러(매매기준율),,,20180319,1069.6,원,ECOS
USDKRW,원/미국달러 환율,D,731Y001,3.1.1.1. 주요국 통화의 대원화환율,0000001,원/미국달러(매매기준율),,,20180320,1071.2,원,ECOS
USDKRW,원/미국달러 환율,D,731Y001,3.1.1.1. 주요국 통화의 대원화환율,0000001,원/미국달러(매매기준율),,,20180321,1071.0,원,ECOS
USDKRW,원/미국달러 환율,D,731Y001,3.1.1.1. 주요국 통화의 대원화환율,0000001,원/미국달러(매매기준율),,,20180322,1071.4,원,ECOS
USDKRW,원/미국달러 환율,D,731Y001,3.1.1.1. 주요국 통화의 대원화환율,0000001,원/미국달러(매매기준율),,,20180323,1069.2,원,ECOS
USDKRW,원/미국달러 환율,D,731Y001,3.1.1.1. 주요국 통화의 대원화환율,0000001,원/미국달러(매매기준율),,,20180326,1080.8,원,ECOS
USDKRW,원/미국달러 환율,D,731Y001,3.1.1.1. 주요국 통화의 대원화환율,0000001,원/미국달러(매매기준율),,,20180327,1081.2,원,ECOS
USDKRW,원/미국달러 환율,D,731Y001,3.1.1.1. 주요국 통화의 대원화환율,0000001,원/미국달러(매매기준율),,,20180328,1072.2,원,ECOS
USDKRW,원/미국달러 환율,D,731Y001,3.1.1.1. 주요국 통화의 대원화환율,0000001,원/미국달러(매매기준율),,,20180329,1069.4,원,ECOS
USDKRW,원/미국달러 환율,D,731Y001,3.1.1.1. 주요국 통화의 대원화환율,0000001,원/미국달러(매매기준율),,,20180330,1066.5,원,ECOS
USDKRW,원/미국달러 환율,D,731Y001,3.1.1.1. 주요국 통화의 대원화환율,0000001,원/미국달러(매매기준율),,,20180402,1064.4,원,ECOS
USDKRW,원/미국달러 환율,D,731Y001,3.1.1.1. 주요국 통화의 대원화환율,0000001,원/미국달러(매매기준율),,,20180403,1058.1,원,ECOS
USDKRW,원/미국달러 환율,D,731Y001,3.1.1.1. 주요국 통화의 대원화환율,0000001,원/미국달러(매매기준율),,,20180404,1057.8,원,ECOS
USDKRW,원/미국달러 환율,D,731Y001,3.1.1.1. 주요국 통화의 대원화환율,0000001,원/미국달러(매매기준율),,,20180405,1057.6,원,ECOS
USDKRW,원/미국달러 환율,D,731Y001,3.1.1.1. 주요국 통화의 대원화환율,0000001,원/미국달러(매매기준율),,,20180406,1059.5,원,ECOS
USDKRW,원/미국달러 환율,D,731Y001,3.1.1.1. 주요국 통화의 대원화환율,0000001,원/미국달러(매매기준율),,,20180409,1066.0,원,ECOS
USDKRW,원/미국달러 환율,D,731Y001,3.1.1.1. 주요국 통화의 대원화환율,0000001,원/미국달러(매매기준율),,,20180410,1067.5,원,ECOS
USDKRW,원/미국달러 환율,D,731Y001,3.1.1.1. 주요국 통화의 대원화환율,0000001,원/미국달러(매매기준율),,,20180411,1067.7,원,ECOS
USDKRW,원/미국달러 환율,D,731Y001,3.1.1.1. 주요국 통화의 대원화환율,0000001,원/미국달러(매매기준율),,,20180412,1066.4,원,ECOS
USDKRW,원/미국달러 환율,D,731Y001,3.1.1.1. 주요국 통화의 대원화환율,0000001,원/미국달러(매매기준율),,,20180413,1068.7,원,ECOS
USDKRW,원/미국달러 환율,D,731Y001,3.1.1.1. 주요국 통화의 대원화환율,0000001,원/미국달러(매매기준율),,,20180416,1070.0,원,ECOS
USDKRW,원/미국달러 환율,D,731Y001,3.1.1.1. 주요국 통화의 대원화환율,0000001,원/미국달러(매매기준율),,,20180417,1073.1,원,ECOS
USDKRW,원/미국달러 환율,D,731Y001,3.1.1.1. 주요국 통화의 대원화환율,0000001,원/미국달러(매매기준율),,,20180418,1068.4,원,ECOS
USDKRW,원/미국달러 환율,D,731Y001,3.1.1.1. 주요국 통화의 대원화환율,0000001,원/미국달러(매매기준율),,,20180419,1066.5,원,ECOS
USDKRW,원/미국달러 환율,D,731Y001,3.1.1.1. 주요국 통화의 대원화환율,0000001,원/미국달러(매매기준율),,,20180420,1063.5,원,ECOS
USDKRW,원/미국달러 환율,D,731Y001,3.1.1.1. 주요국 통화의 대원화환율,0000001,원/미국달러(매매기준율),,,20180423,1067.3,원,ECOS
USDKRW,원/미국달러 환율,D,731Y001,3.1.1.1. 주요국 통화의 대원화환율,0000001,원/미국달러(매매기준율),,,20180424,1068.9,원,ECOS
USDKRW,원/미국달러 환율,D,731Y001,3.1.1.1. 주요국 통화의 대원화환율,0000001,원/미국달러(매매기준율),,,20180425,1076.9,원,ECOS
USDKRW,원/미국달러 환율,D,731Y001,3.1.1.1. 주요국 통화의 대원화환율,0000001,원/미국달러(매매기준율),,,20180426,1078.7,원,ECOS
USDKRW,원/미국달러 환율,D,731Y001,3.1.1.1. 주요국 통화의 대원화환율,0000001,원/미국달러(매매기준율),,,20180427,1079.7,원,ECOS
USDKRW,원/미국달러 환율,D,731Y001,3.1.1.1. 주요국 통화의 대원화환율,0000001,원/미국달러(매매기준율),,,20180430,1076.2,원,ECOS
USDKRW,원/미국달러 환율,D,731Y001,3.1.1.1. 주요국 통화의 대원화환율,0000001,원/미국달러(매매기준율),,,20180502,1067.5,원,ECOS
USDKRW,원/미국달러 환율,D,731Y001,3.1.1.1. 주요국 통화의 대원화환율,0000001,원/미국달러(매매기준율),,,20180503,1074.9,원,ECOS
USDKRW,원/미국달러 환율,D,731Y001,3.1.1.1. 주요국 통화의 대원화환율,0000001,원/미국달러(매매기준율),,,20180504,1076.5,원,ECOS
USDKRW,원/미국달러 환율,D,731Y001,3.1.1.1. 주요국 통화의 대원화환율,0000001,원/미국달러(매매기준율),,,20180508,1076.7,원,ECOS
USDKRW,원/미국달러 환율,D,731Y001,3.1.1.1. 주요국 통화의 대원화환율,0000001,원/미국달러(매매기준율),,,20180509,1078.2,원,ECOS
USDKRW,원/미국달러 환율,D,731Y001,3.1.1.1. 주요국 통화의 대원화환율,0000001,원/미국달러(매매기준율),,,20180510,1081.3,원,ECOS
USDKRW,원/미국달러 환율,D,731Y001,3.1.1.1. 주요국 통화의 대원화환율,0000001,원/미국달러(매매기준율),,,20180511,1075.3,원,ECOS
USDKRW,원/미국달러 환율,D,731Y001,3.1.1.1. 주요국 통화의 대원화환율,0000001,원/미국달러(매매기준율),,,20180514,1068.6,원,ECOS
USDKRW,원/미국달러 환율,D,731Y001,3.1.1.1. 주요국 통화의 대원화환율,0000001,원/미국달러(매매기준율),,,20180515,1066.6,원,ECOS
USDKRW,원/미국달러 환율,D,731Y001,3.1.1.1. 주요국 통화의 대원화환율,0000001,원/미국달러(매매기준율),,,20180516,1072.6,원,ECOS
USDKRW,원/미국달러 환율,D,731Y001,3.1.1.1. 주요국 통화의 대원화환율,0000001,원/미국달러(매매기준율),,,20180517,1078.7,원,ECOS
USDKRW,원/미국달러 환율,D,731Y001,3.1.1.1. 주요국 통화의 대원화환율,0000001,원/미국달러(매매기준율),,,20180518,1079.3,원,ECOS
USDKRW,원/미국달러 환율,D,731Y001,3.1.1.1. 주요국 통화의 대원화환율,0000001,원/미국달러(매매기준율),,,20180521,1080.0,원,ECOS
USDKRW,원/미국달러 환율,D,731Y001,3.1.1.1. 주요국 통화의 대원화환율,0000001,원/미국달러(매매기준율),,,20180523,1083.8,원,ECOS
USDKRW,원/미국달러 환율,D,731Y001,3.1.1.1. 주요국 통화의 대원화환율,0000001,원/미국달러(매매기준율),,,20180524,1078.8,원,ECOS
USDKRW,원/미국달러 환율,D,731Y001,3.1.1.1. 주요국 통화의 대원화환율,0000001,원/미국달러(매매기준율),,,20180525,1079.7,원,ECOS
USDKRW,원/미국달러 환율,D,731Y001,3.1.1.1. 주요국 통화의 대원화환율,0000001,원/미국달러(매매기준율),,,20180528,1078.7,원,ECOS
USDKRW,원/미국달러 환율,D,731Y001,3.1.1.1. 주요국 통화의 대원화환율,0000001,원/미국달러(매매기준율),,,20180529,1073.2,원,ECOS
USDKRW,원/미국달러 환율,D,731Y001,3.1.1.1. 주요국 통화의 대원화환율,0000001,원/미국달러(매매기준율),,,20180530,1076.1,원,ECOS
USDKRW,원/미국달러 환율,D,731Y001,3.1.1.1. 주요국 통화의 대원화환율,0000001,원/미국달러(매매기준율),,,20180531,1081.3,원,ECOS
USDKRW,원/미국달러 환율,D,731Y001,3.1.1.1. 주요국 통화의 대원화환율,0000001,원/미국달러(매매기준율),,,20180601,1076.4,원,ECOS
USDKRW,원/미국달러 환율,D,731Y001,3.1.1.1. 주요국 통화의 대원화환율,0000001,원/미국달러(매매기준율),,,20180604,1076.0,원,ECOS
USDKRW,원/미국달러 환율,D,731Y001,3.1.1.1. 주요국 통화의 대원화환율,0000001,원/미국달러(매매기준율),,,20180605,1070.9,원,ECOS
USDKRW,원/미국달러 환율,D,731Y001,3.1.1.1. 주요국 통화의 대원화환율,0000001,원/미국달러(매매기준율),,,20180607,1069.6,원,ECOS
USDKRW,원/미국달러 환율,D,731Y001,3.1.1.1. 주요국 통화의 대원화환율,0000001,원/미국달러(매매기준율),,,20180608,1067.9,원,ECOS
USDKRW,원/미국달러 환율,D,731Y001,3.1.1.1. 주요국 통화의 대원화환율,0000001,원/미국달러(매매기준율),,,20180611,1073.2,원,ECOS
USDKRW,원/미국달러 환율,D,731Y001,3.1.1.1. 주요국 통화의 대원화환율,0000001,원/미국달러(매매기준율),,,20180612,1073.5,원,ECOS
USDKRW,원/미국달러 환율,D,731Y001,3.1.1.1. 주요국 통화의 대원화환율,0000001,원/미국달러(매매기준율),,,20180614,1075.1,원,ECOS
USDKRW,원/미국달러 환율,D,731Y001,3.1.1.1. 주요국 통화의 대원화환율,0000001,원/미국달러(매매기준율),,,20180615,1082.5,원,ECOS
USDKRW,원/미국달러 환율,D,731Y001,3.1.1.1. 주요국 통화의 대원화환율,0000001,원/미국달러(매매기준율),,,20180618,1091.4,원,ECOS
USDKRW,원/미국달러 환율,D,731Y001,3.1.1.1. 주요국 통화의 대원화환율,0000001,원/미국달러(매매기준율),,,20180619,1104.4,원,ECOS
USDKRW,원/미국달러 환율,D,731Y001,3.1.1.1. 주요국 통화의 대원화환율,0000001,원/미국달러(매매기준율),,,20180620,1105.5,원,ECOS
USDKRW,원/미국달러 환율,D,731Y001,3.1.1.1. 주요국 통화의 대원화환율,0000001,원/미국달러(매매기준율),,,20180621,1108.0,원,ECOS
USDKRW,원/미국달러 환율,D,731Y001,3.1.1.1. 주요국 통화의 대원화환율,0000001,원/미국달러(매매기준율),,,20180622,1109.0,원,ECOS
USDKRW,원/미국달러 환율,D,731Y001,3.1.1.1. 주요국 통화의 대원화환율,0000001,원/미국달러(매매기준율),,,20180625,1108.9,원,ECOS
USDKRW,원/미국달러 환율,D,731Y001,3.1.1.1. 주요국 통화의 대원화환율,0000001,원/미국달러(매매기준율),,,20180626,1116.1,원,ECOS
USDKRW,원/미국달러 환율,D,731Y001,3.1.1.1. 주요국 통화의 대원화환율,0000001,원/미국달러(매매기준율),,,20180627,1115.2,원,ECOS
USDKRW,원/미국달러 환율,D,731Y001,3.1.1.1. 주요국 통화의 대원화환율,0000001,원/미국달러(매매기준율),,,20180628,1117.9,원,ECOS
USDKRW,원/미국달러 환율,D,731Y001,3.1.1.1. 주요국 통화의 대원화환율,0000001,원/미국달러(매매기준율),,,20180629,1121.7,원,ECOS
USDKRW,원/미국달러 환율,D,731Y001,3.1.1.1. 주요국 통화의 대원화환율,0000001,원/미국달러(매매기준율),,,20180702,1117.2,원,ECOS
USDKRW,원/미국달러 환율,D,731Y001,3.1.1.1. 주요국 통화의 대원화환율,0000001,원/미국달러(매매기준율),,,20180703,1117.4,원,ECOS
USDKRW,원/미국달러 환율,D,731Y001,3.1.1.1. 주요국 통화의 대원화환율,0000001,원/미국달러(매매기준율),,,20180704,1121.1,원,ECOS
USDKRW,원/미국달러 환율,D,731Y001,3.1.1.1. 주요국 통화의 대원화환율,0000001,원/미국달러(매매기준율),,,20180705,1115.3,원,ECOS
USDKRW,원/미국달러 환율,D,731Y001,3.1.1.1. 주요국 통화의 대원화환율,0000001,원/미국달러(매매기준율),,,20180706,1118.4,원,ECOS
USDKRW,원/미국달러 환율,D,731Y001,3.1.1.1. 주요국 통화의 대원화환율,0000001,원/미국달러(매매기준율),,,20180709,1117.8,원,ECOS
USDKRW,원/미국달러 환율,D,731Y001,3.1.1.1. 주요국 통화의 대원화환율,0000001,원/미국달러(매매기준율),,,20180710,1112.3,원,ECOS
USDKRW,원/미국달러 환율,D,731Y001,3.1.1.1. 주요국 통화의 대원화환율,0000001,원/미국달러(매매기준율),,,20180711,1113.8,원,ECOS
USDKRW,원/미국달러 환율,D,731Y001,3.1.1.1. 주요국 통화의 대원화환율,0000001,원/미국달러(매매기준율),,,20180712,1120.8,원,ECOS
USDKRW,원/미국달러 환율,D,731Y001,3.1.1.1. 주요국 통화의 대원화환율,0000001,원/미국달러(매매기준율),,,20180713,1127.8,원,ECOS
USDKRW,원/미국달러 환율,D,731Y001,3.1.1.1. 주요국 통화의 대원화환율,0000001,원/미국달러(매매기준율),,,20180716,1123.4,원,ECOS
USDKRW,원/미국달러 환율,D,731Y001,3.1.1.1. 주요국 통화의 대원화환율,0000001,원/미국달러(매매기준율),,,20180717,1128.7,원,ECOS
USDKRW,원/미국달러 환율,D,731Y001,3.1.1.1. 주요국 통화의 대원화환율,0000001,원/미국달러(매매기준율),,,20180718,1125.2,원,ECOS
USDKRW,원/미국달러 환율,D,731Y001,3.1.1.1. 주요국 통화의 대원화환율,0000001,원/미국달러(매매기준율),,,20180719,1128.9,원,ECOS
USDKRW,원/미국달러 환율,D,731Y001,3.1.1.1. 주요국 통화의 대원화환율,0000001,원/미국달러(매매기준율),,,20180720,1131.2,원,ECOS
USDKRW,원/미국달러 환율,D,731Y001,3.1.1.1. 주요국 통화의 대원화환율,0000001,원/미국달러(매매기준율),,,20180723,1134.8,원,ECOS
USDKRW,원/미국달러 환율,D,731Y001,3.1.1.1. 주요국 통화의 대원화환율,0000001,원/미국달러(매매기준율),,,20180724,1128.5,원,ECOS
USDKRW,원/미국달러 환율,D,731Y001,3.1.1.1. 주요국 통화의 대원화환율,0000001,원/미국달러(매매기준율),,,20180725,1135.2,원,ECOS
USDKRW,원/미국달러 환율,D,731Y001,3.1.1.1. 주요국 통화의 대원화환율,0000001,원/미국달러(매매기준율),,,20180726,1127.5,원,ECOS
USDKRW,원/미국달러 환율,D,731Y001,3.1.1.1. 주요국 통화의 대원화환율,0000001,원/미국달러(매매기준율),,,20180727,1119.6,원,ECOS
USDKRW,원/미국달러 환율,D,731Y001,3.1.1.1. 주요국 통화의 대원화환율,0000001,원/미국달러(매매기준율),,,20180730,1120.0,원,ECOS
USDKRW,원/미국달러 환율,D,731Y001,3.1.1.1. 주요국 통화의 대원화환율,0000001,원/미국달러(매매기준율),,,20180731,1116.7,원,ECOS
USDKRW,원/미국달러 환율,D,731Y001,3.1.1.1. 주요국 통화의 대원화환율,0000001,원/미국달러(매매기준율),,,20180801,1117.9,원,ECOS
USDKRW,원/미국달러 환율,D,731Y001,3.1.1.1. 주요국 통화의 대원화환율,0000001,원/미국달러(매매기준율),,,20180802,1119.3,원,ECOS
USDKRW,원/미국달러 환율,D,731Y001,3.1.1.1. 주요국 통화의 대원화환율,0000001,원/미국달러(매매기준율),,,20180803,1122.6,원,ECOS
USDKRW,원/미국달러 환율,D,731Y001,3.1.1.1. 주요국 통화의 대원화환율,0000001,원/미국달러(매매기준율),,,20180806,1128.1,원,ECOS
USDKRW,원/미국달러 환율,D,731Y001,3.1.1.1. 주요국 통화의 대원화환율,0000001,원/미국달러(매매기준율),,,20180807,1123.5,원,ECOS
USDKRW,원/미국달러 환율,D,731Y001,3.1.1.1. 주요국 통화의 대원화환율,0000001,원/미국달러(매매기준율),,,20180808,1125.7,원,ECOS
USDKRW,원/미국달러 환율,D,731Y001,3.1.1.1. 주요국 통화의 대원화환율,0000001,원/미국달러(매매기준율),,,20180809,1118.8,원,ECOS
USDKRW,원/미국달러 환율,D,731Y001,3.1.1.1. 주요국 통화의 대원화환율,0000001,원/미국달러(매매기준율),,,20180810,1117.9,원,ECOS
USDKRW,원/미국달러 환율,D,731Y001,3.1.1.1. 주요국 통화의 대원화환율,0000001,원/미국달러(매매기준율),,,20180813,1126.3,원,ECOS
USDKRW,원/미국달러 환율,D,731Y001,3.1.1.1. 주요국 통화의 대원화환율,0000001,원/미국달러(매매기준율),,,20180814,1133.7,원,ECOS
USDKRW,원/미국달러 환율,D,731Y001,3.1.1.1. 주요국 통화의 대원화환율,0000001,원/미국달러(매매기준율),,,20180816,1132.1,원,ECOS
USDKRW,원/미국달러 환율,D,731Y001,3.1.1.1. 주요국 통화의 대원화환율,0000001,원/미국달러(매매기준율),,,20180817,1130.7,원,ECOS
USDKRW,원/미국달러 환율,D,731Y001,3.1.1.1. 주요국 통화의 대원화환율,0000001,원/미국달러(매매기준율),,,20180820,1125.6,원,ECOS
USDKRW,원/미국달러 환율,D,731Y001,3.1.1.1. 주요국 통화의 대원화환율,0000001,원/미국달러(매매기준율),,,20180821,1121.7,원,ECOS
USDKRW,원/미국달러 환율,D,731Y001,3.1.1.1. 주요국 통화의 대원화환율,0000001,원/미국달러(매매기준율),,,20180822,1118.2,원,ECOS
USDKRW,원/미국달러 환율,D,731Y001,3.1.1.1. 주요국 통화의 대원화환율,0000001,원/미국달러(매매기준율),,,20180823,1118.7,원,ECOS
USDKRW,원/미국달러 환율,D,731Y001,3.1.1.1. 주요국 통화의 대원화환율,0000001,원/미국달러(매매기준율),,,20180824,1120.8,원,ECOS
USDKRW,원/미국달러 환율,D,731Y001,3.1.1.1. 주요국 통화의 대원화환율,0000001,원/미국달러(매매기준율),,,20180827,1121.8,원,ECOS
USDKRW,원/미국달러 환율,D,731Y001,3.1.1.1. 주요국 통화의 대원화환율,0000001,원/미국달러(매매기준율),,,20180828,1114.3,원,ECOS
USDKRW,원/미국달러 환율,D,731Y001,3.1.1.1. 주요국 통화의 대원화환율,0000001,원/미국달러(매매기준율),,,20180829,1110.0,원,ECOS
USDKRW,원/미국달러 환율,D,731Y001,3.1.1.1. 주요국 통화의 대원화환율,0000001,원/미국달러(매매기준율),,,20180830,1108.8,원,ECOS
USDKRW,원/미국달러 환율,D,731Y001,3.1.1.1. 주요국 통화의 대원화환율,0000001,원/미국달러(매매기준율),,,20180831,1108.8,원,ECOS
USDKRW,원/미국달러 환율,D,731Y001,3.1.1.1. 주요국 통화의 대원화환율,0000001,원/미국달러(매매기준율),,,20180903,1113.3,원,ECOS
USDKRW,원/미국달러 환율,D,731Y001,3.1.1.1. 주요국 통화의 대원화환율,0000001,원/미국달러(매매기준율),,,20180904,1113.5,원,ECOS
USDKRW,원/미국달러 환율,D,731Y001,3.1.1.1. 주요국 통화의 대원화환율,0000001,원/미국달러(매매기준율),,,20180905,1114.2,원,ECOS
USDKRW,원/미국달러 환율,D,731Y001,3.1.1.1. 주요국 통화의 대원화환율,0000001,원/미국달러(매매기준율),,,20180906,1117.6,원,ECOS
USDKRW,원/미국달러 환율,D,731Y001,3.1.1.1. 주요국 통화의 대원화환율,0000001,원/미국달러(매매기준율),,,20180907,1121.2,원,ECOS
USDKRW,원/미국달러 환율,D,731Y001,3.1.1.1. 주요국 통화의 대원화환율,0000001,원/미국달러(매매기준율),,,20180910,1123.1,원,ECOS
USDKRW,원/미국달러 환율,D,731Y001,3.1.1.1. 주요국 통화의 대원화환율,0000001,원/미국달러(매매기준율),,,20180911,1128.1,원,ECOS
USDKRW,원/미국달러 환율,D,731Y001,3.1.1.1. 주요국 통화의 대원화환율,0000001,원/미국달러(매매기준율),,,20180912,1126.8,원,ECOS
USDKRW,원/미국달러 환율,D,731Y001,3.1.1.1. 주요국 통화의 대원화환율,0000001,원/미국달러(매매기준율),,,20180913,1127.3,원,ECOS
USDKRW,원/미국달러 환율,D,731Y001,3.1.1.1. 주요국 통화의 대원화환율,0000001,원/미국달러(매매기준율),,,20180914,1121.2,원,ECOS
USDKRW,원/미국달러 환율,D,731Y001,3.1.1.1. 주요국 통화의 대원화환율,0000001,원/미국달러(매매기준율),,,20180917,1119.2,원,ECOS
USDKRW,원/미국달러 환율,D,731Y001,3.1.1.1. 주요국 통화의 대원화환율,0000001,원/미국달러(매매기준율),,,20180918,1126.2,원,ECOS
USDKRW,원/미국달러 환율,D,731Y001,3.1.1.1. 주요국 통화의 대원화환율,0000001,원/미국달러(매매기준율),,,20180919,1126.3,원,ECOS
USDKRW,원/미국달러 환율,D,731Y001,3.1.1.1. 주요국 통화의 대원화환율,0000001,원/미국달러(매매기준율),,,20180920,1123.0,원,ECOS
USDKRW,원/미국달러 환율,D,731Y001,3.1.1.1. 주요국 통화의 대원화환율,0000001,원/미국달러(매매기준율),,,20180921,1119.9,원,ECOS
USDKRW,원/미국달러 환율,D,731Y001,3.1.1.1. 주요국 통화의 대원화환율,0000001,원/미국달러(매매기준율),,,20180927,1116.6,원,ECOS
USDKRW,원/미국달러 환율,D,731Y001,3.1.1.1. 주요국 통화의 대원화환율,0000001,원/미국달러(매매기준율),,,20180928,1112.7,원,ECOS
USDKRW,원/미국달러 환율,D,731Y001,3.1.1.1. 주요국 통화의 대원화환율,0000001,원/미국달러(매매기준율),,,20181001,1110.2,원,ECOS
USDKRW,원/미국달러 환율,D,731Y001,3.1.1.1. 주요국 통화의 대원화환율,0000001,원/미국달러(매매기준율),,,20181002,1110.9,원,ECOS
USDKRW,원/미국달러 환율,D,731Y001,3.1.1.1. 주요국 통화의 대원화환율,0000001,원/미국달러(매매기준율),,,20181004,1116.4,원,ECOS
USDKRW,원/미국달러 환율,D,731Y001,3.1.1.1. 주요국 통화의 대원화환율,0000001,원/미국달러(매매기준율),,,20181005,1128.3,원,ECOS
USDKRW,원/미국달러 환율,D,731Y001,3.1.1.1. 주요국 통화의 대원화환율,0000001,원/미국달러(매매기준율),,,20181008,1130.7,원,ECOS
USDKRW,원/미국달러 환율,D,731Y001,3.1.1.1. 주요국 통화의 대원화환율,0000001,원/미국달러(매매기준율),,,20181010,1131.7,원,ECOS
USDKRW,원/미국달러 환율,D,731Y001,3.1.1.1. 주요국 통화의 대원화환율,0000001,원/미국달러(매매기준율),,,20181011,1132.5,원,ECOS
USDKRW,원/미국달러 환율,D,731Y001,3.1.1.1. 주요국 통화의 대원화환율,0000001,원/미국달러(매매기준율),,,20181012,1142.5,원,ECOS
USDKRW,원/미국달러 환율,D,731Y001,3.1.1.1. 주요국 통화의 대원화환율,0000001,원/미국달러(매매기준율),,,20181015,1133.3,원,ECOS
USDKRW,원/미국달러 환율,D,731Y001,3.1.1.1. 주요국 통화의 대원화환율,0000001,원/미국달러(매매기준율),,,20181016,1133.4,원,ECOS
USDKRW,원/미국달러 환율,D,731Y001,3.1.1.1. 주요국 통화의 대원화환율,0000001,원/미국달러(매매기준율),,,20181017,1128.1,원,ECOS
USDKRW,원/미국달러 환율,D,731Y001,3.1.1.1. 주요국 통화의 대원화환율,0000001,원/미국달러(매매기준율),,,20181018,1125.0,원,ECOS
USDKRW,원/미국달러 환율,D,731Y001,3.1.1.1. 주요국 통화의 대원화환율,0000001,원/미국달러(매매기준율),,,20181019,1132.6,원,ECOS
USDKRW,원/미국달러 환율,D,731Y001,3.1.1.1. 주요국 통화의 대원화환율,0000001,원/미국달러(매매기준율),,,20181022,1134.3,원,ECOS
USDKRW,원/미국달러 환율,D,731Y001,3.1.1.1. 주요국 통화의 대원화환율,0000001,원/미국달러(매매기준율),,,20181023,1130.9,원,ECOS
USDKRW,원/미국달러 환율,D,731Y001,3.1.1.1. 주요국 통화의 대원화환율,0000001,원/미국달러(매매기준율),,,20181024,1135.8,원,ECOS
USDKRW,원/미국달러 환율,D,731Y001,3.1.1.1. 주요국 통화의 대원화환율,0000001,원/미국달러(매매기준율),,,20181025,1132.2,원,ECOS
USDKRW,원/미국달러 환율,D,731Y001,3.1.1.1. 주요국 통화의 대원화환율,0000001,원/미국달러(매매기준율),,,20181026,1138.5,원,ECOS
USDKRW,원/미국달러 환율,D,731Y001,3.1.1.1. 주요국 통화의 대원화환율,0000001,원/미국달러(매매기준율),,,20181029,1140.6,원,ECOS
USDKRW,원/미국달러 환율,D,731Y001,3.1.1.1. 주요국 통화의 대원화환율,0000001,원/미국달러(매매기준율),,,20181030,1138.6,원,ECOS
USDKRW,원/미국달러 환율,D,731Y001,3.1.1.1. 주요국 통화의 대원화환율,0000001,원/미국달러(매매기준율),,,20181031,1140.6,원,ECOS
USDKRW,원/미국달러 환율,D,731Y001,3.1.1.1. 주요국 통화의 대원화환율,0000001,원/미국달러(매매기준율),,,20181101,1139.2,원,ECOS
USDKRW,원/미국달러 환율,D,731Y001,3.1.1.1. 주요국 통화의 대원화환율,0000001,원/미국달러(매매기준율),,,20181102,1138.8,원,ECOS
USDKRW,원/미국달러 환율,D,731Y001,3.1.1.1. 주요국 통화의 대원화환율,0000001,원/미국달러(매매기준율),,,20181105,1125.5,원,ECOS
USDKRW,원/미국달러 환율,D,731Y001,3.1.1.1. 주요국 통화의 대원화환율,0000001,원/미국달러(매매기준율),,,20181106,1122.7,원,ECOS
USDKRW,원/미국달러 환율,D,731Y001,3.1.1.1. 주요국 통화의 대원화환율,0000001,원/미국달러(매매기준율),,,20181107,1122.5,원,ECOS
USDKRW,원/미국달러 환율,D,731Y001,3.1.1.1. 주요국 통화의 대원화환율,0000001,원/미국달러(매매기준율),,,20181108,1120.9,원,ECOS
USDKRW,원/미국달러 환율,D,731Y001,3.1.1.1. 주요국 통화의 대원화환율,0000001,원/미국달러(매매기준율),,,20181109,1118.4,원,ECOS
USDKRW,원/미국달러 환율,D,731Y001,3.1.1.1. 주요국 통화의 대원화환율,0000001,원/미국달러(매매기준율),,,20181112,1125.7,원,ECOS
USDKRW,원/미국달러 환율,D,731Y001,3.1.1.1. 주요국 통화의 대원화환율,0000001,원/미국달러(매매기준율),,,20181113,1132.0,원,ECOS
USDKRW,원/미국달러 환율,D,731Y001,3.1.1.1. 주요국 통화의 대원화환율,0000001,원/미국달러(매매기준율),,,20181114,1135.7,원,ECOS
USDKRW,원/미국달러 환율,D,731Y001,3.1.1.1. 주요국 통화의 대원화환율,0000001,원/미국달러(매매기준율),,,20181115,1132.4,원,ECOS
USDKRW,원/미국달러 환율,D,731Y001,3.1.1.1. 주요국 통화의 대원화환율,0000001,원/미국달러(매매기준율),,,20181116,1130.3,원,ECOS
USDKRW,원/미국달러 환율,D,731Y001,3.1.1.1. 주요국 통화의 대원화환율,0000001,원/미국달러(매매기준율),,,20181119,1128.7,원,ECOS
USDKRW,원/미국달러 환율,D,731Y001,3.1.1.1. 주요국 통화의 대원화환율,0000001,원/미국달러(매매기준율),,,20181120,1127.4,원,ECOS
USDKRW,원/미국달러 환율,D,731Y001,3.1.1.1. 주요국 통화의 대원화환율,0000001,원/미국달러(매매기준율),,,20181121,1127.5,원,ECOS
USDKRW,원/미국달러 환율,D,731Y001,3.1.1.1. 주요국 통화의 대원화환율,0000001,원/미국달러(매매기준율),,,20181122,1131.3,원,ECOS
USDKRW,원/미국달러 환율,D,731Y001,3.1.1.1. 주요국 통화의 대원화환율,0000001,원/미국달러(매매기준율),,,20181123,1129.0,원,ECOS
USDKRW,원/미국달러 환율,D,731Y001,3.1.1.1. 주요국 통화의 대원화환율,0000001,원/미국달러(매매기준율),,,20181126,1130.5,원,ECOS
USDKRW,원/미국달러 환율,D,731Y001,3.1.1.1. 주요국 통화의 대원화환율,0000001,원/미국달러(매매기준율),,,20181127,1129.9,원,ECOS
USDKRW,원/미국달러 환율,D,731Y001,3.1.1.1. 주요국 통화의 대원화환율,0000001,원/미국달러(매매기준율),,,20181128,1129.7,원,ECOS
USDKRW,원/미국달러 환율,D,731Y001,3.1.1.1. 주요국 통화의 대원화환율,0000001,원/미국달러(매매기준율),,,20181129,1128.9,원,ECOS
USDKRW,원/미국달러 환율,D,731Y001,3.1.1.1. 주요국 통화의 대원화환율,0000001,원/미국달러(매매기준율),,,20181130,1121.8,원,ECOS
USDKRW,원/미국달러 환율,D,731Y001,3.1.1.1. 주요국 통화의 대원화환율,0000001,원/미국달러(매매기준율),,,20181203,1120.3,원,ECOS
USDKRW,원/미국달러 환율,D,731Y001,3.1.1.1. 주요국 통화의 대원화환율,0000001,원/미국달러(매매기준율),,,20181204,1113.7,원,ECOS
USDKRW,원/미국달러 환율,D,731Y001,3.1.1.1. 주요국 통화의 대원화환율,0000001,원/미국달러(매매기준율),,,20181205,1109.8,원,ECOS
USDKRW,원/미국달러 환율,D,731Y001,3.1.1.1. 주요국 통화의 대원화환율,0000001,원/미국달러(매매기준율),,,20181206,1113.6,원,ECOS
USDKRW,원/미국달러 환율,D,731Y001,3.1.1.1. 주요국 통화의 대원화환율,0000001,원/미국달러(매매기준율),,,20181207,1117.8,원,ECOS
USDKRW,원/미국달러 환율,D,731Y001,3.1.1.1. 주요국 통화의 대원화환율,0000001,원/미국달러(매매기준율),,,20181210,1118.2,원,ECOS
USDKRW,원/미국달러 환율,D,731Y001,3.1.1.1. 주요국 통화의 대원화환율,0000001,원/미국달러(매매기준율),,,20181211,1124.7,원,ECOS
USDKRW,원/미국달러 환율,D,731Y001,3.1.1.1. 주요국 통화의 대원화환율,0000001,원/미국달러(매매기준율),,,20181212,1129.4,원,ECOS
USDKRW,원/미국달러 환율,D,731Y001,3.1.1.1. 주요국 통화의 대원화환율,0000001,원/미국달러(매매기준율),,,20181213,1127.6,원,ECOS
USDKRW,원/미국달러 환율,D,731Y001,3.1.1.1. 주요국 통화의 대원화환율,0000001,원/미국달러(매매기준율),,,20181214,1124.0,원,ECOS
USDKRW,원/미국달러 환율,D,731Y001,3.1.1.1. 주요국 통화의 대원화환율,0000001,원/미국달러(매매기준율),,,20181217,1129.2,원,ECOS
USDKRW,원/미국달러 환율,D,731Y001,3.1.1.1. 주요국 통화의 대원화환율,0000001,원/미국달러(매매기준율),,,20181218,1131.6,원,ECOS
USDKRW,원/미국달러 환율,D,731Y001,3.1.1.1. 주요국 통화의 대원화환율,0000001,원/미국달러(매매기준율),,,20181219,1129.9,원,ECOS
USDKRW,원/미국달러 환율,D,731Y001,3.1.1.1. 주요국 통화의 대원화환율,0000001,원/미국달러(매매기준율),,,20181220,1125.1,원,ECOS
USDKRW,원/미국달러 환율,D,731Y001,3.1.1.1. 주요국 통화의 대원화환율,0000001,원/미국달러(매매기준율),,,20181221,1128.9,원,ECOS
USDKRW,원/미국달러 환율,D,731Y001,3.1.1.1. 주요국 통화의 대원화환율,0000001,원/미국달러(매매기준율),,,20181224,1123.9,원,ECOS
USDKRW,원/미국달러 환율,D,731Y001,3.1.1.1. 주요국 통화의 대원화환율,0000001,원/미국달러(매매기준율),,,20181226,1125.2,원,ECOS
USDKRW,원/미국달러 환율,D,731Y001,3.1.1.1. 주요국 통화의 대원화환율,0000001,원/미국달러(매매기준율),,,20181227,1125.6,원,ECOS
USDKRW,원/미국달러 환율,D,731Y001,3.1.1.1. 주요국 통화의 대원화환율,0000001,원/미국달러(매매기준율),,,20181228,1121.3,원,ECOS
USDKRW,원/미국달러 환율,D,731Y001,3.1.1.1. 주요국 통화의 대원화환율,0000001,원/미국달러(매매기준율),,,20181231,1118.1,원,ECOS
USDKRW,원/미국달러 환율,D,731Y001,3.1.1.1. 주요국 통화의 대원화환율,0000001,원/미국달러(매매기준율),,,20190102,1118.1,원,ECOS
USDKRW,원/미국달러 환율,D,731Y001,3.1.1.1. 주요국 통화의 대원화환율,0000001,원/미국달러(매매기준율),,,20190103,1119.0,원,ECOS
USDKRW,원/미국달러 환율,D,731Y001,3.1.1.1. 주요국 통화의 대원화환율,0000001,원/미국달러(매매기준율),,,20190104,1127.5,원,ECOS
USDKRW,원/미국달러 환율,D,731Y001,3.1.1.1. 주요국 통화의 대원화환율,0000001,원/미국달러(매매기준율),,,20190107,1125.2,원,ECOS
USDKRW,원/미국달러 환율,D,731Y001,3.1.1.1. 주요국 통화의 대원화환율,0000001,원/미국달러(매매기준율),,,20190108,1118.0,원,ECOS
USDKRW,원/미국달러 환율,D,731Y001,3.1.1.1. 주요국 통화의 대원화환율,0000001,원/미국달러(매매기준율),,,20190109,1121.7,원,ECOS
USDKRW,원/미국달러 환율,D,731Y001,3.1.1.1. 주요국 통화의 대원화환율,0000001,원/미국달러(매매기준율),,,20190110,1121.6,원,ECOS
USDKRW,원/미국달러 환율,D,731Y001,3.1.1.1. 주요국 통화의 대원화환율,0000001,원/미국달러(매매기준율),,,20190111,1118.9,원,ECOS
USDKRW,원/미국달러 환율,D,731Y001,3.1.1.1. 주요국 통화의 대원화환율,0000001,원/미국달러(매매기준율),,,20190114,1117.6,원,ECOS
USDKRW,원/미국달러 환율,D,731Y001,3.1.1.1. 주요국 통화의 대원화환율,0000001,원/미국달러(매매기준율),,,20190115,1121.4,원,ECOS
USDKRW,원/미국달러 환율,D,731Y001,3.1.1.1. 주요국 통화의 대원화환율,0000001,원/미국달러(매매기준율),,,20190116,1120.1,원,ECOS
USDKRW,원/미국달러 환율,D,731Y001,3.1.1.1. 주요국 통화의 대원화환율,0000001,원/미국달러(매매기준율),,,20190117,1122.0,원,ECOS
USDKRW,원/미국달러 환율,D,731Y001,3.1.1.1. 주요국 통화의 대원화환율,0000001,원/미국달러(매매기준율),,,20190118,1121.4,원,ECOS
USDKRW,원/미국달러 환율,D,731Y001,3.1.1.1. 주요국 통화의 대원화환율,0000001,원/미국달러(매매기준율),,,20190121,1121.3,원,ECOS
USDKRW,원/미국달러 환율,D,731Y001,3.1.1.1. 주요국 통화의 대원화환율,0000001,원/미국달러(매매기준율),,,20190122,1126.5,원,ECOS
USDKRW,원/미국달러 환율,D,731Y001,3.1.1.1. 주요국 통화의 대원화환율,0000001,원/미국달러(매매기준율),,,20190123,1130.2,원,ECOS
USDKRW,원/미국달러 환율,D,731Y001,3.1.1.1. 주요국 통화의 대원화환율,0000001,원/미국달러(매매기준율),,,20190124,1128.2,원,ECOS
USDKRW,원/미국달러 환율,D,731Y001,3.1.1.1. 주요국 통화의 대원화환율,0000001,원/미국달러(매매기준율),,,20190125,1128.0,원,ECOS
USDKRW,원/미국달러 환율,D,731Y001,3.1.1.1. 주요국 통화의 대원화환율,0000001,원/미국달러(매매기준율),,,20190128,1125.1,원,ECOS
USDKRW,원/미국달러 환율,D,731Y001,3.1.1.1. 주요국 통화의 대원화환율,0000001,원/미국달러(매매기준율),,,20190129,1116.9,원,ECOS
USDKRW,원/미국달러 환율,D,731Y001,3.1.1.1. 주요국 통화의 대원화환율,0000001,원/미국달러(매매기준율),,,20190130,1118.1,원,ECOS
USDKRW,원/미국달러 환율,D,731Y001,3.1.1.1. 주요국 통화의 대원화환율,0000001,원/미국달러(매매기준율),,,20190131,1117.2,원,ECOS
USDKRW,원/미국달러 환율,D,731Y001,3.1.1.1. 주요국 통화의 대원화환율,0000001,원/미국달러(매매기준율),,,20190201,1111.6,원,ECOS
USDKRW,원/미국달러 환율,D,731Y001,3.1.1.1. 주요국 통화의 대원화환율,0000001,원/미국달러(매매기준율),,,20190207,1116.8,원,ECOS
USDKRW,원/미국달러 환율,D,731Y001,3.1.1.1. 주요국 통화의 대원화환율,0000001,원/미국달러(매매기준율),,,20190208,1123.4,원,ECOS
USDKRW,원/미국달러 환율,D,731Y001,3.1.1.1. 주요국 통화의 대원화환율,0000001,원/미국달러(매매기준율),,,20190211,1124.5,원,ECOS
USDKRW,원/미국달러 환율,D,731Y001,3.1.1.1. 주요국 통화의 대원화환율,0000001,원/미국달러(매매기준율),,,20190212,1124.5,원,ECOS
USDKRW,원/미국달러 환율,D,731Y001,3.1.1.1. 주요국 통화의 대원화환율,0000001,원/미국달러(매매기준율),,,20190213,1124.6,원,ECOS
USDKRW,원/미국달러 환율,D,731Y001,3.1.1.1. 주요국 통화의 대원화환율,0000001,원/미국달러(매매기준율),,,20190214,1121.7,원,ECOS
USDKRW,원/미국달러 환율,D,731Y001,3.1.1.1. 주요국 통화의 대원화환율,0000001,원/미국달러(매매기준율),,,20190215,1125.0,원,ECOS
USDKRW,원/미국달러 환율,D,731Y001,3.1.1.1. 주요국 통화의 대원화환율,0000001,원/미국달러(매매기준율),,,20190218,1127.7,원,ECOS
USDKRW,원/미국달러 환율,D,731Y001,3.1.1.1. 주요국 통화의 대원화환율,0000001,원/미국달러(매매기준율),,,20190219,1124.7,원,ECOS
USDKRW,원/미국달러 환율,D,731Y001,3.1.1.1. 주요국 통화의 대원화환율,0000001,원/미국달러(매매기준율),,,20190220,1127.5,원,ECOS
USDKRW,원/미국달러 환율,D,731Y001,3.1.1.1. 주요국 통화의 대원화환율,0000001,원/미국달러(매매기준율),,,20190221,1122.6,원,ECOS
USDKRW,원/미국달러 환율,D,731Y001,3.1.1.1. 주요국 통화의 대원화환율,0000001,원/미국달러(매매기준율),,,20190222,1124.4,원,ECOS
USDKRW,원/미국달러 환율,D,731Y001,3.1.1.1. 주요국 통화의 대원화환율,0000001,원/미국달러(매매기준율),,,20190225,1125.7,원,ECOS
USDKRW,원/미국달러 환율,D,731Y001,3.1.1.1. 주요국 통화의 대원화환율,0000001,원/미국달러(매매기준율),,,20190226,1120.8,원,ECOS
USDKRW,원/미국달러 환율,D,731Y001,3.1.1.1. 주요국 통화의 대원화환율,0000001,원/미국달러(매매기준율),,,20190227,1118.3,원,ECOS
USDKRW,원/미국달러 환율,D,731Y001,3.1.1.1. 주요국 통화의 대원화환율,0000001,원/미국달러(매매기준율),,,20190228,1117.8,원,ECOS
USDKRW,원/미국달러 환율,D,731Y001,3.1.1.1. 주요국 통화의 대원화환율,0000001,원/미국달러(매매기준율),,,20190304,1119.9,원,ECOS
USDKRW,원/미국달러 환율,D,731Y001,3.1.1.1. 주요국 통화의 대원화환율,0000001,원/미국달러(매매기준율),,,20190305,1125.0,원,ECOS
USDKRW,원/미국달러 환율,D,731Y001,3.1.1.1. 주요국 통화의 대원화환율,0000001,원/미국달러(매매기준율),,,20190306,1125.8,원,ECOS
USDKRW,원/미국달러 환율,D,731Y001,3.1.1.1. 주요국 통화의 대원화환율,0000001,원/미국달러(매매기준율),,,20190307,1127.8,원,ECOS
USDKRW,원/미국달러 환율,D,731Y001,3.1.1.1. 주요국 통화의 대원화환율,0000001,원/미국달러(매매기준율),,,20190308,1128.3,원,ECOS
USDKRW,원/미국달러 환율,D,731Y001,3.1.1.1. 주요국 통화의 대원화환율,0000001,원/미국달러(매매기준율),,,20190311,1134.0,원,ECOS
USDKRW,원/미국달러 환율,D,731Y001,3.1.1.1. 주요국 통화의 대원화환율,0000001,원/미국달러(매매기준율),,,20190312,1134.5,원,ECOS
USDKRW,원/미국달러 환율,D,731Y001,3.1.1.1. 주요국 통화의 대원화환율,0000001,원/미국달러(매매기준율),,,20190313,1128.7,원,ECOS
USDKRW,원/미국달러 환율,D,731Y001,3.1.1.1. 주요국 통화의 대원화환율,0000001,원/미국달러(매매기준율),,,20190314,1131.5,원,ECOS
USDKRW,원/미국달러 환율,D,731Y001,3.1.1.1. 주요국 통화의 대원화환율,0000001,원/미국달러(매매기준율),,,20190315,1132.7,원,ECOS
USDKRW,원/미국달러 환율,D,731Y001,3.1.1.1. 주요국 통화의 대원화환율,0000001,원/미국달러(매매기준율),,,20190318,1136.1,원,ECOS
USDKRW,원/미국달러 환율,D,731Y001,3.1.1.1. 주요국 통화의 대원화환율,0000001,원/미국달러(매매기준율),,,20190319,1133.7,원,ECOS
USDKRW,원/미국달러 환율,D,731Y001,3.1.1.1. 주요국 통화의 대원화환율,0000001,원/미국달러(매매기준율),,,20190320,1130.9,원,ECOS
USDKRW,원/미국달러 환율,D,731Y001,3.1.1.1. 주요국 통화의 대원화환율,0000001,원/미국달러(매매기준율),,,20190321,1130.4,원,ECOS
USDKRW,원/미국달러 환율,D,731Y001,3.1.1.1. 주요국 통화의 대원화환율,0000001,원/미국달러(매매기준율),,,20190322,1125.8,원,ECOS
USDKRW,원/미국달러 환율,D,731Y001,3.1.1.1. 주요국 통화의 대원화환율,0000001,원/미국달러(매매기준율),,,20190325,1129.8,원,ECOS
USDKRW,원/미국달러 환율,D,731Y001,3.1.1.1. 주요국 통화의 대원화환율,0000001,원/미국달러(매매기준율),,,20190326,1134.9,원,ECOS
USDKRW,원/미국달러 환율,D,731Y001,3.1.1.1. 주요국 통화의 대원화환율,0000001,원/미국달러(매매기준율),,,20190327,1132.1,원,ECOS
USDKRW,원/미국달러 환율,D,731Y001,3.1.1.1. 주요국 통화의 대원화환율,0000001,원/미국달러(매매기준율),,,20190328,1134.7,원,ECOS
USDKRW,원/미국달러 환율,D,731Y001,3.1.1.1. 주요국 통화의 대원화환율,0000001,원/미국달러(매매기준율),,,20190329,1137.8,원,ECOS
USDKRW,원/미국달러 환율,D,731Y001,3.1.1.1. 주요국 통화의 대원화환율,0000001,원/미국달러(매매기준율),,,20190401,1136.1,원,ECOS
USDKRW,원/미국달러 환율,D,731Y001,3.1.1.1. 주요국 통화의 대원화환율,0000001,원/미국달러(매매기준율),,,20190402,1132.7,원,ECOS
USDKRW,원/미국달러 환율,D,731Y001,3.1.1.1. 주요국 통화의 대원화환율,0000001,원/미국달러(매매기준율),,,20190403,1135.8,원,ECOS
USDKRW,원/미국달러 환율,D,731Y001,3.1.1.1. 주요국 통화의 대원화환율,0000001,원/미국달러(매매기준율),,,20190404,1134.9,원,ECOS
USDKRW,원/미국달러 환율,D,731Y001,3.1.1.1. 주요국 통화의 대원화환율,0000001,원/미국달러(매매기준율),,,20190405,1135.5,원,ECOS
USDKRW,원/미국달러 환율,D,731Y001,3.1.1.1. 주요국 통화의 대원화환율,0000001,원/미국달러(매매기준율),,,20190408,1136.4,원,ECOS
USDKRW,원/미국달러 환율,D,731Y001,3.1.1.1. 주요국 통화의 대원화환율,0000001,원/미국달러(매매기준율),,,20190409,1141.4,원,ECOS
USDKRW,원/미국달러 환율,D,731Y001,3.1.1.1. 주요국 통화의 대원화환율,0000001,원/미국달러(매매기준율),,,20190410,1142.8,원,ECOS
USDKRW,원/미국달러 환율,D,731Y001,3.1.1.1. 주요국 통화의 대원화환율,0000001,원/미국달러(매매기준율),,,20190411,1141.2,원,ECOS
USDKRW,원/미국달러 환율,D,731Y001,3.1.1.1. 주요국 통화의 대원화환율,0000001,원/미국달러(매매기준율),,,20190412,1139.2,원,ECOS
USDKRW,원/미국달러 환율,D,731Y001,3.1.1.1. 주요국 통화의 대원화환율,0000001,원/미국달러(매매기준율),,,20190415,1140.5,원,ECOS
USDKRW,원/미국달러 환율,D,731Y001,3.1.1.1. 주요국 통화의 대원화환율,0000001,원/미국달러(매매기준율),,,20190416,1133.9,원,ECOS
USDKRW,원/미국달러 환율,D,731Y001,3.1.1.1. 주요국 통화의 대원화환율,0000001,원/미국달러(매매기준율),,,20190417,1135.7,원,ECOS
USDKRW,원/미국달러 환율,D,731Y001,3.1.1.1. 주요국 통화의 대원화환율,0000001,원/미국달러(매매기준율),,,20190418,1136.1,원,ECOS
USDKRW,원/미국달러 환율,D,731Y001,3.1.1.1. 주요국 통화의 대원화환율,0000001,원/미국달러(매매기준율),,,20190419,1136.2,원,ECOS
USDKRW,원/미국달러 환율,D,731Y001,3.1.1.1. 주요국 통화의 대원화환율,0000001,원/미국달러(매매기준율),,,20190422,1137.1,원,ECOS
USDKRW,원/미국달러 환율,D,731Y001,3.1.1.1. 주요국 통화의 대원화환율,0000001,원/미국달러(매매기준율),,,20190423,1140.8,원,ECOS
USDKRW,원/미국달러 환율,D,731Y001,3.1.1.1. 주요국 통화의 대원화환율,0000001,원/미국달러(매매기준율),,,20190424,1141.1,원,ECOS
USDKRW,원/미국달러 환율,D,731Y001,3.1.1.1. 주요국 통화의 대원화환율,0000001,원/미국달러(매매기준율),,,20190425,1146.9,원,ECOS
USDKRW,원/미국달러 환율,D,731Y001,3.1.1.1. 주요국 통화의 대원화환율,0000001,원/미국달러(매매기준율),,,20190426,1158.7,원,ECOS
USDKRW,원/미국달러 환율,D,731Y001,3.1.1.1. 주요국 통화의 대원화환율,0000001,원/미국달러(매매기준율),,,20190429,1159.7,원,ECOS
USDKRW,원/미국달러 환율,D,731Y001,3.1.1.1. 주요국 통화의 대원화환율,0000001,원/미국달러(매매기준율),,,20190430,1158.2,원,ECOS
USDKRW,원/미국달러 환율,D,731Y001,3.1.1.1. 주요국 통화의 대원화환율,0000001,원/미국달러(매매기준율),,,20190502,1163.8,원,ECOS
USDKRW,원/미국달러 환율,D,731Y001,3.1.1.1. 주요국 통화의 대원화환율,0000001,원/미국달러(매매기준율),,,20190503,1163.9,원,ECOS
USDKRW,원/미국달러 환율,D,731Y001,3.1.1.1. 주요국 통화의 대원화환율,0000001,원/미국달러(매매기준율),,,20190507,1169.4,원,ECOS
USDKRW,원/미국달러 환율,D,731Y001,3.1.1.1. 주요국 통화의 대원화환율,0000001,원/미국달러(매매기준율),,,20190508,1169.8,원,ECOS
USDKRW,원/미국달러 환율,D,731Y001,3.1.1.1. 주요국 통화의 대원화환율,0000001,원/미국달러(매매기준율),,,20190509,1169.9,원,ECOS
USDKRW,원/미국달러 환율,D,731Y001,3.1.1.1. 주요국 통화의 대원화환율,0000001,원/미국달러(매매기준율),,,20190510,1175.8,원,ECOS
USDKRW,원/미국달러 환율,D,731Y001,3.1.1.1. 주요국 통화의 대원화환율,0000001,원/미국달러(매매기준율),,,20190513,1178.1,원,ECOS
USDKRW,원/미국달러 환율,D,731Y001,3.1.1.1. 주요국 통화의 대원화환율,0000001,원/미국달러(매매기준율),,,20190514,1183.1,원,ECOS
USDKRW,원/미국달러 환율,D,731Y001,3.1.1.1. 주요국 통화의 대원화환율,0000001,원/미국달러(매매기준율),,,20190515,1187.0,원,ECOS
USDKRW,원/미국달러 환율,D,731Y001,3.1.1.1. 주요국 통화의 대원화환율,0000001,원/미국달러(매매기준율),,,20190516,1189.4,원,ECOS
USDKRW,원/미국달러 환율,D,731Y001,3.1.1.1. 주요국 통화의 대원화환율,0000001,원/미국달러(매매기준율),,,20190517,1189.8,원,ECOS
USDKRW,원/미국달러 환율,D,731Y001,3.1.1.1. 주요국 통화의 대원화환율,0000001,원/미국달러(매매기준율),,,20190520,1192.7,원,ECOS
USDKRW,원/미국달러 환율,D,731Y001,3.1.1.1. 주요국 통화의 대원화환율,0000001,원/미국달러(매매기준율),,,20190521,1192.9,원,ECOS
USDKRW,원/미국달러 환율,D,731Y001,3.1.1.1. 주요국 통화의 대원화환율,0000001,원/미국달러(매매기준율),,,20190522,1193.3,원,ECOS
USDKRW,원/미국달러 환율,D,731Y001,3.1.1.1. 주요국 통화의 대원화환율,0000001,원/미국달러(매매기준율),,,20190523,1194.6,원,ECOS
USDKRW,원/미국달러 환율,D,731Y001,3.1.1.1. 주요국 통화의 대원화환율,0000001,원/미국달러(매매기준율),,,20190524,1191.2,원,ECOS
USDKRW,원/미국달러 환율,D,731Y001,3.1.1.1. 주요국 통화의 대원화환율,0000001,원/미국달러(매매기준율),,,20190527,1189.6,원,ECOS
USDKRW,원/미국달러 환율,D,731Y001,3.1.1.1. 주요국 통화의 대원화환율,0000001,원/미국달러(매매기준율),,,20190528,1184.1,원,ECOS
USDKRW,원/미국달러 환율,D,731Y001,3.1.1.1. 주요국 통화의 대원화환율,0000001,원/미국달러(매매기준율),,,20190529,1187.6,원,ECOS
USDKRW,원/미국달러 환율,D,731Y001,3.1.1.1. 주요국 통화의 대원화환율,0000001,원/미국달러(매매기준율),,,20190530,1193.1,원,ECOS
USDKRW,원/미국달러 환율,D,731Y001,3.1.1.1. 주요국 통화의 대원화환율,0000001,원/미국달러(매매기준율),,,20190531,1190.0,원,ECOS
USDKRW,원/미국달러 환율,D,731Y001,3.1.1.1. 주요국 통화의 대원화환율,0000001,원/미국달러(매매기준율),,,20190603,1191.2,원,ECOS
USDKRW,원/미국달러 환율,D,731Y001,3.1.1.1. 주요국 통화의 대원화환율,0000001,원/미국달러(매매기준율),,,20190604,1183.0,원,ECOS
USDKRW,원/미국달러 환율,D,731Y001,3.1.1.1. 주요국 통화의 대원화환율,0000001,원/미국달러(매매기준율),,,20190605,1181.5,원,ECOS
USDKRW,원/미국달러 환율,D,731Y001,3.1.1.1. 주요국 통화의 대원화환율,0000001,원/미국달러(매매기준율),,,20190607,1179.8,원,ECOS
USDKRW,원/미국달러 환율,D,731Y001,3.1.1.1. 주요국 통화의 대원화환율,0000001,원/미국달러(매매기준율),,,20190610,1179.5,원,ECOS
USDKRW,원/미국달러 환율,D,731Y001,3.1.1.1. 주요국 통화의 대원화환율,0000001,원/미국달러(매매기준율),,,20190611,1184.0,원,ECOS
USDKRW,원/미국달러 환율,D,731Y001,3.1.1.1. 주요국 통화의 대원화환율,0000001,원/미국달러(매매기준율),,,20190612,1181.7,원,ECOS
USDKRW,원/미국달러 환율,D,731Y001,3.1.1.1. 주요국 통화의 대원화환율,0000001,원/미국달러(매매기준율),,,20190613,1181.7,원,ECOS
USDKRW,원/미국달러 환율,D,731Y001,3.1.1.1. 주요국 통화의 대원화환율,0000001,원/미국달러(매매기준율),,,20190614,1184.7,원,ECOS
USDKRW,원/미국달러 환율,D,731Y001,3.1.1.1. 주요국 통화의 대원화환율,0000001,원/미국달러(매매기준율),,,20190617,1184.0,원,ECOS
USDKRW,원/미국달러 환율,D,731Y001,3.1.1.1. 주요국 통화의 대원화환율,0000001,원/미국달러(매매기준율),,,20190618,1186.3,원,ECOS
USDKRW,원/미국달러 환율,D,731Y001,3.1.1.1. 주요국 통화의 대원화환율,0000001,원/미국달러(매매기준율),,,20190619,1185.0,원,ECOS
USDKRW,원/미국달러 환율,D,731Y001,3.1.1.1. 주요국 통화의 대원화환율,0000001,원/미국달러(매매기준율),,,20190620,1177.0,원,ECOS
USDKRW,원/미국달러 환율,D,731Y001,3.1.1.1. 주요국 통화의 대원화환율,0000001,원/미국달러(매매기준율),,,20190621,1167.7,원,ECOS
USDKRW,원/미국달러 환율,D,731Y001,3.1.1.1. 주요국 통화의 대원화환율,0000001,원/미국달러(매매기준율),,,20190624,1162.0,원,ECOS
USDKRW,원/미국달러 환율,D,731Y001,3.1.1.1. 주요국 통화의 대원화환율,0000001,원/미국달러(매매기준율),,,20190625,1157.9,원,ECOS
USDKRW,원/미국달러 환율,D,731Y001,3.1.1.1. 주요국 통화의 대원화환율,0000001,원/미국달러(매매기준율),,,20190626,1154.7,원,ECOS
USDKRW,원/미국달러 환율,D,731Y001,3.1.1.1. 주요국 통화의 대원화환율,0000001,원/미국달러(매매기준율),,,20190627,1158.2,원,ECOS
USDKRW,원/미국달러 환율,D,731Y001,3.1.1.1. 주요국 통화의 대원화환율,0000001,원/미국달러(매매기준율),,,20190628,1156.8,원,ECOS
USDKRW,원/미국달러 환율,D,731Y001,3.1.1.1. 주요국 통화의 대원화환율,0000001,원/미국달러(매매기준율),,,20190701,1156.4,원,ECOS
USDKRW,원/미국달러 환율,D,731Y001,3.1.1.1. 주요국 통화의 대원화환율,0000001,원/미국달러(매매기준율),,,20190702,1155.4,원,ECOS
USDKRW,원/미국달러 환율,D,731Y001,3.1.1.1. 주요국 통화의 대원화환율,0000001,원/미국달러(매매기준율),,,20190703,1164.8,원,ECOS
USDKRW,원/미국달러 환율,D,731Y001,3.1.1.1. 주요국 통화의 대원화환율,0000001,원/미국달러(매매기준율),,,20190704,1170.4,원,ECOS
USDKRW,원/미국달러 환율,D,731Y001,3.1.1.1. 주요국 통화의 대원화환율,0000001,원/미국달러(매매기준율),,,20190705,1169.2,원,ECOS
USDKRW,원/미국달러 환율,D,731Y001,3.1.1.1. 주요국 통화의 대원화환율,0000001,원/미국달러(매매기준율),,,20190708,1170.4,원,ECOS
USDKRW,원/미국달러 환율,D,731Y001,3.1.1.1. 주요국 통화의 대원화환율,0000001,원/미국달러(매매기준율),,,20190709,1178.5,원,ECOS
USDKRW,원/미국달러 환율,D,731Y001,3.1.1.1. 주요국 통화의 대원화환율,0000001,원/미국달러(매매기준율),,,20190710,1179.9,원,ECOS
USDKRW,원/미국달러 환율,D,731Y001,3.1.1.1. 주요국 통화의 대원화환율,0000001,원/미국달러(매매기준율),,,20190711,1181.4,원,ECOS
USDKRW,원/미국달러 환율,D,731Y001,3.1.1.1. 주요국 통화의 대원화환율,0000001,원/미국달러(매매기준율),,,20190712,1173.8,원,ECOS
USDKRW,원/미국달러 환율,D,731Y001,3.1.1.1. 주요국 통화의 대원화환율,0000001,원/미국달러(매매기준율),,,20190715,1177.3,원,ECOS
USDKRW,원/미국달러 환율,D,731Y001,3.1.1.1. 주요국 통화의 대원화환율,0000001,원/미국달러(매매기준율),,,20190716,1179.2,원,ECOS
USDKRW,원/미국달러 환율,D,731Y001,3.1.1.1. 주요국 통화의 대원화환율,0000001,원/미국달러(매매기준율),,,20190717,1178.5,원,ECOS
USDKRW,원/미국달러 환율,D,731Y001,3.1.1.1. 주요국 통화의 대원화환율,0000001,원/미국달러(매매기준율),,,20190718,1180.4,원,ECOS
USDKRW,원/미국달러 환율,D,731Y001,3.1.1.1. 주요국 통화의 대원화환율,0000001,원/미국달러(매매기준율),,,20190719,1179.5,원,ECOS
USDKRW,원/미국달러 환율,D,731Y001,3.1.1.1. 주요국 통화의 대원화환율,0000001,원/미국달러(매매기준율),,,20190722,1173.4,원,ECOS
USDKRW,원/미국달러 환율,D,731Y001,3.1.1.1. 주요국 통화의 대원화환율,0000001,원/미국달러(매매기준율),,,20190723,1177.6,원,ECOS
USDKRW,원/미국달러 환율,D,731Y001,3.1.1.1. 주요국 통화의 대원화환율,0000001,원/미국달러(매매기준율),,,20190724,1178.4,원,ECOS
USDKRW,원/미국달러 환율,D,731Y001,3.1.1.1. 주요국 통화의 대원화환율,0000001,원/미국달러(매매기준율),,,20190725,1178.2,원,ECOS
USDKRW,원/미국달러 환율,D,731Y001,3.1.1.1. 주요국 통화의 대원화환율,0000001,원/미국달러(매매기준율),,,20190726,1179.8,원,ECOS
USDKRW,원/미국달러 환율,D,731Y001,3.1.1.1. 주요국 통화의 대원화환율,0000001,원/미국달러(매매기준율),,,20190729,1184.2,원,ECOS
USDKRW,원/미국달러 환율,D,731Y001,3.1.1.1. 주요국 통화의 대원화환율,0000001,원/미국달러(매매기준율),,,20190730,1183.4,원,ECOS
USDKRW,원/미국달러 환율,D,731Y001,3.1.1.1. 주요국 통화의 대원화환율,0000001,원/미국달러(매매기준율),,,20190731,1182.0,원,ECOS
USDKRW,원/미국달러 환율,D,731Y001,3.1.1.1. 주요국 통화의 대원화환율,0000001,원/미국달러(매매기준율),,,20190801,1181.9,원,ECOS
USDKRW,원/미국달러 환율,D,731Y001,3.1.1.1. 주요국 통화의 대원화환율,0000001,원/미국달러(매매기준율),,,20190802,1188.5,원,ECOS
USDKRW,원/미국달러 환율,D,731Y001,3.1.1.1. 주요국 통화의 대원화환율,0000001,원/미국달러(매매기준율),,,20190805,1194.8,원,ECOS
USDKRW,원/미국달러 환율,D,731Y001,3.1.1.1. 주요국 통화의 대원화환율,0000001,원/미국달러(매매기준율),,,20190806,1211.8,원,ECOS
USDKRW,원/미국달러 환율,D,731Y001,3.1.1.1. 주요국 통화의 대원화환율,0000001,원/미국달러(매매기준율),,,20190807,1214.3,원,ECOS
USDKRW,원/미국달러 환율,D,731Y001,3.1.1.1. 주요국 통화의 대원화환율,0000001,원/미국달러(매매기준율),,,20190808,1214.5,원,ECOS
USDKRW,원/미국달러 환율,D,731Y001,3.1.1.1. 주요국 통화의 대원화환율,0000001,원/미국달러(매매기준율),,,20190809,1211.3,원,ECOS
USDKRW,원/미국달러 환율,D,731Y001,3.1.1.1. 주요국 통화의 대원화환율,0000001,원/미국달러(매매기준율),,,20190812,1209.7,원,ECOS
USDKRW,원/미국달러 환율,D,731Y001,3.1.1.1. 주요국 통화의 대원화환율,0000001,원/미국달러(매매기준율),,,20190813,1215.6,원,ECOS
USDKRW,원/미국달러 환율,D,731Y001,3.1.1.1. 주요국 통화의 대원화환율,0000001,원/미국달러(매매기준율),,,20190814,1218.9,원,ECOS
USDKRW,원/미국달러 환율,D,731Y001,3.1.1.1. 주요국 통화의 대원화환율,0000001,원/미국달러(매매기준율),,,20190816,1211.7,원,ECOS
USDKRW,원/미국달러 환율,D,731Y001,3.1.1.1. 주요국 통화의 대원화환율,0000001,원/미국달러(매매기준율),,,20190819,1213.3,원,ECOS
USDKRW,원/미국달러 환율,D,731Y001,3.1.1.1. 주요국 통화의 대원화환율,0000001,원/미국달러(매매기준율),,,20190820,1210.7,원,ECOS
USDKRW,원/미국달러 환율,D,731Y001,3.1.1.1. 주요국 통화의 대원화환율,0000001,원/미국달러(매매기준율),,,20190821,1210.2,원,ECOS
USDKRW,원/미국달러 환율,D,731Y001,3.1.1.1. 주요국 통화의 대원화환율,0000001,원/미국달러(매매기준율),,,20190822,1204.0,원,ECOS
USDKRW,원/미국달러 환율,D,731Y001,3.1.1.1. 주요국 통화의 대원화환율,0000001,원/미국달러(매매기준율),,,20190823,1205.1,원,ECOS
USDKRW,원/미국달러 환율,D,731Y001,3.1.1.1. 주요국 통화의 대원화환율,0000001,원/미국달러(매매기준율),,,20190826,1212.2,원,ECOS
USDKRW,원/미국달러 환율,D,731Y001,3.1.1.1. 주요국 통화의 대원화환율,0000001,원/미국달러(매매기준율),,,20190827,1218.2,원,ECOS
USDKRW,원/미국달러 환율,D,731Y001,3.1.1.1. 주요국 통화의 대원화환율,0000001,원/미국달러(매매기준율),,,20190828,1213.1,원,ECOS
USDKRW,원/미국달러 환율,D,731Y001,3.1.1.1. 주요국 통화의 대원화환율,0000001,원/미국달러(매매기준율),,,20190829,1213.5,원,ECOS
USDKRW,원/미국달러 환율,D,731Y001,3.1.1.1. 주요국 통화의 대원화환율,0000001,원/미국달러(매매기준율),,,20190830,1215.2,원,ECOS
USDKRW,원/미국달러 환율,D,731Y001,3.1.1.1. 주요국 통화의 대원화환율,0000001,원/미국달러(매매기준율),,,20190902,1209.6,원,ECOS
USDKRW,원/미국달러 환율,D,731Y001,3.1.1.1. 주요국 통화의 대원화환율,0000001,원/미국달러(매매기준율),,,20190903,1211.9,원,ECOS
USDKRW,원/미국달러 환율,D,731Y001,3.1.1.1. 주요국 통화의 대원화환율,0000001,원/미국달러(매매기준율),,,20190904,1215.2,원,ECOS
USDKRW,원/미국달러 환율,D,731Y001,3.1.1.1. 주요국 통화의 대원화환율,0000001,원/미국달러(매매기준율),,,20190905,1209.7,원,ECOS
USDKRW,원/미국달러 환율,D,731Y001,3.1.1.1. 주요국 통화의 대원화환율,0000001,원/미국달러(매매기준율),,,20190906,1199.6,원,ECOS
USDKRW,원/미국달러 환율,D,731Y001,3.1.1.1. 주요국 통화의 대원화환율,0000001,원/미국달러(매매기준율),,,20190909,1196.9,원,ECOS
USDKRW,원/미국달러 환율,D,731Y001,3.1.1.1. 주요국 통화의 대원화환율,0000001,원/미국달러(매매기준율),,,20190910,1192.4,원,ECOS
USDKRW,원/미국달러 환율,D,731Y001,3.1.1.1. 주요국 통화의 대원화환율,0000001,원/미국달러(매매기준율),,,20190911,1191.9,원,ECOS
USDKRW,원/미국달러 환율,D,731Y001,3.1.1.1. 주요국 통화의 대원화환율,0000001,원/미국달러(매매기준율),,,20190916,1191.4,원,ECOS
USDKRW,원/미국달러 환율,D,731Y001,3.1.1.1. 주요국 통화의 대원화환율,0000001,원/미국달러(매매기준율),,,20190917,1184.0,원,ECOS
USDKRW,원/미국달러 환율,D,731Y001,3.1.1.1. 주요국 통화의 대원화환율,0000001,원/미국달러(매매기준율),,,20190918,1188.3,원,ECOS
USDKRW,원/미국달러 환율,D,731Y001,3.1.1.1. 주요국 통화의 대원화환율,0000001,원/미국달러(매매기준율),,,20190919,1190.5,원,ECOS
USDKRW,원/미국달러 환율,D,731Y001,3.1.1.1. 주요국 통화의 대원화환율,0000001,원/미국달러(매매기준율),,,20190920,1195.1,원,ECOS
USDKRW,원/미국달러 환율,D,731Y001,3.1.1.1. 주요국 통화의 대원화환율,0000001,원/미국달러(매매기준율),,,20190923,1191.1,원,ECOS
USDKRW,원/미국달러 환율,D,731Y001,3.1.1.1. 주요국 통화의 대원화환율,0000001,원/미국달러(매매기준율),,,20190924,1193.1,원,ECOS
USDKRW,원/미국달러 환율,D,731Y001,3.1.1.1. 주요국 통화의 대원화환율,0000001,원/미국달러(매매기준율),,,20190925,1194.0,원,ECOS
USDKRW,원/미국달러 환율,D,731Y001,3.1.1.1. 주요국 통화의 대원화환율,0000001,원/미국달러(매매기준율),,,20190926,1198.3,원,ECOS
USDKRW,원/미국달러 환율,D,731Y001,3.1.1.1. 주요국 통화의 대원화환율,0000001,원/미국달러(매매기준율),,,20190927,1199.1,원,ECOS
USDKRW,원/미국달러 환율,D,731Y001,3.1.1.1. 주요국 통화의 대원화환율,0000001,원/미국달러(매매기준율),,,20190930,1201.3,원,ECOS
USDKRW,원/미국달러 환율,D,731Y001,3.1.1.1. 주요국 통화의 대원화환율,0000001,원/미국달러(매매기준율),,,20191001,1199.2,원,ECOS
USDKRW,원/미국달러 환율,D,731Y001,3.1.1.1. 주요국 통화의 대원화환율,0000001,원/미국달러(매매기준율),,,20191002,1198.2,원,ECOS
USDKRW,원/미국달러 환율,D,731Y001,3.1.1.1. 주요국 통화의 대원화환율,0000001,원/미국달러(매매기준율),,,20191004,1203.7,원,ECOS
USDKRW,원/미국달러 환율,D,731Y001,3.1.1.1. 주요국 통화의 대원화환율,0000001,원/미국달러(매매기준율),,,20191007,1197.0,원,ECOS
USDKRW,원/미국달러 환율,D,731Y001,3.1.1.1. 주요국 통화의 대원화환율,0000001,원/미국달러(매매기준율),,,20191008,1196.5,원,ECOS
USDKRW,원/미국달러 환율,D,731Y001,3.1.1.1. 주요국 통화의 대원화환율,0000001,원/미국달러(매매기준율),,,20191010,1194.7,원,ECOS
USDKRW,원/미국달러 환율,D,731Y001,3.1.1.1. 주요국 통화의 대원화환율,0000001,원/미국달러(매매기준율),,,20191011,1196.1,원,ECOS
USDKRW,원/미국달러 환율,D,731Y001,3.1.1.1. 주요국 통화의 대원화환율,0000001,원/미국달러(매매기준율),,,20191014,1189.3,원,ECOS
USDKRW,원/미국달러 환율,D,731Y001,3.1.1.1. 주요국 통화의 대원화환율,0000001,원/미국달러(매매기준율),,,20191015,1183.7,원,ECOS
USDKRW,원/미국달러 환율,D,731Y001,3.1.1.1. 주요국 통화의 대원화환율,0000001,원/미국달러(매매기준율),,,20191016,1184.1,원,ECOS
USDKRW,원/미국달러 환율,D,731Y001,3.1.1.1. 주요국 통화의 대원화환율,0000001,원/미국달러(매매기준율),,,20191017,1187.0,원,ECOS
USDKRW,원/미국달러 환율,D,731Y001,3.1.1.1. 주요국 통화의 대원화환율,0000001,원/미국달러(매매기준율),,,20191018,1186.6,원,ECOS
USDKRW,원/미국달러 환율,D,731Y001,3.1.1.1. 주요국 통화의 대원화환율,0000001,원/미국달러(매매기준율),,,20191021,1180.5,원,ECOS
USDKRW,원/미국달러 환율,D,731Y001,3.1.1.1. 주요국 통화의 대원화환율,0000001,원/미국달러(매매기준율),,,20191022,1175.4,원,ECOS
USDKRW,원/미국달러 환율,D,731Y001,3.1.1.1. 주요국 통화의 대원화환율,0000001,원/미국달러(매매기준율),,,20191023,1171.4,원,ECOS
USDKRW,원/미국달러 환율,D,731Y001,3.1.1.1. 주요국 통화의 대원화환율,0000001,원/미국달러(매매기준율),,,20191024,1173.7,원,ECOS
USDKRW,원/미국달러 환율,D,731Y001,3.1.1.1. 주요국 통화의 대원화환율,0000001,원/미국달러(매매기준율),,,20191025,1171.0,원,ECOS
USDKRW,원/미국달러 환율,D,731Y001,3.1.1.1. 주요국 통화의 대원화환율,0000001,원/미국달러(매매기준율),,,20191028,1174.2,원,ECOS
USDKRW,원/미국달러 환율,D,731Y001,3.1.1.1. 주요국 통화의 대원화환율,0000001,원/미국달러(매매기준율),,,20191029,1169.6,원,ECOS
USDKRW,원/미국달러 환율,D,731Y001,3.1.1.1. 주요국 통화의 대원화환율,0000001,원/미국달러(매매기준율),,,20191030,1166.5,원,ECOS
USDKRW,원/미국달러 환율,D,731Y001,3.1.1.1. 주요국 통화의 대원화환율,0000001,원/미국달러(매매기준율),,,20191031,1168.4,원,ECOS
USDKRW,원/미국달러 환율,D,731Y001,3.1.1.1. 주요국 통화의 대원화환율,0000001,원/미국달러(매매기준율),,,20191101,1161.7,원,ECOS
USDKRW,원/미국달러 환율,D,731Y001,3.1.1.1. 주요국 통화의 대원화환율,0000001,원/미국달러(매매기준율),,,20191104,1167.6,원,ECOS
USDKRW,원/미국달러 환율,D,731Y001,3.1.1.1. 주요국 통화의 대원화환율,0000001,원/미국달러(매매기준율),,,20191105,1160.4,원,ECOS
USDKRW,원/미국달러 환율,D,731Y001,3.1.1.1. 주요국 통화의 대원화환율,0000001,원/미국달러(매매기준율),,,20191106,1160.1,원,ECOS
USDKRW,원/미국달러 환율,D,731Y001,3.1.1.1. 주요국 통화의 대원화환율,0000001,원/미국달러(매매기준율),,,20191107,1157.5,원,ECOS
USDKRW,원/미국달러 환율,D,731Y001,3.1.1.1. 주요국 통화의 대원화환율,0000001,원/미국달러(매매기준율),,,20191108,1160.6,원,ECOS
USDKRW,원/미국달러 환율,D,731Y001,3.1.1.1. 주요국 통화의 대원화환율,0000001,원/미국달러(매매기준율),,,20191111,1156.1,원,ECOS
USDKRW,원/미국달러 환율,D,731Y001,3.1.1.1. 주요국 통화의 대원화환율,0000001,원/미국달러(매매기준율),,,20191112,1161.3,원,ECOS
USDKRW,원/미국달러 환율,D,731Y001,3.1.1.1. 주요국 통화의 대원화환율,0000001,원/미국달러(매매기준율),,,20191113,1163.5,원,ECOS
USDKRW,원/미국달러 환율,D,731Y001,3.1.1.1. 주요국 통화의 대원화환율,0000001,원/미국달러(매매기준율),,,20191114,1167.6,원,ECOS
USDKRW,원/미국달러 환율,D,731Y001,3.1.1.1. 주요국 통화의 대원화환율,0000001,원/미국달러(매매기준율),,,20191115,1170.4,원,ECOS
USDKRW,원/미국달러 환율,D,731Y001,3.1.1.1. 주요국 통화의 대원화환율,0000001,원/미국달러(매매기준율),,,20191118,1166.3,원,ECOS
USDKRW,원/미국달러 환율,D,731Y001,3.1.1.1. 주요국 통화의 대원화환율,0000001,원/미국달러(매매기준율),,,20191119,1164.5,원,ECOS
USDKRW,원/미국달러 환율,D,731Y001,3.1.1.1. 주요국 통화의 대원화환율,0000001,원/미국달러(매매기준율),,,20191120,1168.6,원,ECOS
USDKRW,원/미국달러 환율,D,731Y001,3.1.1.1. 주요국 통화의 대원화환율,0000001,원/미국달러(매매기준율),,,20191121,1170.1,원,ECOS
USDKRW,원/미국달러 환율,D,731Y001,3.1.1.1. 주요국 통화의 대원화환율,0000001,원/미국달러(매매기준율),,,20191122,1176.5,원,ECOS
USDKRW,원/미국달러 환율,D,731Y001,3.1.1.1. 주요국 통화의 대원화환율,0000001,원/미국달러(매매기준율),,,20191125,1177.8,원,ECOS
USDKRW,원/미국달러 환율,D,731Y001,3.1.1.1. 주요국 통화의 대원화환율,0000001,원/미국달러(매매기준율),,,20191126,1176.2,원,ECOS
USDKRW,원/미국달러 환율,D,731Y001,3.1.1.1. 주요국 통화의 대원화환율,0000001,원/미국달러(매매기준율),,,20191127,1174.4,원,ECOS
USDKRW,원/미국달러 환율,D,731Y001,3.1.1.1. 주요국 통화의 대원화환율,0000001,원/미국달러(매매기준율),,,20191128,1176.0,원,ECOS
USDKRW,원/미국달러 환율,D,731Y001,3.1.1.1. 주요국 통화의 대원화환율,0000001,원/미국달러(매매기준율),,,20191129,1179.3,원,ECOS
USDKRW,원/미국달러 환율,D,731Y001,3.1.1.1. 주요국 통화의 대원화환율,0000001,원/미국달러(매매기준율),,,20191202,1180.3,원,ECOS
USDKRW,원/미국달러 환율,D,731Y001,3.1.1.1. 주요국 통화의 대원화환율,0000001,원/미국달러(매매기준율),,,20191203,1180.4,원,ECOS
USDKRW,원/미국달러 환율,D,731Y001,3.1.1.1. 주요국 통화의 대원화환율,0000001,원/미국달러(매매기준율),,,20191204,1186.2,원,ECOS
USDKRW,원/미국달러 환율,D,731Y001,3.1.1.1. 주요국 통화의 대원화환율,0000001,원/미국달러(매매기준율),,,20191205,1193.7,원,ECOS
USDKRW,원/미국달러 환율,D,731Y001,3.1.1.1. 주요국 통화의 대원화환율,0000001,원/미국달러(매매기준율),,,20191206,1190.2,원,ECOS
USDKRW,원/미국달러 환율,D,731Y001,3.1.1.1. 주요국 통화의 대원화환율,0000001,원/미국달러(매매기준율),,,20191209,1189.7,원,ECOS
USDKRW,원/미국달러 환율,D,731Y001,3.1.1.1. 주요국 통화의 대원화환율,0000001,원/미국달러(매매기준율),,,20191210,1189.3,원,ECOS
USDKRW,원/미국달러 환율,D,731Y001,3.1.1.1. 주요국 통화의 대원화환율,0000001,원/미국달러(매매기준율),,,20191211,1192.0,원,ECOS
USDKRW,원/미국달러 환율,D,731Y001,3.1.1.1. 주요국 통화의 대원화환율,0000001,원/미국달러(매매기준율),,,20191212,1193.3,원,ECOS
USDKRW,원/미국달러 환율,D,731Y001,3.1.1.1. 주요국 통화의 대원화환율,0000001,원/미국달러(매매기준율),,,20191213,1188.6,원,ECOS
USDKRW,원/미국달러 환율,D,731Y001,3.1.1.1. 주요국 통화의 대원화환율,0000001,원/미국달러(매매기준율),,,20191216,1171.7,원,ECOS
USDKRW,원/미국달러 환율,D,731Y001,3.1.1.1. 주요국 통화의 대원화환율,0000001,원/미국달러(매매기준율),,,20191217,1172.9,원,ECOS
USDKRW,원/미국달러 환율,D,731Y001,3.1.1.1. 주요국 통화의 대원화환율,0000001,원/미국달러(매매기준율),,,20191218,1166.7,원,ECOS
USDKRW,원/미국달러 환율,D,731Y001,3.1.1.1. 주요국 통화의 대원화환율,0000001,원/미국달러(매매기준율),,,20191219,1165.3,원,ECOS
USDKRW,원/미국달러 환율,D,731Y001,3.1.1.1. 주요국 통화의 대원화환율,0000001,원/미국달러(매매기준율),,,20191220,1164.5,원,ECOS
USDKRW,원/미국달러 환율,D,731Y001,3.1.1.1. 주요국 통화의 대원화환율,0000001,원/미국달러(매매기준율),,,20191223,1162.6,원,ECOS
USDKRW,원/미국달러 환율,D,731Y001,3.1.1.1. 주요국 통화의 대원화환율,0000001,원/미국달러(매매기준율),,,20191224,1161.7,원,ECOS
USDKRW,원/미국달러 환율,D,731Y001,3.1.1.1. 주요국 통화의 대원화환율,0000001,원/미국달러(매매기준율),,,20191226,1163.7,원,ECOS
USDKRW,원/미국달러 환율,D,731Y001,3.1.1.1. 주요국 통화의 대원화환율,0000001,원/미국달러(매매기준율),,,20191227,1161.2,원,ECOS
USDKRW,원/미국달러 환율,D,731Y001,3.1.1.1. 주요국 통화의 대원화환율,0000001,원/미국달러(매매기준율),,,20191230,1160.9,원,ECOS
USDKRW,원/미국달러 환율,D,731Y001,3.1.1.1. 주요국 통화의 대원화환율,0000001,원/미국달러(매매기준율),,,20191231,1157.8,원,ECOS
USDKRW,원/미국달러 환율,D,731Y001,3.1.1.1. 주요국 통화의 대원화환율,0000001,원/미국달러(매매기준율),,,20200102,1157.8,원,ECOS
USDKRW,원/미국달러 환율,D,731Y001,3.1.1.1. 주요국 통화의 대원화환율,0000001,원/미국달러(매매기준율),,,20200103,1156.9,원,ECOS
USDKRW,원/미국달러 환율,D,731Y001,3.1.1.1. 주요국 통화의 대원화환율,0000001,원/미국달러(매매기준율),,,20200106,1162.7,원,ECOS
USDKRW,원/미국달러 환율,D,731Y001,3.1.1.1. 주요국 통화의 대원화환율,0000001,원/미국달러(매매기준율),,,20200107,1169.6,원,ECOS
USDKRW,원/미국달러 환율,D,731Y001,3.1.1.1. 주요국 통화의 대원화환율,0000001,원/미국달러(매매기준율),,,20200108,1165.3,원,ECOS
USDKRW,원/미국달러 환율,D,731Y001,3.1.1.1. 주요국 통화의 대원화환율,0000001,원/미국달러(매매기준율),,,20200109,1174.1,원,ECOS
USDKRW,원/미국달러 환율,D,731Y001,3.1.1.1. 주요국 통화의 대원화환율,0000001,원/미국달러(매매기준율),,,20200110,1160.0,원,ECOS
USDKRW,원/미국달러 환율,D,731Y001,3.1.1.1. 주요국 통화의 대원화환율,0000001,원/미국달러(매매기준율),,,20200113,1161.1,원,ECOS
USDKRW,원/미국달러 환율,D,731Y001,3.1.1.1. 주요국 통화의 대원화환율,0000001,원/미국달러(매매기준율),,,20200114,1155.7,원,ECOS
USDKRW,원/미국달러 환율,D,731Y001,3.1.1.1. 주요국 통화의 대원화환율,0000001,원/미국달러(매매기준율),,,20200115,1153.1,원,ECOS
USDKRW,원/미국달러 환율,D,731Y001,3.1.1.1. 주요국 통화의 대원화환율,0000001,원/미국달러(매매기준율),,,20200116,1158.8,원,ECOS
USDKRW,원/미국달러 환율,D,731Y001,3.1.1.1. 주요국 통화의 대원화환율,0000001,원/미국달러(매매기준율),,,20200117,1159.6,원,ECOS
USDKRW,원/미국달러 환율,D,731Y001,3.1.1.1. 주요국 통화의 대원화환율,0000001,원/미국달러(매매기준율),,,20200120,1158.8,원,ECOS
USDKRW,원/미국달러 환율,D,731Y001,3.1.1.1. 주요국 통화의 대원화환율,0000001,원/미국달러(매매기준율),,,20200121,1158.8,원,ECOS
USDKRW,원/미국달러 환율,D,731Y001,3.1.1.1. 주요국 통화의 대원화환율,0000001,원/미국달러(매매기준율),,,20200122,1164.7,원,ECOS
USDKRW,원/미국달러 환율,D,731Y001,3.1.1.1. 주요국 통화의 대원화환율,0000001,원/미국달러(매매기준율),,,20200123,1165.1,원,ECOS
USDKRW,원/미국달러 환율,D,731Y001,3.1.1.1. 주요국 통화의 대원화환율,0000001,원/미국달러(매매기준율),,,20200128,1167.2,원,ECOS
USDKRW,원/미국달러 환율,D,731Y001,3.1.1.1. 주요국 통화의 대원화환율,0000001,원/미국달러(매매기준율),,,20200129,1176.7,원,ECOS
USDKRW,원/미국달러 환율,D,731Y001,3.1.1.1. 주요국 통화의 대원화환율,0000001,원/미국달러(매매기준율),,,20200130,1176.0,원,ECOS
USDKRW,원/미국달러 환율,D,731Y001,3.1.1.1. 주요국 통화의 대원화환율,0000001,원/미국달러(매매기준율),,,20200131,1183.5,원,ECOS
USDKRW,원/미국달러 환율,D,731Y001,3.1.1.1. 주요국 통화의 대원화환율,0000001,원/미국달러(매매기준율),,,20200203,1187.8,원,ECOS
USDKRW,원/미국달러 환율,D,731Y001,3.1.1.1. 주요국 통화의 대원화환율,0000001,원/미국달러(매매기준율),,,20200204,1196.0,원,ECOS
USDKRW,원/미국달러 환율,D,731Y001,3.1.1.1. 주요국 통화의 대원화환율,0000001,원/미국달러(매매기준율),,,20200205,1189.4,원,ECOS
USDKRW,원/미국달러 환율,D,731Y001,3.1.1.1. 주요국 통화의 대원화환율,0000001,원/미국달러(매매기준율),,,20200206,1188.5,원,ECOS
USDKRW,원/미국달러 환율,D,731Y001,3.1.1.1. 주요국 통화의 대원화환율,0000001,원/미국달러(매매기준율),,,20200207,1181.4,원,ECOS
USDKRW,원/미국달러 환율,D,731Y001,3.1.1.1. 주요국 통화의 대원화환율,0000001,원/미국달러(매매기준율),,,20200210,1187.2,원,ECOS
USDKRW,원/미국달러 환율,D,731Y001,3.1.1.1. 주요국 통화의 대원화환율,0000001,원/미국달러(매매기준율),,,20200211,1189.8,원,ECOS
USDKRW,원/미국달러 환율,D,731Y001,3.1.1.1. 주요국 통화의 대원화환율,0000001,원/미국달러(매매기준율),,,20200212,1184.1,원,ECOS
USDKRW,원/미국달러 환율,D,731Y001,3.1.1.1. 주요국 통화의 대원화환율,0000001,원/미국달러(매매기준율),,,20200213,1179.8,원,ECOS
USDKRW,원/미국달러 환율,D,731Y001,3.1.1.1. 주요국 통화의 대원화환율,0000001,원/미국달러(매매기준율),,,20200214,1181.5,원,ECOS
USDKRW,원/미국달러 환율,D,731Y001,3.1.1.1. 주요국 통화의 대원화환율,0000001,원/미국달러(매매기준율),,,20200217,1183.5,원,ECOS
USDKRW,원/미국달러 환율,D,731Y001,3.1.1.1. 주요국 통화의 대원화환율,0000001,원/미국달러(매매기준율),,,20200218,1182.2,원,ECOS
USDKRW,원/미국달러 환율,D,731Y001,3.1.1.1. 주요국 통화의 대원화환율,0000001,원/미국달러(매매기준율),,,20200219,1188.1,원,ECOS
USDKRW,원/미국달러 환율,D,731Y001,3.1.1.1. 주요국 통화의 대원화환율,0000001,원/미국달러(매매기준율),,,20200220,1190.8,원,ECOS
USDKRW,원/미국달러 환율,D,731Y001,3.1.1.1. 주요국 통화의 대원화환율,0000001,원/미국달러(매매기준율),,,20200221,1197.0,원,ECOS
USDKRW,원/미국달러 환율,D,731Y001,3.1.1.1. 주요국 통화의 대원화환율,0000001,원/미국달러(매매기준율),,,20200224,1205.6,원,ECOS
USDKRW,원/미국달러 환율,D,731Y001,3.1.1.1. 주요국 통화의 대원화환율,0000001,원/미국달러(매매기준율),,,20200225,1217.7,원,ECOS
USDKRW,원/미국달러 환율,D,731Y001,3.1.1.1. 주요국 통화의 대원화환율,0000001,원/미국달러(매매기준율),,,20200226,1212.7,원,ECOS
USDKRW,원/미국달러 환율,D,731Y001,3.1.1.1. 주요국 통화의 대원화환율,0000001,원/미국달러(매매기준율),,,20200227,1216.8,원,ECOS
USDKRW,원/미국달러 환율,D,731Y001,3.1.1.1. 주요국 통화의 대원화환율,0000001,원/미국달러(매매기준율),,,20200228,1215.9,원,ECOS
USDKRW,원/미국달러 환율,D,731Y001,3.1.1.1. 주요국 통화의 대원화환율,0000001,원/미국달러(매매기준율),,,20200302,1215.3,원,ECOS
USDKRW,원/미국달러 환율,D,731Y001,3.1.1.1. 주요국 통화의 대원화환율,0000001,원/미국달러(매매기준율),,,20200303,1200.3,원,ECOS
USDKRW,원/미국달러 환율,D,731Y001,3.1.1.1. 주요국 통화의 대원화환율,0000001,원/미국달러(매매기준율),,,20200304,1191.4,원,ECOS
USDKRW,원/미국달러 환율,D,731Y001,3.1.1.1. 주요국 통화의 대원화환율,0000001,원/미국달러(매매기준율),,,20200305,1186.4,원,ECOS
USDKRW,원/미국달러 환율,D,731Y001,3.1.1.1. 주요국 통화의 대원화환율,0000001,원/미국달러(매매기준율),,,20200306,1185.0,원,ECOS
USDKRW,원/미국달러 환율,D,731Y001,3.1.1.1. 주요국 통화의 대원화환율,0000001,원/미국달러(매매기준율),,,20200309,1191.4,원,ECOS
USDKRW,원/미국달러 환율,D,731Y001,3.1.1.1. 주요국 통화의 대원화환율,0000001,원/미국달러(매매기준율),,,20200310,1201.4,원,ECOS
USDKRW,원/미국달러 환율,D,731Y001,3.1.1.1. 주요국 통화의 대원화환율,0000001,원/미국달러(매매기준율),,,20200311,1196.7,원,ECOS
USDKRW,원/미국달러 환율,D,731Y001,3.1.1.1. 주요국 통화의 대원화환율,0000001,원/미국달러(매매기준율),,,20200312,1192.8,원,ECOS
USDKRW,원/미국달러 환율,D,731Y001,3.1.1.1. 주요국 통화의 대원화환율,0000001,원/미국달러(매매기준율),,,20200313,1202.0,원,ECOS
USDKRW,원/미국달러 환율,D,731Y001,3.1.1.1. 주요국 통화의 대원화환율,0000001,원/미국달러(매매기준율),,,20200316,1222.2,원,ECOS
USDKRW,원/미국달러 환율,D,731Y001,3.1.1.1. 주요국 통화의 대원화환율,0000001,원/미국달러(매매기준율),,,20200317,1219.6,원,ECOS
USDKRW,원/미국달러 환율,D,731Y001,3.1.1.1. 주요국 통화의 대원화환율,0000001,원/미국달러(매매기준율),,,20200318,1241.2,원,ECOS
USDKRW,원/미국달러 환율,D,731Y001,3.1.1.1. 주요국 통화의 대원화환율,0000001,원/미국달러(매매기준율),,,20200319,1237.8,원,ECOS
USDKRW,원/미국달러 환율,D,731Y001,3.1.1.1. 주요국 통화의 대원화환율,0000001,원/미국달러(매매기준율),,,20200320,1280.1,원,ECOS
USDKRW,원/미국달러 환율,D,731Y001,3.1.1.1. 주요국 통화의 대원화환율,0000001,원/미국달러(매매기준율),,,20200323,1254.1,원,ECOS
USDKRW,원/미국달러 환율,D,731Y001,3.1.1.1. 주요국 통화의 대원화환율,0000001,원/미국달러(매매기준율),,,20200324,1274.6,원,ECOS
USDKRW,원/미국달러 환율,D,731Y001,3.1.1.1. 주요국 통화의 대원화환율,0000001,원/미국달러(매매기준율),,,20200325,1256.0,원,ECOS
USDKRW,원/미국달러 환율,D,731Y001,3.1.1.1. 주요국 통화의 대원화환율,0000001,원/미국달러(매매기준율),,,20200326,1230.7,원,ECOS
USDKRW,원/미국달러 환율,D,731Y001,3.1.1.1. 주요국 통화의 대원화환율,0000001,원/미국달러(매매기준율),,,20200327,1227.9,원,ECOS
USDKRW,원/미국달러 환율,D,731Y001,3.1.1.1. 주요국 통화의 대원화환율,0000001,원/미국달러(매매기준율),,,20200330,1212.4,원,ECOS
USDKRW,원/미국달러 환율,D,731Y001,3.1.1.1. 주요국 통화의 대원화환율,0000001,원/미국달러(매매기준율),,,20200331,1222.6,원,ECOS
USDKRW,원/미국달러 환율,D,731Y001,3.1.1.1. 주요국 통화의 대원화환율,0000001,원/미국달러(매매기준율),,,20200401,1220.0,원,ECOS
USDKRW,원/미국달러 환율,D,731Y001,3.1.1.1. 주요국 통화의 대원화환율,0000001,원/미국달러(매매기준율),,,20200402,1222.2,원,ECOS
USDKRW,원/미국달러 환율,D,731Y001,3.1.1.1. 주요국 통화의 대원화환율,0000001,원/미국달러(매매기준율),,,20200403,1237.6,원,ECOS
USDKRW,원/미국달러 환율,D,731Y001,3.1.1.1. 주요국 통화의 대원화환율,0000001,원/미국달러(매매기준율),,,20200406,1229.8,원,ECOS
USDKRW,원/미국달러 환율,D,731Y001,3.1.1.1. 주요국 통화의 대원화환율,0000001,원/미국달러(매매기준율),,,20200407,1233.4,원,ECOS
USDKRW,원/미국달러 환율,D,731Y001,3.1.1.1. 주요국 통화의 대원화환율,0000001,원/미국달러(매매기준율),,,20200408,1222.4,원,ECOS
USDKRW,원/미국달러 환율,D,731Y001,3.1.1.1. 주요국 통화의 대원화환율,0000001,원/미국달러(매매기준율),,,20200409,1219.7,원,ECOS
USDKRW,원/미국달러 환율,D,731Y001,3.1.1.1. 주요국 통화의 대원화환율,0000001,원/미국달러(매매기준율),,,20200410,1216.4,원,ECOS
USDKRW,원/미국달러 환율,D,731Y001,3.1.1.1. 주요국 통화의 대원화환율,0000001,원/미국달러(매매기준율),,,20200413,1212.3,원,ECOS
USDKRW,원/미국달러 환율,D,731Y001,3.1.1.1. 주요국 통화의 대원화환율,0000001,원/미국달러(매매기준율),,,20200414,1218.7,원,ECOS
USDKRW,원/미국달러 환율,D,731Y001,3.1.1.1. 주요국 통화의 대원화환율,0000001,원/미국달러(매매기준율),,,20200416,1216.7,원,ECOS
USDKRW,원/미국달러 환율,D,731Y001,3.1.1.1. 주요국 통화의 대원화환율,0000001,원/미국달러(매매기준율),,,20200417,1227.5,원,ECOS
USDKRW,원/미국달러 환율,D,731Y001,3.1.1.1. 주요국 통화의 대원화환율,0000001,원/미국달러(매매기준율),,,20200420,1219.3,원,ECOS
USDKRW,원/미국달러 환율,D,731Y001,3.1.1.1. 주요국 통화의 대원화환율,0000001,원/미국달러(매매기준율),,,20200421,1218.7,원,ECOS
USDKRW,원/미국달러 환율,D,731Y001,3.1.1.1. 주요국 통화의 대원화환율,0000001,원/미국달러(매매기준율),,,20200422,1231.3,원,ECOS
USDKRW,원/미국달러 환율,D,731Y001,3.1.1.1. 주요국 통화의 대원화환율,0000001,원/미국달러(매매기준율),,,20200423,1235.2,원,ECOS
USDKRW,원/미국달러 환율,D,731Y001,3.1.1.1. 주요국 통화의 대원화환율,0000001,원/미국달러(매매기준율),,,20200424,1232.0,원,ECOS
USDKRW,원/미국달러 환율,D,731Y001,3.1.1.1. 주요국 통화의 대원화환율,0000001,원/미국달러(매매기준율),,,20200427,1235.8,원,ECOS
USDKRW,원/미국달러 환율,D,731Y001,3.1.1.1. 주요국 통화의 대원화환율,0000001,원/미국달러(매매기준율),,,20200428,1230.3,원,ECOS
USDKRW,원/미국달러 환율,D,731Y001,3.1.1.1. 주요국 통화의 대원화환율,0000001,원/미국달러(매매기준율),,,20200429,1225.2,원,ECOS
USDKRW,원/미국달러 환율,D,731Y001,3.1.1.1. 주요국 통화의 대원화환율,0000001,원/미국달러(매매기준율),,,20200504,1218.5,원,ECOS
USDKRW,원/미국달러 환율,D,731Y001,3.1.1.1. 주요국 통화의 대원화환율,0000001,원/미국달러(매매기준율),,,20200506,1227.8,원,ECOS
USDKRW,원/미국달러 환율,D,731Y001,3.1.1.1. 주요국 통화의 대원화환율,0000001,원/미국달러(매매기준율),,,20200507,1223.3,원,ECOS
USDKRW,원/미국달러 환율,D,731Y001,3.1.1.1. 주요국 통화의 대원화환율,0000001,원/미국달러(매매기준율),,,20200508,1226.5,원,ECOS
USDKRW,원/미국달러 환율,D,731Y001,3.1.1.1. 주요국 통화의 대원화환율,0000001,원/미국달러(매매기준율),,,20200511,1217.7,원,ECOS
USDKRW,원/미국달러 환율,D,731Y001,3.1.1.1. 주요국 통화의 대원화환율,0000001,원/미국달러(매매기준율),,,20200512,1217.8,원,ECOS
USDKRW,원/미국달러 환율,D,731Y001,3.1.1.1. 주요국 통화의 대원화환율,0000001,원/미국달러(매매기준율),,,20200513,1226.7,원,ECOS
USDKRW,원/미국달러 환율,D,731Y001,3.1.1.1. 주요국 통화의 대원화환율,0000001,원/미국달러(매매기준율),,,20200514,1226.3,원,ECOS
USDKRW,원/미국달러 환율,D,731Y001,3.1.1.1. 주요국 통화의 대원화환율,0000001,원/미국달러(매매기준율),,,20200515,1227.9,원,ECOS
USDKRW,원/미국달러 환율,D,731Y001,3.1.1.1. 주요국 통화의 대원화환율,0000001,원/미국달러(매매기준율),,,20200518,1229.3,원,ECOS
USDKRW,원/미국달러 환율,D,731Y001,3.1.1.1. 주요국 통화의 대원화환율,0000001,원/미국달러(매매기준율),,,20200519,1231.6,원,ECOS
USDKRW,원/미국달러 환율,D,731Y001,3.1.1.1. 주요국 통화의 대원화환율,0000001,원/미국달러(매매기준율),,,20200520,1224.5,원,ECOS
USDKRW,원/미국달러 환율,D,731Y001,3.1.1.1. 주요국 통화의 대원화환율,0000001,원/미국달러(매매기준율),,,20200521,1227.8,원,ECOS
USDKRW,원/미국달러 환율,D,731Y001,3.1.1.1. 주요국 통화의 대원화환율,0000001,원/미국달러(매매기준율),,,20200522,1230.7,원,ECOS
USDKRW,원/미국달러 환율,D,731Y001,3.1.1.1. 주요국 통화의 대원화환율,0000001,원/미국달러(매매기준율),,,20200525,1236.2,원,ECOS
USDKRW,원/미국달러 환율,D,731Y001,3.1.1.1. 주요국 통화의 대원화환율,0000001,원/미국달러(매매기준율),,,20200526,1242.0,원,ECOS
USDKRW,원/미국달러 환율,D,731Y001,3.1.1.1. 주요국 통화의 대원화환율,0000001,원/미국달러(매매기준율),,,20200527,1237.1,원,ECOS
USDKRW,원/미국달러 환율,D,731Y001,3.1.1.1. 주요국 통화의 대원화환율,0000001,원/미국달러(매매기준율),,,20200528,1233.7,원,ECOS
USDKRW,원/미국달러 환율,D,731Y001,3.1.1.1. 주요국 통화의 대원화환율,0000001,원/미국달러(매매기준율),,,20200529,1239.4,원,ECOS
USDKRW,원/미국달러 환율,D,731Y001,3.1.1.1. 주요국 통화의 대원화환율,0000001,원/미국달러(매매기준율),,,20200601,1237.6,원,ECOS
USDKRW,원/미국달러 환율,D,731Y001,3.1.1.1. 주요국 통화의 대원화환율,0000001,원/미국달러(매매기준율),,,20200602,1227.8,원,ECOS
USDKRW,원/미국달러 환율,D,731Y001,3.1.1.1. 주요국 통화의 대원화환율,0000001,원/미국달러(매매기준율),,,20200603,1224.1,원,ECOS
USDKRW,원/미국달러 환율,D,731Y001,3.1.1.1. 주요국 통화의 대원화환율,0000001,원/미국달러(매매기준율),,,20200604,1216.9,원,ECOS
USDKRW,원/미국달러 환율,D,731Y001,3.1.1.1. 주요국 통화의 대원화환율,0000001,원/미국달러(매매기준율),,,20200605,1217.4,원,ECOS
USDKRW,원/미국달러 환율,D,731Y001,3.1.1.1. 주요국 통화의 대원화환율,0000001,원/미국달러(매매기준율),,,20200608,1213.1,원,ECOS
USDKRW,원/미국달러 환율,D,731Y001,3.1.1.1. 주요국 통화의 대원화환율,0000001,원/미국달러(매매기준율),,,20200609,1204.2,원,ECOS
USDKRW,원/미국달러 환율,D,731Y001,3.1.1.1. 주요국 통화의 대원화환율,0000001,원/미국달러(매매기준율),,,20200610,1197.7,원,ECOS
USDKRW,원/미국달러 환율,D,731Y001,3.1.1.1. 주요국 통화의 대원화환율,0000001,원/미국달러(매매기준율),,,20200611,1194.4,원,ECOS
USDKRW,원/미국달러 환율,D,731Y001,3.1.1.1. 주요국 통화의 대원화환율,0000001,원/미국달러(매매기준율),,,20200612,1192.8,원,ECOS
USDKRW,원/미국달러 환율,D,731Y001,3.1.1.1. 주요국 통화의 대원화환율,0000001,원/미국달러(매매기준율),,,20200615,1206.6,원,ECOS
USDKRW,원/미국달러 환율,D,731Y001,3.1.1.1. 주요국 통화의 대원화환율,0000001,원/미국달러(매매기준율),,,20200616,1210.8,원,ECOS
USDKRW,원/미국달러 환율,D,731Y001,3.1.1.1. 주요국 통화의 대원화환율,0000001,원/미국달러(매매기준율),,,20200617,1206.6,원,ECOS
USDKRW,원/미국달러 환율,D,731Y001,3.1.1.1. 주요국 통화의 대원화환율,0000001,원/미국달러(매매기준율),,,20200618,1214.5,원,ECOS
USDKRW,원/미국달러 환율,D,731Y001,3.1.1.1. 주요국 통화의 대원화환율,0000001,원/미국달러(매매기준율),,,20200619,1213.0,원,ECOS
USDKRW,원/미국달러 환율,D,731Y001,3.1.1.1. 주요국 통화의 대원화환율,0000001,원/미국달러(매매기준율),,,20200622,1212.0,원,ECOS
USDKRW,원/미국달러 환율,D,731Y001,3.1.1.1. 주요국 통화의 대원화환율,0000001,원/미국달러(매매기준율),,,20200623,1213.2,원,ECOS
USDKRW,원/미국달러 환율,D,731Y001,3.1.1.1. 주요국 통화의 대원화환율,0000001,원/미국달러(매매기준율),,,20200624,1210.1,원,ECOS
USDKRW,원/미국달러 환율,D,731Y001,3.1.1.1. 주요국 통화의 대원화환율,0000001,원/미국달러(매매기준율),,,20200625,1202.9,원,ECOS
USDKRW,원/미국달러 환율,D,731Y001,3.1.1.1. 주요국 통화의 대원화환율,0000001,원/미국달러(매매기준율),,,20200626,1205.2,원,ECOS
USDKRW,원/미국달러 환율,D,731Y001,3.1.1.1. 주요국 통화의 대원화환율,0000001,원/미국달러(매매기준율),,,20200629,1198.6,원,ECOS
USDKRW,원/미국달러 환율,D,731Y001,3.1.1.1. 주요국 통화의 대원화환율,0000001,원/미국달러(매매기준율),,,20200630,1200.7,원,ECOS
USDKRW,원/미국달러 환율,D,731Y001,3.1.1.1. 주요국 통화의 대원화환율,0000001,원/미국달러(매매기준율),,,20200701,1198.5,원,ECOS
USDKRW,원/미국달러 환율,D,731Y001,3.1.1.1. 주요국 통화의 대원화환율,0000001,원/미국달러(매매기준율),,,20200702,1201.6,원,ECOS
USDKRW,원/미국달러 환율,D,731Y001,3.1.1.1. 주요국 통화의 대원화환율,0000001,원/미국달러(매매기준율),,,20200703,1201.0,원,ECOS
USDKRW,원/미국달러 환율,D,731Y001,3.1.1.1. 주요국 통화의 대원화환율,0000001,원/미국달러(매매기준율),,,20200706,1200.4,원,ECOS
USDKRW,원/미국달러 환율,D,731Y001,3.1.1.1. 주요국 통화의 대원화환율,0000001,원/미국달러(매매기준율),,,20200707,1196.8,원,ECOS
USDKRW,원/미국달러 환율,D,731Y001,3.1.1.1. 주요국 통화의 대원화환율,0000001,원/미국달러(매매기준율),,,20200708,1192.9,원,ECOS
USDKRW,원/미국달러 환율,D,731Y001,3.1.1.1. 주요국 통화의 대원화환율,0000001,원/미국달러(매매기준율),,,20200709,1195.8,원,ECOS
USDKRW,원/미국달러 환율,D,731Y001,3.1.1.1. 주요국 통화의 대원화환율,0000001,원/미국달러(매매기준율),,,20200710,1194.5,원,ECOS
USDKRW,원/미국달러 환율,D,731Y001,3.1.1.1. 주요국 통화의 대원화환율,0000001,원/미국달러(매매기준율),,,20200713,1202.4,원,ECOS
USDKRW,원/미국달러 환율,D,731Y001,3.1.1.1. 주요국 통화의 대원화환율,0000001,원/미국달러(매매기준율),,,20200714,1200.3,원,ECOS
USDKRW,원/미국달러 환율,D,731Y001,3.1.1.1. 주요국 통화의 대원화환율,0000001,원/미국달러(매매기준율),,,20200715,1206.4,원,ECOS
USDKRW,원/미국달러 환율,D,731Y001,3.1.1.1. 주요국 통화의 대원화환율,0000001,원/미국달러(매매기준율),,,20200716,1200.7,원,ECOS
USDKRW,원/미국달러 환율,D,731Y001,3.1.1.1. 주요국 통화의 대원화환율,0000001,원/미국달러(매매기준율),,,20200717,1204.1,원,ECOS
USDKRW,원/미국달러 환율,D,731Y001,3.1.1.1. 주요국 통화의 대원화환율,0000001,원/미국달러(매매기준율),,,20200720,1205.7,원,ECOS
USDKRW,원/미국달러 환율,D,731Y001,3.1.1.1. 주요국 통화의 대원화환율,0000001,원/미국달러(매매기준율),,,20200721,1203.7,원,ECOS
USDKRW,원/미국달러 환율,D,731Y001,3.1.1.1. 주요국 통화의 대원화환율,0000001,원/미국달러(매매기준율),,,20200722,1198.1,원,ECOS
USDKRW,원/미국달러 환율,D,731Y001,3.1.1.1. 주요국 통화의 대원화환율,0000001,원/미국달러(매매기준율),,,20200723,1193.7,원,ECOS
USDKRW,원/미국달러 환율,D,731Y001,3.1.1.1. 주요국 통화의 대원화환율,0000001,원/미국달러(매매기준율),,,20200724,1198.5,원,ECOS
USDKRW,원/미국달러 환율,D,731Y001,3.1.1.1. 주요국 통화의 대원화환율,0000001,원/미국달러(매매기준율),,,20200727,1201.3,원,ECOS
USDKRW,원/미국달러 환율,D,731Y001,3.1.1.1. 주요국 통화의 대원화환율,0000001,원/미국달러(매매기준율),,,20200728,1196.6,원,ECOS
USDKRW,원/미국달러 환율,D,731Y001,3.1.1.1. 주요국 통화의 대원화환율,0000001,원/미국달러(매매기준율),,,20200729,1195.1,원,ECOS
USDKRW,원/미국달러 환율,D,731Y001,3.1.1.1. 주요국 통화의 대원화환율,0000001,원/미국달러(매매기준율),,,20200730,1195.2,원,ECOS
USDKRW,원/미국달러 환율,D,731Y001,3.1.1.1. 주요국 통화의 대원화환율,0000001,원/미국달러(매매기준율),,,20200731,1191.4,원,ECOS
USDKRW,원/미국달러 환율,D,731Y001,3.1.1.1. 주요국 통화의 대원화환율,0000001,원/미국달러(매매기준율),,,20200803,1189.1,원,ECOS
USDKRW,원/미국달러 환율,D,731Y001,3.1.1.1. 주요국 통화의 대원화환율,0000001,원/미국달러(매매기준율),,,20200804,1193.7,원,ECOS
USDKRW,원/미국달러 환율,D,731Y001,3.1.1.1. 주요국 통화의 대원화환율,0000001,원/미국달러(매매기준율),,,20200805,1193.5,원,ECOS
USDKRW,원/미국달러 환율,D,731Y001,3.1.1.1. 주요국 통화의 대원화환율,0000001,원/미국달러(매매기준율),,,20200806,1190.3,원,ECOS
USDKRW,원/미국달러 환율,D,731Y001,3.1.1.1. 주요국 통화의 대원화환율,0000001,원/미국달러(매매기준율),,,20200807,1184.3,원,ECOS
USDKRW,원/미국달러 환율,D,731Y001,3.1.1.1. 주요국 통화의 대원화환율,0000001,원/미국달러(매매기준율),,,20200810,1185.9,원,ECOS
USDKRW,원/미국달러 환율,D,731Y001,3.1.1.1. 주요국 통화의 대원화환율,0000001,원/미국달러(매매기준율),,,20200811,1186.7,원,ECOS
USDKRW,원/미국달러 환율,D,731Y001,3.1.1.1. 주요국 통화의 대원화환율,0000001,원/미국달러(매매기준율),,,20200812,1184.9,원,ECOS
USDKRW,원/미국달러 환율,D,731Y001,3.1.1.1. 주요국 통화의 대원화환율,0000001,원/미국달러(매매기준율),,,20200813,1186.0,원,ECOS
USDKRW,원/미국달러 환율,D,731Y001,3.1.1.1. 주요국 통화의 대원화환율,0000001,원/미국달러(매매기준율),,,20200814,1183.6,원,ECOS
USDKRW,원/미국달러 환율,D,731Y001,3.1.1.1. 주요국 통화의 대원화환율,0000001,원/미국달러(매매기준율),,,20200818,1185.8,원,ECOS
USDKRW,원/미국달러 환율,D,731Y001,3.1.1.1. 주요국 통화의 대원화환율,0000001,원/미국달러(매매기준율),,,20200819,1185.1,원,ECOS
USDKRW,원/미국달러 환율,D,731Y001,3.1.1.1. 주요국 통화의 대원화환율,0000001,원/미국달러(매매기준율),,,20200820,1182.3,원,ECOS
USDKRW,원/미국달러 환율,D,731Y001,3.1.1.1. 주요국 통화의 대원화환율,0000001,원/미국달러(매매기준율),,,20200821,1186.3,원,ECOS
USDKRW,원/미국달러 환율,D,731Y001,3.1.1.1. 주요국 통화의 대원화환율,0000001,원/미국달러(매매기준율),,,20200824,1185.3,원,ECOS
USDKRW,원/미국달러 환율,D,731Y001,3.1.1.1. 주요국 통화의 대원화환율,0000001,원/미국달러(매매기준율),,,20200825,1190.0,원,ECOS
USDKRW,원/미국달러 환율,D,731Y001,3.1.1.1. 주요국 통화의 대원화환율,0000001,원/미국달러(매매기준율),,,20200826,1186.3,원,ECOS
USDKRW,원/미국달러 환율,D,731Y001,3.1.1.1. 주요국 통화의 대원화환율,0000001,원/미국달러(매매기준율),,,20200827,1187.0,원,ECOS
USDKRW,원/미국달러 환율,D,731Y001,3.1.1.1. 주요국 통화의 대원화환율,0000001,원/미국달러(매매기준율),,,20200828,1185.7,원,ECOS
USDKRW,원/미국달러 환율,D,731Y001,3.1.1.1. 주요국 통화의 대원화환율,0000001,원/미국달러(매매기준율),,,20200831,1185.1,원,ECOS
USDKRW,원/미국달러 환율,D,731Y001,3.1.1.1. 주요국 통화의 대원화환율,0000001,원/미국달러(매매기준율),,,20200901,1183.3,원,ECOS
USDKRW,원/미국달러 환율,D,731Y001,3.1.1.1. 주요국 통화의 대원화환율,0000001,원/미국달러(매매기준율),,,20200902,1184.6,원,ECOS
USDKRW,원/미국달러 환율,D,731Y001,3.1.1.1. 주요국 통화의 대원화환율,0000001,원/미국달러(매매기준율),,,20200903,1186.2,원,ECOS
USDKRW,원/미국달러 환율,D,731Y001,3.1.1.1. 주요국 통화의 대원화환율,0000001,원/미국달러(매매기준율),,,20200904,1187.5,원,ECOS
USDKRW,원/미국달러 환율,D,731Y001,3.1.1.1. 주요국 통화의 대원화환율,0000001,원/미국달러(매매기준율),,,20200907,1190.2,원,ECOS
USDKRW,원/미국달러 환율,D,731Y001,3.1.1.1. 주요국 통화의 대원화환율,0000001,원/미국달러(매매기준율),,,20200908,1187.2,원,ECOS
USDKRW,원/미국달러 환율,D,731Y001,3.1.1.1. 주요국 통화의 대원화환율,0000001,원/미국달러(매매기준율),,,20200909,1187.9,원,ECOS
USDKRW,원/미국달러 환율,D,731Y001,3.1.1.1. 주요국 통화의 대원화환율,0000001,원/미국달러(매매기준율),,,20200910,1189.6,원,ECOS
USDKRW,원/미국달러 환율,D,731Y001,3.1.1.1. 주요국 통화의 대원화환율,0000001,원/미국달러(매매기준율),,,20200911,1185.3,원,ECOS
USDKRW,원/미국달러 환율,D,731Y001,3.1.1.1. 주요국 통화의 대원화환율,0000001,원/미국달러(매매기준율),,,20200914,1188.3,원,ECOS
USDKRW,원/미국달러 환율,D,731Y001,3.1.1.1. 주요국 통화의 대원화환율,0000001,원/미국달러(매매기준율),,,20200915,1184.2,원,ECOS
USDKRW,원/미국달러 환율,D,731Y001,3.1.1.1. 주요국 통화의 대원화환율,0000001,원/미국달러(매매기준율),,,20200916,1180.5,원,ECOS
USDKRW,원/미국달러 환율,D,731Y001,3.1.1.1. 주요국 통화의 대원화환율,0000001,원/미국달러(매매기준율),,,20200917,1177.8,원,ECOS
USDKRW,원/미국달러 환율,D,731Y001,3.1.1.1. 주요국 통화의 대원화환율,0000001,원/미국달러(매매기준율),,,20200918,1175.4,원,ECOS
USDKRW,원/미국달러 환율,D,731Y001,3.1.1.1. 주요국 통화의 대원화환율,0000001,원/미국달러(매매기준율),,,20200921,1163.6,원,ECOS
USDKRW,원/미국달러 환율,D,731Y001,3.1.1.1. 주요국 통화의 대원화환율,0000001,원/미국달러(매매기준율),,,20200922,1160.6,원,ECOS
USDKRW,원/미국달러 환율,D,731Y001,3.1.1.1. 주요국 통화의 대원화환율,0000001,원/미국달러(매매기준율),,,20200923,1163.9,원,ECOS
USDKRW,원/미국달러 환율,D,731Y001,3.1.1.1. 주요국 통화의 대원화환율,0000001,원/미국달러(매매기준율),,,20200924,1164.4,원,ECOS
USDKRW,원/미국달러 환율,D,731Y001,3.1.1.1. 주요국 통화의 대원화환율,0000001,원/미국달러(매매기준율),,,20200925,1170.3,원,ECOS
USDKRW,원/미국달러 환율,D,731Y001,3.1.1.1. 주요국 통화의 대원화환율,0000001,원/미국달러(매매기준율),,,20200928,1170.5,원,ECOS
USDKRW,원/미국달러 환율,D,731Y001,3.1.1.1. 주요국 통화의 대원화환율,0000001,원/미국달러(매매기준율),,,20200929,1173.5,원,ECOS
USDKRW,원/미국달러 환율,D,731Y001,3.1.1.1. 주요국 통화의 대원화환율,0000001,원/미국달러(매매기준율),,,20201005,1169.5,원,ECOS
USDKRW,원/미국달러 환율,D,731Y001,3.1.1.1. 주요국 통화의 대원화환율,0000001,원/미국달러(매매기준율),,,20201006,1163.4,원,ECOS
USDKRW,원/미국달러 환율,D,731Y001,3.1.1.1. 주요국 통화의 대원화환율,0000001,원/미국달러(매매기준율),,,20201007,1160.0,원,ECOS
USDKRW,원/미국달러 환율,D,731Y001,3.1.1.1. 주요국 통화의 대원화환율,0000001,원/미국달러(매매기준율),,,20201008,1162.5,원,ECOS
USDKRW,원/미국달러 환율,D,731Y001,3.1.1.1. 주요국 통화의 대원화환율,0000001,원/미국달러(매매기준율),,,20201012,1156.2,원,ECOS
USDKRW,원/미국달러 환율,D,731Y001,3.1.1.1. 주요국 통화의 대원화환율,0000001,원/미국달러(매매기준율),,,20201013,1148.3,원,ECOS
USDKRW,원/미국달러 환율,D,731Y001,3.1.1.1. 주요국 통화의 대원화환율,0000001,원/미국달러(매매기준율),,,20201014,1149.5,원,ECOS
USDKRW,원/미국달러 환율,D,731Y001,3.1.1.1. 주요국 통화의 대원화환율,0000001,원/미국달러(매매기준율),,,20201015,1145.7,원,ECOS
USDKRW,원/미국달러 환율,D,731Y001,3.1.1.1. 주요국 통화의 대원화환율,0000001,원/미국달러(매매기준율),,,20201016,1144.6,원,ECOS
USDKRW,원/미국달러 환율,D,731Y001,3.1.1.1. 주요국 통화의 대원화환율,0000001,원/미국달러(매매기준율),,,20201019,1145.6,원,ECOS
USDKRW,원/미국달러 환율,D,731Y001,3.1.1.1. 주요국 통화의 대원화환율,0000001,원/미국달러(매매기준율),,,20201020,1142.2,원,ECOS
USDKRW,원/미국달러 환율,D,731Y001,3.1.1.1. 주요국 통화의 대원화환율,0000001,원/미국달러(매매기준율),,,20201021,1139.7,원,ECOS
USDKRW,원/미국달러 환율,D,731Y001,3.1.1.1. 주요국 통화의 대원화환율,0000001,원/미국달러(매매기준율),,,20201022,1133.7,원,ECOS
USDKRW,원/미국달러 환율,D,731Y001,3.1.1.1. 주요국 통화의 대원화환율,0000001,원/미국달러(매매기준율),,,20201023,1134.1,원,ECOS
USDKRW,원/미국달러 환율,D,731Y001,3.1.1.1. 주요국 통화의 대원화환율,0000001,원/미국달러(매매기준율),,,20201026,1134.6,원,ECOS
USDKRW,원/미국달러 환율,D,731Y001,3.1.1.1. 주요국 통화의 대원화환율,0000001,원/미국달러(매매기준율),,,20201027,1129.1,원,ECOS
USDKRW,원/미국달러 환율,D,731Y001,3.1.1.1. 주요국 통화의 대원화환율,0000001,원/미국달러(매매기준율),,,20201028,1127.6,원,ECOS
USDKRW,원/미국달러 환율,D,731Y001,3.1.1.1. 주요국 통화의 대원화환율,0000001,원/미국달러(매매기준율),,,20201029,1129.3,원,ECOS
USDKRW,원/미국달러 환율,D,731Y001,3.1.1.1. 주요국 통화의 대원화환율,0000001,원/미국달러(매매기준율),,,20201030,1133.4,원,ECOS
USDKRW,원/미국달러 환율,D,731Y001,3.1.1.1. 주요국 통화의 대원화환율,0000001,원/미국달러(매매기준율),,,20201102,1130.4,원,ECOS
USDKRW,원/미국달러 환율,D,731Y001,3.1.1.1. 주요국 통화의 대원화환율,0000001,원/미국달러(매매기준율),,,20201103,1134.7,원,ECOS
USDKRW,원/미국달러 환율,D,731Y001,3.1.1.1. 주요국 통화의 대원화환율,0000001,원/미국달러(매매기준율),,,20201104,1134.6,원,ECOS
USDKRW,원/미국달러 환율,D,731Y001,3.1.1.1. 주요국 통화의 대원화환율,0000001,원/미국달러(매매기준율),,,20201105,1136.5,원,ECOS
USDKRW,원/미국달러 환율,D,731Y001,3.1.1.1. 주요국 통화의 대원화환율,0000001,원/미국달러(매매기준율),,,20201106,1130.9,원,ECOS
USDKRW,원/미국달러 환율,D,731Y001,3.1.1.1. 주요국 통화의 대원화환율,0000001,원/미국달러(매매기준율),,,20201109,1124.4,원,ECOS
USDKRW,원/미국달러 환율,D,731Y001,3.1.1.1. 주요국 통화의 대원화환율,0000001,원/미국달러(매매기준율),,,20201110,1115.6,원,ECOS
USDKRW,원/미국달러 환율,D,731Y001,3.1.1.1. 주요국 통화의 대원화환율,0000001,원/미국달러(매매기준율),,,20201111,1115.9,원,ECOS
USDKRW,원/미국달러 환율,D,731Y001,3.1.1.1. 주요국 통화의 대원화환율,0000001,원/미국달러(매매기준율),,,20201112,1112.4,원,ECOS
USDKRW,원/미국달러 환율,D,731Y001,3.1.1.1. 주요국 통화의 대원화환율,0000001,원/미국달러(매매기준율),,,20201113,1113.2,원,ECOS
USDKRW,원/미국달러 환율,D,731Y001,3.1.1.1. 주요국 통화의 대원화환율,0000001,원/미국달러(매매기준율),,,20201116,1115.1,원,ECOS
USDKRW,원/미국달러 환율,D,731Y001,3.1.1.1. 주요국 통화의 대원화환율,0000001,원/미국달러(매매기준율),,,20201117,1108.0,원,ECOS
USDKRW,원/미국달러 환율,D,731Y001,3.1.1.1. 주요국 통화의 대원화환율,0000001,원/미국달러(매매기준율),,,20201118,1106.8,원,ECOS
USDKRW,원/미국달러 환율,D,731Y001,3.1.1.1. 주요국 통화의 대원화환율,0000001,원/미국달러(매매기준율),,,20201119,1105.9,원,ECOS
USDKRW,원/미국달러 환율,D,731Y001,3.1.1.1. 주요국 통화의 대원화환율,0000001,원/미국달러(매매기준율),,,20201120,1112.2,원,ECOS
USDKRW,원/미국달러 환율,D,731Y001,3.1.1.1. 주요국 통화의 대원화환율,0000001,원/미국달러(매매기준율),,,20201123,1114.2,원,ECOS
USDKRW,원/미국달러 환율,D,731Y001,3.1.1.1. 주요국 통화의 대원화환율,0000001,원/미국달러(매매기준율),,,20201124,1112.6,원,ECOS
USDKRW,원/미국달러 환율,D,731Y001,3.1.1.1. 주요국 통화의 대원화환율,0000001,원/미국달러(매매기준율),,,20201125,1111.2,원,ECOS
USDKRW,원/미국달러 환율,D,731Y001,3.1.1.1. 주요국 통화의 대원화환율,0000001,원/미국달러(매매기준율),,,20201126,1107.2,원,ECOS
USDKRW,원/미국달러 환율,D,731Y001,3.1.1.1. 주요국 통화의 대원화환율,0000001,원/미국달러(매매기준율),,,20201127,1105.8,원,ECOS
USDKRW,원/미국달러 환율,D,731Y001,3.1.1.1. 주요국 통화의 대원화환율,0000001,원/미국달러(매매기준율),,,20201130,1104.4,원,ECOS
USDKRW,원/미국달러 환율,D,731Y001,3.1.1.1. 주요국 통화의 대원화환율,0000001,원/미국달러(매매기준율),,,20201201,1104.9,원,ECOS
USDKRW,원/미국달러 환율,D,731Y001,3.1.1.1. 주요국 통화의 대원화환율,0000001,원/미국달러(매매기준율),,,20201202,1107.1,원,ECOS
USDKRW,원/미국달러 환율,D,731Y001,3.1.1.1. 주요국 통화의 대원화환율,0000001,원/미국달러(매매기준율),,,20201203,1103.3,원,ECOS
USDKRW,원/미국달러 환율,D,731Y001,3.1.1.1. 주요국 통화의 대원화환율,0000001,원/미국달러(매매기준율),,,20201204,1098.1,원,ECOS
USDKRW,원/미국달러 환율,D,731Y001,3.1.1.1. 주요국 통화의 대원화환율,0000001,원/미국달러(매매기준율),,,20201207,1086.6,원,ECOS
USDKRW,원/미국달러 환율,D,731Y001,3.1.1.1. 주요국 통화의 대원화환율,0000001,원/미국달러(매매기준율),,,20201208,1082.7,원,ECOS
USDKRW,원/미국달러 환율,D,731Y001,3.1.1.1. 주요국 통화의 대원화환율,0000001,원/미국달러(매매기준율),,,20201209,1084.4,원,ECOS
USDKRW,원/미국달러 환율,D,731Y001,3.1.1.1. 주요국 통화의 대원화환율,0000001,원/미국달러(매매기준율),,,20201210,1083.6,원,ECOS
USDKRW,원/미국달러 환율,D,731Y001,3.1.1.1. 주요국 통화의 대원화환율,0000001,원/미국달러(매매기준율),,,20201211,1086.2,원,ECOS
USDKRW,원/미국달러 환율,D,731Y001,3.1.1.1. 주요국 통화의 대원화환율,0000001,원/미국달러(매매기준율),,,20201214,1089.3,원,ECOS
USDKRW,원/미국달러 환율,D,731Y001,3.1.1.1. 주요국 통화의 대원화환율,0000001,원/미국달러(매매기준율),,,20201215,1090.8,원,ECOS
USDKRW,원/미국달러 환율,D,731Y001,3.1.1.1. 주요국 통화의 대원화환율,0000001,원/미국달러(매매기준율),,,20201216,1093.2,원,ECOS
USDKRW,원/미국달러 환율,D,731Y001,3.1.1.1. 주요국 통화의 대원화환율,0000001,원/미국달러(매매기준율),,,20201217,1092.2,원,ECOS
USDKRW,원/미국달러 환율,D,731Y001,3.1.1.1. 주요국 통화의 대원화환율,0000001,원/미국달러(매매기준율),,,20201218,1092.8,원,ECOS
USDKRW,원/미국달러 환율,D,731Y001,3.1.1.1. 주요국 통화의 대원화환율,0000001,원/미국달러(매매기준율),,,20201221,1097.9,원,ECOS
USDKRW,원/미국달러 환율,D,731Y001,3.1.1.1. 주요국 통화의 대원화환율,0000001,원/미국달러(매매기준율),,,20201222,1101.2,원,ECOS
USDKRW,원/미국달러 환율,D,731Y001,3.1.1.1. 주요국 통화의 대원화환율,0000001,원/미국달러(매매기준율),,,20201223,1106.6,원,ECOS
USDKRW,원/미국달러 환율,D,731Y001,3.1.1.1. 주요국 통화의 대원화환율,0000001,원/미국달러(매매기준율),,,20201224,1108.9,원,ECOS
USDKRW,원/미국달러 환율,D,731Y001,3.1.1.1. 주요국 통화의 대원화환율,0000001,원/미국달러(매매기준율),,,20201228,1103.7,원,ECOS
USDKRW,원/미국달러 환율,D,731Y001,3.1.1.1. 주요국 통화의 대원화환율,0000001,원/미국달러(매매기준율),,,20201229,1098.2,원,ECOS
USDKRW,원/미국달러 환율,D,731Y001,3.1.1.1. 주요국 통화의 대원화환율,0000001,원/미국달러(매매기준율),,,20201230,1093.2,원,ECOS
USDKRW,원/미국달러 환율,D,731Y001,3.1.1.1. 주요국 통화의 대원화환율,0000001,원/미국달러(매매기준율),,,20201231,1088.0,원,ECOS
USDKRW,원/미국달러 환율,D,731Y001,3.1.1.1. 주요국 통화의 대원화환율,0000001,원/미국달러(매매기준율),,,20210104,1088.0,원,ECOS
USDKRW,원/미국달러 환율,D,731Y001,3.1.1.1. 주요국 통화의 대원화환율,0000001,원/미국달러(매매기준율),,,20210105,1083.1,원,ECOS
USDKRW,원/미국달러 환율,D,731Y001,3.1.1.1. 주요국 통화의 대원화환율,0000001,원/미국달러(매매기준율),,,20210106,1086.1,원,ECOS
USDKRW,원/미국달러 환율,D,731Y001,3.1.1.1. 주요국 통화의 대원화환율,0000001,원/미국달러(매매기준율),,,20210107,1086.8,원,ECOS
USDKRW,원/미국달러 환율,D,731Y001,3.1.1.1. 주요국 통화의 대원화환율,0000001,원/미국달러(매매기준율),,,20210108,1087.7,원,ECOS
USDKRW,원/미국달러 환율,D,731Y001,3.1.1.1. 주요국 통화의 대원화환율,0000001,원/미국달러(매매기준율),,,20210111,1094.4,원,ECOS
USDKRW,원/미국달러 환율,D,731Y001,3.1.1.1. 주요국 통화의 대원화환율,0000001,원/미국달러(매매기준율),,,20210112,1097.8,원,ECOS
USDKRW,원/미국달러 환율,D,731Y001,3.1.1.1. 주요국 통화의 대원화환율,0000001,원/미국달러(매매기준율),,,20210113,1099.9,원,ECOS
USDKRW,원/미국달러 환율,D,731Y001,3.1.1.1. 주요국 통화의 대원화환율,0000001,원/미국달러(매매기준율),,,20210114,1095.0,원,ECOS
USDKRW,원/미국달러 환율,D,731Y001,3.1.1.1. 주요국 통화의 대원화환율,0000001,원/미국달러(매매기준율),,,20210115,1100.3,원,ECOS
USDKRW,원/미국달러 환율,D,731Y001,3.1.1.1. 주요국 통화의 대원화환율,0000001,원/미국달러(매매기준율),,,20210118,1097.9,원,ECOS
USDKRW,원/미국달러 환율,D,731Y001,3.1.1.1. 주요국 통화의 대원화환율,0000001,원/미국달러(매매기준율),,,20210119,1104.4,원,ECOS
USDKRW,원/미국달러 환율,D,731Y001,3.1.1.1. 주요국 통화의 대원화환율,0000001,원/미국달러(매매기준율),,,20210120,1102.1,원,ECOS
USDKRW,원/미국달러 환율,D,731Y001,3.1.1.1. 주요국 통화의 대원화환율,0000001,원/미국달러(매매기준율),,,20210121,1100.0,원,ECOS
USDKRW,원/미국달러 환율,D,731Y001,3.1.1.1. 주요국 통화의 대원화환율,0000001,원/미국달러(매매기준율),,,20210122,1099.2,원,ECOS
USDKRW,원/미국달러 환율,D,731Y001,3.1.1.1. 주요국 통화의 대원화환율,0000001,원/미국달러(매매기준율),,,20210125,1102.3,원,ECOS
USDKRW,원/미국달러 환율,D,731Y001,3.1.1.1. 주요국 통화의 대원화환율,0000001,원/미국달러(매매기준율),,,20210126,1103.2,원,ECOS
USDKRW,원/미국달러 환율,D,731Y001,3.1.1.1. 주요국 통화의 대원화환율,0000001,원/미국달러(매매기준율),,,20210127,1103.0,원,ECOS
USDKRW,원/미국달러 환율,D,731Y001,3.1.1.1. 주요국 통화의 대원화환율,0000001,원/미국달러(매매기준율),,,20210128,1104.0,원,ECOS
USDKRW,원/미국달러 환율,D,731Y001,3.1.1.1. 주요국 통화의 대원화환율,0000001,원/미국달러(매매기준율),,,20210129,1114.6,원,ECOS
USDKRW,원/미국달러 환율,D,731Y001,3.1.1.1. 주요국 통화의 대원화환율,0000001,원/미국달러(매매기준율),,,20210201,1117.2,원,ECOS
USDKRW,원/미국달러 환율,D,731Y001,3.1.1.1. 주요국 통화의 대원화환율,0000001,원/미국달러(매매기준율),,,20210202,1118.0,원,ECOS
USDKRW,원/미국달러 환율,D,731Y001,3.1.1.1. 주요국 통화의 대원화환율,0000001,원/미국달러(매매기준율),,,20210203,1116.6,원,ECOS
USDKRW,원/미국달러 환율,D,731Y001,3.1.1.1. 주요국 통화의 대원화환율,0000001,원/미국달러(매매기준율),,,20210204,1114.0,원,ECOS
USDKRW,원/미국달러 환율,D,731Y001,3.1.1.1. 주요국 통화의 대원화환율,0000001,원/미국달러(매매기준율),,,20210205,1116.7,원,ECOS
USDKRW,원/미국달러 환율,D,731Y001,3.1.1.1. 주요국 통화의 대원화환율,0000001,원/미국달러(매매기준율),,,20210208,1124.0,원,ECOS
USDKRW,원/미국달러 환율,D,731Y001,3.1.1.1. 주요국 통화의 대원화환율,0000001,원/미국달러(매매기준율),,,20210209,1119.1,원,ECOS
USDKRW,원/미국달러 환율,D,731Y001,3.1.1.1. 주요국 통화의 대원화환율,0000001,원/미국달러(매매기준율),,,20210210,1116.0,원,ECOS
USDKRW,원/미국달러 환율,D,731Y001,3.1.1.1. 주요국 통화의 대원화환율,0000001,원/미국달러(매매기준율),,,20210215,1110.1,원,ECOS
USDKRW,원/미국달러 환율,D,731Y001,3.1.1.1. 주요국 통화의 대원화환율,0000001,원/미국달러(매매기준율),,,20210216,1103.1,원,ECOS
USDKRW,원/미국달러 환율,D,731Y001,3.1.1.1. 주요국 통화의 대원화환율,0000001,원/미국달러(매매기준율),,,20210217,1099.7,원,ECOS
USDKRW,원/미국달러 환율,D,731Y001,3.1.1.1. 주요국 통화의 대원화환율,0000001,원/미국달러(매매기준율),,,20210218,1107.7,원,ECOS
USDKRW,원/미국달러 환율,D,731Y001,3.1.1.1. 주요국 통화의 대원화환율,0000001,원/미국달러(매매기준율),,,20210219,1105.7,원,ECOS
USDKRW,원/미국달러 환율,D,731Y001,3.1.1.1. 주요국 통화의 대원화환율,0000001,원/미국달러(매매기준율),,,20210222,1107.1,원,ECOS
USDKRW,원/미국달러 환율,D,731Y001,3.1.1.1. 주요국 통화의 대원화환율,0000001,원/미국달러(매매기준율),,,20210223,1106.5,원,ECOS
USDKRW,원/미국달러 환율,D,731Y001,3.1.1.1. 주요국 통화의 대원화환율,0000001,원/미국달러(매매기준율),,,20210224,1110.8,원,ECOS
USDKRW,원/미국달러 환율,D,731Y001,3.1.1.1. 주요국 통화의 대원화환율,0000001,원/미국달러(매매기준율),,,20210225,1110.2,원,ECOS
USDKRW,원/미국달러 환율,D,731Y001,3.1.1.1. 주요국 통화의 대원화환율,0000001,원/미국달러(매매기준율),,,20210226,1108.4,원,ECOS
USDKRW,원/미국달러 환율,D,731Y001,3.1.1.1. 주요국 통화의 대원화환율,0000001,원/미국달러(매매기준율),,,20210302,1121.8,원,ECOS
USDKRW,원/미국달러 환율,D,731Y001,3.1.1.1. 주요국 통화의 대원화환율,0000001,원/미국달러(매매기준율),,,20210303,1121.3,원,ECOS
USDKRW,원/미국달러 환율,D,731Y001,3.1.1.1. 주요국 통화의 대원화환율,0000001,원/미국달러(매매기준율),,,20210304,1122.9,원,ECOS
USDKRW,원/미국달러 환율,D,731Y001,3.1.1.1. 주요국 통화의 대원화환율,0000001,원/미국달러(매매기준율),,,20210305,1126.2,원,ECOS
USDKRW,원/미국달러 환율,D,731Y001,3.1.1.1. 주요국 통화의 대원화환율,0000001,원/미국달러(매매기준율),,,20210308,1129.4,원,ECOS
USDKRW,원/미국달러 환율,D,731Y001,3.1.1.1. 주요국 통화의 대원화환율,0000001,원/미국달러(매매기준율),,,20210309,1131.3,원,ECOS
USDKRW,원/미국달러 환율,D,731Y001,3.1.1.1. 주요국 통화의 대원화환율,0000001,원/미국달러(매매기준율),,,20210310,1141.1,원,ECOS
USDKRW,원/미국달러 환율,D,731Y001,3.1.1.1. 주요국 통화의 대원화환율,0000001,원/미국달러(매매기준율),,,20210311,1140.7,원,ECOS
USDKRW,원/미국달러 환율,D,731Y001,3.1.1.1. 주요국 통화의 대원화환율,0000001,원/미국달러(매매기준율),,,20210312,1137.3,원,ECOS
USDKRW,원/미국달러 환율,D,731Y001,3.1.1.1. 주요국 통화의 대원화환율,0000001,원/미국달러(매매기준율),,,20210315,1130.7,원,ECOS
USDKRW,원/미국달러 환율,D,731Y001,3.1.1.1. 주요국 통화의 대원화환율,0000001,원/미국달러(매매기준율),,,20210316,1135.9,원,ECOS
USDKRW,원/미국달러 환율,D,731Y001,3.1.1.1. 주요국 통화의 대원화환율,0000001,원/미국달러(매매기준율),,,20210317,1132.5,원,ECOS
USDKRW,원/미국달러 환율,D,731Y001,3.1.1.1. 주요국 통화의 대원화환율,0000001,원/미국달러(매매기준율),,,20210318,1131.8,원,ECOS
USDKRW,원/미국달러 환율,D,731Y001,3.1.1.1. 주요국 통화의 대원화환율,0000001,원/미국달러(매매기준율),,,20210319,1123.7,원,ECOS
USDKRW,원/미국달러 환율,D,731Y001,3.1.1.1. 주요국 통화의 대원화환율,0000001,원/미국달러(매매기준율),,,20210322,1131.8,원,ECOS
USDKRW,원/미국달러 환율,D,731Y001,3.1.1.1. 주요국 통화의 대원화환율,0000001,원/미국달러(매매기준율),,,20210323,1131.3,원,ECOS
USDKRW,원/미국달러 환율,D,731Y001,3.1.1.1. 주요국 통화의 대원화환율,0000001,원/미국달러(매매기준율),,,20210324,1128.0,원,ECOS
USDKRW,원/미국달러 환율,D,731Y001,3.1.1.1. 주요국 통화의 대원화환율,0000001,원/미국달러(매매기준율),,,20210325,1133.5,원,ECOS
USDKRW,원/미국달러 환율,D,731Y001,3.1.1.1. 주요국 통화의 대원화환율,0000001,원/미국달러(매매기준율),,,20210326,1134.2,원,ECOS
USDKRW,원/미국달러 환율,D,731Y001,3.1.1.1. 주요국 통화의 대원화환율,0000001,원/미국달러(매매기준율),,,20210329,1131.8,원,ECOS
USDKRW,원/미국달러 환율,D,731Y001,3.1.1.1. 주요국 통화의 대원화환율,0000001,원/미국달러(매매기준율),,,20210330,1131.7,원,ECOS
USDKRW,원/미국달러 환율,D,731Y001,3.1.1.1. 주요국 통화의 대원화환율,0000001,원/미국달러(매매기준율),,,20210331,1133.5,원,ECOS
USDKRW,원/미국달러 환율,D,731Y001,3.1.1.1. 주요국 통화의 대원화환율,0000001,원/미국달러(매매기준율),,,20210401,1132.6,원,ECOS
USDKRW,원/미국달러 환율,D,731Y001,3.1.1.1. 주요국 통화의 대원화환율,0000001,원/미국달러(매매기준율),,,20210402,1129.3,원,ECOS
USDKRW,원/미국달러 환율,D,731Y001,3.1.1.1. 주요국 통화의 대원화환율,0000001,원/미국달러(매매기준율),,,20210405,1127.5,원,ECOS
USDKRW,원/미국달러 환율,D,731Y001,3.1.1.1. 주요국 통화의 대원화환율,0000001,원/미국달러(매매기준율),,,20210406,1127.8,원,ECOS
USDKRW,원/미국달러 환율,D,731Y001,3.1.1.1. 주요국 통화의 대원화환율,0000001,원/미국달러(매매기준율),,,20210407,1122.9,원,ECOS
USDKRW,원/미국달러 환율,D,731Y001,3.1.1.1. 주요국 통화의 대원화환율,0000001,원/미국달러(매매기준율),,,20210408,1116.4,원,ECOS
USDKRW,원/미국달러 환율,D,731Y001,3.1.1.1. 주요국 통화의 대원화환율,0000001,원/미국달러(매매기준율),,,20210409,1118.5,원,ECOS
USDKRW,원/미국달러 환율,D,731Y001,3.1.1.1. 주요국 통화의 대원화환율,0000001,원/미국달러(매매기준율),,,20210412,1117.2,원,ECOS
USDKRW,원/미국달러 환율,D,731Y001,3.1.1.1. 주요국 통화의 대원화환율,0000001,원/미국달러(매매기준율),,,20210413,1124.3,원,ECOS
USDKRW,원/미국달러 환율,D,731Y001,3.1.1.1. 주요국 통화의 대원화환율,0000001,원/미국달러(매매기준율),,,20210414,1126.1,원,ECOS
USDKRW,원/미국달러 환율,D,731Y001,3.1.1.1. 주요국 통화의 대원화환율,0000001,원/미국달러(매매기준율),,,20210415,1119.9,원,ECOS
USDKRW,원/미국달러 환율,D,731Y001,3.1.1.1. 주요국 통화의 대원화환율,0000001,원/미국달러(매매기준율),,,20210416,1117.6,원,ECOS
USDKRW,원/미국달러 환율,D,731Y001,3.1.1.1. 주요국 통화의 대원화환율,0000001,원/미국달러(매매기준율),,,20210419,1117.9,원,ECOS
USDKRW,원/미국달러 환율,D,731Y001,3.1.1.1. 주요국 통화의 대원화환율,0000001,원/미국달러(매매기준율),,,20210420,1118.2,원,ECOS
USDKRW,원/미국달러 환율,D,731Y001,3.1.1.1. 주요국 통화의 대원화환율,0000001,원/미국달러(매매기준율),,,20210421,1113.4,원,ECOS
USDKRW,원/미국달러 환율,D,731Y001,3.1.1.1. 주요국 통화의 대원화환율,0000001,원/미국달러(매매기준율),,,20210422,1117.4,원,ECOS
USDKRW,원/미국달러 환율,D,731Y001,3.1.1.1. 주요국 통화의 대원화환율,0000001,원/미국달러(매매기준율),,,20210423,1116.3,원,ECOS
USDKRW,원/미국달러 환율,D,731Y001,3.1.1.1. 주요국 통화의 대원화환율,0000001,원/미국달러(매매기준율),,,20210426,1118.9,원,ECOS
USDKRW,원/미국달러 환율,D,731Y001,3.1.1.1. 주요국 통화의 대원화환율,0000001,원/미국달러(매매기준율),,,20210427,1114.0,원,ECOS
USDKRW,원/미국달러 환율,D,731Y001,3.1.1.1. 주요국 통화의 대원화환율,0000001,원/미국달러(매매기준율),,,20210428,1110.8,원,ECOS
USDKRW,원/미국달러 환율,D,731Y001,3.1.1.1. 주요국 통화의 대원화환율,0000001,원/미국달러(매매기준율),,,20210429,1112.5,원,ECOS
USDKRW,원/미국달러 환율,D,731Y001,3.1.1.1. 주요국 통화의 대원화환율,0000001,원/미국달러(매매기준율),,,20210430,1107.4,원,ECOS
USDKRW,원/미국달러 환율,D,731Y001,3.1.1.1. 주요국 통화의 대원화환율,0000001,원/미국달러(매매기준율),,,20210503,1109.6,원,ECOS
USDKRW,원/미국달러 환율,D,731Y001,3.1.1.1. 주요국 통화의 대원화환율,0000001,원/미국달러(매매기준율),,,20210504,1119.3,원,ECOS
USDKRW,원/미국달러 환율,D,731Y001,3.1.1.1. 주요국 통화의 대원화환율,0000001,원/미국달러(매매기준율),,,20210506,1121.1,원,ECOS
USDKRW,원/미국달러 환율,D,731Y001,3.1.1.1. 주요국 통화의 대원화환율,0000001,원/미국달러(매매기준율),,,20210507,1125.5,원,ECOS
USDKRW,원/미국달러 환율,D,731Y001,3.1.1.1. 주요국 통화의 대원화환율,0000001,원/미국달러(매매기준율),,,20210510,1121.4,원,ECOS
USDKRW,원/미국달러 환율,D,731Y001,3.1.1.1. 주요국 통화의 대원화환율,0000001,원/미국달러(매매기준율),,,20210511,1114.6,원,ECOS
USDKRW,원/미국달러 환율,D,731Y001,3.1.1.1. 주요국 통화의 대원화환율,0000001,원/미국달러(매매기준율),,,20210512,1119.1,원,ECOS
USDKRW,원/미국달러 환율,D,731Y001,3.1.1.1. 주요국 통화의 대원화환율,0000001,원/미국달러(매매기준율),,,20210513,1123.5,원,ECOS
USDKRW,원/미국달러 환율,D,731Y001,3.1.1.1. 주요국 통화의 대원화환율,0000001,원/미국달러(매매기준율),,,20210514,1130.6,원,ECOS
USDKRW,원/미국달러 환율,D,731Y001,3.1.1.1. 주요국 통화의 대원화환율,0000001,원/미국달러(매매기준율),,,20210517,1129.5,원,ECOS
USDKRW,원/미국달러 환율,D,731Y001,3.1.1.1. 주요국 통화의 대원화환율,0000001,원/미국달러(매매기준율),,,20210518,1133.0,원,ECOS
USDKRW,원/미국달러 환율,D,731Y001,3.1.1.1. 주요국 통화의 대원화환율,0000001,원/미국달러(매매기준율),,,20210520,1133.1,원,ECOS
USDKRW,원/미국달러 환율,D,731Y001,3.1.1.1. 주요국 통화의 대원화환율,0000001,원/미국달러(매매기준율),,,20210521,1132.2,원,ECOS
USDKRW,원/미국달러 환율,D,731Y001,3.1.1.1. 주요국 통화의 대원화환율,0000001,원/미국달러(매매기준율),,,20210524,1126.9,원,ECOS
USDKRW,원/미국달러 환율,D,731Y001,3.1.1.1. 주요국 통화의 대원화환율,0000001,원/미국달러(매매기준율),,,20210525,1127.6,원,ECOS
USDKRW,원/미국달러 환율,D,731Y001,3.1.1.1. 주요국 통화의 대원화환율,0000001,원/미국달러(매매기준율),,,20210526,1122.8,원,ECOS
USDKRW,원/미국달러 환율,D,731Y001,3.1.1.1. 주요국 통화의 대원화환율,0000001,원/미국달러(매매기준율),,,20210527,1118.6,원,ECOS
USDKRW,원/미국달러 환율,D,731Y001,3.1.1.1. 주요국 통화의 대원화환율,0000001,원/미국달러(매매기준율),,,20210528,1118.0,원,ECOS
USDKRW,원/미국달러 환율,D,731Y001,3.1.1.1. 주요국 통화의 대원화환율,0000001,원/미국달러(매매기준율),,,20210531,1116.0,원,ECOS
USDKRW,원/미국달러 환율,D,731Y001,3.1.1.1. 주요국 통화의 대원화환율,0000001,원/미국달러(매매기준율),,,20210601,1113.5,원,ECOS
USDKRW,원/미국달러 환율,D,731Y001,3.1.1.1. 주요국 통화의 대원화환율,0000001,원/미국달러(매매기준율),,,20210602,1107.0,원,ECOS
USDKRW,원/미국달러 환율,D,731Y001,3.1.1.1. 주요국 통화의 대원화환율,0000001,원/미국달러(매매기준율),,,20210603,1110.3,원,ECOS
USDKRW,원/미국달러 환율,D,731Y001,3.1.1.1. 주요국 통화의 대원화환율,0000001,원/미국달러(매매기준율),,,20210604,1111.8,원,ECOS
USDKRW,원/미국달러 환율,D,731Y001,3.1.1.1. 주요국 통화의 대원화환율,0000001,원/미국달러(매매기준율),,,20210607,1117.5,원,ECOS
USDKRW,원/미국달러 환율,D,731Y001,3.1.1.1. 주요국 통화의 대원화환율,0000001,원/미국달러(매매기준율),,,20210608,1111.2,원,ECOS
USDKRW,원/미국달러 환율,D,731Y001,3.1.1.1. 주요국 통화의 대원화환율,0000001,원/미국달러(매매기준율),,,20210609,1113.7,원,ECOS
USDKRW,원/미국달러 환율,D,731Y001,3.1.1.1. 주요국 통화의 대원화환율,0000001,원/미국달러(매매기준율),,,20210610,1115.8,원,ECOS
USDKRW,원/미국달러 환율,D,731Y001,3.1.1.1. 주요국 통화의 대원화환율,0000001,원/미국달러(매매기준율),,,20210611,1115.0,원,ECOS
USDKRW,원/미국달러 환율,D,731Y001,3.1.1.1. 주요국 통화의 대원화환율,0000001,원/미국달러(매매기준율),,,20210614,1111.2,원,ECOS
USDKRW,원/미국달러 환율,D,731Y001,3.1.1.1. 주요국 통화의 대원화환율,0000001,원/미국달러(매매기준율),,,20210615,1116.4,원,ECOS
USDKRW,원/미국달러 환율,D,731Y001,3.1.1.1. 주요국 통화의 대원화환율,0000001,원/미국달러(매매기준율),,,20210616,1117.8,원,ECOS
USDKRW,원/미국달러 환율,D,731Y001,3.1.1.1. 주요국 통화의 대원화환율,0000001,원/미국달러(매매기준율),,,20210617,1117.7,원,ECOS
USDKRW,원/미국달러 환율,D,731Y001,3.1.1.1. 주요국 통화의 대원화환율,0000001,원/미국달러(매매기준율),,,20210618,1129.5,원,ECOS
USDKRW,원/미국달러 환율,D,731Y001,3.1.1.1. 주요국 통화의 대원화환율,0000001,원/미국달러(매매기준율),,,20210621,1132.2,원,ECOS
USDKRW,원/미국달러 환율,D,731Y001,3.1.1.1. 주요국 통화의 대원화환율,0000001,원/미국달러(매매기준율),,,20210622,1135.4,원,ECOS
USDKRW,원/미국달러 환율,D,731Y001,3.1.1.1. 주요국 통화의 대원화환율,0000001,원/미국달러(매매기준율),,,20210623,1132.4,원,ECOS
USDKRW,원/미국달러 환율,D,731Y001,3.1.1.1. 주요국 통화의 대원화환율,0000001,원/미국달러(매매기준율),,,20210624,1135.6,원,ECOS
USDKRW,원/미국달러 환율,D,731Y001,3.1.1.1. 주요국 통화의 대원화환율,0000001,원/미국달러(매매기준율),,,20210625,1135.8,원,ECOS
USDKRW,원/미국달러 환율,D,731Y001,3.1.1.1. 주요국 통화의 대원화환율,0000001,원/미국달러(매매기준율),,,20210628,1128.8,원,ECOS
USDKRW,원/미국달러 환율,D,731Y001,3.1.1.1. 주요국 통화의 대원화환율,0000001,원/미국달러(매매기준율),,,20210629,1129.9,원,ECOS
USDKRW,원/미국달러 환율,D,731Y001,3.1.1.1. 주요국 통화의 대원화환율,0000001,원/미국달러(매매기준율),,,20210630,1130.0,원,ECOS
USDKRW,원/미국달러 환율,D,731Y001,3.1.1.1. 주요국 통화의 대원화환율,0000001,원/미국달러(매매기준율),,,20210701,1129.5,원,ECOS
USDKRW,원/미국달러 환율,D,731Y001,3.1.1.1. 주요국 통화의 대원화환율,0000001,원/미국달러(매매기준율),,,20210702,1132.2,원,ECOS
USDKRW,원/미국달러 환율,D,731Y001,3.1.1.1. 주요국 통화의 대원화환율,0000001,원/미국달러(매매기준율),,,20210705,1134.5,원,ECOS
USDKRW,원/미국달러 환율,D,731Y001,3.1.1.1. 주요국 통화의 대원화환율,0000001,원/미국달러(매매기준율),,,20210706,1130.3,원,ECOS
USDKRW,원/미국달러 환율,D,731Y001,3.1.1.1. 주요국 통화의 대원화환율,0000001,원/미국달러(매매기준율),,,20210707,1131.8,원,ECOS
USDKRW,원/미국달러 환율,D,731Y001,3.1.1.1. 주요국 통화의 대원화환율,0000001,원/미국달러(매매기준율),,,20210708,1137.6,원,ECOS
USDKRW,원/미국달러 환율,D,731Y001,3.1.1.1. 주요국 통화의 대원화환율,0000001,원/미국달러(매매기준율),,,20210709,1143.4,원,ECOS
USDKRW,원/미국달러 환율,D,731Y001,3.1.1.1. 주요국 통화의 대원화환율,0000001,원/미국달러(매매기준율),,,20210712,1148.3,원,ECOS
USDKRW,원/미국달러 환율,D,731Y001,3.1.1.1. 주요국 통화의 대원화환율,0000001,원/미국달러(매매기준율),,,20210713,1146.4,원,ECOS
USDKRW,원/미국달러 환율,D,731Y001,3.1.1.1. 주요국 통화의 대원화환율,0000001,원/미국달러(매매기준율),,,20210714,1145.1,원,ECOS
USDKRW,원/미국달러 환율,D,731Y001,3.1.1.1. 주요국 통화의 대원화환율,0000001,원/미국달러(매매기준율),,,20210715,1150.3,원,ECOS
USDKRW,원/미국달러 환율,D,731Y001,3.1.1.1. 주요국 통화의 대원화환율,0000001,원/미국달러(매매기준율),,,20210716,1143.7,원,ECOS
USDKRW,원/미국달러 환율,D,731Y001,3.1.1.1. 주요국 통화의 대원화환율,0000001,원/미국달러(매매기준율),,,20210719,1141.1,원,ECOS
USDKRW,원/미국달러 환율,D,731Y001,3.1.1.1. 주요국 통화의 대원화환율,0000001,원/미국달러(매매기준율),,,20210720,1145.7,원,ECOS
USDKRW,원/미국달러 환율,D,731Y001,3.1.1.1. 주요국 통화의 대원화환율,0000001,원/미국달러(매매기준율),,,20210721,1151.0,원,ECOS
USDKRW,원/미국달러 환율,D,731Y001,3.1.1.1. 주요국 통화의 대원화환율,0000001,원/미국달러(매매기준율),,,20210722,1150.6,원,ECOS
USDKRW,원/미국달러 환율,D,731Y001,3.1.1.1. 주요국 통화의 대원화환율,0000001,원/미국달러(매매기준율),,,20210723,1151.0,원,ECOS
USDKRW,원/미국달러 환율,D,731Y001,3.1.1.1. 주요국 통화의 대원화환율,0000001,원/미국달러(매매기준율),,,20210726,1149.5,원,ECOS
USDKRW,원/미국달러 환율,D,731Y001,3.1.1.1. 주요국 통화의 대원화환율,0000001,원/미국달러(매매기준율),,,20210727,1153.2,원,ECOS
USDKRW,원/미국달러 환율,D,731Y001,3.1.1.1. 주요국 통화의 대원화환율,0000001,원/미국달러(매매기준율),,,20210728,1150.2,원,ECOS
USDKRW,원/미국달러 환율,D,731Y001,3.1.1.1. 주요국 통화의 대원화환율,0000001,원/미국달러(매매기준율),,,20210729,1154.8,원,ECOS
USDKRW,원/미국달러 환율,D,731Y001,3.1.1.1. 주요국 통화의 대원화환율,0000001,원/미국달러(매매기준율),,,20210730,1147.4,원,ECOS
USDKRW,원/미국달러 환율,D,731Y001,3.1.1.1. 주요국 통화의 대원화환율,0000001,원/미국달러(매매기준율),,,20210802,1147.5,원,ECOS
USDKRW,원/미국달러 환율,D,731Y001,3.1.1.1. 주요국 통화의 대원화환율,0000001,원/미국달러(매매기준율),,,20210803,1151.5,원,ECOS
USDKRW,원/미국달러 환율,D,731Y001,3.1.1.1. 주요국 통화의 대원화환율,0000001,원/미국달러(매매기준율),,,20210804,1150.7,원,ECOS
USDKRW,원/미국달러 환율,D,731Y001,3.1.1.1. 주요국 통화의 대원화환율,0000001,원/미국달러(매매기준율),,,20210805,1145.8,원,ECOS
USDKRW,원/미국달러 환율,D,731Y001,3.1.1.1. 주요국 통화의 대원화환율,0000001,원/미국달러(매매기준율),,,20210806,1143.5,원,ECOS
USDKRW,원/미국달러 환율,D,731Y001,3.1.1.1. 주요국 통화의 대원화환율,0000001,원/미국달러(매매기준율),,,20210809,1142.3,원,ECOS
USDKRW,원/미국달러 환율,D,731Y001,3.1.1.1. 주요국 통화의 대원화환율,0000001,원/미국달러(매매기준율),,,20210810,1145.0,원,ECOS
USDKRW,원/미국달러 환율,D,731Y001,3.1.1.1. 주요국 통화의 대원화환율,0000001,원/미국달러(매매기준율),,,20210811,1148.5,원,ECOS
USDKRW,원/미국달러 환율,D,731Y001,3.1.1.1. 주요국 통화의 대원화환율,0000001,원/미국달러(매매기준율),,,20210812,1155.0,원,ECOS
USDKRW,원/미국달러 환율,D,731Y001,3.1.1.1. 주요국 통화의 대원화환율,0000001,원/미국달러(매매기준율),,,20210813,1158.9,원,ECOS
USDKRW,원/미국달러 환율,D,731Y001,3.1.1.1. 주요국 통화의 대원화환율,0000001,원/미국달러(매매기준율),,,20210817,1167.8,원,ECOS
USDKRW,원/미국달러 환율,D,731Y001,3.1.1.1. 주요국 통화의 대원화환율,0000001,원/미국달러(매매기준율),,,20210818,1174.9,원,ECOS
USDKRW,원/미국달러 환율,D,731Y001,3.1.1.1. 주요국 통화의 대원화환율,0000001,원/미국달러(매매기준율),,,20210819,1172.7,원,ECOS
USDKRW,원/미국달러 환율,D,731Y001,3.1.1.1. 주요국 통화의 대원화환율,0000001,원/미국달러(매매기준율),,,20210820,1174.5,원,ECOS
USDKRW,원/미국달러 환율,D,731Y001,3.1.1.1. 주요국 통화의 대원화환율,0000001,원/미국달러(매매기준율),,,20210823,1176.7,원,ECOS
USDKRW,원/미국달러 환율,D,731Y001,3.1.1.1. 주요국 통화의 대원화환율,0000001,원/미국달러(매매기준율),,,20210824,1174.0,원,ECOS
USDKRW,원/미국달러 환율,D,731Y001,3.1.1.1. 주요국 통화의 대원화환율,0000001,원/미국달러(매매기준율),,,20210825,1168.0,원,ECOS
USDKRW,원/미국달러 환율,D,731Y001,3.1.1.1. 주요국 통화의 대원화환율,0000001,원/미국달러(매매기준율),,,20210826,1166.5,원,ECOS
USDKRW,원/미국달러 환율,D,731Y001,3.1.1.1. 주요국 통화의 대원화환율,0000001,원/미국달러(매매기준율),,,20210827,1168.1,원,ECOS
USDKRW,원/미국달러 환율,D,731Y001,3.1.1.1. 주요국 통화의 대원화환율,0000001,원/미국달러(매매기준율),,,20210830,1170.8,원,ECOS
USDKRW,원/미국달러 환율,D,731Y001,3.1.1.1. 주요국 통화의 대원화환율,0000001,원/미국달러(매매기준율),,,20210831,1164.4,원,ECOS
USDKRW,원/미국달러 환율,D,731Y001,3.1.1.1. 주요국 통화의 대원화환율,0000001,원/미국달러(매매기준율),,,20210901,1162.8,원,ECOS
USDKRW,원/미국달러 환율,D,731Y001,3.1.1.1. 주요국 통화의 대원화환율,0000001,원/미국달러(매매기준율),,,20210902,1157.5,원,ECOS
USDKRW,원/미국달러 환율,D,731Y001,3.1.1.1. 주요국 통화의 대원화환율,0000001,원/미국달러(매매기준율),,,20210903,1159.7,원,ECOS
USDKRW,원/미국달러 환율,D,731Y001,3.1.1.1. 주요국 통화의 대원화환율,0000001,원/미국달러(매매기준율),,,20210906,1156.4,원,ECOS
USDKRW,원/미국달러 환율,D,731Y001,3.1.1.1. 주요국 통화의 대원화환율,0000001,원/미국달러(매매기준율),,,20210907,1157.3,원,ECOS
USDKRW,원/미국달러 환율,D,731Y001,3.1.1.1. 주요국 통화의 대원화환율,0000001,원/미국달러(매매기준율),,,20210908,1157.9,원,ECOS
USDKRW,원/미국달러 환율,D,731Y001,3.1.1.1. 주요국 통화의 대원화환율,0000001,원/미국달러(매매기준율),,,20210909,1164.5,원,ECOS
USDKRW,원/미국달러 환율,D,731Y001,3.1.1.1. 주요국 통화의 대원화환율,0000001,원/미국달러(매매기준율),,,20210910,1170.1,원,ECOS
USDKRW,원/미국달러 환율,D,731Y001,3.1.1.1. 주요국 통화의 대원화환율,0000001,원/미국달러(매매기준율),,,20210913,1170.4,원,ECOS
USDKRW,원/미국달러 환율,D,731Y001,3.1.1.1. 주요국 통화의 대원화환율,0000001,원/미국달러(매매기준율),,,20210914,1174.3,원,ECOS
USDKRW,원/미국달러 환율,D,731Y001,3.1.1.1. 주요국 통화의 대원화환율,0000001,원/미국달러(매매기준율),,,20210915,1172.2,원,ECOS
USDKRW,원/미국달러 환율,D,731Y001,3.1.1.1. 주요국 통화의 대원화환율,0000001,원/미국달러(매매기준율),,,20210916,1171.7,원,ECOS
USDKRW,원/미국달러 환율,D,731Y001,3.1.1.1. 주요국 통화의 대원화환율,0000001,원/미국달러(매매기준율),,,20210917,1169.1,원,ECOS
USDKRW,원/미국달러 환율,D,731Y001,3.1.1.1. 주요국 통화의 대원화환율,0000001,원/미국달러(매매기준율),,,20210923,1177.6,원,ECOS
USDKRW,원/미국달러 환율,D,731Y001,3.1.1.1. 주요국 통화의 대원화환율,0000001,원/미국달러(매매기준율),,,20210924,1181.7,원,ECOS
USDKRW,원/미국달러 환율,D,731Y001,3.1.1.1. 주요국 통화의 대원화환율,0000001,원/미국달러(매매기준율),,,20210927,1175.3,원,ECOS
USDKRW,원/미국달러 환율,D,731Y001,3.1.1.1. 주요국 통화의 대원화환율,0000001,원/미국달러(매매기준율),,,20210928,1175.9,원,ECOS
USDKRW,원/미국달러 환율,D,731Y001,3.1.1.1. 주요국 통화의 대원화환율,0000001,원/미국달러(매매기준율),,,20210929,1182.0,원,ECOS
USDKRW,원/미국달러 환율,D,731Y001,3.1.1.1. 주요국 통화의 대원화환율,0000001,원/미국달러(매매기준율),,,20210930,1184.9,원,ECOS
USDKRW,원/미국달러 환율,D,731Y001,3.1.1.1. 주요국 통화의 대원화환율,0000001,원/미국달러(매매기준율),,,20211001,1185.2,원,ECOS
USDKRW,원/미국달러 환율,D,731Y001,3.1.1.1. 주요국 통화의 대원화환율,0000001,원/미국달러(매매기준율),,,20211005,1187.2,원,ECOS
USDKRW,원/미국달러 환율,D,731Y001,3.1.1.1. 주요국 통화의 대원화환율,0000001,원/미국달러(매매기준율),,,20211006,1187.1,원,ECOS
USDKRW,원/미국달러 환율,D,731Y001,3.1.1.1. 주요국 통화의 대원화환율,0000001,원/미국달러(매매기준율),,,20211007,1190.0,원,ECOS
USDKRW,원/미국달러 환율,D,731Y001,3.1.1.1. 주요국 통화의 대원화환율,0000001,원/미국달러(매매기준율),,,20211008,1190.3,원,ECOS
USDKRW,원/미국달러 환율,D,731Y001,3.1.1.1. 주요국 통화의 대원화환율,0000001,원/미국달러(매매기준율),,,20211012,1193.4,원,ECOS
USDKRW,원/미국달러 환율,D,731Y001,3.1.1.1. 주요국 통화의 대원화환율,0000001,원/미국달러(매매기준율),,,20211013,1199.1,원,ECOS
USDKRW,원/미국달러 환율,D,731Y001,3.1.1.1. 주요국 통화의 대원화환율,0000001,원/미국달러(매매기준율),,,20211014,1195.0,원,ECOS
USDKRW,원/미국달러 환율,D,731Y001,3.1.1.1. 주요국 통화의 대원화환율,0000001,원/미국달러(매매기준율),,,20211015,1188.3,원,ECOS
USDKRW,원/미국달러 환율,D,731Y001,3.1.1.1. 주요국 통화의 대원화환율,0000001,원/미국달러(매매기준율),,,20211018,1182.8,원,ECOS
USDKRW,원/미국달러 환율,D,731Y001,3.1.1.1. 주요국 통화의 대원화환율,0000001,원/미국달러(매매기준율),,,20211019,1185.8,원,ECOS
USDKRW,원/미국달러 환율,D,731Y001,3.1.1.1. 주요국 통화의 대원화환율,0000001,원/미국달러(매매기준율),,,20211020,1181.7,원,ECOS
USDKRW,원/미국달러 환율,D,731Y001,3.1.1.1. 주요국 통화의 대원화환율,0000001,원/미국달러(매매기준율),,,20211021,1175.6,원,ECOS
USDKRW,원/미국달러 환율,D,731Y001,3.1.1.1. 주요국 통화의 대원화환율,0000001,원/미국달러(매매기준율),,,20211022,1175.8,원,ECOS
USDKRW,원/미국달러 환율,D,731Y001,3.1.1.1. 주요국 통화의 대원화환율,0000001,원/미국달러(매매기준율),,,20211025,1178.4,원,ECOS
USDKRW,원/미국달러 환율,D,731Y001,3.1.1.1. 주요국 통화의 대원화환율,0000001,원/미국달러(매매기준율),,,20211026,1171.8,원,ECOS
USDKRW,원/미국달러 환율,D,731Y001,3.1.1.1. 주요국 통화의 대원화환율,0000001,원/미국달러(매매기준율),,,20211027,1166.3,원,ECOS
USDKRW,원/미국달러 환율,D,731Y001,3.1.1.1. 주요국 통화의 대원화환율,0000001,원/미국달러(매매기준율),,,20211028,1168.1,원,ECOS
USDKRW,원/미국달러 환율,D,731Y001,3.1.1.1. 주요국 통화의 대원화환율,0000001,원/미국달러(매매기준율),,,20211029,1171.7,원,ECOS
USDKRW,원/미국달러 환율,D,731Y001,3.1.1.1. 주요국 통화의 대원화환율,0000001,원/미국달러(매매기준율),,,20211101,1169.6,원,ECOS
USDKRW,원/미국달러 환율,D,731Y001,3.1.1.1. 주요국 통화의 대원화환율,0000001,원/미국달러(매매기준율),,,20211102,1176.3,원,ECOS
USDKRW,원/미국달러 환율,D,731Y001,3.1.1.1. 주요국 통화의 대원화환율,0000001,원/미국달러(매매기준율),,,20211103,1175.5,원,ECOS
USDKRW,원/미국달러 환율,D,731Y001,3.1.1.1. 주요국 통화의 대원화환율,0000001,원/미국달러(매매기준율),,,20211104,1181.1,원,ECOS
USDKRW,원/미국달러 환율,D,731Y001,3.1.1.1. 주요국 통화의 대원화환율,0000001,원/미국달러(매매기준율),,,20211105,1180.0,원,ECOS
USDKRW,원/미국달러 환율,D,731Y001,3.1.1.1. 주요국 통화의 대원화환율,0000001,원/미국달러(매매기준율),,,20211108,1185.2,원,ECOS
USDKRW,원/미국달러 환율,D,731Y001,3.1.1.1. 주요국 통화의 대원화환율,0000001,원/미국달러(매매기준율),,,20211109,1184.3,원,ECOS
USDKRW,원/미국달러 환율,D,731Y001,3.1.1.1. 주요국 통화의 대원화환율,0000001,원/미국달러(매매기준율),,,20211110,1178.4,원,ECOS
USDKRW,원/미국달러 환율,D,731Y001,3.1.1.1. 주요국 통화의 대원화환율,0000001,원/미국달러(매매기준율),,,20211111,1181.0,원,ECOS
USDKRW,원/미국달러 환율,D,731Y001,3.1.1.1. 주요국 통화의 대원화환율,0000001,원/미국달러(매매기준율),,,20211112,1184.7,원,ECOS
USDKRW,원/미국달러 환율,D,731Y001,3.1.1.1. 주요국 통화의 대원화환율,0000001,원/미국달러(매매기준율),,,20211115,1179.6,원,ECOS
USDKRW,원/미국달러 환율,D,731Y001,3.1.1.1. 주요국 통화의 대원화환율,0000001,원/미국달러(매매기준율),,,20211116,1180.2,원,ECOS
USDKRW,원/미국달러 환율,D,731Y001,3.1.1.1. 주요국 통화의 대원화환율,0000001,원/미국달러(매매기준율),,,20211117,1179.6,원,ECOS
USDKRW,원/미국달러 환율,D,731Y001,3.1.1.1. 주요국 통화의 대원화환율,0000001,원/미국달러(매매기준율),,,20211118,1183.6,원,ECOS
USDKRW,원/미국달러 환율,D,731Y001,3.1.1.1. 주요국 통화의 대원화환율,0000001,원/미국달러(매매기준율),,,20211119,1180.5,원,ECOS
USDKRW,원/미국달러 환율,D,731Y001,3.1.1.1. 주요국 통화의 대원화환율,0000001,원/미국달러(매매기준율),,,20211122,1183.5,원,ECOS
USDKRW,원/미국달러 환율,D,731Y001,3.1.1.1. 주요국 통화의 대원화환율,0000001,원/미국달러(매매기준율),,,20211123,1187.4,원,ECOS
USDKRW,원/미국달러 환율,D,731Y001,3.1.1.1. 주요국 통화의 대원화환율,0000001,원/미국달러(매매기준율),,,20211124,1188.9,원,ECOS
USDKRW,원/미국달러 환율,D,731Y001,3.1.1.1. 주요국 통화의 대원화환율,0000001,원/미국달러(매매기준율),,,20211125,1188.5,원,ECOS
USDKRW,원/미국달러 환율,D,731Y001,3.1.1.1. 주요국 통화의 대원화환율,0000001,원/미국달러(매매기준율),,,20211126,1189.7,원,ECOS
USDKRW,원/미국달러 환율,D,731Y001,3.1.1.1. 주요국 통화의 대원화환율,0000001,원/미국달러(매매기준율),,,20211129,1193.0,원,ECOS
USDKRW,원/미국달러 환율,D,731Y001,3.1.1.1. 주요국 통화의 대원화환율,0000001,원/미국달러(매매기준율),,,20211130,1193.4,원,ECOS
USDKRW,원/미국달러 환율,D,731Y001,3.1.1.1. 주요국 통화의 대원화환율,0000001,원/미국달러(매매기준율),,,20211201,1187.7,원,ECOS
USDKRW,원/미국달러 환율,D,731Y001,3.1.1.1. 주요국 통화의 대원화환율,0000001,원/미국달러(매매기준율),,,20211202,1180.3,원,ECOS
USDKRW,원/미국달러 환율,D,731Y001,3.1.1.1. 주요국 통화의 대원화환율,0000001,원/미국달러(매매기준율),,,20211203,1177.3,원,ECOS
USDKRW,원/미국달러 환율,D,731Y001,3.1.1.1. 주요국 통화의 대원화환율,0000001,원/미국달러(매매기준율),,,20211206,1178.6,원,ECOS
USDKRW,원/미국달러 환율,D,731Y001,3.1.1.1. 주요국 통화의 대원화환율,0000001,원/미국달러(매매기준율),,,20211207,1183.7,원,ECOS
USDKRW,원/미국달러 환율,D,731Y001,3.1.1.1. 주요국 통화의 대원화환율,0000001,원/미국달러(매매기준율),,,20211208,1181.2,원,ECOS
USDKRW,원/미국달러 환율,D,731Y001,3.1.1.1. 주요국 통화의 대원화환율,0000001,원/미국달러(매매기준율),,,20211209,1176.4,원,ECOS
USDKRW,원/미국달러 환율,D,731Y001,3.1.1.1. 주요국 통화의 대원화환율,0000001,원/미국달러(매매기준율),,,20211210,1173.8,원,ECOS
USDKRW,원/미국달러 환율,D,731Y001,3.1.1.1. 주요국 통화의 대원화환율,0000001,원/미국달러(매매기준율),,,20211213,1178.2,원,ECOS
USDKRW,원/미국달러 환율,D,731Y001,3.1.1.1. 주요국 통화의 대원화환율,0000001,원/미국달러(매매기준율),,,20211214,1178.8,원,ECOS
USDKRW,원/미국달러 환율,D,731Y001,3.1.1.1. 주요국 통화의 대원화환율,0000001,원/미국달러(매매기준율),,,20211215,1183.6,원,ECOS
USDKRW,원/미국달러 환율,D,731Y001,3.1.1.1. 주요국 통화의 대원화환율,0000001,원/미국달러(매매기준율),,,20211216,1186.2,원,ECOS
USDKRW,원/미국달러 환율,D,731Y001,3.1.1.1. 주요국 통화의 대원화환율,0000001,원/미국달러(매매기준율),,,20211217,1183.5,원,ECOS
USDKRW,원/미국달러 환율,D,731Y001,3.1.1.1. 주요국 통화의 대원화환율,0000001,원/미국달러(매매기준율),,,20211220,1184.4,원,ECOS
USDKRW,원/미국달러 환율,D,731Y001,3.1.1.1. 주요국 통화의 대원화환율,0000001,원/미국달러(매매기준율),,,20211221,1189.8,원,ECOS
USDKRW,원/미국달러 환율,D,731Y001,3.1.1.1. 주요국 통화의 대원화환율,0000001,원/미국달러(매매기준율),,,20211222,1191.5,원,ECOS
USDKRW,원/미국달러 환율,D,731Y001,3.1.1.1. 주요국 통화의 대원화환율,0000001,원/미국달러(매매기준율),,,20211223,1191.2,원,ECOS
USDKRW,원/미국달러 환율,D,731Y001,3.1.1.1. 주요국 통화의 대원화환율,0000001,원/미국달러(매매기준율),,,20211224,1187.5,원,ECOS
USDKRW,원/미국달러 환율,D,731Y001,3.1.1.1. 주요국 통화의 대원화환율,0000001,원/미국달러(매매기준율),,,20211227,1186.4,원,ECOS
USDKRW,원/미국달러 환율,D,731Y001,3.1.1.1. 주요국 통화의 대원화환율,0000001,원/미국달러(매매기준율),,,20211228,1186.2,원,ECOS
USDKRW,원/미국달러 환율,D,731Y001,3.1.1.1. 주요국 통화의 대원화환율,0000001,원/미국달러(매매기준율),,,20211229,1186.7,원,ECOS
USDKRW,원/미국달러 환율,D,731Y001,3.1.1.1. 주요국 통화의 대원화환율,0000001,원/미국달러(매매기준율),,,20211230,1186.6,원,ECOS
USDKRW,원/미국달러 환율,D,731Y001,3.1.1.1. 주요국 통화의 대원화환율,0000001,원/미국달러(매매기준율),,,20211231,1185.5,원,ECOS
USDKRW,원/미국달러 환율,D,731Y001,3.1.1.1. 주요국 통화의 대원화환율,0000001,원/미국달러(매매기준율),,,20220103,1185.5,원,ECOS
USDKRW,원/미국달러 환율,D,731Y001,3.1.1.1. 주요국 통화의 대원화환율,0000001,원/미국달러(매매기준율),,,20220104,1190.8,원,ECOS
USDKRW,원/미국달러 환율,D,731Y001,3.1.1.1. 주요국 통화의 대원화환율,0000001,원/미국달러(매매기준율),,,20220105,1194.3,원,ECOS
USDKRW,원/미국달러 환율,D,731Y001,3.1.1.1. 주요국 통화의 대원화환율,0000001,원/미국달러(매매기준율),,,20220106,1198.2,원,ECOS
USDKRW,원/미국달러 환율,D,731Y001,3.1.1.1. 주요국 통화의 대원화환율,0000001,원/미국달러(매매기준율),,,20220107,1199.6,원,ECOS
USDKRW,원/미국달러 환율,D,731Y001,3.1.1.1. 주요국 통화의 대원화환율,0000001,원/미국달러(매매기준율),,,20220110,1202.4,원,ECOS
USDKRW,원/미국달러 환율,D,731Y001,3.1.1.1. 주요국 통화의 대원화환율,0000001,원/미국달러(매매기준율),,,20220111,1200.0,원,ECOS
USDKRW,원/미국달러 환율,D,731Y001,3.1.1.1. 주요국 통화의 대원화환율,0000001,원/미국달러(매매기준율),,,20220112,1195.2,원,ECOS
USDKRW,원/미국달러 환율,D,731Y001,3.1.1.1. 주요국 통화의 대원화환율,0000001,원/미국달러(매매기준율),,,20220113,1189.9,원,ECOS
USDKRW,원/미국달러 환율,D,731Y001,3.1.1.1. 주요국 통화의 대원화환율,0000001,원/미국달러(매매기준율),,,20220114,1188.2,원,ECOS
USDKRW,원/미국달러 환율,D,731Y001,3.1.1.1. 주요국 통화의 대원화환율,0000001,원/미국달러(매매기준율),,,20220117,1187.6,원,ECOS
USDKRW,원/미국달러 환율,D,731Y001,3.1.1.1. 주요국 통화의 대원화환율,0000001,원/미국달러(매매기준율),,,20220118,1192.3,원,ECOS
USDKRW,원/미국달러 환율,D,731Y001,3.1.1.1. 주요국 통화의 대원화환율,0000001,원/미국달러(매매기준율),,,20220119,1188.9,원,ECOS
USDKRW,원/미국달러 환율,D,731Y001,3.1.1.1. 주요국 통화의 대원화환율,0000001,원/미국달러(매매기준율),,,20220120,1191.8,원,ECOS
USDKRW,원/미국달러 환율,D,731Y001,3.1.1.1. 주요국 통화의 대원화환율,0000001,원/미국달러(매매기준율),,,20220121,1190.4,원,ECOS
USDKRW,원/미국달러 환율,D,731Y001,3.1.1.1. 주요국 통화의 대원화환율,0000001,원/미국달러(매매기준율),,,20220124,1193.6,원,ECOS
USDKRW,원/미국달러 환율,D,731Y001,3.1.1.1. 주요국 통화의 대원화환율,0000001,원/미국달러(매매기준율),,,20220125,1194.2,원,ECOS
USDKRW,원/미국달러 환율,D,731Y001,3.1.1.1. 주요국 통화의 대원화환율,0000001,원/미국달러(매매기준율),,,20220126,1197.8,원,ECOS
USDKRW,원/미국달러 환율,D,731Y001,3.1.1.1. 주요국 통화의 대원화환율,0000001,원/미국달러(매매기준율),,,20220127,1197.0,원,ECOS
USDKRW,원/미국달러 환율,D,731Y001,3.1.1.1. 주요국 통화의 대원화환율,0000001,원/미국달러(매매기준율),,,20220128,1202.4,원,ECOS
USDKRW,원/미국달러 환율,D,731Y001,3.1.1.1. 주요국 통화의 대원화환율,0000001,원/미국달러(매매기준율),,,20220203,1205.7,원,ECOS
USDKRW,원/미국달러 환율,D,731Y001,3.1.1.1. 주요국 통화의 대원화환율,0000001,원/미국달러(매매기준율),,,20220204,1205.4,원,ECOS
USDKRW,원/미국달러 환율,D,731Y001,3.1.1.1. 주요국 통화의 대원화환율,0000001,원/미국달러(매매기준율),,,20220207,1199.5,원,ECOS
USDKRW,원/미국달러 환율,D,731Y001,3.1.1.1. 주요국 통화의 대원화환율,0000001,원/미국달러(매매기준율),,,20220208,1199.4,원,ECOS
USDKRW,원/미국달러 환율,D,731Y001,3.1.1.1. 주요국 통화의 대원화환율,0000001,원/미국달러(매매기준율),,,20220209,1197.8,원,ECOS
USDKRW,원/미국달러 환율,D,731Y001,3.1.1.1. 주요국 통화의 대원화환율,0000001,원/미국달러(매매기준율),,,20220210,1196.0,원,ECOS
USDKRW,원/미국달러 환율,D,731Y001,3.1.1.1. 주요국 통화의 대원화환율,0000001,원/미국달러(매매기준율),,,20220211,1196.0,원,ECOS
USDKRW,원/미국달러 환율,D,731Y001,3.1.1.1. 주요국 통화의 대원화환율,0000001,원/미국달러(매매기준율),,,20220214,1199.6,원,ECOS
USDKRW,원/미국달러 환율,D,731Y001,3.1.1.1. 주요국 통화의 대원화환율,0000001,원/미국달러(매매기준율),,,20220215,1198.3,원,ECOS
USDKRW,원/미국달러 환율,D,731Y001,3.1.1.1. 주요국 통화의 대원화환율,0000001,원/미국달러(매매기준율),,,20220216,1198.5,원,ECOS
USDKRW,원/미국달러 환율,D,731Y001,3.1.1.1. 주요국 통화의 대원화환율,0000001,원/미국달러(매매기준율),,,20220217,1196.9,원,ECOS
USDKRW,원/미국달러 환율,D,731Y001,3.1.1.1. 주요국 통화의 대원화환율,0000001,원/미국달러(매매기준율),,,20220218,1197.1,원,ECOS
USDKRW,원/미국달러 환율,D,731Y001,3.1.1.1. 주요국 통화의 대원화환율,0000001,원/미국달러(매매기준율),,,20220221,1196.4,원,ECOS
USDKRW,원/미국달러 환율,D,731Y001,3.1.1.1. 주요국 통화의 대원화환율,0000001,원/미국달러(매매기준율),,,20220222,1194.6,원,ECOS
USDKRW,원/미국달러 환율,D,731Y001,3.1.1.1. 주요국 통화의 대원화환율,0000001,원/미국달러(매매기준율),,,20220223,1194.7,원,ECOS
USDKRW,원/미국달러 환율,D,731Y001,3.1.1.1. 주요국 통화의 대원화환율,0000001,원/미국달러(매매기준율),,,20220224,1192.1,원,ECOS
USDKRW,원/미국달러 환율,D,731Y001,3.1.1.1. 주요국 통화의 대원화환율,0000001,원/미국달러(매매기준율),,,20220225,1199.4,원,ECOS
USDKRW,원/미국달러 환율,D,731Y001,3.1.1.1. 주요국 통화의 대원화환율,0000001,원/미국달러(매매기준율),,,20220228,1202.7,원,ECOS
USDKRW,원/미국달러 환율,D,731Y001,3.1.1.1. 주요국 통화의 대원화환율,0000001,원/미국달러(매매기준율),,,20220302,1205.6,원,ECOS
USDKRW,원/미국달러 환율,D,731Y001,3.1.1.1. 주요국 통화의 대원화환율,0000001,원/미국달러(매매기준율),,,20220303,1205.0,원,ECOS
USDKRW,원/미국달러 환율,D,731Y001,3.1.1.1. 주요국 통화의 대원화환율,0000001,원/미국달러(매매기준율),,,20220304,1203.6,원,ECOS
USDKRW,원/미국달러 환율,D,731Y001,3.1.1.1. 주요국 통화의 대원화환율,0000001,원/미국달러(매매기준율),,,20220307,1211.5,원,ECOS
USDKRW,원/미국달러 환율,D,731Y001,3.1.1.1. 주요국 통화의 대원화환율,0000001,원/미국달러(매매기준율),,,20220308,1225.4,원,ECOS
USDKRW,원/미국달러 환율,D,731Y001,3.1.1.1. 주요국 통화의 대원화환율,0000001,원/미국달러(매매기준율),,,20220310,1234.5,원,ECOS
USDKRW,원/미국달러 환율,D,731Y001,3.1.1.1. 주요국 통화의 대원화환율,0000001,원/미국달러(매매기준율),,,20220311,1228.7,원,ECOS
USDKRW,원/미국달러 환율,D,731Y001,3.1.1.1. 주요국 통화의 대원화환율,0000001,원/미국달러(매매기준율),,,20220314,1232.4,원,ECOS
USDKRW,원/미국달러 환율,D,731Y001,3.1.1.1. 주요국 통화의 대원화환율,0000001,원/미국달러(매매기준율),,,20220315,1238.6,원,ECOS
USDKRW,원/미국달러 환율,D,731Y001,3.1.1.1. 주요국 통화의 대원화환율,0000001,원/미국달러(매매기준율),,,20220316,1241.7,원,ECOS
USDKRW,원/미국달러 환율,D,731Y001,3.1.1.1. 주요국 통화의 대원화환율,0000001,원/미국달러(매매기준율),,,20220317,1240.4,원,ECOS
USDKRW,원/미국달러 환율,D,731Y001,3.1.1.1. 주요국 통화의 대원화환율,0000001,원/미국달러(매매기준율),,,20220318,1220.6,원,ECOS
USDKRW,원/미국달러 환율,D,731Y001,3.1.1.1. 주요국 통화의 대원화환율,0000001,원/미국달러(매매기준율),,,20220321,1211.1,원,ECOS
USDKRW,원/미국달러 환율,D,731Y001,3.1.1.1. 주요국 통화의 대원화환율,0000001,원/미국달러(매매기준율),,,20220322,1213.7,원,ECOS
USDKRW,원/미국달러 환율,D,731Y001,3.1.1.1. 주요국 통화의 대원화환율,0000001,원/미국달러(매매기준율),,,20220323,1221.4,원,ECOS
USDKRW,원/미국달러 환율,D,731Y001,3.1.1.1. 주요국 통화의 대원화환율,0000001,원/미국달러(매매기준율),,,20220324,1212.7,원,ECOS
USDKRW,원/미국달러 환율,D,731Y001,3.1.1.1. 주요국 통화의 대원화환율,0000001,원/미국달러(매매기준율),,,20220325,1219.4,원,ECOS
USDKRW,원/미국달러 환율,D,731Y001,3.1.1.1. 주요국 통화의 대원화환율,0000001,원/미국달러(매매기준율),,,20220328,1218.3,원,ECOS
USDKRW,원/미국달러 환율,D,731Y001,3.1.1.1. 주요국 통화의 대원화환율,0000001,원/미국달러(매매기준율),,,20220329,1225.7,원,ECOS
USDKRW,원/미국달러 환율,D,731Y001,3.1.1.1. 주요국 통화의 대원화환율,0000001,원/미국달러(매매기준율),,,20220330,1220.5,원,ECOS
USDKRW,원/미국달러 환율,D,731Y001,3.1.1.1. 주요국 통화의 대원화환율,0000001,원/미국달러(매매기준율),,,20220331,1210.8,원,ECOS
USDKRW,원/미국달러 환율,D,731Y001,3.1.1.1. 주요국 통화의 대원화환율,0000001,원/미국달러(매매기준율),,,20220401,1210.7,원,ECOS
USDKRW,원/미국달러 환율,D,731Y001,3.1.1.1. 주요국 통화의 대원화환율,0000001,원/미국달러(매매기준율),,,20220404,1216.1,원,ECOS
USDKRW,원/미국달러 환율,D,731Y001,3.1.1.1. 주요국 통화의 대원화환율,0000001,원/미국달러(매매기준율),,,20220405,1216.7,원,ECOS
USDKRW,원/미국달러 환율,D,731Y001,3.1.1.1. 주요국 통화의 대원화환율,0000001,원/미국달러(매매기준율),,,20220406,1212.6,원,ECOS
USDKRW,원/미국달러 환율,D,731Y001,3.1.1.1. 주요국 통화의 대원화환율,0000001,원/미국달러(매매기준율),,,20220407,1219.1,원,ECOS
USDKRW,원/미국달러 환율,D,731Y001,3.1.1.1. 주요국 통화의 대원화환율,0000001,원/미국달러(매매기준율),,,20220408,1218.5,원,ECOS
USDKRW,원/미국달러 환율,D,731Y001,3.1.1.1. 주요국 통화의 대원화환율,0000001,원/미국달러(매매기준율),,,20220411,1224.0,원,ECOS
USDKRW,원/미국달러 환율,D,731Y001,3.1.1.1. 주요국 통화의 대원화환율,0000001,원/미국달러(매매기준율),,,20220412,1232.0,원,ECOS
USDKRW,원/미국달러 환율,D,731Y001,3.1.1.1. 주요국 통화의 대원화환율,0000001,원/미국달러(매매기준율),,,20220413,1236.6,원,ECOS
USDKRW,원/미국달러 환율,D,731Y001,3.1.1.1. 주요국 통화의 대원화환율,0000001,원/미국달러(매매기준율),,,20220414,1227.7,원,ECOS
USDKRW,원/미국달러 환율,D,731Y001,3.1.1.1. 주요국 통화의 대원화환율,0000001,원/미국달러(매매기준율),,,20220415,1224.2,원,ECOS
USDKRW,원/미국달러 환율,D,731Y001,3.1.1.1. 주요국 통화의 대원화환율,0000001,원/미국달러(매매기준율),,,20220418,1230.1,원,ECOS
USDKRW,원/미국달러 환율,D,731Y001,3.1.1.1. 주요국 통화의 대원화환율,0000001,원/미국달러(매매기준율),,,20220419,1232.8,원,ECOS
USDKRW,원/미국달러 환율,D,731Y001,3.1.1.1. 주요국 통화의 대원화환율,0000001,원/미국달러(매매기준율),,,20220420,1234.9,원,ECOS
USDKRW,원/미국달러 환율,D,731Y001,3.1.1.1. 주요국 통화의 대원화환율,0000001,원/미국달러(매매기준율),,,20220421,1237.1,원,ECOS
USDKRW,원/미국달러 환율,D,731Y001,3.1.1.1. 주요국 통화의 대원화환율,0000001,원/미국달러(매매기준율),,,20220422,1236.4,원,ECOS
USDKRW,원/미국달러 환율,D,731Y001,3.1.1.1. 주요국 통화의 대원화환율,0000001,원/미국달러(매매기준율),,,20220425,1241.7,원,ECOS
USDKRW,원/미국달러 환율,D,731Y001,3.1.1.1. 주요국 통화의 대원화환율,0000001,원/미국달러(매매기준율),,,20220426,1247.1,원,ECOS
USDKRW,원/미국달러 환율,D,731Y001,3.1.1.1. 주요국 통화의 대원화환율,0000001,원/미국달러(매매기준율),,,20220427,1248.3,원,ECOS
USDKRW,원/미국달러 환율,D,731Y001,3.1.1.1. 주요국 통화의 대원화환율,0000001,원/미국달러(매매기준율),,,20220428,1263.1,원,ECOS
USDKRW,원/미국달러 환율,D,731Y001,3.1.1.1. 주요국 통화의 대원화환율,0000001,원/미국달러(매매기준율),,,20220429,1269.4,원,ECOS
USDKRW,원/미국달러 환율,D,731Y001,3.1.1.1. 주요국 통화의 대원화환율,0000001,원/미국달러(매매기준율),,,20220502,1265.4,원,ECOS
USDKRW,원/미국달러 환율,D,731Y001,3.1.1.1. 주요국 통화의 대원화환율,0000001,원/미국달러(매매기준율),,,20220503,1265.8,원,ECOS
USDKRW,원/미국달러 환율,D,731Y001,3.1.1.1. 주요국 통화의 대원화환율,0000001,원/미국달러(매매기준율),,,20220504,1265.7,원,ECOS
USDKRW,원/미국달러 환율,D,731Y001,3.1.1.1. 주요국 통화의 대원화환율,0000001,원/미국달러(매매기준율),,,20220506,1261.8,원,ECOS
USDKRW,원/미국달러 환율,D,731Y001,3.1.1.1. 주요국 통화의 대원화환율,0000001,원/미국달러(매매기준율),,,20220509,1272.7,원,ECOS
USDKRW,원/미국달러 환율,D,731Y001,3.1.1.1. 주요국 통화의 대원화환율,0000001,원/미국달러(매매기준율),,,20220510,1274.6,원,ECOS
USDKRW,원/미국달러 환율,D,731Y001,3.1.1.1. 주요국 통화의 대원화환율,0000001,원/미국달러(매매기준율),,,20220511,1275.5,원,ECOS
USDKRW,원/미국달러 환율,D,731Y001,3.1.1.1. 주요국 통화의 대원화환율,0000001,원/미국달러(매매기준율),,,20220512,1277.0,원,ECOS
USDKRW,원/미국달러 환율,D,731Y001,3.1.1.1. 주요국 통화의 대원화환율,0000001,원/미국달러(매매기준율),,,20220513,1286.4,원,ECOS
USDKRW,원/미국달러 환율,D,731Y001,3.1.1.1. 주요국 통화의 대원화환율,0000001,원/미국달러(매매기준율),,,20220516,1286.0,원,ECOS
USDKRW,원/미국달러 환율,D,731Y001,3.1.1.1. 주요국 통화의 대원화환율,0000001,원/미국달러(매매기준율),,,20220517,1281.6,원,ECOS
USDKRW,원/미국달러 환율,D,731Y001,3.1.1.1. 주요국 통화의 대원화환율,0000001,원/미국달러(매매기준율),,,20220518,1277.2,원,ECOS
USDKRW,원/미국달러 환율,D,731Y001,3.1.1.1. 주요국 통화의 대원화환율,0000001,원/미국달러(매매기준율),,,20220519,1269.3,원,ECOS
USDKRW,원/미국달러 환율,D,731Y001,3.1.1.1. 주요국 통화의 대원화환율,0000001,원/미국달러(매매기준율),,,20220520,1274.6,원,ECOS
USDKRW,원/미국달러 환율,D,731Y001,3.1.1.1. 주요국 통화의 대원화환율,0000001,원/미국달러(매매기준율),,,20220523,1269.5,원,ECOS
USDKRW,원/미국달러 환율,D,731Y001,3.1.1.1. 주요국 통화의 대원화환율,0000001,원/미국달러(매매기준율),,,20220524,1267.7,원,ECOS
USDKRW,원/미국달러 환율,D,731Y001,3.1.1.1. 주요국 통화의 대원화환율,0000001,원/미국달러(매매기준율),,,20220525,1264.3,원,ECOS
USDKRW,원/미국달러 환율,D,731Y001,3.1.1.1. 주요국 통화의 대원화환율,0000001,원/미국달러(매매기준율),,,20220526,1263.3,원,ECOS
USDKRW,원/미국달러 환율,D,731Y001,3.1.1.1. 주요국 통화의 대원화환율,0000001,원/미국달러(매매기준율),,,20220527,1266.4,원,ECOS
USDKRW,원/미국달러 환율,D,731Y001,3.1.1.1. 주요국 통화의 대원화환율,0000001,원/미국달러(매매기준율),,,20220530,1256.9,원,ECOS
USDKRW,원/미국달러 환율,D,731Y001,3.1.1.1. 주요국 통화의 대원화환율,0000001,원/미국달러(매매기준율),,,20220531,1245.8,원,ECOS
USDKRW,원/미국달러 환율,D,731Y001,3.1.1.1. 주요국 통화의 대원화환율,0000001,원/미국달러(매매기준율),,,20220602,1238.4,원,ECOS
USDKRW,원/미국달러 환율,D,731Y001,3.1.1.1. 주요국 통화의 대원화환율,0000001,원/미국달러(매매기준율),,,20220603,1251.2,원,ECOS
USDKRW,원/미국달러 환율,D,731Y001,3.1.1.1. 주요국 통화의 대원화환율,0000001,원/미국달러(매매기준율),,,20220607,1241.1,원,ECOS
USDKRW,원/미국달러 환율,D,731Y001,3.1.1.1. 주요국 통화의 대원화환율,0000001,원/미국달러(매매기준율),,,20220608,1257.1,원,ECOS
USDKRW,원/미국달러 환율,D,731Y001,3.1.1.1. 주요국 통화의 대원화환율,0000001,원/미국달러(매매기준율),,,20220609,1255.4,원,ECOS
USDKRW,원/미국달러 환율,D,731Y001,3.1.1.1. 주요국 통화의 대원화환율,0000001,원/미국달러(매매기준율),,,20220610,1257.6,원,ECOS
USDKRW,원/미국달러 환율,D,731Y001,3.1.1.1. 주요국 통화의 대원화환율,0000001,원/미국달러(매매기준율),,,20220613,1266.0,원,ECOS
USDKRW,원/미국달러 환율,D,731Y001,3.1.1.1. 주요국 통화의 대원화환율,0000001,원/미국달러(매매기준율),,,20220614,1286.0,원,ECOS
USDKRW,원/미국달러 환율,D,731Y001,3.1.1.1. 주요국 통화의 대원화환율,0000001,원/미국달러(매매기준율),,,20220615,1289.7,원,ECOS
USDKRW,원/미국달러 환율,D,731Y001,3.1.1.1. 주요국 통화의 대원화환율,0000001,원/미국달러(매매기준율),,,20220616,1291.3,원,ECOS
USDKRW,원/미국달러 환율,D,731Y001,3.1.1.1. 주요국 통화의 대원화환율,0000001,원/미국달러(매매기준율),,,20220617,1284.1,원,ECOS
USDKRW,원/미국달러 환율,D,731Y001,3.1.1.1. 주요국 통화의 대원화환율,0000001,원/미국달러(매매기준율),,,20220620,1287.5,원,ECOS
USDKRW,원/미국달러 환율,D,731Y001,3.1.1.1. 주요국 통화의 대원화환율,0000001,원/미국달러(매매기준율),,,20220621,1291.7,원,ECOS
USDKRW,원/미국달러 환율,D,731Y001,3.1.1.1. 주요국 통화의 대원화환율,0000001,원/미국달러(매매기준율),,,20220622,1290.6,원,ECOS
USDKRW,원/미국달러 환율,D,731Y001,3.1.1.1. 주요국 통화의 대원화환율,0000001,원/미국달러(매매기준율),,,20220623,1295.7,원,ECOS
USDKRW,원/미국달러 환율,D,731Y001,3.1.1.1. 주요국 통화의 대원화환율,0000001,원/미국달러(매매기준율),,,20220624,1300.7,원,ECOS
USDKRW,원/미국달러 환율,D,731Y001,3.1.1.1. 주요국 통화의 대원화환율,0000001,원/미국달러(매매기준율),,,20220627,1299.4,원,ECOS
USDKRW,원/미국달러 환율,D,731Y001,3.1.1.1. 주요국 통화의 대원화환율,0000001,원/미국달러(매매기준율),,,20220628,1285.6,원,ECOS
USDKRW,원/미국달러 환율,D,731Y001,3.1.1.1. 주요국 통화의 대원화환율,0000001,원/미국달러(매매기준율),,,20220629,1284.9,원,ECOS
USDKRW,원/미국달러 환율,D,731Y001,3.1.1.1. 주요국 통화의 대원화환율,0000001,원/미국달러(매매기준율),,,20220630,1292.9,원,ECOS
USDKRW,원/미국달러 환율,D,731Y001,3.1.1.1. 주요국 통화의 대원화환율,0000001,원/미국달러(매매기준율),,,20220701,1299.8,원,ECOS
USDKRW,원/미국달러 환율,D,731Y001,3.1.1.1. 주요국 통화의 대원화환율,0000001,원/미국달러(매매기준율),,,20220704,1294.2,원,ECOS
USDKRW,원/미국달러 환율,D,731Y001,3.1.1.1. 주요국 통화의 대원화환율,0000001,원/미국달러(매매기준율),,,20220705,1297.9,원,ECOS
USDKRW,원/미국달러 환율,D,731Y001,3.1.1.1. 주요국 통화의 대원화환율,0000001,원/미국달러(매매기준율),,,20220706,1298.0,원,ECOS
USDKRW,원/미국달러 환율,D,731Y001,3.1.1.1. 주요국 통화의 대원화환율,0000001,원/미국달러(매매기준율),,,20220707,1307.4,원,ECOS
USDKRW,원/미국달러 환율,D,731Y001,3.1.1.1. 주요국 통화의 대원화환율,0000001,원/미국달러(매매기준율),,,20220708,1302.7,원,ECOS
USDKRW,원/미국달러 환율,D,731Y001,3.1.1.1. 주요국 통화의 대원화환율,0000001,원/미국달러(매매기준율),,,20220711,1299.3,원,ECOS
USDKRW,원/미국달러 환율,D,731Y001,3.1.1.1. 주요국 통화의 대원화환율,0000001,원/미국달러(매매기준율),,,20220712,1300.6,원,ECOS
USDKRW,원/미국달러 환율,D,731Y001,3.1.1.1. 주요국 통화의 대원화환율,0000001,원/미국달러(매매기준율),,,20220713,1312.9,원,ECOS
USDKRW,원/미국달러 환율,D,731Y001,3.1.1.1. 주요국 통화의 대원화환율,0000001,원/미국달러(매매기준율),,,20220714,1305.9,원,ECOS
USDKRW,원/미국달러 환율,D,731Y001,3.1.1.1. 주요국 통화의 대원화환율,0000001,원/미국달러(매매기준율),,,20220715,1310.0,원,ECOS
USDKRW,원/미국달러 환율,D,731Y001,3.1.1.1. 주요국 통화의 대원화환율,0000001,원/미국달러(매매기준율),,,20220718,1323.7,원,ECOS
USDKRW,원/미국달러 환율,D,731Y001,3.1.1.1. 주요국 통화의 대원화환율,0000001,원/미국달러(매매기준율),,,20220719,1317.8,원,ECOS
USDKRW,원/미국달러 환율,D,731Y001,3.1.1.1. 주요국 통화의 대원화환율,0000001,원/미국달러(매매기준율),,,20220720,1314.9,원,ECOS
USDKRW,원/미국달러 환율,D,731Y001,3.1.1.1. 주요국 통화의 대원화환율,0000001,원/미국달러(매매기준율),,,20220721,1308.6,원,ECOS
USDKRW,원/미국달러 환율,D,731Y001,3.1.1.1. 주요국 통화의 대원화환율,0000001,원/미국달러(매매기준율),,,20220722,1312.1,원,ECOS
USDKRW,원/미국달러 환율,D,731Y001,3.1.1.1. 주요국 통화의 대원화환율,0000001,원/미국달러(매매기준율),,,20220725,1311.7,원,ECOS
USDKRW,원/미국달러 환율,D,731Y001,3.1.1.1. 주요국 통화의 대원화환율,0000001,원/미국달러(매매기준율),,,20220726,1311.0,원,ECOS
USDKRW,원/미국달러 환율,D,731Y001,3.1.1.1. 주요국 통화의 대원화환율,0000001,원/미국달러(매매기준율),,,20220727,1310.0,원,ECOS
USDKRW,원/미국달러 환율,D,731Y001,3.1.1.1. 주요국 통화의 대원화환율,0000001,원/미국달러(매매기준율),,,20220728,1312.8,원,ECOS
USDKRW,원/미국달러 환율,D,731Y001,3.1.1.1. 주요국 통화의 대원화환율,0000001,원/미국달러(매매기준율),,,20220729,1304.0,원,ECOS
USDKRW,원/미국달러 환율,D,731Y001,3.1.1.1. 주요국 통화의 대원화환율,0000001,원/미국달러(매매기준율),,,20220801,1298.6,원,ECOS
USDKRW,원/미국달러 환율,D,731Y001,3.1.1.1. 주요국 통화의 대원화환율,0000001,원/미국달러(매매기준율),,,20220802,1306.4,원,ECOS
USDKRW,원/미국달러 환율,D,731Y001,3.1.1.1. 주요국 통화의 대원화환율,0000001,원/미국달러(매매기준율),,,20220803,1307.2,원,ECOS
USDKRW,원/미국달러 환율,D,731Y001,3.1.1.1. 주요국 통화의 대원화환율,0000001,원/미국달러(매매기준율),,,20220804,1310.5,원,ECOS
USDKRW,원/미국달러 환율,D,731Y001,3.1.1.1. 주요국 통화의 대원화환율,0000001,원/미국달러(매매기준율),,,20220805,1309.7,원,ECOS
USDKRW,원/미국달러 환율,D,731Y001,3.1.1.1. 주요국 통화의 대원화환율,0000001,원/미국달러(매매기준율),,,20220808,1299.3,원,ECOS
USDKRW,원/미국달러 환율,D,731Y001,3.1.1.1. 주요국 통화의 대원화환율,0000001,원/미국달러(매매기준율),,,20220809,1304.8,원,ECOS
USDKRW,원/미국달러 환율,D,731Y001,3.1.1.1. 주요국 통화의 대원화환율,0000001,원/미국달러(매매기준율),,,20220810,1305.1,원,ECOS
USDKRW,원/미국달러 환율,D,731Y001,3.1.1.1. 주요국 통화의 대원화환율,0000001,원/미국달러(매매기준율),,,20220811,1309.1,원,ECOS
USDKRW,원/미국달러 환율,D,731Y001,3.1.1.1. 주요국 통화의 대원화환율,0000001,원/미국달러(매매기준율),,,20220812,1302.5,원,ECOS
USDKRW,원/미국달러 환율,D,731Y001,3.1.1.1. 주요국 통화의 대원화환율,0000001,원/미국달러(매매기준율),,,20220816,1303.1,원,ECOS
USDKRW,원/미국달러 환율,D,731Y001,3.1.1.1. 주요국 통화의 대원화환율,0000001,원/미국달러(매매기준율),,,20220817,1309.6,원,ECOS
USDKRW,원/미국달러 환율,D,731Y001,3.1.1.1. 주요국 통화의 대원화환율,0000001,원/미국달러(매매기준율),,,20220818,1309.8,원,ECOS
USDKRW,원/미국달러 환율,D,731Y001,3.1.1.1. 주요국 통화의 대원화환율,0000001,원/미국달러(매매기준율),,,20220819,1317.3,원,ECOS
USDKRW,원/미국달러 환율,D,731Y001,3.1.1.1. 주요국 통화의 대원화환율,0000001,원/미국달러(매매기준율),,,20220822,1326.7,원,ECOS
USDKRW,원/미국달러 환율,D,731Y001,3.1.1.1. 주요국 통화의 대원화환율,0000001,원/미국달러(매매기준율),,,20220823,1338.2,원,ECOS
USDKRW,원/미국달러 환율,D,731Y001,3.1.1.1. 주요국 통화의 대원화환율,0000001,원/미국달러(매매기준율),,,20220824,1341.8,원,ECOS
USDKRW,원/미국달러 환율,D,731Y001,3.1.1.1. 주요국 통화의 대원화환율,0000001,원/미국달러(매매기준율),,,20220825,1341.4,원,ECOS
USDKRW,원/미국달러 환율,D,731Y001,3.1.1.1. 주요국 통화의 대원화환율,0000001,원/미국달러(매매기준율),,,20220826,1336.9,원,ECOS
USDKRW,원/미국달러 환율,D,731Y001,3.1.1.1. 주요국 통화의 대원화환율,0000001,원/미국달러(매매기준율),,,20220829,1332.5,원,ECOS
USDKRW,원/미국달러 환율,D,731Y001,3.1.1.1. 주요국 통화의 대원화환율,0000001,원/미국달러(매매기준율),,,20220830,1347.7,원,ECOS
USDKRW,원/미국달러 환율,D,731Y001,3.1.1.1. 주요국 통화의 대원화환율,0000001,원/미국달러(매매기준율),,,20220831,1347.5,원,ECOS
USDKRW,원/미국달러 환율,D,731Y001,3.1.1.1. 주요국 통화의 대원화환율,0000001,원/미국달러(매매기준율),,,20220901,1345.1,원,ECOS
USDKRW,원/미국달러 환율,D,731Y001,3.1.1.1. 주요국 통화의 대원화환율,0000001,원/미국달러(매매기준율),,,20220902,1351.4,원,ECOS
USDKRW,원/미국달러 환율,D,731Y001,3.1.1.1. 주요국 통화의 대원화환율,0000001,원/미국달러(매매기준율),,,20220905,1356.5,원,ECOS
USDKRW,원/미국달러 환율,D,731Y001,3.1.1.1. 주요국 통화의 대원화환율,0000001,원/미국달러(매매기준율),,,20220906,1369.7,원,ECOS
USDKRW,원/미국달러 환율,D,731Y001,3.1.1.1. 주요국 통화의 대원화환율,0000001,원/미국달러(매매기준율),,,20220907,1370.3,원,ECOS
USDKRW,원/미국달러 환율,D,731Y001,3.1.1.1. 주요국 통화의 대원화환율,0000001,원/미국달러(매매기준율),,,20220908,1385.3,원,ECOS
USDKRW,원/미국달러 환율,D,731Y001,3.1.1.1. 주요국 통화의 대원화환율,0000001,원/미국달러(매매기준율),,,20220913,1381.2,원,ECOS
USDKRW,원/미국달러 환율,D,731Y001,3.1.1.1. 주요국 통화의 대원화환율,0000001,원/미국달러(매매기준율),,,20220914,1374.8,원,ECOS
USDKRW,원/미국달러 환율,D,731Y001,3.1.1.1. 주요국 통화의 대원화환율,0000001,원/미국달러(매매기준율),,,20220915,1391.7,원,ECOS
USDKRW,원/미국달러 환율,D,731Y001,3.1.1.1. 주요국 통화의 대원화환율,0000001,원/미국달러(매매기준율),,,20220916,1394.2,원,ECOS
USDKRW,원/미국달러 환율,D,731Y001,3.1.1.1. 주요국 통화의 대원화환율,0000001,원/미국달러(매매기준율),,,20220919,1394.2,원,ECOS
USDKRW,원/미국달러 환율,D,731Y001,3.1.1.1. 주요국 통화의 대원화환율,0000001,원/미국달러(매매기준율),,,20220920,1390.1,원,ECOS
USDKRW,원/미국달러 환율,D,731Y001,3.1.1.1. 주요국 통화의 대원화환율,0000001,원/미국달러(매매기준율),,,20220921,1389.1,원,ECOS
USDKRW,원/미국달러 환율,D,731Y001,3.1.1.1. 주요국 통화의 대원화환율,0000001,원/미국달러(매매기준율),,,20220922,1393.6,원,ECOS
USDKRW,원/미국달러 환율,D,731Y001,3.1.1.1. 주요국 통화의 대원화환율,0000001,원/미국달러(매매기준율),,,20220923,1408.0,원,ECOS
USDKRW,원/미국달러 환율,D,731Y001,3.1.1.1. 주요국 통화의 대원화환율,0000001,원/미국달러(매매기준율),,,20220926,1408.4,원,ECOS
USDKRW,원/미국달러 환율,D,731Y001,3.1.1.1. 주요국 통화의 대원화환율,0000001,원/미국달러(매매기준율),,,20220927,1429.7,원,ECOS
USDKRW,원/미국달러 환율,D,731Y001,3.1.1.1. 주요국 통화의 대원화환율,0000001,원/미국달러(매매기준율),,,20220928,1427.2,원,ECOS
USDKRW,원/미국달러 환율,D,731Y001,3.1.1.1. 주요국 통화의 대원화환율,0000001,원/미국달러(매매기준율),,,20220929,1436.5,원,ECOS
USDKRW,원/미국달러 환율,D,731Y001,3.1.1.1. 주요국 통화의 대원화환율,0000001,원/미국달러(매매기준율),,,20220930,1434.8,원,ECOS
USDKRW,원/미국달러 환율,D,731Y001,3.1.1.1. 주요국 통화의 대원화환율,0000001,원/미국달러(매매기준율),,,20221004,1432.1,원,ECOS
USDKRW,원/미국달러 환율,D,731Y001,3.1.1.1. 주요국 통화의 대원화환율,0000001,원/미국달러(매매기준율),,,20221005,1431.2,원,ECOS
USDKRW,원/미국달러 환율,D,731Y001,3.1.1.1. 주요국 통화의 대원화환율,0000001,원/미국달러(매매기준율),,,20221006,1419.1,원,ECOS
USDKRW,원/미국달러 환율,D,731Y001,3.1.1.1. 주요국 통화의 대원화환율,0000001,원/미국달러(매매기준율),,,20221007,1404.2,원,ECOS
USDKRW,원/미국달러 환율,D,731Y001,3.1.1.1. 주요국 통화의 대원화환율,0000001,원/미국달러(매매기준율),,,20221011,1410.3,원,ECOS
USDKRW,원/미국달러 환율,D,731Y001,3.1.1.1. 주요국 통화의 대원화환율,0000001,원/미국달러(매매기준율),,,20221012,1433.5,원,ECOS
USDKRW,원/미국달러 환율,D,731Y001,3.1.1.1. 주요국 통화의 대원화환율,0000001,원/미국달러(매매기준율),,,20221013,1430.4,원,ECOS
USDKRW,원/미국달러 환율,D,731Y001,3.1.1.1. 주요국 통화의 대원화환율,0000001,원/미국달러(매매기준율),,,20221014,1427.0,원,ECOS
USDKRW,원/미국달러 환율,D,731Y001,3.1.1.1. 주요국 통화의 대원화환율,0000001,원/미국달러(매매기준율),,,20221017,1428.9,원,ECOS
USDKRW,원/미국달러 환율,D,731Y001,3.1.1.1. 주요국 통화의 대원화환율,0000001,원/미국달러(매매기준율),,,20221018,1436.6,원,ECOS
USDKRW,원/미국달러 환율,D,731Y001,3.1.1.1. 주요국 통화의 대원화환율,0000001,원/미국달러(매매기준율),,,20221019,1425.6,원,ECOS
USDKRW,원/미국달러 환율,D,731Y001,3.1.1.1. 주요국 통화의 대원화환율,0000001,원/미국달러(매매기준율),,,20221020,1420.6,원,ECOS
USDKRW,원/미국달러 환율,D,731Y001,3.1.1.1. 주요국 통화의 대원화환율,0000001,원/미국달러(매매기준율),,,20221021,1431.7,원,ECOS
USDKRW,원/미국달러 환율,D,731Y001,3.1.1.1. 주요국 통화의 대원화환율,0000001,원/미국달러(매매기준율),,,20221024,1436.6,원,ECOS
USDKRW,원/미국달러 환율,D,731Y001,3.1.1.1. 주요국 통화의 대원화환율,0000001,원/미국달러(매매기준율),,,20221025,1436.6,원,ECOS
USDKRW,원/미국달러 환율,D,731Y001,3.1.1.1. 주요국 통화의 대원화환율,0000001,원/미국달러(매매기준율),,,20221026,1436.5,원,ECOS
USDKRW,원/미국달러 환율,D,731Y001,3.1.1.1. 주요국 통화의 대원화환율,0000001,원/미국달러(매매기준율),,,20221027,1428.2,원,ECOS
USDKRW,원/미국달러 환율,D,731Y001,3.1.1.1. 주요국 통화의 대원화환율,0000001,원/미국달러(매매기준율),,,20221028,1418.1,원,ECOS
USDKRW,원/미국달러 환율,D,731Y001,3.1.1.1. 주요국 통화의 대원화환율,0000001,원/미국달러(매매기준율),,,20221031,1419.3,원,ECOS
USDKRW,원/미국달러 환율,D,731Y001,3.1.1.1. 주요국 통화의 대원화환율,0000001,원/미국달러(매매기준율),,,20221101,1422.2,원,ECOS
USDKRW,원/미국달러 환율,D,731Y001,3.1.1.1. 주요국 통화의 대원화환율,0000001,원/미국달러(매매기준율),,,20221102,1421.7,원,ECOS
USDKRW,원/미국달러 환율,D,731Y001,3.1.1.1. 주요국 통화의 대원화환율,0000001,원/미국달러(매매기준율),,,20221103,1418.0,원,ECOS
USDKRW,원/미국달러 환율,D,731Y001,3.1.1.1. 주요국 통화의 대원화환율,0000001,원/미국달러(매매기준율),,,20221104,1422.1,원,ECOS
USDKRW,원/미국달러 환율,D,731Y001,3.1.1.1. 주요국 통화의 대원화환율,0000001,원/미국달러(매매기준율),,,20221107,1422.4,원,ECOS
USDKRW,원/미국달러 환율,D,731Y001,3.1.1.1. 주요국 통화의 대원화환율,0000001,원/미국달러(매매기준율),,,20221108,1406.5,원,ECOS
USDKRW,원/미국달러 환율,D,731Y001,3.1.1.1. 주요국 통화의 대원화환율,0000001,원/미국달러(매매기준율),,,20221109,1387.3,원,ECOS
USDKRW,원/미국달러 환율,D,731Y001,3.1.1.1. 주요국 통화의 대원화환율,0000001,원/미국달러(매매기준율),,,20221110,1368.3,원,ECOS
USDKRW,원/미국달러 환율,D,731Y001,3.1.1.1. 주요국 통화의 대원화환율,0000001,원/미국달러(매매기준율),,,20221111,1370.1,원,ECOS
USDKRW,원/미국달러 환율,D,731Y001,3.1.1.1. 주요국 통화의 대원화환율,0000001,원/미국달러(매매기준율),,,20221114,1334.1,원,ECOS
USDKRW,원/미국달러 환율,D,731Y001,3.1.1.1. 주요국 통화의 대원화환율,0000001,원/미국달러(매매기준율),,,20221115,1320.3,원,ECOS
USDKRW,원/미국달러 환율,D,731Y001,3.1.1.1. 주요국 통화의 대원화환율,0000001,원/미국달러(매매기준율),,,20221116,1322.4,원,ECOS
USDKRW,원/미국달러 환율,D,731Y001,3.1.1.1. 주요국 통화의 대원화환율,0000001,원/미국달러(매매기준율),,,20221117,1325.6,원,ECOS
USDKRW,원/미국달러 환율,D,731Y001,3.1.1.1. 주요국 통화의 대원화환율,0000001,원/미국달러(매매기준율),,,20221118,1338.4,원,ECOS
USDKRW,원/미국달러 환율,D,731Y001,3.1.1.1. 주요국 통화의 대원화환율,0000001,원/미국달러(매매기준율),,,20221121,1340.0,원,ECOS
USDKRW,원/미국달러 환율,D,731Y001,3.1.1.1. 주요국 통화의 대원화환율,0000001,원/미국달러(매매기준율),,,20221122,1352.3,원,ECOS
USDKRW,원/미국달러 환율,D,731Y001,3.1.1.1. 주요국 통화의 대원화환율,0000001,원/미국달러(매매기준율),,,20221123,1355.7,원,ECOS
USDKRW,원/미국달러 환율,D,731Y001,3.1.1.1. 주요국 통화의 대원화환율,0000001,원/미국달러(매매기준율),,,20221124,1352.3,원,ECOS
USDKRW,원/미국달러 환율,D,731Y001,3.1.1.1. 주요국 통화의 대원화환율,0000001,원/미국달러(매매기준율),,,20221125,1333.2,원,ECOS
USDKRW,원/미국달러 환율,D,731Y001,3.1.1.1. 주요국 통화의 대원화환율,0000001,원/미국달러(매매기준율),,,20221128,1326.8,원,ECOS
USDKRW,원/미국달러 환율,D,731Y001,3.1.1.1. 주요국 통화의 대원화환율,0000001,원/미국달러(매매기준율),,,20221129,1339.0,원,ECOS
USDKRW,원/미국달러 환율,D,731Y001,3.1.1.1. 주요국 통화의 대원화환율,0000001,원/미국달러(매매기준율),,,20221130,1331.5,원,ECOS
USDKRW,원/미국달러 환율,D,731Y001,3.1.1.1. 주요국 통화의 대원화환율,0000001,원/미국달러(매매기준율),,,20221201,1320.1,원,ECOS
USDKRW,원/미국달러 환율,D,731Y001,3.1.1.1. 주요국 통화의 대원화환율,0000001,원/미국달러(매매기준율),,,20221202,1300.8,원,ECOS
USDKRW,원/미국달러 환율,D,731Y001,3.1.1.1. 주요국 통화의 대원화환율,0000001,원/미국달러(매매기준율),,,20221205,1300.4,원,ECOS
USDKRW,원/미국달러 환율,D,731Y001,3.1.1.1. 주요국 통화의 대원화환율,0000001,원/미국달러(매매기준율),,,20221206,1293.2,원,ECOS
USDKRW,원/미국달러 환율,D,731Y001,3.1.1.1. 주요국 통화의 대원화환율,0000001,원/미국달러(매매기준율),,,20221207,1309.0,원,ECOS
USDKRW,원/미국달러 환율,D,731Y001,3.1.1.1. 주요국 통화의 대원화환율,0000001,원/미국달러(매매기준율),,,20221208,1319.5,원,ECOS
USDKRW,원/미국달러 환율,D,731Y001,3.1.1.1. 주요국 통화의 대원화환율,0000001,원/미국달러(매매기준율),,,20221209,1320.4,원,ECOS
USDKRW,원/미국달러 환율,D,731Y001,3.1.1.1. 주요국 통화의 대원화환율,0000001,원/미국달러(매매기준율),,,20221212,1306.6,원,ECOS
USDKRW,원/미국달러 환율,D,731Y001,3.1.1.1. 주요국 통화의 대원화환율,0000001,원/미국달러(매매기준율),,,20221213,1310.0,원,ECOS
USDKRW,원/미국달러 환율,D,731Y001,3.1.1.1. 주요국 통화의 대원화환율,0000001,원/미국달러(매매기준율),,,20221214,1304.4,원,ECOS
USDKRW,원/미국달러 환율,D,731Y001,3.1.1.1. 주요국 통화의 대원화환율,0000001,원/미국달러(매매기준율),,,20221215,1296.0,원,ECOS
USDKRW,원/미국달러 환율,D,731Y001,3.1.1.1. 주요국 통화의 대원화환율,0000001,원/미국달러(매매기준율),,,20221216,1301.0,원,ECOS
USDKRW,원/미국달러 환율,D,731Y001,3.1.1.1. 주요국 통화의 대원화환율,0000001,원/미국달러(매매기준율),,,20221219,1310.1,원,ECOS
USDKRW,원/미국달러 환율,D,731Y001,3.1.1.1. 주요국 통화의 대원화환율,0000001,원/미국달러(매매기준율),,,20221220,1302.0,원,ECOS
USDKRW,원/미국달러 환율,D,731Y001,3.1.1.1. 주요국 통화의 대원화환율,0000001,원/미국달러(매매기준율),,,20221221,1298.0,원,ECOS
USDKRW,원/미국달러 환율,D,731Y001,3.1.1.1. 주요국 통화의 대원화환율,0000001,원/미국달러(매매기준율),,,20221222,1286.6,원,ECOS
USDKRW,원/미국달러 환율,D,731Y001,3.1.1.1. 주요국 통화의 대원화환율,0000001,원/미국달러(매매기준율),,,20221223,1276.1,원,ECOS
USDKRW,원/미국달러 환율,D,731Y001,3.1.1.1. 주요국 통화의 대원화환율,0000001,원/미국달러(매매기준율),,,20221226,1282.2,원,ECOS
USDKRW,원/미국달러 환율,D,731Y001,3.1.1.1. 주요국 통화의 대원화환율,0000001,원/미국달러(매매기준율),,,20221227,1276.4,원,ECOS
USDKRW,원/미국달러 환율,D,731Y001,3.1.1.1. 주요국 통화의 대원화환율,0000001,원/미국달러(매매기준율),,,20221228,1268.3,원,ECOS
USDKRW,원/미국달러 환율,D,731Y001,3.1.1.1. 주요국 통화의 대원화환율,0000001,원/미국달러(매매기준율),,,20221229,1268.4,원,ECOS
USDKRW,원/미국달러 환율,D,731Y001,3.1.1.1. 주요국 통화의 대원화환율,0000001,원/미국달러(매매기준율),,,20221230,1267.3,원,ECOS
USDKRW,원/미국달러 환율,D,731Y001,3.1.1.1. 주요국 통화의 대원화환율,0000001,원/미국달러(매매기준율),,,20230102,1267.3,원,ECOS
USDKRW,원/미국달러 환율,D,731Y001,3.1.1.1. 주요국 통화의 대원화환율,0000001,원/미국달러(매매기준율),,,20230103,1268.9,원,ECOS
USDKRW,원/미국달러 환율,D,731Y001,3.1.1.1. 주요국 통화의 대원화환율,0000001,원/미국달러(매매기준율),,,20230104,1272.1,원,ECOS
USDKRW,원/미국달러 환율,D,731Y001,3.1.1.1. 주요국 통화의 대원화환율,0000001,원/미국달러(매매기준율),,,20230105,1274.7,원,ECOS
USDKRW,원/미국달러 환율,D,731Y001,3.1.1.1. 주요국 통화의 대원화환율,0000001,원/미국달러(매매기준율),,,20230106,1270.3,원,ECOS
USDKRW,원/미국달러 환율,D,731Y001,3.1.1.1. 주요국 통화의 대원화환율,0000001,원/미국달러(매매기준율),,,20230109,1267.2,원,ECOS
USDKRW,원/미국달러 환율,D,731Y001,3.1.1.1. 주요국 통화의 대원화환율,0000001,원/미국달러(매매기준율),,,20230110,1246.8,원,ECOS
USDKRW,원/미국달러 환율,D,731Y001,3.1.1.1. 주요국 통화의 대원화환율,0000001,원/미국달러(매매기준율),,,20230111,1240.8,원,ECOS
USDKRW,원/미국달러 환율,D,731Y001,3.1.1.1. 주요국 통화의 대원화환율,0000001,원/미국달러(매매기준율),,,20230112,1245.3,원,ECOS
USDKRW,원/미국달러 환율,D,731Y001,3.1.1.1. 주요국 통화의 대원화환율,0000001,원/미국달러(매매기준율),,,20230113,1244.6,원,ECOS
USDKRW,원/미국달러 환율,D,731Y001,3.1.1.1. 주요국 통화의 대원화환율,0000001,원/미국달러(매매기준율),,,20230116,1240.6,원,ECOS
USDKRW,원/미국달러 환율,D,731Y001,3.1.1.1. 주요국 통화의 대원화환율,0000001,원/미국달러(매매기준율),,,20230117,1234.0,원,ECOS
USDKRW,원/미국달러 환율,D,731Y001,3.1.1.1. 주요국 통화의 대원화환율,0000001,원/미국달러(매매기준율),,,20230118,1238.5,원,ECOS
USDKRW,원/미국달러 환율,D,731Y001,3.1.1.1. 주요국 통화의 대원화환율,0000001,원/미국달러(매매기준율),,,20230119,1239.8,원,ECOS
USDKRW,원/미국달러 환율,D,731Y001,3.1.1.1. 주요국 통화의 대원화환율,0000001,원/미국달러(매매기준율),,,20230120,1236.0,원,ECOS
USDKRW,원/미국달러 환율,D,731Y001,3.1.1.1. 주요국 통화의 대원화환율,0000001,원/미국달러(매매기준율),,,20230125,1234.4,원,ECOS
USDKRW,원/미국달러 환율,D,731Y001,3.1.1.1. 주요국 통화의 대원화환율,0000001,원/미국달러(매매기준율),,,20230126,1233.4,원,ECOS
USDKRW,원/미국달러 환율,D,731Y001,3.1.1.1. 주요국 통화의 대원화환율,0000001,원/미국달러(매매기준율),,,20230127,1231.4,원,ECOS
USDKRW,원/미국달러 환율,D,731Y001,3.1.1.1. 주요국 통화의 대원화환율,0000001,원/미국달러(매매기준율),,,20230130,1230.2,원,ECOS
USDKRW,원/미국달러 환율,D,731Y001,3.1.1.1. 주요국 통화의 대원화환율,0000001,원/미국달러(매매기준율),,,20230131,1228.7,원,ECOS
USDKRW,원/미국달러 환율,D,731Y001,3.1.1.1. 주요국 통화의 대원화환율,0000001,원/미국달러(매매기준율),,,20230201,1230.8,원,ECOS
USDKRW,원/미국달러 환율,D,731Y001,3.1.1.1. 주요국 통화의 대원화환율,0000001,원/미국달러(매매기준율),,,20230202,1231.4,원,ECOS
USDKRW,원/미국달러 환율,D,731Y001,3.1.1.1. 주요국 통화의 대원화환율,0000001,원/미국달러(매매기준율),,,20230203,1219.3,원,ECOS
USDKRW,원/미국달러 환율,D,731Y001,3.1.1.1. 주요국 통화의 대원화환율,0000001,원/미국달러(매매기준율),,,20230206,1227.2,원,ECOS
USDKRW,원/미국달러 환율,D,731Y001,3.1.1.1. 주요국 통화의 대원화환율,0000001,원/미국달러(매매기준율),,,20230207,1247.5,원,ECOS
USDKRW,원/미국달러 환율,D,731Y001,3.1.1.1. 주요국 통화의 대원화환율,0000001,원/미국달러(매매기준율),,,20230208,1256.0,원,ECOS
USDKRW,원/미국달러 환율,D,731Y001,3.1.1.1. 주요국 통화의 대원화환율,0000001,원/미국달러(매매기준율),,,20230209,1257.1,원,ECOS
USDKRW,원/미국달러 환율,D,731Y001,3.1.1.1. 주요국 통화의 대원화환율,0000001,원/미국달러(매매기준율),,,20230210,1263.1,원,ECOS
USDKRW,원/미국달러 환율,D,731Y001,3.1.1.1. 주요국 통화의 대원화환율,0000001,원/미국달러(매매기준율),,,20230213,1264.3,원,ECOS
USDKRW,원/미국달러 환율,D,731Y001,3.1.1.1. 주요국 통화의 대원화환율,0000001,원/미국달러(매매기준율),,,20230214,1274.6,원,ECOS
USDKRW,원/미국달러 환율,D,731Y001,3.1.1.1. 주요국 통화의 대원화환율,0000001,원/미국달러(매매기준율),,,20230215,1269.9,원,ECOS
USDKRW,원/미국달러 환율,D,731Y001,3.1.1.1. 주요국 통화의 대원화환율,0000001,원/미국달러(매매기준율),,,20230216,1279.3,원,ECOS
USDKRW,원/미국달러 환율,D,731Y001,3.1.1.1. 주요국 통화의 대원화환율,0000001,원/미국달러(매매기준율),,,20230217,1283.7,원,ECOS
USDKRW,원/미국달러 환율,D,731Y001,3.1.1.1. 주요국 통화의 대원화환율,0000001,원/미국달러(매매기준율),,,20230220,1297.7,원,ECOS
USDKRW,원/미국달러 환율,D,731Y001,3.1.1.1. 주요국 통화의 대원화환율,0000001,원/미국달러(매매기준율),,,20230221,1295.8,원,ECOS
USDKRW,원/미국달러 환율,D,731Y001,3.1.1.1. 주요국 통화의 대원화환율,0000001,원/미국달러(매매기준율),,,20230222,1295.8,원,ECOS
USDKRW,원/미국달러 환율,D,731Y001,3.1.1.1. 주요국 통화의 대원화환율,0000001,원/미국달러(매매기준율),,,20230223,1303.8,원,ECOS
USDKRW,원/미국달러 환율,D,731Y001,3.1.1.1. 주요국 통화의 대원화환율,0000001,원/미국달러(매매기준율),,,20230224,1299.6,원,ECOS
USDKRW,원/미국달러 환율,D,731Y001,3.1.1.1. 주요국 통화의 대원화환율,0000001,원/미국달러(매매기준율),,,20230227,1300.5,원,ECOS
USDKRW,원/미국달러 환율,D,731Y001,3.1.1.1. 주요국 통화의 대원화환율,0000001,원/미국달러(매매기준율),,,20230228,1317.4,원,ECOS
USDKRW,원/미국달러 환율,D,731Y001,3.1.1.1. 주요국 통화의 대원화환율,0000001,원/미국달러(매매기준율),,,20230302,1319.2,원,ECOS
USDKRW,원/미국달러 환율,D,731Y001,3.1.1.1. 주요국 통화의 대원화환율,0000001,원/미국달러(매매기준율),,,20230303,1310.4,원,ECOS
USDKRW,원/미국달러 환율,D,731Y001,3.1.1.1. 주요국 통화의 대원화환율,0000001,원/미국달러(매매기준율),,,20230306,1304.8,원,ECOS
USDKRW,원/미국달러 환율,D,731Y001,3.1.1.1. 주요국 통화의 대원화환율,0000001,원/미국달러(매매기준율),,,20230307,1296.7,원,ECOS
USDKRW,원/미국달러 환율,D,731Y001,3.1.1.1. 주요국 통화의 대원화환율,0000001,원/미국달러(매매기준율),,,20230308,1299.1,원,ECOS
USDKRW,원/미국달러 환율,D,731Y001,3.1.1.1. 주요국 통화의 대원화환율,0000001,원/미국달러(매매기준율),,,20230309,1319.5,원,ECOS
USDKRW,원/미국달러 환율,D,731Y001,3.1.1.1. 주요국 통화의 대원화환율,0000001,원/미국달러(매매기준율),,,20230310,1319.7,원,ECOS
USDKRW,원/미국달러 환율,D,731Y001,3.1.1.1. 주요국 통화의 대원화환율,0000001,원/미국달러(매매기준율),,,20230313,1325.7,원,ECOS
USDKRW,원/미국달러 환율,D,731Y001,3.1.1.1. 주요국 통화의 대원화환율,0000001,원/미국달러(매매기준율),,,20230314,1307.3,원,ECOS
USDKRW,원/미국달러 환율,D,731Y001,3.1.1.1. 주요국 통화의 대원화환율,0000001,원/미국달러(매매기준율),,,20230315,1304.9,원,ECOS
USDKRW,원/미국달러 환율,D,731Y001,3.1.1.1. 주요국 통화의 대원화환율,0000001,원/미국달러(매매기준율),,,20230316,1302.0,원,ECOS
USDKRW,원/미국달러 환율,D,731Y001,3.1.1.1. 주요국 통화의 대원화환율,0000001,원/미국달러(매매기준율),,,20230317,1312.1,원,ECOS
USDKRW,원/미국달러 환율,D,731Y001,3.1.1.1. 주요국 통화의 대원화환율,0000001,원/미국달러(매매기준율),,,20230320,1303.6,원,ECOS
USDKRW,원/미국달러 환율,D,731Y001,3.1.1.1. 주요국 통화의 대원화환율,0000001,원/미국달러(매매기준율),,,20230321,1308.4,원,ECOS
USDKRW,원/미국달러 환율,D,731Y001,3.1.1.1. 주요국 통화의 대원화환율,0000001,원/미국달러(매매기준율),,,20230322,1307.8,원,ECOS
USDKRW,원/미국달러 환율,D,731Y001,3.1.1.1. 주요국 통화의 대원화환율,0000001,원/미국달러(매매기준율),,,20230323,1307.1,원,ECOS
USDKRW,원/미국달러 환율,D,731Y001,3.1.1.1. 주요국 통화의 대원화환율,0000001,원/미국달러(매매기준율),,,20230324,1287.2,원,ECOS
USDKRW,원/미국달러 환율,D,731Y001,3.1.1.1. 주요국 통화의 대원화환율,0000001,원/미국달러(매매기준율),,,20230327,1289.7,원,ECOS
USDKRW,원/미국달러 환율,D,731Y001,3.1.1.1. 주요국 통화의 대원화환율,0000001,원/미국달러(매매기준율),,,20230328,1300.3,원,ECOS
USDKRW,원/미국달러 환율,D,731Y001,3.1.1.1. 주요국 통화의 대원화환율,0000001,원/미국달러(매매기준율),,,20230329,1297.4,원,ECOS
USDKRW,원/미국달러 환율,D,731Y001,3.1.1.1. 주요국 통화의 대원화환율,0000001,원/미국달러(매매기준율),,,20230330,1299.3,원,ECOS
USDKRW,원/미국달러 환율,D,731Y001,3.1.1.1. 주요국 통화의 대원화환율,0000001,원/미국달러(매매기준율),,,20230331,1303.8,원,ECOS
USDKRW,원/미국달러 환율,D,731Y001,3.1.1.1. 주요국 통화의 대원화환율,0000001,원/미국달러(매매기준율),,,20230403,1295.4,원,ECOS
USDKRW,원/미국달러 환율,D,731Y001,3.1.1.1. 주요국 통화의 대원화환율,0000001,원/미국달러(매매기준율),,,20230404,1316.3,원,ECOS
USDKRW,원/미국달러 환율,D,731Y001,3.1.1.1. 주요국 통화의 대원화환율,0000001,원/미국달러(매매기준율),,,20230405,1310.3,원,ECOS
USDKRW,원/미국달러 환율,D,731Y001,3.1.1.1. 주요국 통화의 대원화환율,0000001,원/미국달러(매매기준율),,,20230406,1311.9,원,ECOS
USDKRW,원/미국달러 환율,D,731Y001,3.1.1.1. 주요국 통화의 대원화환율,0000001,원/미국달러(매매기준율),,,20230407,1318.7,원,ECOS
USDKRW,원/미국달러 환율,D,731Y001,3.1.1.1. 주요국 통화의 대원화환율,0000001,원/미국달러(매매기준율),,,20230410,1318.9,원,ECOS
USDKRW,원/미국달러 환율,D,731Y001,3.1.1.1. 주요국 통화의 대원화환율,0000001,원/미국달러(매매기준율),,,20230411,1320.0,원,ECOS
USDKRW,원/미국달러 환율,D,731Y001,3.1.1.1. 주요국 통화의 대원화환율,0000001,원/미국달러(매매기준율),,,20230412,1319.5,원,ECOS
USDKRW,원/미국달러 환율,D,731Y001,3.1.1.1. 주요국 통화의 대원화환율,0000001,원/미국달러(매매기준율),,,20230413,1324.2,원,ECOS
USDKRW,원/미국달러 환율,D,731Y001,3.1.1.1. 주요국 통화의 대원화환율,0000001,원/미국달러(매매기준율),,,20230414,1318.0,원,ECOS
USDKRW,원/미국달러 환율,D,731Y001,3.1.1.1. 주요국 통화의 대원화환율,0000001,원/미국달러(매매기준율),,,20230417,1299.3,원,ECOS
USDKRW,원/미국달러 환율,D,731Y001,3.1.1.1. 주요국 통화의 대원화환율,0000001,원/미국달러(매매기준율),,,20230418,1311.3,원,ECOS
USDKRW,원/미국달러 환율,D,731Y001,3.1.1.1. 주요국 통화의 대원화환율,0000001,원/미국달러(매매기준율),,,20230419,1318.8,원,ECOS
USDKRW,원/미국달러 환율,D,731Y001,3.1.1.1. 주요국 통화의 대원화환율,0000001,원/미국달러(매매기준율),,,20230420,1318.8,원,ECOS
USDKRW,원/미국달러 환율,D,731Y001,3.1.1.1. 주요국 통화의 대원화환율,0000001,원/미국달러(매매기준율),,,20230421,1327.6,원,ECOS
USDKRW,원/미국달러 환율,D,731Y001,3.1.1.1. 주요국 통화의 대원화환율,0000001,원/미국달러(매매기준율),,,20230424,1327.9,원,ECOS
USDKRW,원/미국달러 환율,D,731Y001,3.1.1.1. 주요국 통화의 대원화환율,0000001,원/미국달러(매매기준율),,,20230425,1332.7,원,ECOS
USDKRW,원/미국달러 환율,D,731Y001,3.1.1.1. 주요국 통화의 대원화환율,0000001,원/미국달러(매매기준율),,,20230426,1333.3,원,ECOS
USDKRW,원/미국달러 환율,D,731Y001,3.1.1.1. 주요국 통화의 대원화환율,0000001,원/미국달러(매매기준율),,,20230427,1337.3,원,ECOS
USDKRW,원/미국달러 환율,D,731Y001,3.1.1.1. 주요국 통화의 대원화환율,0000001,원/미국달러(매매기준율),,,20230428,1339.9,원,ECOS
USDKRW,원/미국달러 환율,D,731Y001,3.1.1.1. 주요국 통화의 대원화환율,0000001,원/미국달러(매매기준율),,,20230502,1339.1,원,ECOS
USDKRW,원/미국달러 환율,D,731Y001,3.1.1.1. 주요국 통화의 대원화환율,0000001,원/미국달러(매매기준율),,,20230503,1340.2,원,ECOS
USDKRW,원/미국달러 환율,D,731Y001,3.1.1.1. 주요국 통화의 대원화환율,0000001,원/미국달러(매매기준율),,,20230504,1339.1,원,ECOS
USDKRW,원/미국달러 환율,D,731Y001,3.1.1.1. 주요국 통화의 대원화환율,0000001,원/미국달러(매매기준율),,,20230508,1325.6,원,ECOS
USDKRW,원/미국달러 환율,D,731Y001,3.1.1.1. 주요국 통화의 대원화환율,0000001,원/미국달러(매매기준율),,,20230509,1322.7,원,ECOS
USDKRW,원/미국달러 환율,D,731Y001,3.1.1.1. 주요국 통화의 대원화환율,0000001,원/미국달러(매매기준율),,,20230510,1323.0,원,ECOS
USDKRW,원/미국달러 환율,D,731Y001,3.1.1.1. 주요국 통화의 대원화환율,0000001,원/미국달러(매매기준율),,,20230511,1324.2,원,ECOS
USDKRW,원/미국달러 환율,D,731Y001,3.1.1.1. 주요국 통화의 대원화환율,0000001,원/미국달러(매매기준율),,,20230512,1320.3,원,ECOS
USDKRW,원/미국달러 환율,D,731Y001,3.1.1.1. 주요국 통화의 대원화환율,0000001,원/미국달러(매매기준율),,,20230515,1333.6,원,ECOS
USDKRW,원/미국달러 환율,D,731Y001,3.1.1.1. 주요국 통화의 대원화환율,0000001,원/미국달러(매매기준율),,,20230516,1337.8,원,ECOS
USDKRW,원/미국달러 환율,D,731Y001,3.1.1.1. 주요국 통화의 대원화환율,0000001,원/미국달러(매매기준율),,,20230517,1336.0,원,ECOS
USDKRW,원/미국달러 환율,D,731Y001,3.1.1.1. 주요국 통화의 대원화환율,0000001,원/미국달러(매매기준율),,,20230518,1339.4,원,ECOS
USDKRW,원/미국달러 환율,D,731Y001,3.1.1.1. 주요국 통화의 대원화환율,0000001,원/미국달러(매매기준율),,,20230519,1332.7,원,ECOS
USDKRW,원/미국달러 환율,D,731Y001,3.1.1.1. 주요국 통화의 대원화환율,0000001,원/미국달러(매매기준율),,,20230522,1331.2,원,ECOS
USDKRW,원/미국달러 환율,D,731Y001,3.1.1.1. 주요국 통화의 대원화환율,0000001,원/미국달러(매매기준율),,,20230523,1319.1,원,ECOS
USDKRW,원/미국달러 환율,D,731Y001,3.1.1.1. 주요국 통화의 대원화환율,0000001,원/미국달러(매매기준율),,,20230524,1311.4,원,ECOS
USDKRW,원/미국달러 환율,D,731Y001,3.1.1.1. 주요국 통화의 대원화환율,0000001,원/미국달러(매매기준율),,,20230525,1317.5,원,ECOS
USDKRW,원/미국달러 환율,D,731Y001,3.1.1.1. 주요국 통화의 대원화환율,0000001,원/미국달러(매매기준율),,,20230526,1323.4,원,ECOS
USDKRW,원/미국달러 환율,D,731Y001,3.1.1.1. 주요국 통화의 대원화환율,0000001,원/미국달러(매매기준율),,,20230530,1325.6,원,ECOS
USDKRW,원/미국달러 환율,D,731Y001,3.1.1.1. 주요국 통화의 대원화환율,0000001,원/미국달러(매매기준율),,,20230531,1322.2,원,ECOS
USDKRW,원/미국달러 환율,D,731Y001,3.1.1.1. 주요국 통화의 대원화환율,0000001,원/미국달러(매매기준율),,,20230601,1321.6,원,ECOS
USDKRW,원/미국달러 환율,D,731Y001,3.1.1.1. 주요국 통화의 대원화환율,0000001,원/미국달러(매매기준율),,,20230602,1320.7,원,ECOS
USDKRW,원/미국달러 환율,D,731Y001,3.1.1.1. 주요국 통화의 대원화환율,0000001,원/미국달러(매매기준율),,,20230605,1308.8,원,ECOS
USDKRW,원/미국달러 환율,D,731Y001,3.1.1.1. 주요국 통화의 대원화환율,0000001,원/미국달러(매매기준율),,,20230607,1308.3,원,ECOS
USDKRW,원/미국달러 환율,D,731Y001,3.1.1.1. 주요국 통화의 대원화환율,0000001,원/미국달러(매매기준율),,,20230608,1300.5,원,ECOS
USDKRW,원/미국달러 환율,D,731Y001,3.1.1.1. 주요국 통화의 대원화환율,0000001,원/미국달러(매매기준율),,,20230609,1306.1,원,ECOS
USDKRW,원/미국달러 환율,D,731Y001,3.1.1.1. 주요국 통화의 대원화환율,0000001,원/미국달러(매매기준율),,,20230612,1294.9,원,ECOS
USDKRW,원/미국달러 환율,D,731Y001,3.1.1.1. 주요국 통화의 대원화환율,0000001,원/미국달러(매매기준율),,,20230613,1291.1,원,ECOS
USDKRW,원/미국달러 환율,D,731Y001,3.1.1.1. 주요국 통화의 대원화환율,0000001,원/미국달러(매매기준율),,,20230614,1277.5,원,ECOS
USDKRW,원/미국달러 환율,D,731Y001,3.1.1.1. 주요국 통화의 대원화환율,0000001,원/미국달러(매매기준율),,,20230615,1275.9,원,ECOS
USDKRW,원/미국달러 환율,D,731Y001,3.1.1.1. 주요국 통화의 대원화환율,0000001,원/미국달러(매매기준율),,,20230616,1280.1,원,ECOS
USDKRW,원/미국달러 환율,D,731Y001,3.1.1.1. 주요국 통화의 대원화환율,0000001,원/미국달러(매매기준율),,,20230619,1273.5,원,ECOS
USDKRW,원/미국달러 환율,D,731Y001,3.1.1.1. 주요국 통화의 대원화환율,0000001,원/미국달러(매매기준율),,,20230620,1280.7,원,ECOS
USDKRW,원/미국달러 환율,D,731Y001,3.1.1.1. 주요국 통화의 대원화환율,0000001,원/미국달러(매매기준율),,,20230621,1282.2,원,ECOS
USDKRW,원/미국달러 환율,D,731Y001,3.1.1.1. 주요국 통화의 대원화환율,0000001,원/미국달러(매매기준율),,,20230622,1291.5,원,ECOS
USDKRW,원/미국달러 환율,D,731Y001,3.1.1.1. 주요국 통화의 대원화환율,0000001,원/미국달러(매매기준율),,,20230623,1291.4,원,ECOS
USDKRW,원/미국달러 환율,D,731Y001,3.1.1.1. 주요국 통화의 대원화환율,0000001,원/미국달러(매매기준율),,,20230626,1302.2,원,ECOS
USDKRW,원/미국달러 환율,D,731Y001,3.1.1.1. 주요국 통화의 대원화환율,0000001,원/미국달러(매매기준율),,,20230627,1303.8,원,ECOS
USDKRW,원/미국달러 환율,D,731Y001,3.1.1.1. 주요국 통화의 대원화환율,0000001,원/미국달러(매매기준율),,,20230628,1303.1,원,ECOS
USDKRW,원/미국달러 환율,D,731Y001,3.1.1.1. 주요국 통화의 대원화환율,0000001,원/미국달러(매매기준율),,,20230629,1304.3,원,ECOS
USDKRW,원/미국달러 환율,D,731Y001,3.1.1.1. 주요국 통화의 대원화환율,0000001,원/미국달러(매매기준율),,,20230630,1312.8,원,ECOS
USDKRW,원/미국달러 환율,D,731Y001,3.1.1.1. 주요국 통화의 대원화환율,0000001,원/미국달러(매매기준율),,,20230703,1319.4,원,ECOS
USDKRW,원/미국달러 환율,D,731Y001,3.1.1.1. 주요국 통화의 대원화환율,0000001,원/미국달러(매매기준율),,,20230704,1310.0,원,ECOS
USDKRW,원/미국달러 환율,D,731Y001,3.1.1.1. 주요국 통화의 대원화환율,0000001,원/미국달러(매매기준율),,,20230705,1301.7,원,ECOS
USDKRW,원/미국달러 환율,D,731Y001,3.1.1.1. 주요국 통화의 대원화환율,0000001,원/미국달러(매매기준율),,,20230706,1300.8,원,ECOS
USDKRW,원/미국달러 환율,D,731Y001,3.1.1.1. 주요국 통화의 대원화환율,0000001,원/미국달러(매매기준율),,,20230707,1303.8,원,ECOS
USDKRW,원/미국달러 환율,D,731Y001,3.1.1.1. 주요국 통화의 대원화환율,0000001,원/미국달러(매매기준율),,,20230710,1307.3,원,ECOS
USDKRW,원/미국달러 환율,D,731Y001,3.1.1.1. 주요국 통화의 대원화환율,0000001,원/미국달러(매매기준율),,,20230711,1303.8,원,ECOS
USDKRW,원/미국달러 환율,D,731Y001,3.1.1.1. 주요국 통화의 대원화환율,0000001,원/미국달러(매매기준율),,,20230712,1295.0,원,ECOS
USDKRW,원/미국달러 환율,D,731Y001,3.1.1.1. 주요국 통화의 대원화환율,0000001,원/미국달러(매매기준율),,,20230713,1291.4,원,ECOS
USDKRW,원/미국달러 환율,D,731Y001,3.1.1.1. 주요국 통화의 대원화환율,0000001,원/미국달러(매매기준율),,,20230714,1276.2,원,ECOS
USDKRW,원/미국달러 환율,D,731Y001,3.1.1.1. 주요국 통화의 대원화환율,0000001,원/미국달러(매매기준율),,,20230717,1265.8,원,ECOS
USDKRW,원/미국달러 환율,D,731Y001,3.1.1.1. 주요국 통화의 대원화환율,0000001,원/미국달러(매매기준율),,,20230718,1266.1,원,ECOS
USDKRW,원/미국달러 환율,D,731Y001,3.1.1.1. 주요국 통화의 대원화환율,0000001,원/미국달러(매매기준율),,,20230719,1261.6,원,ECOS
USDKRW,원/미국달러 환율,D,731Y001,3.1.1.1. 주요국 통화의 대원화환율,0000001,원/미국달러(매매기준율),,,20230720,1265.4,원,ECOS
USDKRW,원/미국달러 환율,D,731Y001,3.1.1.1. 주요국 통화의 대원화환율,0000001,원/미국달러(매매기준율),,,20230721,1265.8,원,ECOS
USDKRW,원/미국달러 환율,D,731Y001,3.1.1.1. 주요국 통화의 대원화환율,0000001,원/미국달러(매매기준율),,,20230724,1281.7,원,ECOS
USDKRW,원/미국달러 환율,D,731Y001,3.1.1.1. 주요국 통화의 대원화환율,0000001,원/미국달러(매매기준율),,,20230725,1283.8,원,ECOS
USDKRW,원/미국달러 환율,D,731Y001,3.1.1.1. 주요국 통화의 대원화환율,0000001,원/미국달러(매매기준율),,,20230726,1280.7,원,ECOS
USDKRW,원/미국달러 환율,D,731Y001,3.1.1.1. 주요국 통화의 대원화환율,0000001,원/미국달러(매매기준율),,,20230727,1278.7,원,ECOS
USDKRW,원/미국달러 환율,D,731Y001,3.1.1.1. 주요국 통화의 대원화환율,0000001,원/미국달러(매매기준율),,,20230728,1273.4,원,ECOS
USDKRW,원/미국달러 환율,D,731Y001,3.1.1.1. 주요국 통화의 대원화환율,0000001,원/미국달러(매매기준율),,,20230731,1280.0,원,ECOS
USDKRW,원/미국달러 환율,D,731Y001,3.1.1.1. 주요국 통화의 대원화환율,0000001,원/미국달러(매매기준율),,,20230801,1273.8,원,ECOS
USDKRW,원/미국달러 환율,D,731Y001,3.1.1.1. 주요국 통화의 대원화환율,0000001,원/미국달러(매매기준율),,,20230802,1280.7,원,ECOS
USDKRW,원/미국달러 환율,D,731Y001,3.1.1.1. 주요국 통화의 대원화환율,0000001,원/미국달러(매매기준율),,,20230803,1293.0,원,ECOS
USDKRW,원/미국달러 환율,D,731Y001,3.1.1.1. 주요국 통화의 대원화환율,0000001,원/미국달러(매매기준율),,,20230804,1298.8,원,ECOS
USDKRW,원/미국달러 환율,D,731Y001,3.1.1.1. 주요국 통화의 대원화환율,0000001,원/미국달러(매매기준율),,,20230807,1303.9,원,ECOS
USDKRW,원/미국달러 환율,D,731Y001,3.1.1.1. 주요국 통화의 대원화환율,0000001,원/미국달러(매매기준율),,,20230808,1304.1,원,ECOS
USDKRW,원/미국달러 환율,D,731Y001,3.1.1.1. 주요국 통화의 대원화환율,0000001,원/미국달러(매매기준율),,,20230809,1312.6,원,ECOS
USDKRW,원/미국달러 환율,D,731Y001,3.1.1.1. 주요국 통화의 대원화환율,0000001,원/미국달러(매매기준율),,,20230810,1318.3,원,ECOS
USDKRW,원/미국달러 환율,D,731Y001,3.1.1.1. 주요국 통화의 대원화환율,0000001,원/미국달러(매매기준율),,,20230811,1317.3,원,ECOS
USDKRW,원/미국달러 환율,D,731Y001,3.1.1.1. 주요국 통화의 대원화환율,0000001,원/미국달러(매매기준율),,,20230814,1321.1,원,ECOS
USDKRW,원/미국달러 환율,D,731Y001,3.1.1.1. 주요국 통화의 대원화환율,0000001,원/미국달러(매매기준율),,,20230816,1331.3,원,ECOS
USDKRW,원/미국달러 환율,D,731Y001,3.1.1.1. 주요국 통화의 대원화환율,0000001,원/미국달러(매매기준율),,,20230817,1338.3,원,ECOS
USDKRW,원/미국달러 환율,D,731Y001,3.1.1.1. 주요국 통화의 대원화환율,0000001,원/미국달러(매매기준율),,,20230818,1341.6,원,ECOS
USDKRW,원/미국달러 환율,D,731Y001,3.1.1.1. 주요국 통화의 대원화환율,0000001,원/미국달러(매매기준율),,,20230821,1336.9,원,ECOS
USDKRW,원/미국달러 환율,D,731Y001,3.1.1.1. 주요국 통화의 대원화환율,0000001,원/미국달러(매매기준율),,,20230822,1341.5,원,ECOS
USDKRW,원/미국달러 환율,D,731Y001,3.1.1.1. 주요국 통화의 대원화환율,0000001,원/미국달러(매매기준율),,,20230823,1338.7,원,ECOS
USDKRW,원/미국달러 환율,D,731Y001,3.1.1.1. 주요국 통화의 대원화환율,0000001,원/미국달러(매매기준율),,,20230824,1338.0,원,ECOS
USDKRW,원/미국달러 환율,D,731Y001,3.1.1.1. 주요국 통화의 대원화환율,0000001,원/미국달러(매매기준율),,,20230825,1324.0,원,ECOS
USDKRW,원/미국달러 환율,D,731Y001,3.1.1.1. 주요국 통화의 대원화환율,0000001,원/미국달러(매매기준율),,,20230828,1326.6,원,ECOS
USDKRW,원/미국달러 환율,D,731Y001,3.1.1.1. 주요국 통화의 대원화환율,0000001,원/미국달러(매매기준율),,,20230829,1322.5,원,ECOS
USDKRW,원/미국달러 환율,D,731Y001,3.1.1.1. 주요국 통화의 대원화환율,0000001,원/미국달러(매매기준율),,,20230830,1322.0,원,ECOS
USDKRW,원/미국달러 환율,D,731Y001,3.1.1.1. 주요국 통화의 대원화환율,0000001,원/미국달러(매매기준율),,,20230831,1321.4,원,ECOS
USDKRW,원/미국달러 환율,D,731Y001,3.1.1.1. 주요국 통화의 대원화환율,0000001,원/미국달러(매매기준율),,,20230901,1322.3,원,ECOS
USDKRW,원/미국달러 환율,D,731Y001,3.1.1.1. 주요국 통화의 대원화환율,0000001,원/미국달러(매매기준율),,,20230904,1319.2,원,ECOS
USDKRW,원/미국달러 환율,D,731Y001,3.1.1.1. 주요국 통화의 대원화환율,0000001,원/미국달러(매매기준율),,,20230905,1319.3,원,ECOS
USDKRW,원/미국달러 환율,D,731Y001,3.1.1.1. 주요국 통화의 대원화환율,0000001,원/미국달러(매매기준율),,,20230906,1324.3,원,ECOS
USDKRW,원/미국달러 환율,D,731Y001,3.1.1.1. 주요국 통화의 대원화환율,0000001,원/미국달러(매매기준율),,,20230907,1332.6,원,ECOS
USDKRW,원/미국달러 환율,D,731Y001,3.1.1.1. 주요국 통화의 대원화환율,0000001,원/미국달러(매매기준율),,,20230908,1334.7,원,ECOS
USDKRW,원/미국달러 환율,D,731Y001,3.1.1.1. 주요국 통화의 대원화환율,0000001,원/미국달러(매매기준율),,,20230911,1333.4,원,ECOS
USDKRW,원/미국달러 환율,D,731Y001,3.1.1.1. 주요국 통화의 대원화환율,0000001,원/미국달러(매매기준율),,,20230912,1332.4,원,ECOS
USDKRW,원/미국달러 환율,D,731Y001,3.1.1.1. 주요국 통화의 대원화환율,0000001,원/미국달러(매매기준율),,,20230913,1326.1,원,ECOS
USDKRW,원/미국달러 환율,D,731Y001,3.1.1.1. 주요국 통화의 대원화환율,0000001,원/미국달러(매매기준율),,,20230914,1327.8,원,ECOS
USDKRW,원/미국달러 환율,D,731Y001,3.1.1.1. 주요국 통화의 대원화환율,0000001,원/미국달러(매매기준율),,,20230915,1326.1,원,ECOS
USDKRW,원/미국달러 환율,D,731Y001,3.1.1.1. 주요국 통화의 대원화환율,0000001,원/미국달러(매매기준율),,,20230918,1327.6,원,ECOS
USDKRW,원/미국달러 환율,D,731Y001,3.1.1.1. 주요국 통화의 대원화환율,0000001,원/미국달러(매매기준율),,,20230919,1326.0,원,ECOS
USDKRW,원/미국달러 환율,D,731Y001,3.1.1.1. 주요국 통화의 대원화환율,0000001,원/미국달러(매매기준율),,,20230920,1323.7,원,ECOS
USDKRW,원/미국달러 환율,D,731Y001,3.1.1.1. 주요국 통화의 대원화환율,0000001,원/미국달러(매매기준율),,,20230921,1329.3,원,ECOS
USDKRW,원/미국달러 환율,D,731Y001,3.1.1.1. 주요국 통화의 대원화환율,0000001,원/미국달러(매매기준율),,,20230922,1339.1,원,ECOS
USDKRW,원/미국달러 환율,D,731Y001,3.1.1.1. 주요국 통화의 대원화환율,0000001,원/미국달러(매매기준율),,,20230925,1337.6,원,ECOS
USDKRW,원/미국달러 환율,D,731Y001,3.1.1.1. 주요국 통화의 대원화환율,0000001,원/미국달러(매매기준율),,,20230926,1333.7,원,ECOS
USDKRW,원/미국달러 환율,D,731Y001,3.1.1.1. 주요국 통화의 대원화환율,0000001,원/미국달러(매매기준율),,,20230927,1344.8,원,ECOS
USDKRW,원/미국달러 환율,D,731Y001,3.1.1.1. 주요국 통화의 대원화환율,0000001,원/미국달러(매매기준율),,,20231004,1351.3,원,ECOS
USDKRW,원/미국달러 환율,D,731Y001,3.1.1.1. 주요국 통화의 대원화환율,0000001,원/미국달러(매매기준율),,,20231005,1360.6,원,ECOS
USDKRW,원/미국달러 환율,D,731Y001,3.1.1.1. 주요국 통화의 대원화환율,0000001,원/미국달러(매매기준율),,,20231006,1349.4,원,ECOS
USDKRW,원/미국달러 환율,D,731Y001,3.1.1.1. 주요국 통화의 대원화환율,0000001,원/미국달러(매매기준율),,,20231010,1348.3,원,ECOS
USDKRW,원/미국달러 환율,D,731Y001,3.1.1.1. 주요국 통화의 대원화환율,0000001,원/미국달러(매매기준율),,,20231011,1348.3,원,ECOS
USDKRW,원/미국달러 환율,D,731Y001,3.1.1.1. 주요국 통화의 대원화환율,0000001,원/미국달러(매매기준율),,,20231012,1339.6,원,ECOS
USDKRW,원/미국달러 환율,D,731Y001,3.1.1.1. 주요국 통화의 대원화환율,0000001,원/미국달러(매매기준율),,,20231013,1339.9,원,ECOS
USDKRW,원/미국달러 환율,D,731Y001,3.1.1.1. 주요국 통화의 대원화환율,0000001,원/미국달러(매매기준율),,,20231016,1349.4,원,ECOS
USDKRW,원/미국달러 환율,D,731Y001,3.1.1.1. 주요국 통화의 대원화환율,0000001,원/미국달러(매매기준율),,,20231017,1353.8,원,ECOS
USDKRW,원/미국달러 환율,D,731Y001,3.1.1.1. 주요국 통화의 대원화환율,0000001,원/미국달러(매매기준율),,,20231018,1351.9,원,ECOS
USDKRW,원/미국달러 환율,D,731Y001,3.1.1.1. 주요국 통화의 대원화환율,0000001,원/미국달러(매매기준율),,,20231019,1351.7,원,ECOS
USDKRW,원/미국달러 환율,D,731Y001,3.1.1.1. 주요국 통화의 대원화환율,0000001,원/미국달러(매매기준율),,,20231020,1357.6,원,ECOS
USDKRW,원/미국달러 환율,D,731Y001,3.1.1.1. 주요국 통화의 대원화환율,0000001,원/미국달러(매매기준율),,,20231023,1355.1,원,ECOS
USDKRW,원/미국달러 환율,D,731Y001,3.1.1.1. 주요국 통화의 대원화환율,0000001,원/미국달러(매매기준율),,,20231024,1353.2,원,ECOS
USDKRW,원/미국달러 환율,D,731Y001,3.1.1.1. 주요국 통화의 대원화환율,0000001,원/미국달러(매매기준율),,,20231025,1343.9,원,ECOS
USDKRW,원/미국달러 환율,D,731Y001,3.1.1.1. 주요국 통화의 대원화환율,0000001,원/미국달러(매매기준율),,,20231026,1347.0,원,ECOS
USDKRW,원/미국달러 환율,D,731Y001,3.1.1.1. 주요국 통화의 대원화환율,0000001,원/미국달러(매매기준율),,,20231027,1357.1,원,ECOS
USDKRW,원/미국달러 환율,D,731Y001,3.1.1.1. 주요국 통화의 대원화환율,0000001,원/미국달러(매매기준율),,,20231030,1352.3,원,ECOS
USDKRW,원/미국달러 환율,D,731Y001,3.1.1.1. 주요국 통화의 대원화환율,0000001,원/미국달러(매매기준율),,,20231031,1352.8,원,ECOS
USDKRW,원/미국달러 환율,D,731Y001,3.1.1.1. 주요국 통화의 대원화환율,0000001,원/미국달러(매매기준율),,,20231101,1349.6,원,ECOS
USDKRW,원/미국달러 환율,D,731Y001,3.1.1.1. 주요국 통화의 대원화환율,0000001,원/미국달러(매매기준율),,,20231102,1356.9,원,ECOS
USDKRW,원/미국달러 환율,D,731Y001,3.1.1.1. 주요국 통화의 대원화환율,0000001,원/미국달러(매매기준율),,,20231103,1343.2,원,ECOS
USDKRW,원/미국달러 환율,D,731Y001,3.1.1.1. 주요국 통화의 대원화환율,0000001,원/미국달러(매매기준율),,,20231106,1325.8,원,ECOS
USDKRW,원/미국달러 환율,D,731Y001,3.1.1.1. 주요국 통화의 대원화환율,0000001,원/미국달러(매매기준율),,,20231107,1303.2,원,ECOS
USDKRW,원/미국달러 환율,D,731Y001,3.1.1.1. 주요국 통화의 대원화환율,0000001,원/미국달러(매매기준율),,,20231108,1306.1,원,ECOS
USDKRW,원/미국달러 환율,D,731Y001,3.1.1.1. 주요국 통화의 대원화환율,0000001,원/미국달러(매매기준율),,,20231109,1305.5,원,ECOS
USDKRW,원/미국달러 환율,D,731Y001,3.1.1.1. 주요국 통화의 대원화환율,0000001,원/미국달러(매매기준율),,,20231110,1309.0,원,ECOS
USDKRW,원/미국달러 환율,D,731Y001,3.1.1.1. 주요국 통화의 대원화환율,0000001,원/미국달러(매매기준율),,,20231113,1316.7,원,ECOS
USDKRW,원/미국달러 환율,D,731Y001,3.1.1.1. 주요국 통화의 대원화환율,0000001,원/미국달러(매매기준율),,,20231114,1322.7,원,ECOS
USDKRW,원/미국달러 환율,D,731Y001,3.1.1.1. 주요국 통화의 대원화환율,0000001,원/미국달러(매매기준율),,,20231115,1325.3,원,ECOS
USDKRW,원/미국달러 환율,D,731Y001,3.1.1.1. 주요국 통화의 대원화환율,0000001,원/미국달러(매매기준율),,,20231116,1302.0,원,ECOS
USDKRW,원/미국달러 환율,D,731Y001,3.1.1.1. 주요국 통화의 대원화환율,0000001,원/미국달러(매매기준율),,,20231117,1303.9,원,ECOS
USDKRW,원/미국달러 환율,D,731Y001,3.1.1.1. 주요국 통화의 대원화환율,0000001,원/미국달러(매매기준율),,,20231120,1294.4,원,ECOS
USDKRW,원/미국달러 환율,D,731Y001,3.1.1.1. 주요국 통화의 대원화환율,0000001,원/미국달러(매매기준율),,,20231121,1292.4,원,ECOS
USDKRW,원/미국달러 환율,D,731Y001,3.1.1.1. 주요국 통화의 대원화환율,0000001,원/미국달러(매매기준율),,,20231122,1287.7,원,ECOS
USDKRW,원/미국달러 환율,D,731Y001,3.1.1.1. 주요국 통화의 대원화환율,0000001,원/미국달러(매매기준율),,,20231123,1295.7,원,ECOS
USDKRW,원/미국달러 환율,D,731Y001,3.1.1.1. 주요국 통화의 대원화환율,0000001,원/미국달러(매매기준율),,,20231124,1298.7,원,ECOS
USDKRW,원/미국달러 환율,D,731Y001,3.1.1.1. 주요국 통화의 대원화환율,0000001,원/미국달러(매매기준율),,,20231127,1302.1,원,ECOS
USDKRW,원/미국달러 환율,D,731Y001,3.1.1.1. 주요국 통화의 대원화환율,0000001,원/미국달러(매매기준율),,,20231128,1304.7,원,ECOS
USDKRW,원/미국달러 환율,D,731Y001,3.1.1.1. 주요국 통화의 대원화환율,0000001,원/미국달러(매매기준율),,,20231129,1294.0,원,ECOS
USDKRW,원/미국달러 환율,D,731Y001,3.1.1.1. 주요국 통화의 대원화환율,0000001,원/미국달러(매매기준율),,,20231130,1289.0,원,ECOS
USDKRW,원/미국달러 환율,D,731Y001,3.1.1.1. 주요국 통화의 대원화환율,0000001,원/미국달러(매매기준율),,,20231201,1290.4,원,ECOS
USDKRW,원/미국달러 환율,D,731Y001,3.1.1.1. 주요국 통화의 대원화환율,0000001,원/미국달러(매매기준율),,,20231204,1303.2,원,ECOS
USDKRW,원/미국달러 환율,D,731Y001,3.1.1.1. 주요국 통화의 대원화환율,0000001,원/미국달러(매매기준율),,,20231205,1301.8,원,ECOS
USDKRW,원/미국달러 환율,D,731Y001,3.1.1.1. 주요국 통화의 대원화환율,0000001,원/미국달러(매매기준율),,,20231206,1311.7,원,ECOS
USDKRW,원/미국달러 환율,D,731Y001,3.1.1.1. 주요국 통화의 대원화환율,0000001,원/미국달러(매매기준율),,,20231207,1312.4,원,ECOS
USDKRW,원/미국달러 환율,D,731Y001,3.1.1.1. 주요국 통화의 대원화환율,0000001,원/미국달러(매매기준율),,,20231208,1322.7,원,ECOS
USDKRW,원/미국달러 환율,D,731Y001,3.1.1.1. 주요국 통화의 대원화환율,0000001,원/미국달러(매매기준율),,,20231211,1307.9,원,ECOS
USDKRW,원/미국달러 환율,D,731Y001,3.1.1.1. 주요국 통화의 대원화환율,0000001,원/미국달러(매매기준율),,,20231212,1318.3,원,ECOS
USDKRW,원/미국달러 환율,D,731Y001,3.1.1.1. 주요국 통화의 대원화환율,0000001,원/미국달러(매매기준율),,,20231213,1315.7,원,ECOS
USDKRW,원/미국달러 환율,D,731Y001,3.1.1.1. 주요국 통화의 대원화환율,0000001,원/미국달러(매매기준율),,,20231214,1316.5,원,ECOS
USDKRW,원/미국달러 환율,D,731Y001,3.1.1.1. 주요국 통화의 대원화환율,0000001,원/미국달러(매매기준율),,,20231215,1295.6,원,ECOS
USDKRW,원/미국달러 환율,D,731Y001,3.1.1.1. 주요국 통화의 대원화환율,0000001,원/미국달러(매매기준율),,,20231218,1294.7,원,ECOS
USDKRW,원/미국달러 환율,D,731Y001,3.1.1.1. 주요국 통화의 대원화환율,0000001,원/미국달러(매매기준율),,,20231219,1298.7,원,ECOS
USDKRW,원/미국달러 환율,D,731Y001,3.1.1.1. 주요국 통화의 대원화환율,0000001,원/미국달러(매매기준율),,,20231220,1304.7,원,ECOS
USDKRW,원/미국달러 환율,D,731Y001,3.1.1.1. 주요국 통화의 대원화환율,0000001,원/미국달러(매매기준율),,,20231221,1300.2,원,ECOS
USDKRW,원/미국달러 환율,D,731Y001,3.1.1.1. 주요국 통화의 대원화환율,0000001,원/미국달러(매매기준율),,,20231222,1303.8,원,ECOS
USDKRW,원/미국달러 환율,D,731Y001,3.1.1.1. 주요국 통화의 대원화환율,0000001,원/미국달러(매매기준율),,,20231226,1300.7,원,ECOS
USDKRW,원/미국달러 환율,D,731Y001,3.1.1.1. 주요국 통화의 대원화환율,0000001,원/미국달러(매매기준율),,,20231227,1296.8,원,ECOS
USDKRW,원/미국달러 환율,D,731Y001,3.1.1.1. 주요국 통화의 대원화환율,0000001,원/미국달러(매매기준율),,,20231228,1294.4,원,ECOS
USDKRW,원/미국달러 환율,D,731Y001,3.1.1.1. 주요국 통화의 대원화환율,0000001,원/미국달러(매매기준율),,,20231229,1289.4,원,ECOS
USDKRW,원/미국달러 환율,D,731Y001,3.1.1.1. 주요국 통화의 대원화환율,0000001,원/미국달러(매매기준율),,,20240102,1289.4,원,ECOS
USDKRW,원/미국달러 환율,D,731Y001,3.1.1.1. 주요국 통화의 대원화환율,0000001,원/미국달러(매매기준율),,,20240103,1299.3,원,ECOS
USDKRW,원/미국달러 환율,D,731Y001,3.1.1.1. 주요국 통화의 대원화환율,0000001,원/미국달러(매매기준율),,,20240104,1308.8,원,ECOS
USDKRW,원/미국달러 환율,D,731Y001,3.1.1.1. 주요국 통화의 대원화환율,0000001,원/미국달러(매매기준율),,,20240105,1310.2,원,ECOS
USDKRW,원/미국달러 환율,D,731Y001,3.1.1.1. 주요국 통화의 대원화환율,0000001,원/미국달러(매매기준율),,,20240108,1313.7,원,ECOS
USDKRW,원/미국달러 환율,D,731Y001,3.1.1.1. 주요국 통화의 대원화환율,0000001,원/미국달러(매매기준율),,,20240109,1314.8,원,ECOS
USDKRW,원/미국달러 환율,D,731Y001,3.1.1.1. 주요국 통화의 대원화환율,0000001,원/미국달러(매매기준율),,,20240110,1312.1,원,ECOS
USDKRW,원/미국달러 환율,D,731Y001,3.1.1.1. 주요국 통화의 대원화환율,0000001,원/미국달러(매매기준율),,,20240111,1320.1,원,ECOS
USDKRW,원/미국달러 환율,D,731Y001,3.1.1.1. 주요국 통화의 대원화환율,0000001,원/미국달러(매매기준율),,,20240112,1316.0,원,ECOS
USDKRW,원/미국달러 환율,D,731Y001,3.1.1.1. 주요국 통화의 대원화환율,0000001,원/미국달러(매매기준율),,,20240115,1314.1,원,ECOS
USDKRW,원/미국달러 환율,D,731Y001,3.1.1.1. 주요국 통화의 대원화환율,0000001,원/미국달러(매매기준율),,,20240116,1319.3,원,ECOS
USDKRW,원/미국달러 환율,D,731Y001,3.1.1.1. 주요국 통화의 대원화환율,0000001,원/미국달러(매매기준율),,,20240117,1329.0,원,ECOS
USDKRW,원/미국달러 환율,D,731Y001,3.1.1.1. 주요국 통화의 대원화환율,0000001,원/미국달러(매매기준율),,,20240118,1343.2,원,ECOS
USDKRW,원/미국달러 환율,D,731Y001,3.1.1.1. 주요국 통화의 대원화환율,0000001,원/미국달러(매매기준율),,,20240119,1342.4,원,ECOS
USDKRW,원/미국달러 환율,D,731Y001,3.1.1.1. 주요국 통화의 대원화환율,0000001,원/미국달러(매매기준율),,,20240122,1336.5,원,ECOS
USDKRW,원/미국달러 환율,D,731Y001,3.1.1.1. 주요국 통화의 대원화환율,0000001,원/미국달러(매매기준율),,,20240123,1334.7,원,ECOS
USDKRW,원/미국달러 환율,D,731Y001,3.1.1.1. 주요국 통화의 대원화환율,0000001,원/미국달러(매매기준율),,,20240124,1336.0,원,ECOS
USDKRW,원/미국달러 환율,D,731Y001,3.1.1.1. 주요국 통화의 대원화환율,0000001,원/미국달러(매매기준율),,,20240125,1339.1,원,ECOS
USDKRW,원/미국달러 환율,D,731Y001,3.1.1.1. 주요국 통화의 대원화환율,0000001,원/미국달러(매매기준율),,,20240126,1335.7,원,ECOS
USDKRW,원/미국달러 환율,D,731Y001,3.1.1.1. 주요국 통화의 대원화환율,0000001,원/미국달러(매매기준율),,,20240129,1336.6,원,ECOS
USDKRW,원/미국달러 환율,D,731Y001,3.1.1.1. 주요국 통화의 대원화환율,0000001,원/미국달러(매매기준율),,,20240130,1336.9,원,ECOS
USDKRW,원/미국달러 환율,D,731Y001,3.1.1.1. 주요국 통화의 대원화환율,0000001,원/미국달러(매매기준율),,,20240131,1330.6,원,ECOS
USDKRW,원/미국달러 환율,D,731Y001,3.1.1.1. 주요국 통화의 대원화환율,0000001,원/미국달러(매매기준율),,,20240201,1333.5,원,ECOS
USDKRW,원/미국달러 환율,D,731Y001,3.1.1.1. 주요국 통화의 대원화환율,0000001,원/미국달러(매매기준율),,,20240202,1332.5,원,ECOS
USDKRW,원/미국달러 환율,D,731Y001,3.1.1.1. 주요국 통화의 대원화환율,0000001,원/미국달러(매매기준율),,,20240205,1325.1,원,ECOS
USDKRW,원/미국달러 환율,D,731Y001,3.1.1.1. 주요국 통화의 대원화환율,0000001,원/미국달러(매매기준율),,,20240206,1334.6,원,ECOS
USDKRW,원/미국달러 환율,D,731Y001,3.1.1.1. 주요국 통화의 대원화환율,0000001,원/미국달러(매매기준율),,,20240207,1329.6,원,ECOS
USDKRW,원/미국달러 환율,D,731Y001,3.1.1.1. 주요국 통화의 대원화환율,0000001,원/미국달러(매매기준율),,,20240208,1325.3,원,ECOS
USDKRW,원/미국달러 환율,D,731Y001,3.1.1.1. 주요국 통화의 대원화환율,0000001,원/미국달러(매매기준율),,,20240213,1327.2,원,ECOS
USDKRW,원/미국달러 환율,D,731Y001,3.1.1.1. 주요국 통화의 대원화환율,0000001,원/미국달러(매매기준율),,,20240214,1328.4,원,ECOS
USDKRW,원/미국달러 환율,D,731Y001,3.1.1.1. 주요국 통화의 대원화환율,0000001,원/미국달러(매매기준율),,,20240215,1336.9,원,ECOS
USDKRW,원/미국달러 환율,D,731Y001,3.1.1.1. 주요국 통화의 대원화환율,0000001,원/미국달러(매매기준율),,,20240216,1333.2,원,ECOS
USDKRW,원/미국달러 환율,D,731Y001,3.1.1.1. 주요국 통화의 대원화환율,0000001,원/미국달러(매매기준율),,,20240219,1333.0,원,ECOS
USDKRW,원/미국달러 환율,D,731Y001,3.1.1.1. 주요국 통화의 대원화환율,0000001,원/미국달러(매매기준율),,,20240220,1333.8,원,ECOS
USDKRW,원/미국달러 환율,D,731Y001,3.1.1.1. 주요국 통화의 대원화환율,0000001,원/미국달러(매매기준율),,,20240221,1337.9,원,ECOS
USDKRW,원/미국달러 환율,D,731Y001,3.1.1.1. 주요국 통화의 대원화환율,0000001,원/미국달러(매매기준율),,,20240222,1335.0,원,ECOS
USDKRW,원/미국달러 환율,D,731Y001,3.1.1.1. 주요국 통화의 대원화환율,0000001,원/미국달러(매매기준율),,,20240223,1331.0,원,ECOS
USDKRW,원/미국달러 환율,D,731Y001,3.1.1.1. 주요국 통화의 대원화환율,0000001,원/미국달러(매매기준율),,,20240226,1329.3,원,ECOS
USDKRW,원/미국달러 환율,D,731Y001,3.1.1.1. 주요국 통화의 대원화환율,0000001,원/미국달러(매매기준율),,,20240227,1331.4,원,ECOS
USDKRW,원/미국달러 환율,D,731Y001,3.1.1.1. 주요국 통화의 대원화환율,0000001,원/미국달러(매매기준율),,,20240228,1331.3,원,ECOS
USDKRW,원/미국달러 환율,D,731Y001,3.1.1.1. 주요국 통화의 대원화환율,0000001,원/미국달러(매매기준율),,,20240229,1334.0,원,ECOS
USDKRW,원/미국달러 환율,D,731Y001,3.1.1.1. 주요국 통화의 대원화환율,0000001,원/미국달러(매매기준율),,,20240304,1334.1,원,ECOS
USDKRW,원/미국달러 환율,D,731Y001,3.1.1.1. 주요국 통화의 대원화환율,0000001,원/미국달러(매매기준율),,,20240305,1330.1,원,ECOS
USDKRW,원/미국달러 환율,D,731Y001,3.1.1.1. 주요국 통화의 대원화환율,0000001,원/미국달러(매매기준율),,,20240306,1333.2,원,ECOS
USDKRW,원/미국달러 환율,D,731Y001,3.1.1.1. 주요국 통화의 대원화환율,0000001,원/미국달러(매매기준율),,,20240307,1335.7,원,ECOS
USDKRW,원/미국달러 환율,D,731Y001,3.1.1.1. 주요국 통화의 대원화환율,0000001,원/미국달러(매매기준율),,,20240308,1329.6,원,ECOS
USDKRW,원/미국달러 환율,D,731Y001,3.1.1.1. 주요국 통화의 대원화환율,0000001,원/미국달러(매매기준율),,,20240311,1323.1,원,ECOS
USDKRW,원/미국달러 환율,D,731Y001,3.1.1.1. 주요국 통화의 대원화환율,0000001,원/미국달러(매매기준율),,,20240312,1314.4,원,ECOS
USDKRW,원/미국달러 환율,D,731Y001,3.1.1.1. 주요국 통화의 대원화환율,0000001,원/미국달러(매매기준율),,,20240313,1311.1,원,ECOS
USDKRW,원/미국달러 환율,D,731Y001,3.1.1.1. 주요국 통화의 대원화환율,0000001,원/미국달러(매매기준율),,,20240314,1312.8,원,ECOS
USDKRW,원/미국달러 환율,D,731Y001,3.1.1.1. 주요국 통화의 대원화환율,0000001,원/미국달러(매매기준율),,,20240315,1316.9,원,ECOS
USDKRW,원/미국달러 환율,D,731Y001,3.1.1.1. 주요국 통화의 대원화환율,0000001,원/미국달러(매매기준율),,,20240318,1328.4,원,ECOS
USDKRW,원/미국달러 환율,D,731Y001,3.1.1.1. 주요국 통화의 대원화환율,0000001,원/미국달러(매매기준율),,,20240319,1333.0,원,ECOS
USDKRW,원/미국달러 환율,D,731Y001,3.1.1.1. 주요국 통화의 대원화환율,0000001,원/미국달러(매매기준율),,,20240320,1338.5,원,ECOS
USDKRW,원/미국달러 환율,D,731Y001,3.1.1.1. 주요국 통화의 대원화환율,0000001,원/미국달러(매매기준율),,,20240321,1338.7,원,ECOS
USDKRW,원/미국달러 환율,D,731Y001,3.1.1.1. 주요국 통화의 대원화환율,0000001,원/미국달러(매매기준율),,,20240322,1326.3,원,ECOS
USDKRW,원/미국달러 환율,D,731Y001,3.1.1.1. 주요국 통화의 대원화환율,0000001,원/미국달러(매매기준율),,,20240325,1336.1,원,ECOS
USDKRW,원/미국달러 환율,D,731Y001,3.1.1.1. 주요국 통화의 대원화환율,0000001,원/미국달러(매매기준율),,,20240326,1340.7,원,ECOS
USDKRW,원/미국달러 환율,D,731Y001,3.1.1.1. 주요국 통화의 대원화환율,0000001,원/미국달러(매매기준율),,,20240327,1338.6,원,ECOS
USDKRW,원/미국달러 환율,D,731Y001,3.1.1.1. 주요국 통화의 대원화환율,0000001,원/미국달러(매매기준율),,,20240328,1345.8,원,ECOS
USDKRW,원/미국달러 환율,D,731Y001,3.1.1.1. 주요국 통화의 대원화환율,0000001,원/미국달러(매매기준율),,,20240329,1346.8,원,ECOS
USDKRW,원/미국달러 환율,D,731Y001,3.1.1.1. 주요국 통화의 대원화환율,0000001,원/미국달러(매매기준율),,,20240401,1347.4,원,ECOS
USDKRW,원/미국달러 환율,D,731Y001,3.1.1.1. 주요국 통화의 대원화환율,0000001,원/미국달러(매매기준율),,,20240402,1347.1,원,ECOS
USDKRW,원/미국달러 환율,D,731Y001,3.1.1.1. 주요국 통화의 대원화환율,0000001,원/미국달러(매매기준율),,,20240403,1353.0,원,ECOS
USDKRW,원/미국달러 환율,D,731Y001,3.1.1.1. 주요국 통화의 대원화환율,0000001,원/미국달러(매매기준율),,,20240404,1349.1,원,ECOS
USDKRW,원/미국달러 환율,D,731Y001,3.1.1.1. 주요국 통화의 대원화환율,0000001,원/미국달러(매매기준율),,,20240405,1346.8,원,ECOS
USDKRW,원/미국달러 환율,D,731Y001,3.1.1.1. 주요국 통화의 대원화환율,0000001,원/미국달러(매매기준율),,,20240408,1351.8,원,ECOS
USDKRW,원/미국달러 환율,D,731Y001,3.1.1.1. 주요국 통화의 대원화환율,0000001,원/미국달러(매매기준율),,,20240409,1353.6,원,ECOS
USDKRW,원/미국달러 환율,D,731Y001,3.1.1.1. 주요국 통화의 대원화환율,0000001,원/미국달러(매매기준율),,,20240411,1354.4,원,ECOS
USDKRW,원/미국달러 환율,D,731Y001,3.1.1.1. 주요국 통화의 대원화환율,0000001,원/미국달러(매매기준율),,,20240412,1363.7,원,ECOS
USDKRW,원/미국달러 환율,D,731Y001,3.1.1.1. 주요국 통화의 대원화환율,0000001,원/미국달러(매매기준율),,,20240415,1371.6,원,ECOS
USDKRW,원/미국달러 환율,D,731Y001,3.1.1.1. 주요국 통화의 대원화환율,0000001,원/미국달러(매매기준율),,,20240416,1383.7,원,ECOS
USDKRW,원/미국달러 환율,D,731Y001,3.1.1.1. 주요국 통화의 대원화환율,0000001,원/미국달러(매매기준율),,,20240417,1395.3,원,ECOS
USDKRW,원/미국달러 환율,D,731Y001,3.1.1.1. 주요국 통화의 대원화환율,0000001,원/미국달러(매매기준율),,,20240418,1386.3,원,ECOS
USDKRW,원/미국달러 환율,D,731Y001,3.1.1.1. 주요국 통화의 대원화환율,0000001,원/미국달러(매매기준율),,,20240419,1375.9,원,ECOS
USDKRW,원/미국달러 환율,D,731Y001,3.1.1.1. 주요국 통화의 대원화환율,0000001,원/미국달러(매매기준율),,,20240422,1385.0,원,ECOS
USDKRW,원/미국달러 환율,D,731Y001,3.1.1.1. 주요국 통화의 대원화환율,0000001,원/미국달러(매매기준율),,,20240423,1380.6,원,ECOS
USDKRW,원/미국달러 환율,D,731Y001,3.1.1.1. 주요국 통화의 대원화환율,0000001,원/미국달러(매매기준율),,,20240424,1377.9,원,ECOS
USDKRW,원/미국달러 환율,D,731Y001,3.1.1.1. 주요국 통화의 대원화환율,0000001,원/미국달러(매매기준율),,,20240425,1370.0,원,ECOS
USDKRW,원/미국달러 환율,D,731Y001,3.1.1.1. 주요국 통화의 대원화환율,0000001,원/미국달러(매매기준율),,,20240426,1376.6,원,ECOS
USDKRW,원/미국달러 환율,D,731Y001,3.1.1.1. 주요국 통화의 대원화환율,0000001,원/미국달러(매매기준율),,,20240429,1375.9,원,ECOS
USDKRW,원/미국달러 환율,D,731Y001,3.1.1.1. 주요국 통화의 대원화환율,0000001,원/미국달러(매매기준율),,,20240430,1378.7,원,ECOS
USDKRW,원/미국달러 환율,D,731Y001,3.1.1.1. 주요국 통화의 대원화환율,0000001,원/미국달러(매매기준율),,,20240502,1378.0,원,ECOS
USDKRW,원/미국달러 환율,D,731Y001,3.1.1.1. 주요국 통화의 대원화환율,0000001,원/미국달러(매매기준율),,,20240503,1378.5,원,ECOS
USDKRW,원/미국달러 환율,D,731Y001,3.1.1.1. 주요국 통화의 대원화환율,0000001,원/미국달러(매매기준율),,,20240507,1365.2,원,ECOS
USDKRW,원/미국달러 환율,D,731Y001,3.1.1.1. 주요국 통화의 대원화환율,0000001,원/미국달러(매매기준율),,,20240508,1357.8,원,ECOS
USDKRW,원/미국달러 환율,D,731Y001,3.1.1.1. 주요국 통화의 대원화환율,0000001,원/미국달러(매매기준율),,,20240509,1364.4,원,ECOS
USDKRW,원/미국달러 환율,D,731Y001,3.1.1.1. 주요국 통화의 대원화환율,0000001,원/미국달러(매매기준율),,,20240510,1367.9,원,ECOS
USDKRW,원/미국달러 환율,D,731Y001,3.1.1.1. 주요국 통화의 대원화환율,0000001,원/미국달러(매매기준율),,,20240513,1367.9,원,ECOS
USDKRW,원/미국달러 환율,D,731Y001,3.1.1.1. 주요국 통화의 대원화환율,0000001,원/미국달러(매매기준율),,,20240514,1370.1,원,ECOS
USDKRW,원/미국달러 환율,D,731Y001,3.1.1.1. 주요국 통화의 대원화환율,0000001,원/미국달러(매매기준율),,,20240516,1369.0,원,ECOS
USDKRW,원/미국달러 환율,D,731Y001,3.1.1.1. 주요국 통화의 대원화환율,0000001,원/미국달러(매매기준율),,,20240517,1349.4,원,ECOS
USDKRW,원/미국달러 환율,D,731Y001,3.1.1.1. 주요국 통화의 대원화환율,0000001,원/미국달러(매매기준율),,,20240520,1355.2,원,ECOS
USDKRW,원/미국달러 환율,D,731Y001,3.1.1.1. 주요국 통화의 대원화환율,0000001,원/미국달러(매매기준율),,,20240521,1356.2,원,ECOS
USDKRW,원/미국달러 환율,D,731Y001,3.1.1.1. 주요국 통화의 대원화환율,0000001,원/미국달러(매매기준율),,,20240522,1364.4,원,ECOS
USDKRW,원/미국달러 환율,D,731Y001,3.1.1.1. 주요국 통화의 대원화환율,0000001,원/미국달러(매매기준율),,,20240523,1363.1,원,ECOS
USDKRW,원/미국달러 환율,D,731Y001,3.1.1.1. 주요국 통화의 대원화환율,0000001,원/미국달러(매매기준율),,,20240524,1364.5,원,ECOS
USDKRW,원/미국달러 환율,D,731Y001,3.1.1.1. 주요국 통화의 대원화환율,0000001,원/미국달러(매매기준율),,,20240527,1370.0,원,ECOS
USDKRW,원/미국달러 환율,D,731Y001,3.1.1.1. 주요국 통화의 대원화환율,0000001,원/미국달러(매매기준율),,,20240528,1365.4,원,ECOS
USDKRW,원/미국달러 환율,D,731Y001,3.1.1.1. 주요국 통화의 대원화환율,0000001,원/미국달러(매매기준율),,,20240529,1359.5,원,ECOS
USDKRW,원/미국달러 환율,D,731Y001,3.1.1.1. 주요국 통화의 대원화환율,0000001,원/미국달러(매매기준율),,,20240530,1364.8,원,ECOS
USDKRW,원/미국달러 환율,D,731Y001,3.1.1.1. 주요국 통화의 대원화환율,0000001,원/미국달러(매매기준율),,,20240531,1376.5,원,ECOS
USDKRW,원/미국달러 환율,D,731Y001,3.1.1.1. 주요국 통화의 대원화환율,0000001,원/미국달러(매매기준율),,,20240603,1381.6,원,ECOS
USDKRW,원/미국달러 환율,D,731Y001,3.1.1.1. 주요국 통화의 대원화환율,0000001,원/미국달러(매매기준율),,,20240604,1377.6,원,ECOS
USDKRW,원/미국달러 환율,D,731Y001,3.1.1.1. 주요국 통화의 대원화환율,0000001,원/미국달러(매매기준율),,,20240605,1373.1,원,ECOS
USDKRW,원/미국달러 환율,D,731Y001,3.1.1.1. 주요국 통화의 대원화환율,0000001,원/미국달러(매매기준율),,,20240607,1371.5,원,ECOS
USDKRW,원/미국달러 환율,D,731Y001,3.1.1.1. 주요국 통화의 대원화환율,0000001,원/미국달러(매매기준율),,,20240610,1366.9,원,ECOS
USDKRW,원/미국달러 환율,D,731Y001,3.1.1.1. 주요국 통화의 대원화환율,0000001,원/미국달러(매매기준율),,,20240611,1377.9,원,ECOS
USDKRW,원/미국달러 환율,D,731Y001,3.1.1.1. 주요국 통화의 대원화환율,0000001,원/미국달러(매매기준율),,,20240612,1377.4,원,ECOS
USDKRW,원/미국달러 환율,D,731Y001,3.1.1.1. 주요국 통화의 대원화환율,0000001,원/미국달러(매매기준율),,,20240613,1377.8,원,ECOS
USDKRW,원/미국달러 환율,D,731Y001,3.1.1.1. 주요국 통화의 대원화환율,0000001,원/미국달러(매매기준율),,,20240614,1371.0,원,ECOS
USDKRW,원/미국달러 환율,D,731Y001,3.1.1.1. 주요국 통화의 대원화환율,0000001,원/미국달러(매매기준율),,,20240617,1377.7,원,ECOS
USDKRW,원/미국달러 환율,D,731Y001,3.1.1.1. 주요국 통화의 대원화환율,0000001,원/미국달러(매매기준율),,,20240618,1380.4,원,ECOS
USDKRW,원/미국달러 환율,D,731Y001,3.1.1.1. 주요국 통화의 대원화환율,0000001,원/미국달러(매매기준율),,,20240619,1380.5,원,ECOS
USDKRW,원/미국달러 환율,D,731Y001,3.1.1.1. 주요국 통화의 대원화환율,0000001,원/미국달러(매매기준율),,,20240620,1380.8,원,ECOS
USDKRW,원/미국달러 환율,D,731Y001,3.1.1.1. 주요국 통화의 대원화환율,0000001,원/미국달러(매매기준율),,,20240621,1383.8,원,ECOS
USDKRW,원/미국달러 환율,D,731Y001,3.1.1.1. 주요국 통화의 대원화환율,0000001,원/미국달러(매매기준율),,,20240624,1389.1,원,ECOS
USDKRW,원/미국달러 환율,D,731Y001,3.1.1.1. 주요국 통화의 대원화환율,0000001,원/미국달러(매매기준율),,,20240625,1389.7,원,ECOS
USDKRW,원/미국달러 환율,D,731Y001,3.1.1.1. 주요국 통화의 대원화환율,0000001,원/미국달러(매매기준율),,,20240626,1386.4,원,ECOS
USDKRW,원/미국달러 환율,D,731Y001,3.1.1.1. 주요국 통화의 대원화환율,0000001,원/미국달러(매매기준율),,,20240627,1390.1,원,ECOS
USDKRW,원/미국달러 환율,D,731Y001,3.1.1.1. 주요국 통화의 대원화환율,0000001,원/미국달러(매매기준율),,,20240628,1389.2,원,ECOS
USDKRW,원/미국달러 환율,D,731Y001,3.1.1.1. 주요국 통화의 대원화환율,0000001,원/미국달러(매매기준율),,,20240701,1382.4,원,ECOS
USDKRW,원/미국달러 환율,D,731Y001,3.1.1.1. 주요국 통화의 대원화환율,0000001,원/미국달러(매매기준율),,,20240702,1380.8,원,ECOS
USDKRW,원/미국달러 환율,D,731Y001,3.1.1.1. 주요국 통화의 대원화환율,0000001,원/미국달러(매매기준율),,,20240703,1387.4,원,ECOS
USDKRW,원/미국달러 환율,D,731Y001,3.1.1.1. 주요국 통화의 대원화환율,0000001,원/미국달러(매매기준율),,,20240704,1389.4,원,ECOS
USDKRW,원/미국달러 환율,D,731Y001,3.1.1.1. 주요국 통화의 대원화환율,0000001,원/미국달러(매매기준율),,,20240705,1381.9,원,ECOS
USDKRW,원/미국달러 환율,D,731Y001,3.1.1.1. 주요국 통화의 대원화환율,0000001,원/미국달러(매매기준율),,,20240708,1379.0,원,ECOS
USDKRW,원/미국달러 환율,D,731Y001,3.1.1.1. 주요국 통화의 대원화환율,0000001,원/미국달러(매매기준율),,,20240709,1379.4,원,ECOS
USDKRW,원/미국달러 환율,D,731Y001,3.1.1.1. 주요국 통화의 대원화환율,0000001,원/미국달러(매매기준율),,,20240710,1383.4,원,ECOS
USDKRW,원/미국달러 환율,D,731Y001,3.1.1.1. 주요국 통화의 대원화환율,0000001,원/미국달러(매매기준율),,,20240711,1385.6,원,ECOS
USDKRW,원/미국달러 환율,D,731Y001,3.1.1.1. 주요국 통화의 대원화환율,0000001,원/미국달러(매매기준율),,,20240712,1380.1,원,ECOS
USDKRW,원/미국달러 환율,D,731Y001,3.1.1.1. 주요국 통화의 대원화환율,0000001,원/미국달러(매매기준율),,,20240715,1376.3,원,ECOS
USDKRW,원/미국달러 환율,D,731Y001,3.1.1.1. 주요국 통화의 대원화환율,0000001,원/미국달러(매매기준율),,,20240716,1381.9,원,ECOS
USDKRW,원/미국달러 환율,D,731Y001,3.1.1.1. 주요국 통화의 대원화환율,0000001,원/미국달러(매매기준율),,,20240717,1386.0,원,ECOS
USDKRW,원/미국달러 환율,D,731Y001,3.1.1.1. 주요국 통화의 대원화환율,0000001,원/미국달러(매매기준율),,,20240718,1381.5,원,ECOS
USDKRW,원/미국달러 환율,D,731Y001,3.1.1.1. 주요국 통화의 대원화환율,0000001,원/미국달러(매매기준율),,,20240719,1379.9,원,ECOS
USDKRW,원/미국달러 환율,D,731Y001,3.1.1.1. 주요국 통화의 대원화환율,0000001,원/미국달러(매매기준율),,,20240722,1386.6,원,ECOS
USDKRW,원/미국달러 환율,D,731Y001,3.1.1.1. 주요국 통화의 대원화환율,0000001,원/미국달러(매매기준율),,,20240723,1388.6,원,ECOS
USDKRW,원/미국달러 환율,D,731Y001,3.1.1.1. 주요국 통화의 대원화환율,0000001,원/미국달러(매매기준율),,,20240724,1385.1,원,ECOS
USDKRW,원/미국달러 환율,D,731Y001,3.1.1.1. 주요국 통화의 대원화환율,0000001,원/미국달러(매매기준율),,,20240725,1385.1,원,ECOS
USDKRW,원/미국달러 환율,D,731Y001,3.1.1.1. 주요국 통화의 대원화환율,0000001,원/미국달러(매매기준율),,,20240726,1385.4,원,ECOS
USDKRW,원/미국달러 환율,D,731Y001,3.1.1.1. 주요국 통화의 대원화환율,0000001,원/미국달러(매매기준율),,,20240729,1385.4,원,ECOS
USDKRW,원/미국달러 환율,D,731Y001,3.1.1.1. 주요국 통화의 대원화환율,0000001,원/미국달러(매매기준율),,,20240730,1382.0,원,ECOS
USDKRW,원/미국달러 환율,D,731Y001,3.1.1.1. 주요국 통화의 대원화환율,0000001,원/미국달러(매매기준율),,,20240731,1384.6,원,ECOS
USDKRW,원/미국달러 환율,D,731Y001,3.1.1.1. 주요국 통화의 대원화환율,0000001,원/미국달러(매매기준율),,,20240801,1380.1,원,ECOS
USDKRW,원/미국달러 환율,D,731Y001,3.1.1.1. 주요국 통화의 대원화환율,0000001,원/미국달러(매매기준율),,,20240802,1365.9,원,ECOS
USDKRW,원/미국달러 환율,D,731Y001,3.1.1.1. 주요국 통화의 대원화환율,0000001,원/미국달러(매매기준율),,,20240805,1372.8,원,ECOS
USDKRW,원/미국달러 환율,D,731Y001,3.1.1.1. 주요국 통화의 대원화환율,0000001,원/미국달러(매매기준율),,,20240806,1360.6,원,ECOS
USDKRW,원/미국달러 환율,D,731Y001,3.1.1.1. 주요국 통화의 대원화환율,0000001,원/미국달러(매매기준율),,,20240807,1372.2,원,ECOS
USDKRW,원/미국달러 환율,D,731Y001,3.1.1.1. 주요국 통화의 대원화환율,0000001,원/미국달러(매매기준율),,,20240808,1376.4,원,ECOS
USDKRW,원/미국달러 환율,D,731Y001,3.1.1.1. 주요국 통화의 대원화환율,0000001,원/미국달러(매매기준율),,,20240809,1377.7,원,ECOS
USDKRW,원/미국달러 환율,D,731Y001,3.1.1.1. 주요국 통화의 대원화환율,0000001,원/미국달러(매매기준율),,,20240812,1369.4,원,ECOS
USDKRW,원/미국달러 환율,D,731Y001,3.1.1.1. 주요국 통화의 대원화환율,0000001,원/미국달러(매매기준율),,,20240813,1367.7,원,ECOS
USDKRW,원/미국달러 환율,D,731Y001,3.1.1.1. 주요국 통화의 대원화환율,0000001,원/미국달러(매매기준율),,,20240814,1370.3,원,ECOS
USDKRW,원/미국달러 환율,D,731Y001,3.1.1.1. 주요국 통화의 대원화환율,0000001,원/미국달러(매매기준율),,,20240816,1361.4,원,ECOS
USDKRW,원/미국달러 환율,D,731Y001,3.1.1.1. 주요국 통화의 대원화환율,0000001,원/미국달러(매매기준율),,,20240819,1360.1,원,ECOS
USDKRW,원/미국달러 환율,D,731Y001,3.1.1.1. 주요국 통화의 대원화환율,0000001,원/미국달러(매매기준율),,,20240820,1337.8,원,ECOS
USDKRW,원/미국달러 환율,D,731Y001,3.1.1.1. 주요국 통화의 대원화환율,0000001,원/미국달러(매매기준율),,,20240821,1332.0,원,ECOS
USDKRW,원/미국달러 환율,D,731Y001,3.1.1.1. 주요국 통화의 대원화환율,0000001,원/미국달러(매매기준율),,,20240822,1332.4,원,ECOS
USDKRW,원/미국달러 환율,D,731Y001,3.1.1.1. 주요국 통화의 대원화환율,0000001,원/미국달러(매매기준율),,,20240823,1335.9,원,ECOS
USDKRW,원/미국달러 환율,D,731Y001,3.1.1.1. 주요국 통화의 대원화환율,0000001,원/미국달러(매매기준율),,,20240826,1340.1,원,ECOS
USDKRW,원/미국달러 환율,D,731Y001,3.1.1.1. 주요국 통화의 대원화환율,0000001,원/미국달러(매매기준율),,,20240827,1323.9,원,ECOS
USDKRW,원/미국달러 환율,D,731Y001,3.1.1.1. 주요국 통화의 대원화환율,0000001,원/미국달러(매매기준율),,,20240828,1330.4,원,ECOS
USDKRW,원/미국달러 환율,D,731Y001,3.1.1.1. 주요국 통화의 대원화환율,0000001,원/미국달러(매매기준율),,,20240829,1334.7,원,ECOS
USDKRW,원/미국달러 환율,D,731Y001,3.1.1.1. 주요국 통화의 대원화환율,0000001,원/미국달러(매매기준율),,,20240830,1335.3,원,ECOS
USDKRW,원/미국달러 환율,D,731Y001,3.1.1.1. 주요국 통화의 대원화환율,0000001,원/미국달러(매매기준율),,,20240902,1334.8,원,ECOS
USDKRW,원/미국달러 환율,D,731Y001,3.1.1.1. 주요국 통화의 대원화환율,0000001,원/미국달러(매매기준율),,,20240903,1338.8,원,ECOS
USDKRW,원/미국달러 환율,D,731Y001,3.1.1.1. 주요국 통화의 대원화환율,0000001,원/미국달러(매매기준율),,,20240904,1341.0,원,ECOS
USDKRW,원/미국달러 환율,D,731Y001,3.1.1.1. 주요국 통화의 대원화환율,0000001,원/미국달러(매매기준율),,,20240905,1342.0,원,ECOS
USDKRW,원/미국달러 환율,D,731Y001,3.1.1.1. 주요국 통화의 대원화환율,0000001,원/미국달러(매매기준율),,,20240906,1335.8,원,ECOS
USDKRW,원/미국달러 환율,D,731Y001,3.1.1.1. 주요국 통화의 대원화환율,0000001,원/미국달러(매매기준율),,,20240909,1330.4,원,ECOS
USDKRW,원/미국달러 환율,D,731Y001,3.1.1.1. 주요국 통화의 대원화환율,0000001,원/미국달러(매매기준율),,,20240910,1339.5,원,ECOS
USDKRW,원/미국달러 환율,D,731Y001,3.1.1.1. 주요국 통화의 대원화환율,0000001,원/미국달러(매매기준율),,,20240911,1344.3,원,ECOS
USDKRW,원/미국달러 환율,D,731Y001,3.1.1.1. 주요국 통화의 대원화환율,0000001,원/미국달러(매매기준율),,,20240912,1340.3,원,ECOS
USDKRW,원/미국달러 환율,D,731Y001,3.1.1.1. 주요국 통화의 대원화환율,0000001,원/미국달러(매매기준율),,,20240913,1339.6,원,ECOS
USDKRW,원/미국달러 환율,D,731Y001,3.1.1.1. 주요국 통화의 대원화환율,0000001,원/미국달러(매매기준율),,,20240919,1331.0,원,ECOS
USDKRW,원/미국달러 환율,D,731Y001,3.1.1.1. 주요국 통화의 대원화환율,0000001,원/미국달러(매매기준율),,,20240920,1331.8,원,ECOS
USDKRW,원/미국달러 환율,D,731Y001,3.1.1.1. 주요국 통화의 대원화환율,0000001,원/미국달러(매매기준율),,,20240923,1329.9,원,ECOS
USDKRW,원/미국달러 환율,D,731Y001,3.1.1.1. 주요국 통화의 대원화환율,0000001,원/미국달러(매매기준율),,,20240924,1335.5,원,ECOS
USDKRW,원/미국달러 환율,D,731Y001,3.1.1.1. 주요국 통화의 대원화환율,0000001,원/미국달러(매매기준율),,,20240925,1334.3,원,ECOS
USDKRW,원/미국달러 환율,D,731Y001,3.1.1.1. 주요국 통화의 대원화환율,0000001,원/미국달러(매매기준율),,,20240926,1328.4,원,ECOS
USDKRW,원/미국달러 환율,D,731Y001,3.1.1.1. 주요국 통화의 대원화환율,0000001,원/미국달러(매매기준율),,,20240927,1329.7,원,ECOS
USDKRW,원/미국달러 환율,D,731Y001,3.1.1.1. 주요국 통화의 대원화환율,0000001,원/미국달러(매매기준율),,,20240930,1319.6,원,ECOS
USDKRW,원/미국달러 환율,D,731Y001,3.1.1.1. 주요국 통화의 대원화환율,0000001,원/미국달러(매매기준율),,,20241002,1306.9,원,ECOS
USDKRW,원/미국달러 환율,D,731Y001,3.1.1.1. 주요국 통화의 대원화환율,0000001,원/미국달러(매매기준율),,,20241004,1320.1,원,ECOS
USDKRW,원/미국달러 환율,D,731Y001,3.1.1.1. 주요국 통화의 대원화환율,0000001,원/미국달러(매매기준율),,,20241007,1333.3,원,ECOS
USDKRW,원/미국달러 환율,D,731Y001,3.1.1.1. 주요국 통화의 대원화환율,0000001,원/미국달러(매매기준율),,,20241008,1346.5,원,ECOS
USDKRW,원/미국달러 환율,D,731Y001,3.1.1.1. 주요국 통화의 대원화환율,0000001,원/미국달러(매매기준율),,,20241010,1347.8,원,ECOS
USDKRW,원/미국달러 환율,D,731Y001,3.1.1.1. 주요국 통화의 대원화환율,0000001,원/미국달러(매매기준율),,,20241011,1349.4,원,ECOS
USDKRW,원/미국달러 환율,D,731Y001,3.1.1.1. 주요국 통화의 대원화환율,0000001,원/미국달러(매매기준율),,,20241014,1348.6,원,ECOS
USDKRW,원/미국달러 환율,D,731Y001,3.1.1.1. 주요국 통화의 대원화환율,0000001,원/미국달러(매매기준율),,,20241015,1354.9,원,ECOS
USDKRW,원/미국달러 환율,D,731Y001,3.1.1.1. 주요국 통화의 대원화환율,0000001,원/미국달러(매매기준율),,,20241016,1360.4,원,ECOS
USDKRW,원/미국달러 환율,D,731Y001,3.1.1.1. 주요국 통화의 대원화환율,0000001,원/미국달러(매매기준율),,,20241017,1363.7,원,ECOS
USDKRW,원/미국달러 환율,D,731Y001,3.1.1.1. 주요국 통화의 대원화환율,0000001,원/미국달러(매매기준율),,,20241018,1366.5,원,ECOS
USDKRW,원/미국달러 환율,D,731Y001,3.1.1.1. 주요국 통화의 대원화환율,0000001,원/미국달러(매매기준율),,,20241021,1371.1,원,ECOS
USDKRW,원/미국달러 환율,D,731Y001,3.1.1.1. 주요국 통화의 대원화환율,0000001,원/미국달러(매매기준율),,,20241022,1370.4,원,ECOS
USDKRW,원/미국달러 환율,D,731Y001,3.1.1.1. 주요국 통화의 대원화환율,0000001,원/미국달러(매매기준율),,,20241023,1380.1,원,ECOS
USDKRW,원/미국달러 환율,D,731Y001,3.1.1.1. 주요국 통화의 대원화환율,0000001,원/미국달러(매매기준율),,,20241024,1382.0,원,ECOS
USDKRW,원/미국달러 환율,D,731Y001,3.1.1.1. 주요국 통화의 대원화환율,0000001,원/미국달러(매매기준율),,,20241025,1380.5,원,ECOS
USDKRW,원/미국달러 환율,D,731Y001,3.1.1.1. 주요국 통화의 대원화환율,0000001,원/미국달러(매매기준율),,,20241028,1384.4,원,ECOS
USDKRW,원/미국달러 환율,D,731Y001,3.1.1.1. 주요국 통화의 대원화환율,0000001,원/미국달러(매매기준율),,,20241029,1387.0,원,ECOS
USDKRW,원/미국달러 환율,D,731Y001,3.1.1.1. 주요국 통화의 대원화환율,0000001,원/미국달러(매매기준율),,,20241030,1383.1,원,ECOS
USDKRW,원/미국달러 환율,D,731Y001,3.1.1.1. 주요국 통화의 대원화환율,0000001,원/미국달러(매매기준율),,,20241031,1383.3,원,ECOS
USDKRW,원/미국달러 환율,D,731Y001,3.1.1.1. 주요국 통화의 대원화환율,0000001,원/미국달러(매매기준율),,,20241101,1379.3,원,ECOS
USDKRW,원/미국달러 환율,D,731Y001,3.1.1.1. 주요국 통화의 대원화환율,0000001,원/미국달러(매매기준율),,,20241104,1377.9,원,ECOS
USDKRW,원/미국달러 환율,D,731Y001,3.1.1.1. 주요국 통화의 대원화환율,0000001,원/미국달러(매매기준율),,,20241105,1371.3,원,ECOS
USDKRW,원/미국달러 환율,D,731Y001,3.1.1.1. 주요국 통화의 대원화환율,0000001,원/미국달러(매매기준율),,,20241106,1377.8,원,ECOS
USDKRW,원/미국달러 환율,D,731Y001,3.1.1.1. 주요국 통화의 대원화환율,0000001,원/미국달러(매매기준율),,,20241107,1391.5,원,ECOS
USDKRW,원/미국달러 환율,D,731Y001,3.1.1.1. 주요국 통화의 대원화환율,0000001,원/미국달러(매매기준율),,,20241108,1399.1,원,ECOS
USDKRW,원/미국달러 환율,D,731Y001,3.1.1.1. 주요국 통화의 대원화환율,0000001,원/미국달러(매매기준율),,,20241111,1385.4,원,ECOS
USDKRW,원/미국달러 환율,D,731Y001,3.1.1.1. 주요국 통화의 대원화환율,0000001,원/미국달러(매매기준율),,,20241112,1395.3,원,ECOS
USDKRW,원/미국달러 환율,D,731Y001,3.1.1.1. 주요국 통화의 대원화환율,0000001,원/미국달러(매매기준율),,,20241113,1401.1,원,ECOS
USDKRW,원/미국달러 환율,D,731Y001,3.1.1.1. 주요국 통화의 대원화환율,0000001,원/미국달러(매매기준율),,,20241114,1407.3,원,ECOS
USDKRW,원/미국달러 환율,D,731Y001,3.1.1.1. 주요국 통화의 대원화환율,0000001,원/미국달러(매매기준율),,,20241115,1406.4,원,ECOS
USDKRW,원/미국달러 환율,D,731Y001,3.1.1.1. 주요국 통화의 대원화환율,0000001,원/미국달러(매매기준율),,,20241118,1402.8,원,ECOS
USDKRW,원/미국달러 환율,D,731Y001,3.1.1.1. 주요국 통화의 대원화환율,0000001,원/미국달러(매매기준율),,,20241119,1392.6,원,ECOS
USDKRW,원/미국달러 환율,D,731Y001,3.1.1.1. 주요국 통화의 대원화환율,0000001,원/미국달러(매매기준율),,,20241120,1392.0,원,ECOS
USDKRW,원/미국달러 환율,D,731Y001,3.1.1.1. 주요국 통화의 대원화환율,0000001,원/미국달러(매매기준율),,,20241121,1391.6,원,ECOS
USDKRW,원/미국달러 환율,D,731Y001,3.1.1.1. 주요국 통화의 대원화환율,0000001,원/미국달러(매매기준율),,,20241122,1398.1,원,ECOS
USDKRW,원/미국달러 환율,D,731Y001,3.1.1.1. 주요국 통화의 대원화환율,0000001,원/미국달러(매매기준율),,,20241125,1400.5,원,ECOS
USDKRW,원/미국달러 환율,D,731Y001,3.1.1.1. 주요국 통화의 대원화환율,0000001,원/미국달러(매매기준율),,,20241126,1398.2,원,ECOS
USDKRW,원/미국달러 환율,D,731Y001,3.1.1.1. 주요국 통화의 대원화환율,0000001,원/미국달러(매매기준율),,,20241127,1401.2,원,ECOS
USDKRW,원/미국달러 환율,D,731Y001,3.1.1.1. 주요국 통화의 대원화환율,0000001,원/미국달러(매매기준율),,,20241128,1396.8,원,ECOS
USDKRW,원/미국달러 환율,D,731Y001,3.1.1.1. 주요국 통화의 대원화환율,0000001,원/미국달러(매매기준율),,,20241129,1394.7,원,ECOS
USDKRW,원/미국달러 환율,D,731Y001,3.1.1.1. 주요국 통화의 대원화환율,0000001,원/미국달러(매매기준율),,,20241202,1395.1,원,ECOS
USDKRW,원/미국달러 환율,D,731Y001,3.1.1.1. 주요국 통화의 대원화환율,0000001,원/미국달러(매매기준율),,,20241203,1402.0,원,ECOS
USDKRW,원/미국달러 환율,D,731Y001,3.1.1.1. 주요국 통화의 대원화환율,0000001,원/미국달러(매매기준율),,,20241204,1403.4,원,ECOS
USDKRW,원/미국달러 환율,D,731Y001,3.1.1.1. 주요국 통화의 대원화환율,0000001,원/미국달러(매매기준율),,,20241205,1413.0,원,ECOS
USDKRW,원/미국달러 환율,D,731Y001,3.1.1.1. 주요국 통화의 대원화환율,0000001,원/미국달러(매매기준율),,,20241206,1414.9,원,ECOS
USDKRW,원/미국달러 환율,D,731Y001,3.1.1.1. 주요국 통화의 대원화환율,0000001,원/미국달러(매매기준율),,,20241209,1419.4,원,ECOS
USDKRW,원/미국달러 환율,D,731Y001,3.1.1.1. 주요국 통화의 대원화환율,0000001,원/미국달러(매매기준율),,,20241210,1433.2,원,ECOS
USDKRW,원/미국달러 환율,D,731Y001,3.1.1.1. 주요국 통화의 대원화환율,0000001,원/미국달러(매매기준율),,,20241211,1428.1,원,ECOS
USDKRW,원/미국달러 환율,D,731Y001,3.1.1.1. 주요국 통화의 대원화환율,0000001,원/미국달러(매매기준율),,,20241212,1431.4,원,ECOS
USDKRW,원/미국달러 환율,D,731Y001,3.1.1.1. 주요국 통화의 대원화환율,0000001,원/미국달러(매매기준율),,,20241213,1431.5,원,ECOS
USDKRW,원/미국달러 환율,D,731Y001,3.1.1.1. 주요국 통화의 대원화환율,0000001,원/미국달러(매매기준율),,,20241216,1432.7,원,ECOS
USDKRW,원/미국달러 환율,D,731Y001,3.1.1.1. 주요국 통화의 대원화환율,0000001,원/미국달러(매매기준율),,,20241217,1434.9,원,ECOS
USDKRW,원/미국달러 환율,D,731Y001,3.1.1.1. 주요국 통화의 대원화환율,0000001,원/미국달러(매매기준율),,,20241218,1436.6,원,ECOS
USDKRW,원/미국달러 환율,D,731Y001,3.1.1.1. 주요국 통화의 대원화환율,0000001,원/미국달러(매매기준율),,,20241219,1436.8,원,ECOS
USDKRW,원/미국달러 환율,D,731Y001,3.1.1.1. 주요국 통화의 대원화환율,0000001,원/미국달러(매매기준율),,,20241220,1449.7,원,ECOS
USDKRW,원/미국달러 환율,D,731Y001,3.1.1.1. 주요국 통화의 대원화환율,0000001,원/미국달러(매매기준율),,,20241223,1450.3,원,ECOS
USDKRW,원/미국달러 환율,D,731Y001,3.1.1.1. 주요국 통화의 대원화환율,0000001,원/미국달러(매매기준율),,,20241224,1449.3,원,ECOS
USDKRW,원/미국달러 환율,D,731Y001,3.1.1.1. 주요국 통화의 대원화환율,0000001,원/미국달러(매매기준율),,,20241226,1453.6,원,ECOS
USDKRW,원/미국달러 환율,D,731Y001,3.1.1.1. 주요국 통화의 대원화환율,0000001,원/미국달러(매매기준율),,,20241227,1462.9,원,ECOS
USDKRW,원/미국달러 환율,D,731Y001,3.1.1.1. 주요국 통화의 대원화환율,0000001,원/미국달러(매매기준율),,,20241230,1474.1,원,ECOS
USDKRW,원/미국달러 환율,D,731Y001,3.1.1.1. 주요국 통화의 대원화환율,0000001,원/미국달러(매매기준율),,,20241231,1470.0,원,ECOS
USDKRW,원/미국달러 환율,D,731Y001,3.1.1.1. 주요국 통화의 대원화환율,0000001,원/미국달러(매매기준율),,,20250102,1470.0,원,ECOS
USDKRW,원/미국달러 환율,D,731Y001,3.1.1.1. 주요국 통화의 대원화환율,0000001,원/미국달러(매매기준율),,,20250103,1468.3,원,ECOS
USDKRW,원/미국달러 환율,D,731Y001,3.1.1.1. 주요국 통화의 대원화환율,0000001,원/미국달러(매매기준율),,,20250106,1466.8,원,ECOS
USDKRW,원/미국달러 환율,D,731Y001,3.1.1.1. 주요국 통화의 대원화환율,0000001,원/미국달러(매매기준율),,,20250107,1470.8,원,ECOS
USDKRW,원/미국달러 환율,D,731Y001,3.1.1.1. 주요국 통화의 대원화환율,0000001,원/미국달러(매매기준율),,,20250108,1455.4,원,ECOS
USDKRW,원/미국달러 환율,D,731Y001,3.1.1.1. 주요국 통화의 대원화환율,0000001,원/미국달러(매매기준율),,,20250109,1453.2,원,ECOS
USDKRW,원/미국달러 환율,D,731Y001,3.1.1.1. 주요국 통화의 대원화환율,0000001,원/미국달러(매매기준율),,,20250110,1458.2,원,ECOS
USDKRW,원/미국달러 환율,D,731Y001,3.1.1.1. 주요국 통화의 대원화환율,0000001,원/미국달러(매매기준율),,,20250113,1460.7,원,ECOS
USDKRW,원/미국달러 환율,D,731Y001,3.1.1.1. 주요국 통화의 대원화환율,0000001,원/미국달러(매매기준율),,,20250114,1471.3,원,ECOS
USDKRW,원/미국달러 환율,D,731Y001,3.1.1.1. 주요국 통화의 대원화환율,0000001,원/미국달러(매매기준율),,,20250115,1463.3,원,ECOS
USDKRW,원/미국달러 환율,D,731Y001,3.1.1.1. 주요국 통화의 대원화환율,0000001,원/미국달러(매매기준율),,,20250116,1460.2,원,ECOS
USDKRW,원/미국달러 환율,D,731Y001,3.1.1.1. 주요국 통화의 대원화환율,0000001,원/미국달러(매매기준율),,,20250117,1454.7,원,ECOS
USDKRW,원/미국달러 환율,D,731Y001,3.1.1.1. 주요국 통화의 대원화환율,0000001,원/미국달러(매매기준율),,,20250120,1455.8,원,ECOS
USDKRW,원/미국달러 환율,D,731Y001,3.1.1.1. 주요국 통화의 대원화환율,0000001,원/미국달러(매매기준율),,,20250121,1453.0,원,ECOS
USDKRW,원/미국달러 환율,D,731Y001,3.1.1.1. 주요국 통화의 대원화환율,0000001,원/미국달러(매매기준율),,,20250122,1437.9,원,ECOS
USDKRW,원/미국달러 환율,D,731Y001,3.1.1.1. 주요국 통화의 대원화환율,0000001,원/미국달러(매매기준율),,,20250123,1434.3,원,ECOS
USDKRW,원/미국달러 환율,D,731Y001,3.1.1.1. 주요국 통화의 대원화환율,0000001,원/미국달러(매매기준율),,,20250124,1437.1,원,ECOS
USDKRW,원/미국달러 환율,D,731Y001,3.1.1.1. 주요국 통화의 대원화환율,0000001,원/미국달러(매매기준율),,,20250131,1433.3,원,ECOS
USDKRW,원/미국달러 환율,D,731Y001,3.1.1.1. 주요국 통화의 대원화환율,0000001,원/미국달러(매매기준율),,,20250203,1453.0,원,ECOS
USDKRW,원/미국달러 환율,D,731Y001,3.1.1.1. 주요국 통화의 대원화환율,0000001,원/미국달러(매매기준율),,,20250204,1469.2,원,ECOS
USDKRW,원/미국달러 환율,D,731Y001,3.1.1.1. 주요국 통화의 대원화환율,0000001,원/미국달러(매매기준율),,,20250205,1460.8,원,ECOS
USDKRW,원/미국달러 환율,D,731Y001,3.1.1.1. 주요국 통화의 대원화환율,0000001,원/미국달러(매매기준율),,,20250206,1450.0,원,ECOS
USDKRW,원/미국달러 환율,D,731Y001,3.1.1.1. 주요국 통화의 대원화환율,0000001,원/미국달러(매매기준율),,,20250207,1447.1,원,ECOS
USDKRW,원/미국달러 환율,D,731Y001,3.1.1.1. 주요국 통화의 대원화환율,0000001,원/미국달러(매매기준율),,,20250210,1447.4,원,ECOS
USDKRW,원/미국달러 환율,D,731Y001,3.1.1.1. 주요국 통화의 대원화환율,0000001,원/미국달러(매매기준율),,,20250211,1453.4,원,ECOS
USDKRW,원/미국달러 환율,D,731Y001,3.1.1.1. 주요국 통화의 대원화환율,0000001,원/미국달러(매매기준율),,,20250212,1453.5,원,ECOS
USDKRW,원/미국달러 환율,D,731Y001,3.1.1.1. 주요국 통화의 대원화환율,0000001,원/미국달러(매매기준율),,,20250213,1452.6,원,ECOS
USDKRW,원/미국달러 환율,D,731Y001,3.1.1.1. 주요국 통화의 대원화환율,0000001,원/미국달러(매매기준율),,,20250214,1450.5,원,ECOS
USDKRW,원/미국달러 환율,D,731Y001,3.1.1.1. 주요국 통화의 대원화환율,0000001,원/미국달러(매매기준율),,,20250217,1443.3,원,ECOS
USDKRW,원/미국달러 환율,D,731Y001,3.1.1.1. 주요국 통화의 대원화환율,0000001,원/미국달러(매매기준율),,,20250218,1441.1,원,ECOS
USDKRW,원/미국달러 환율,D,731Y001,3.1.1.1. 주요국 통화의 대원화환율,0000001,원/미국달러(매매기준율),,,20250219,1443.9,원,ECOS
USDKRW,원/미국달러 환율,D,731Y001,3.1.1.1. 주요국 통화의 대원화환율,0000001,원/미국달러(매매기준율),,,20250220,1440.6,원,ECOS
USDKRW,원/미국달러 환율,D,731Y001,3.1.1.1. 주요국 통화의 대원화환율,0000001,원/미국달러(매매기준율),,,20250221,1439.4,원,ECOS
USDKRW,원/미국달러 환율,D,731Y001,3.1.1.1. 주요국 통화의 대원화환율,0000001,원/미국달러(매매기준율),,,20250224,1434.1,원,ECOS
USDKRW,원/미국달러 환율,D,731Y001,3.1.1.1. 주요국 통화의 대원화환율,0000001,원/미국달러(매매기준율),,,20250225,1429.2,원,ECOS
USDKRW,원/미국달러 환율,D,731Y001,3.1.1.1. 주요국 통화의 대원화환율,0000001,원/미국달러(매매기준율),,,20250226,1430.7,원,ECOS
USDKRW,원/미국달러 환율,D,731Y001,3.1.1.1. 주요국 통화의 대원화환율,0000001,원/미국달러(매매기준율),,,20250227,1431.8,원,ECOS
USDKRW,원/미국달러 환율,D,731Y001,3.1.1.1. 주요국 통화의 대원화환율,0000001,원/미국달러(매매기준율),,,20250228,1439.6,원,ECOS
USDKRW,원/미국달러 환율,D,731Y001,3.1.1.1. 주요국 통화의 대원화환율,0000001,원/미국달러(매매기준율),,,20250304,1458.7,원,ECOS
USDKRW,원/미국달러 환율,D,731Y001,3.1.1.1. 주요국 통화의 대원화환율,0000001,원/미국달러(매매기준율),,,20250305,1459.6,원,ECOS
USDKRW,원/미국달러 환율,D,731Y001,3.1.1.1. 주요국 통화의 대원화환율,0000001,원/미국달러(매매기준율),,,20250306,1456.0,원,ECOS
USDKRW,원/미국달러 환율,D,731Y001,3.1.1.1. 주요국 통화의 대원화환율,0000001,원/미국달러(매매기준율),,,20250307,1441.6,원,ECOS
USDKRW,원/미국달러 환율,D,731Y001,3.1.1.1. 주요국 통화의 대원화환율,0000001,원/미국달러(매매기준율),,,20250310,1446.3,원,ECOS
USDKRW,원/미국달러 환율,D,731Y001,3.1.1.1. 주요국 통화의 대원화환율,0000001,원/미국달러(매매기준율),,,20250311,1451.5,원,ECOS
USDKRW,원/미국달러 환율,D,731Y001,3.1.1.1. 주요국 통화의 대원화환율,0000001,원/미국달러(매매기준율),,,20250312,1457.9,원,ECOS
USDKRW,원/미국달러 환율,D,731Y001,3.1.1.1. 주요국 통화의 대원화환율,0000001,원/미국달러(매매기준율),,,20250313,1452.0,원,ECOS
USDKRW,원/미국달러 환율,D,731Y001,3.1.1.1. 주요국 통화의 대원화환율,0000001,원/미국달러(매매기준율),,,20250314,1451.9,원,ECOS
USDKRW,원/미국달러 환율,D,731Y001,3.1.1.1. 주요국 통화의 대원화환율,0000001,원/미국달러(매매기준율),,,20250317,1454.8,원,ECOS
USDKRW,원/미국달러 환율,D,731Y001,3.1.1.1. 주요국 통화의 대원화환율,0000001,원/미국달러(매매기준율),,,20250318,1448.0,원,ECOS
USDKRW,원/미국달러 환율,D,731Y001,3.1.1.1. 주요국 통화의 대원화환율,0000001,원/미국달러(매매기준율),,,20250319,1447.1,원,ECOS
USDKRW,원/미국달러 환율,D,731Y001,3.1.1.1. 주요국 통화의 대원화환율,0000001,원/미국달러(매매기준율),,,20250320,1452.3,원,ECOS
USDKRW,원/미국달러 환율,D,731Y001,3.1.1.1. 주요국 통화의 대원화환율,0000001,원/미국달러(매매기준율),,,20250321,1459.2,원,ECOS
USDKRW,원/미국달러 환율,D,731Y001,3.1.1.1. 주요국 통화의 대원화환율,0000001,원/미국달러(매매기준율),,,20250324,1466.9,원,ECOS
USDKRW,원/미국달러 환율,D,731Y001,3.1.1.1. 주요국 통화의 대원화환율,0000001,원/미국달러(매매기준율),,,20250325,1466.9,원,ECOS
USDKRW,원/미국달러 환율,D,731Y001,3.1.1.1. 주요국 통화의 대원화환율,0000001,원/미국달러(매매기준율),,,20250326,1469.6,원,ECOS
USDKRW,원/미국달러 환율,D,731Y001,3.1.1.1. 주요국 통화의 대원화환율,0000001,원/미국달러(매매기준율),,,20250327,1465.3,원,ECOS
USDKRW,원/미국달러 환율,D,731Y001,3.1.1.1. 주요국 통화의 대원화환율,0000001,원/미국달러(매매기준율),,,20250328,1466.8,원,ECOS
USDKRW,원/미국달러 환율,D,731Y001,3.1.1.1. 주요국 통화의 대원화환율,0000001,원/미국달러(매매기준율),,,20250331,1466.5,원,ECOS
USDKRW,원/미국달러 환율,D,731Y001,3.1.1.1. 주요국 통화의 대원화환율,0000001,원/미국달러(매매기준율),,,20250401,1470.6,원,ECOS
USDKRW,원/미국달러 환율,D,731Y001,3.1.1.1. 주요국 통화의 대원화환율,0000001,원/미국달러(매매기준율),,,20250402,1471.7,원,ECOS
USDKRW,원/미국달러 환율,D,731Y001,3.1.1.1. 주요국 통화의 대원화환율,0000001,원/미국달러(매매기준율),,,20250403,1467.8,원,ECOS
USDKRW,원/미국달러 환율,D,731Y001,3.1.1.1. 주요국 통화의 대원화환율,0000001,원/미국달러(매매기준율),,,20250404,1467.0,원,ECOS
USDKRW,원/미국달러 환율,D,731Y001,3.1.1.1. 주요국 통화의 대원화환율,0000001,원/미국달러(매매기준율),,,20250407,1439.3,원,ECOS
USDKRW,원/미국달러 환율,D,731Y001,3.1.1.1. 주요국 통화의 대원화환율,0000001,원/미국달러(매매기준율),,,20250408,1465.9,원,ECOS
USDKRW,원/미국달러 환율,D,731Y001,3.1.1.1. 주요국 통화의 대원화환율,0000001,원/미국달러(매매기준율),,,20250409,1470.2,원,ECOS
USDKRW,원/미국달러 환율,D,731Y001,3.1.1.1. 주요국 통화의 대원화환율,0000001,원/미국달러(매매기준율),,,20250410,1482.9,원,ECOS
USDKRW,원/미국달러 환율,D,731Y001,3.1.1.1. 주요국 통화의 대원화환율,0000001,원/미국달러(매매기준율),,,20250411,1458.5,원,ECOS
USDKRW,원/미국달러 환율,D,731Y001,3.1.1.1. 주요국 통화의 대원화환율,0000001,원/미국달러(매매기준율),,,20250414,1450.8,원,ECOS
USDKRW,원/미국달러 환율,D,731Y001,3.1.1.1. 주요국 통화의 대원화환율,0000001,원/미국달러(매매기준율),,,20250415,1427.4,원,ECOS
USDKRW,원/미국달러 환율,D,731Y001,3.1.1.1. 주요국 통화의 대원화환율,0000001,원/미국달러(매매기준율),,,20250416,1423.3,원,ECOS
USDKRW,원/미국달러 환율,D,731Y001,3.1.1.1. 주요국 통화의 대원화환율,0000001,원/미국달러(매매기준율),,,20250417,1427.4,원,ECOS
USDKRW,원/미국달러 환율,D,731Y001,3.1.1.1. 주요국 통화의 대원화환율,0000001,원/미국달러(매매기준율),,,20250418,1419.9,원,ECOS
USDKRW,원/미국달러 환율,D,731Y001,3.1.1.1. 주요국 통화의 대원화환율,0000001,원/미국달러(매매기준율),,,20250421,1421.5,원,ECOS
USDKRW,원/미국달러 환율,D,731Y001,3.1.1.1. 주요국 통화의 대원화환율,0000001,원/미국달러(매매기준율),,,20250422,1418.9,원,ECOS
USDKRW,원/미국달러 환율,D,731Y001,3.1.1.1. 주요국 통화의 대원화환율,0000001,원/미국달러(매매기준율),,,20250423,1422.6,원,ECOS
USDKRW,원/미국달러 환율,D,731Y001,3.1.1.1. 주요국 통화의 대원화환율,0000001,원/미국달러(매매기준율),,,20250424,1426.6,원,ECOS
USDKRW,원/미국달러 환율,D,731Y001,3.1.1.1. 주요국 통화의 대원화환율,0000001,원/미국달러(매매기준율),,,20250425,1430.2,원,ECOS
USDKRW,원/미국달러 환율,D,731Y001,3.1.1.1. 주요국 통화의 대원화환율,0000001,원/미국달러(매매기준율),,,20250428,1434.6,원,ECOS
USDKRW,원/미국달러 환율,D,731Y001,3.1.1.1. 주요국 통화의 대원화환율,0000001,원/미국달러(매매기준율),,,20250429,1439.3,원,ECOS
USDKRW,원/미국달러 환율,D,731Y001,3.1.1.1. 주요국 통화의 대원화환율,0000001,원/미국달러(매매기준율),,,20250430,1438.5,원,ECOS
USDKRW,원/미국달러 환율,D,731Y001,3.1.1.1. 주요국 통화의 대원화환율,0000001,원/미국달러(매매기준율),,,20250502,1426.9,원,ECOS
USDKRW,원/미국달러 환율,D,731Y001,3.1.1.1. 주요국 통화의 대원화환율,0000001,원/미국달러(매매기준율),,,20250507,1426.6,원,ECOS
USDKRW,원/미국달러 환율,D,731Y001,3.1.1.1. 주요국 통화의 대원화환율,0000001,원/미국달러(매매기준율),,,20250508,1394.1,원,ECOS
USDKRW,원/미국달러 환율,D,731Y001,3.1.1.1. 주요국 통화의 대원화환율,0000001,원/미국달러(매매기준율),,,20250509,1396.0,원,ECOS
USDKRW,원/미국달러 환율,D,731Y001,3.1.1.1. 주요국 통화의 대원화환율,0000001,원/미국달러(매매기준율),,,20250512,1405.6,원,ECOS
USDKRW,원/미국달러 환율,D,731Y001,3.1.1.1. 주요국 통화의 대원화환율,0000001,원/미국달러(매매기준율),,,20250513,1400.4,원,ECOS
USDKRW,원/미국달러 환율,D,731Y001,3.1.1.1. 주요국 통화의 대원화환율,0000001,원/미국달러(매매기준율),,,20250514,1413.7,원,ECOS
USDKRW,원/미국달러 환율,D,731Y001,3.1.1.1. 주요국 통화의 대원화환율,0000001,원/미국달러(매매기준율),,,20250515,1415.8,원,ECOS
USDKRW,원/미국달러 환율,D,731Y001,3.1.1.1. 주요국 통화의 대원화환율,0000001,원/미국달러(매매기준율),,,20250516,1399.6,원,ECOS
USDKRW,원/미국달러 환율,D,731Y001,3.1.1.1. 주요국 통화의 대원화환율,0000001,원/미국달러(매매기준율),,,20250519,1394.3,원,ECOS
USDKRW,원/미국달러 환율,D,731Y001,3.1.1.1. 주요국 통화의 대원화환율,0000001,원/미국달러(매매기준율),,,20250520,1398.0,원,ECOS
USDKRW,원/미국달러 환율,D,731Y001,3.1.1.1. 주요국 통화의 대원화환율,0000001,원/미국달러(매매기준율),,,20250521,1392.6,원,ECOS
USDKRW,원/미국달러 환율,D,731Y001,3.1.1.1. 주요국 통화의 대원화환율,0000001,원/미국달러(매매기준율),,,20250522,1387.1,원,ECOS
USDKRW,원/미국달러 환율,D,731Y001,3.1.1.1. 주요국 통화의 대원화환율,0000001,원/미국달러(매매기준율),,,20250523,1378.4,원,ECOS
USDKRW,원/미국달러 환율,D,731Y001,3.1.1.1. 주요국 통화의 대원화환율,0000001,원/미국달러(매매기준율),,,20250526,1376.9,원,ECOS
USDKRW,원/미국달러 환율,D,731Y001,3.1.1.1. 주요국 통화의 대원화환율,0000001,원/미국달러(매매기준율),,,20250527,1365.0,원,ECOS
USDKRW,원/미국달러 환율,D,731Y001,3.1.1.1. 주요국 통화의 대원화환율,0000001,원/미국달러(매매기준율),,,20250528,1368.3,원,ECOS
USDKRW,원/미국달러 환율,D,731Y001,3.1.1.1. 주요국 통화의 대원화환율,0000001,원/미국달러(매매기준율),,,20250529,1374.6,원,ECOS
USDKRW,원/미국달러 환율,D,731Y001,3.1.1.1. 주요국 통화의 대원화환율,0000001,원/미국달러(매매기준율),,,20250530,1381.4,원,ECOS
USDKRW,원/미국달러 환율,D,731Y001,3.1.1.1. 주요국 통화의 대원화환율,0000001,원/미국달러(매매기준율),,,20250602,1375.7,원,ECOS
USDKRW,원/미국달러 환율,D,731Y001,3.1.1.1. 주요국 통화의 대원화환율,0000001,원/미국달러(매매기준율),,,20250604,1376.9,원,ECOS
USDKRW,원/미국달러 환율,D,731Y001,3.1.1.1. 주요국 통화의 대원화환율,0000001,원/미국달러(매매기준율),,,20250605,1373.8,원,ECOS
USDKRW,원/미국달러 환율,D,731Y001,3.1.1.1. 주요국 통화의 대원화환율,0000001,원/미국달러(매매기준율),,,20250609,1359.0,원,ECOS
USDKRW,원/미국달러 환율,D,731Y001,3.1.1.1. 주요국 통화의 대원화환율,0000001,원/미국달러(매매기준율),,,20250610,1358.9,원,ECOS
USDKRW,원/미국달러 환율,D,731Y001,3.1.1.1. 주요국 통화의 대원화환율,0000001,원/미국달러(매매기준율),,,20250611,1359.9,원,ECOS
USDKRW,원/미국달러 환율,D,731Y001,3.1.1.1. 주요국 통화의 대원화환율,0000001,원/미국달러(매매기준율),,,20250612,1368.8,원,ECOS
USDKRW,원/미국달러 환율,D,731Y001,3.1.1.1. 주요국 통화의 대원화환율,0000001,원/미국달러(매매기준율),,,20250613,1362.9,원,ECOS
USDKRW,원/미국달러 환율,D,731Y001,3.1.1.1. 주요국 통화의 대원화환율,0000001,원/미국달러(매매기준율),,,20250616,1366.8,원,ECOS
USDKRW,원/미국달러 환율,D,731Y001,3.1.1.1. 주요국 통화의 대원화환율,0000001,원/미국달러(매매기준율),,,20250617,1363.6,원,ECOS
USDKRW,원/미국달러 환율,D,731Y001,3.1.1.1. 주요국 통화의 대원화환율,0000001,원/미국달러(매매기준율),,,20250618,1361.7,원,ECOS
USDKRW,원/미국달러 환율,D,731Y001,3.1.1.1. 주요국 통화의 대원화환율,0000001,원/미국달러(매매기준율),,,20250619,1373.2,원,ECOS
USDKRW,원/미국달러 환율,D,731Y001,3.1.1.1. 주요국 통화의 대원화환율,0000001,원/미국달러(매매기준율),,,20250620,1379.6,원,ECOS
USDKRW,원/미국달러 환율,D,731Y001,3.1.1.1. 주요국 통화의 대원화환율,0000001,원/미국달러(매매기준율),,,20250623,1369.4,원,ECOS
USDKRW,원/미국달러 환율,D,731Y001,3.1.1.1. 주요국 통화의 대원화환율,0000001,원/미국달러(매매기준율),,,20250624,1381.9,원,ECOS
USDKRW,원/미국달러 환율,D,731Y001,3.1.1.1. 주요국 통화의 대원화환율,0000001,원/미국달러(매매기준율),,,20250625,1365.0,원,ECOS
USDKRW,원/미국달러 환율,D,731Y001,3.1.1.1. 주요국 통화의 대원화환율,0000001,원/미국달러(매매기준율),,,20250626,1360.9,원,ECOS
USDKRW,원/미국달러 환율,D,731Y001,3.1.1.1. 주요국 통화의 대원화환율,0000001,원/미국달러(매매기준율),,,20250627,1357.6,원,ECOS
USDKRW,원/미국달러 환율,D,731Y001,3.1.1.1. 주요국 통화의 대원화환율,0000001,원/미국달러(매매기준율),,,20250630,1356.4,원,ECOS
USDKRW,원/미국달러 환율,D,731Y001,3.1.1.1. 주요국 통화의 대원화환율,0000001,원/미국달러(매매기준율),,,20250701,1353.6,원,ECOS
USDKRW,원/미국달러 환율,D,731Y001,3.1.1.1. 주요국 통화의 대원화환율,0000001,원/미국달러(매매기준율),,,20250702,1352.6,원,ECOS
USDKRW,원/미국달러 환율,D,731Y001,3.1.1.1. 주요국 통화의 대원화환율,0000001,원/미국달러(매매기준율),,,20250703,1359.4,원,ECOS
USDKRW,원/미국달러 환율,D,731Y001,3.1.1.1. 주요국 통화의 대원화환율,0000001,원/미국달러(매매기준율),,,20250704,1358.1,원,ECOS
USDKRW,원/미국달러 환율,D,731Y001,3.1.1.1. 주요국 통화의 대원화환율,0000001,원/미국달러(매매기준율),,,20250707,1364.2,원,ECOS
USDKRW,원/미국달러 환율,D,731Y001,3.1.1.1. 주요국 통화의 대원화환율,0000001,원/미국달러(매매기준율),,,20250708,1366.6,원,ECOS
USDKRW,원/미국달러 환율,D,731Y001,3.1.1.1. 주요국 통화의 대원화환율,0000001,원/미국달러(매매기준율),,,20250709,1368.0,원,ECOS
USDKRW,원/미국달러 환율,D,731Y001,3.1.1.1. 주요국 통화의 대원화환율,0000001,원/미국달러(매매기준율),,,20250710,1373.8,원,ECOS
USDKRW,원/미국달러 환율,D,731Y001,3.1.1.1. 주요국 통화의 대원화환율,0000001,원/미국달러(매매기준율),,,20250711,1373.0,원,ECOS
USDKRW,원/미국달러 환율,D,731Y001,3.1.1.1. 주요국 통화의 대원화환율,0000001,원/미국달러(매매기준율),,,20250714,1374.7,원,ECOS
USDKRW,원/미국달러 환율,D,731Y001,3.1.1.1. 주요국 통화의 대원화환율,0000001,원/미국달러(매매기준율),,,20250715,1378.5,원,ECOS
USDKRW,원/미국달러 환율,D,731Y001,3.1.1.1. 주요국 통화의 대원화환율,0000001,원/미국달러(매매기준율),,,20250716,1382.7,원,ECOS
USDKRW,원/미국달러 환율,D,731Y001,3.1.1.1. 주요국 통화의 대원화환율,0000001,원/미국달러(매매기준율),,,20250717,1387.1,원,ECOS
USDKRW,원/미국달러 환율,D,731Y001,3.1.1.1. 주요국 통화의 대원화환율,0000001,원/미국달러(매매기준율),,,20250718,1390.8,원,ECOS
USDKRW,원/미국달러 환율,D,731Y001,3.1.1.1. 주요국 통화의 대원화환율,0000001,원/미국달러(매매기준율),,,20250721,1391.9,원,ECOS
USDKRW,원/미국달러 환율,D,731Y001,3.1.1.1. 주요국 통화의 대원화환율,0000001,원/미국달러(매매기준율),,,20250722,1391.1,원,ECOS
USDKRW,원/미국달러 환율,D,731Y001,3.1.1.1. 주요국 통화의 대원화환율,0000001,원/미국달러(매매기준율),,,20250723,1386.3,원,ECOS
USDKRW,원/미국달러 환율,D,731Y001,3.1.1.1. 주요국 통화의 대원화환율,0000001,원/미국달러(매매기준율),,,20250724,1379.1,원,ECOS
USDKRW,원/미국달러 환율,D,731Y001,3.1.1.1. 주요국 통화의 대원화환율,0000001,원/미국달러(매매기준율),,,20250725,1368.7,원,ECOS
USDKRW,원/미국달러 환율,D,731Y001,3.1.1.1. 주요국 통화의 대원화환율,0000001,원/미국달러(매매기준율),,,20250728,1376.0,원,ECOS
USDKRW,원/미국달러 환율,D,731Y001,3.1.1.1. 주요국 통화의 대원화환율,0000001,원/미국달러(매매기준율),,,20250729,1379.6,원,ECOS
USDKRW,원/미국달러 환율,D,731Y001,3.1.1.1. 주요국 통화의 대원화환율,0000001,원/미국달러(매매기준율),,,20250730,1391.4,원,ECOS
USDKRW,원/미국달러 환율,D,731Y001,3.1.1.1. 주요국 통화의 대원화환율,0000001,원/미국달러(매매기준율),,,20250731,1382.9,원,ECOS
USDKRW,원/미국달러 환율,D,731Y001,3.1.1.1. 주요국 통화의 대원화환율,0000001,원/미국달러(매매기준율),,,20250801,1390.4,원,ECOS
USDKRW,원/미국달러 환율,D,731Y001,3.1.1.1. 주요국 통화의 대원화환율,0000001,원/미국달러(매매기준율),,,20250804,1399.3,원,ECOS
USDKRW,원/미국달러 환율,D,731Y001,3.1.1.1. 주요국 통화의 대원화환율,0000001,원/미국달러(매매기준율),,,20250805,1384.9,원,ECOS
USDKRW,원/미국달러 환율,D,731Y001,3.1.1.1. 주요국 통화의 대원화환율,0000001,원/미국달러(매매기준율),,,20250806,1386.7,원,ECOS
USDKRW,원/미국달러 환율,D,731Y001,3.1.1.1. 주요국 통화의 대원화환율,0000001,원/미국달러(매매기준율),,,20250807,1389.5,원,ECOS
USDKRW,원/미국달러 환율,D,731Y001,3.1.1.1. 주요국 통화의 대원화환율,0000001,원/미국달러(매매기준율),,,20250808,1384.2,원,ECOS
USDKRW,원/미국달러 환율,D,731Y001,3.1.1.1. 주요국 통화의 대원화환율,0000001,원/미국달러(매매기준율),,,20250811,1386.0,원,ECOS
USDKRW,원/미국달러 환율,D,731Y001,3.1.1.1. 주요국 통화의 대원화환율,0000001,원/미국달러(매매기준율),,,20250812,1388.3,원,ECOS
USDKRW,원/미국달러 환율,D,731Y001,3.1.1.1. 주요국 통화의 대원화환율,0000001,원/미국달러(매매기준율),,,20250813,1390.2,원,ECOS
USDKRW,원/미국달러 환율,D,731Y001,3.1.1.1. 주요국 통화의 대원화환율,0000001,원/미국달러(매매기준율),,,20250814,1383.8,원,ECOS
USDKRW,원/미국달러 환율,D,731Y001,3.1.1.1. 주요국 통화의 대원화환율,0000001,원/미국달러(매매기준율),,,20250818,1382.2,원,ECOS
USDKRW,원/미국달러 환율,D,731Y001,3.1.1.1. 주요국 통화의 대원화환율,0000001,원/미국달러(매매기준율),,,20250819,1385.3,원,ECOS
USDKRW,원/미국달러 환율,D,731Y001,3.1.1.1. 주요국 통화의 대원화환율,0000001,원/미국달러(매매기준율),,,20250820,1389.4,원,ECOS
USDKRW,원/미국달러 환율,D,731Y001,3.1.1.1. 주요국 통화의 대원화환율,0000001,원/미국달러(매매기준율),,,20250821,1397.5,원,ECOS
USDKRW,원/미국달러 환율,D,731Y001,3.1.1.1. 주요국 통화의 대원화환율,0000001,원/미국달러(매매기준율),,,20250822,1398.1,원,ECOS
USDKRW,원/미국달러 환율,D,731Y001,3.1.1.1. 주요국 통화의 대원화환율,0000001,원/미국달러(매매기준율),,,20250825,1395.6,원,ECOS
USDKRW,원/미국달러 환율,D,731Y001,3.1.1.1. 주요국 통화의 대원화환율,0000001,원/미국달러(매매기준율),,,20250826,1386.3,원,ECOS
USDKRW,원/미국달러 환율,D,731Y001,3.1.1.1. 주요국 통화의 대원화환율,0000001,원/미국달러(매매기준율),,,20250827,1391.2,원,ECOS
USDKRW,원/미국달러 환율,D,731Y001,3.1.1.1. 주요국 통화의 대원화환율,0000001,원/미국달러(매매기준율),,,20250828,1395.7,원,ECOS
USDKRW,원/미국달러 환율,D,731Y001,3.1.1.1. 주요국 통화의 대원화환율,0000001,원/미국달러(매매기준율),,,20250829,1388.6,원,ECOS
USDKRW,원/미국달러 환율,D,731Y001,3.1.1.1. 주요국 통화의 대원화환율,0000001,원/미국달러(매매기준율),,,20250901,1387.7,원,ECOS
USDKRW,원/미국달러 환율,D,731Y001,3.1.1.1. 주요국 통화의 대원화환율,0000001,원/미국달러(매매기준율),,,20250902,1392.4,원,ECOS
USDKRW,원/미국달러 환율,D,731Y001,3.1.1.1. 주요국 통화의 대원화환율,0000001,원/미국달러(매매기준율),,,20250903,1392.2,원,ECOS
USDKRW,원/미국달러 환율,D,731Y001,3.1.1.1. 주요국 통화의 대원화환율,0000001,원/미국달러(매매기준율),,,20250904,1393.8,원,ECOS
USDKRW,원/미국달러 환율,D,731Y001,3.1.1.1. 주요국 통화의 대원화환율,0000001,원/미국달러(매매기준율),,,20250905,1392.7,원,ECOS
USDKRW,원/미국달러 환율,D,731Y001,3.1.1.1. 주요국 통화의 대원화환율,0000001,원/미국달러(매매기준율),,,20250908,1391.8,원,ECOS
USDKRW,원/미국달러 환율,D,731Y001,3.1.1.1. 주요국 통화의 대원화환율,0000001,원/미국달러(매매기준율),,,20250909,1390.4,원,ECOS
USDKRW,원/미국달러 환율,D,731Y001,3.1.1.1. 주요국 통화의 대원화환율,0000001,원/미국달러(매매기준율),,,20250910,1386.6,원,ECOS
USDKRW,원/미국달러 환율,D,731Y001,3.1.1.1. 주요국 통화의 대원화환율,0000001,원/미국달러(매매기준율),,,20250911,1387.6,원,ECOS
USDKRW,원/미국달러 환율,D,731Y001,3.1.1.1. 주요국 통화의 대원화환율,0000001,원/미국달러(매매기준율),,,20250912,1389.4,원,ECOS
USDKRW,원/미국달러 환율,D,731Y001,3.1.1.1. 주요국 통화의 대원화환율,0000001,원/미국달러(매매기준율),,,20250915,1388.7,원,ECOS
USDKRW,원/미국달러 환율,D,731Y001,3.1.1.1. 주요국 통화의 대원화환율,0000001,원/미국달러(매매기준율),,,20250916,1389.5,원,ECOS
USDKRW,원/미국달러 환율,D,731Y001,3.1.1.1. 주요국 통화의 대원화환율,0000001,원/미국달러(매매기준율),,,20250917,1382.3,원,ECOS
USDKRW,원/미국달러 환율,D,731Y001,3.1.1.1. 주요국 통화의 대원화환율,0000001,원/미국달러(매매기준율),,,20250918,1380.0,원,ECOS
USDKRW,원/미국달러 환율,D,731Y001,3.1.1.1. 주요국 통화의 대원화환율,0000001,원/미국달러(매매기준율),,,20250919,1384.6,원,ECOS
USDKRW,원/미국달러 환율,D,731Y001,3.1.1.1. 주요국 통화의 대원화환율,0000001,원/미국달러(매매기준율),,,20250922,1393.6,원,ECOS
USDKRW,원/미국달러 환율,D,731Y001,3.1.1.1. 주요국 통화의 대원화환율,0000001,원/미국달러(매매기준율),,,20250923,1394.0,원,ECOS
USDKRW,원/미국달러 환율,D,731Y001,3.1.1.1. 주요국 통화의 대원화환율,0000001,원/미국달러(매매기준율),,,20250924,1393.8,원,ECOS
USDKRW,원/미국달러 환율,D,731Y001,3.1.1.1. 주요국 통화의 대원화환율,0000001,원/미국달러(매매기준율),,,20250925,1394.9,원,ECOS
USDKRW,원/미국달러 환율,D,731Y001,3.1.1.1. 주요국 통화의 대원화환율,0000001,원/미국달러(매매기준율),,,20250926,1400.4,원,ECOS
USDKRW,원/미국달러 환율,D,731Y001,3.1.1.1. 주요국 통화의 대원화환율,0000001,원/미국달러(매매기준율),,,20250929,1411.6,원,ECOS
USDKRW,원/미국달러 환율,D,731Y001,3.1.1.1. 주요국 통화의 대원화환율,0000001,원/미국달러(매매기준율),,,20250930,1402.2,원,ECOS
USDKRW,원/미국달러 환율,D,731Y001,3.1.1.1. 주요국 통화의 대원화환율,0000001,원/미국달러(매매기준율),,,20251001,1403.2,원,ECOS
USDKRW,원/미국달러 환율,D,731Y001,3.1.1.1. 주요국 통화의 대원화환율,0000001,원/미국달러(매매기준율),,,20251002,1406.0,원,ECOS
USDKRW,원/미국달러 환율,D,731Y001,3.1.1.1. 주요국 통화의 대원화환율,0000001,원/미국달러(매매기준율),,,20251010,1401.9,원,ECOS
USDKRW,원/미국달러 환율,D,731Y001,3.1.1.1. 주요국 통화의 대원화환율,0000001,원/미국달러(매매기준율),,,20251013,1420.5,원,ECOS
USDKRW,원/미국달러 환율,D,731Y001,3.1.1.1. 주요국 통화의 대원화환율,0000001,원/미국달러(매매기준율),,,20251014,1427.7,원,ECOS
USDKRW,원/미국달러 환율,D,731Y001,3.1.1.1. 주요국 통화의 대원화환율,0000001,원/미국달러(매매기준율),,,20251015,1428.4,원,ECOS
USDKRW,원/미국달러 환율,D,731Y001,3.1.1.1. 주요국 통화의 대원화환율,0000001,원/미국달러(매매기준율),,,20251016,1424.4,원,ECOS
USDKRW,원/미국달러 환율,D,731Y001,3.1.1.1. 주요국 통화의 대원화환율,0000001,원/미국달러(매매기준율),,,20251017,1419.1,원,ECOS
USDKRW,원/미국달러 환율,D,731Y001,3.1.1.1. 주요국 통화의 대원화환율,0000001,원/미국달러(매매기준율),,,20251020,1419.5,원,ECOS
USDKRW,원/미국달러 환율,D,731Y001,3.1.1.1. 주요국 통화의 대원화환율,0000001,원/미국달러(매매기준율),,,20251021,1420.2,원,ECOS
USDKRW,원/미국달러 환율,D,731Y001,3.1.1.1. 주요국 통화의 대원화환율,0000001,원/미국달러(매매기준율),,,20251022,1423.7,원,ECOS
USDKRW,원/미국달러 환율,D,731Y001,3.1.1.1. 주요국 통화의 대원화환율,0000001,원/미국달러(매매기준율),,,20251023,1430.1,원,ECOS
USDKRW,원/미국달러 환율,D,731Y001,3.1.1.1. 주요국 통화의 대원화환율,0000001,원/미국달러(매매기준율),,,20251024,1436.6,원,ECOS
USDKRW,원/미국달러 환율,D,731Y001,3.1.1.1. 주요국 통화의 대원화환율,0000001,원/미국달러(매매기준율),,,20251027,1436.1,원,ECOS
USDKRW,원/미국달러 환율,D,731Y001,3.1.1.1. 주요국 통화의 대원화환율,0000001,원/미국달러(매매기준율),,,20251028,1432.5,원,ECOS
USDKRW,원/미국달러 환율,D,731Y001,3.1.1.1. 주요국 통화의 대원화환율,0000001,원/미국달러(매매기준율),,,20251029,1434.3,원,ECOS
USDKRW,원/미국달러 환율,D,731Y001,3.1.1.1. 주요국 통화의 대원화환율,0000001,원/미국달러(매매기준율),,,20251030,1433.0,원,ECOS
USDKRW,원/미국달러 환율,D,731Y001,3.1.1.1. 주요국 통화의 대원화환율,0000001,원/미국달러(매매기준율),,,20251031,1423.2,원,ECOS
USDKRW,원/미국달러 환율,D,731Y001,3.1.1.1. 주요국 통화의 대원화환율,0000001,원/미국달러(매매기준율),,,20251103,1427.4,원,ECOS
USDKRW,원/미국달러 환율,D,731Y001,3.1.1.1. 주요국 통화의 대원화환율,0000001,원/미국달러(매매기준율),,,20251104,1429.0,원,ECOS
USDKRW,원/미국달러 환율,D,731Y001,3.1.1.1. 주요국 통화의 대원화환율,0000001,원/미국달러(매매기준율),,,20251105,1437.7,원,ECOS
USDKRW,원/미국달러 환율,D,731Y001,3.1.1.1. 주요국 통화의 대원화환율,0000001,원/미국달러(매매기준율),,,20251106,1447.0,원,ECOS
USDKRW,원/미국달러 환율,D,731Y001,3.1.1.1. 주요국 통화의 대원화환율,0000001,원/미국달러(매매기준율),,,20251107,1445.6,원,ECOS
USDKRW,원/미국달러 환율,D,731Y001,3.1.1.1. 주요국 통화의 대원화환율,0000001,원/미국달러(매매기준율),,,20251110,1454.0,원,ECOS
USDKRW,원/미국달러 환율,D,731Y001,3.1.1.1. 주요국 통화의 대원화환율,0000001,원/미국달러(매매기준율),,,20251111,1453.7,원,ECOS
USDKRW,원/미국달러 환율,D,731Y001,3.1.1.1. 주요국 통화의 대원화환율,0000001,원/미국달러(매매기준율),,,20251112,1463.2,원,ECOS
USDKRW,원/미국달러 환율,D,731Y001,3.1.1.1. 주요국 통화의 대원화환율,0000001,원/미국달러(매매기준율),,,20251113,1466.4,원,ECOS
USDKRW,원/미국달러 환율,D,731Y001,3.1.1.1. 주요국 통화의 대원화환율,0000001,원/미국달러(매매기준율),,,20251114,1469.5,원,ECOS
USDKRW,원/미국달러 환율,D,731Y001,3.1.1.1. 주요국 통화의 대원화환율,0000001,원/미국달러(매매기준율),,,20251117,1458.5,원,ECOS
USDKRW,원/미국달러 환율,D,731Y001,3.1.1.1. 주요국 통화의 대원화환율,0000001,원/미국달러(매매기준율),,,20251118,1458.3,원,ECOS
USDKRW,원/미국달러 환율,D,731Y001,3.1.1.1. 주요국 통화의 대원화환율,0000001,원/미국달러(매매기준율),,,20251119,1465.2,원,ECOS
USDKRW,원/미국달러 환율,D,731Y001,3.1.1.1. 주요국 통화의 대원화환율,0000001,원/미국달러(매매기준율),,,20251120,1465.0,원,ECOS
USDKRW,원/미국달러 환율,D,731Y001,3.1.1.1. 주요국 통화의 대원화환율,0000001,원/미국달러(매매기준율),,,20251121,1468.4,원,ECOS
USDKRW,원/미국달러 환율,D,731Y001,3.1.1.1. 주요국 통화의 대원화환율,0000001,원/미국달러(매매기준율),,,20251124,1472.0,원,ECOS
USDKRW,원/미국달러 환율,D,731Y001,3.1.1.1. 주요국 통화의 대원화환율,0000001,원/미국달러(매매기준율),,,20251125,1473.5,원,ECOS
USDKRW,원/미국달러 환율,D,731Y001,3.1.1.1. 주요국 통화의 대원화환율,0000001,원/미국달러(매매기준율),,,20251126,1473.5,원,ECOS
USDKRW,원/미국달러 환율,D,731Y001,3.1.1.1. 주요국 통화의 대원화환율,0000001,원/미국달러(매매기준율),,,20251127,1462.7,원,ECOS
USDKRW,원/미국달러 환율,D,731Y001,3.1.1.1. 주요국 통화의 대원화환율,0000001,원/미국달러(매매기준율),,,20251128,1464.8,원,ECOS
USDKRW,원/미국달러 환율,D,731Y001,3.1.1.1. 주요국 통화의 대원화환율,0000001,원/미국달러(매매기준율),,,20251201,1465.9,원,ECOS
USDKRW,원/미국달러 환율,D,731Y001,3.1.1.1. 주요국 통화의 대원화환율,0000001,원/미국달러(매매기준율),,,20251202,1469.1,원,ECOS
USDKRW,원/미국달러 환율,D,731Y001,3.1.1.1. 주요국 통화의 대원화환율,0000001,원/미국달러(매매기준율),,,20251203,1469.6,원,ECOS
USDKRW,원/미국달러 환율,D,731Y001,3.1.1.1. 주요국 통화의 대원화환율,0000001,원/미국달러(매매기준율),,,20251204,1468.7,원,ECOS
USDKRW,원/미국달러 환율,D,731Y001,3.1.1.1. 주요국 통화의 대원화환율,0000001,원/미국달러(매매기준율),,,20251205,1471.5,원,ECOS
USDKRW,원/미국달러 환율,D,731Y001,3.1.1.1. 주요국 통화의 대원화환율,0000001,원/미국달러(매매기준율),,,20251208,1472.1,원,ECOS
USDKRW,원/미국달러 환율,D,731Y001,3.1.1.1. 주요국 통화의 대원화환율,0000001,원/미국달러(매매기준율),,,20251209,1469.0,원,ECOS
USDKRW,원/미국달러 환율,D,731Y001,3.1.1.1. 주요국 통화의 대원화환율,0000001,원/미국달러(매매기준율),,,20251210,1470.4,원,ECOS
USDKRW,원/미국달러 환율,D,731Y001,3.1.1.1. 주요국 통화의 대원화환율,0000001,원/미국달러(매매기준율),,,20251211,1470.4,원,ECOS
USDKRW,원/미국달러 환율,D,731Y001,3.1.1.1. 주요국 통화의 대원화환율,0000001,원/미국달러(매매기준율),,,20251212,1469.5,원,ECOS
USDKRW,원/미국달러 환율,D,731Y001,3.1.1.1. 주요국 통화의 대원화환율,0000001,원/미국달러(매매기준율),,,20251215,1472.5,원,ECOS
USDKRW,원/미국달러 환율,D,731Y001,3.1.1.1. 주요국 통화의 대원화환율,0000001,원/미국달러(매매기준율),,,20251216,1474.1,원,ECOS
USDKRW,원/미국달러 환율,D,731Y001,3.1.1.1. 주요국 통화의 대원화환율,0000001,원/미국달러(매매기준율),,,20251217,1472.4,원,ECOS
USDKRW,원/미국달러 환율,D,731Y001,3.1.1.1. 주요국 통화의 대원화환율,0000001,원/미국달러(매매기준율),,,20251218,1478.6,원,ECOS
USDKRW,원/미국달러 환율,D,731Y001,3.1.1.1. 주요국 통화의 대원화환율,0000001,원/미국달러(매매기준율),,,20251219,1477.2,원,ECOS
USDKRW,원/미국달러 환율,D,731Y001,3.1.1.1. 주요국 통화의 대원화환율,0000001,원/미국달러(매매기준율),,,20251222,1477.8,원,ECOS
USDKRW,원/미국달러 환율,D,731Y001,3.1.1.1. 주요국 통화의 대원화환율,0000001,원/미국달러(매매기준율),,,20251223,1478.9,원,ECOS
USDKRW,원/미국달러 환율,D,731Y001,3.1.1.1. 주요국 통화의 대원화환율,0000001,원/미국달러(매매기준율),,,20251224,1483.4,원,ECOS
USDKRW,원/미국달러 환율,D,731Y001,3.1.1.1. 주요국 통화의 대원화환율,0000001,원/미국달러(매매기준율),,,20251226,1460.6,원,ECOS
USDKRW,원/미국달러 환율,D,731Y001,3.1.1.1. 주요국 통화의 대원화환율,0000001,원/미국달러(매매기준율),,,20251229,1442.3,원,ECOS
USDKRW,원/미국달러 환율,D,731Y001,3.1.1.1. 주요국 통화의 대원화환율,0000001,원/미국달러(매매기준율),,,20251230,1433.9,원,ECOS
USDKRW,원/미국달러 환율,D,731Y001,3.1.1.1. 주요국 통화의 대원화환율,0000001,원/미국달러(매매기준율),,,20251231,1434.9,원,ECOS
