index_name,거래일,시가,고가,저가,종가,거래량,거래대금,market
코스피,20180102,2474.86,2481.02,2465.94,2479.65,262120550,4785979837050,KOSPI
코스닥,20180102,803.63,813.40,800.54,812.45,909282427,6424684236034,KOSDAQ
코스피,20180103,2484.63,2493.40,2481.91,2486.35,331002236,6019179101234,KOSPI
코스닥,20180103,816.30,824.18,812.22,822.31,1121716110,7866093093561,KOSDAQ
코스피,20180104,2502.50,2502.50,2466.45,2466.46,333728938,6895777041788,KOSPI
코스닥,20180104,825.11,825.57,802.83,808.01,1185557406,7888280198189,KOSDAQ
코스피,20180105,2476.85,2497.52,2475.51,2497.52,308680712,6317098862716,KOSPI
코스닥,20180105,812.05,828.04,812.05,828.03,1117337727,7467546749474,KOSDAQ
코스피,20180108,2510.70,2515.37,2494.18,2513.28,311294225,6404246299016,KOSPI
코스닥,20180108,836.07,840.06,829.28,839.51,1172102684,8364690244659,KOSDAQ
코스피,20180109,2510.73,2524.73,2498.41,2510.23,373998352,7343938144569,KOSPI
코스닥,20180109,841.39,843.56,827.29,829.99,1137580988,9321474274410,KOSDAQ
코스피,20180110,2516.33,2516.82,2493.98,2499.75,443796667,8576874398349,KOSPI
코스닥,20180110,837.63,841.25,820.89,834.91,1060326710,7436633203138,KOSDAQ
코스피,20180111,2496.86,2502.52,2483.82,2487.91,444112331,7788236468153,KOSPI
코스닥,20180111,835.23,852.51,830.37,852.51,1245933319,7818647520056,KOSDAQ
코스피,20180112,2499.87,2500.87,2482.15,2496.42,438568283,8771205367008,KOSPI
코스닥,20180112,863.07,886.65,857.33,873.05,1133525644,11909715570382,KOSDAQ
코스피,20180115,2510.97,2513.30,2496.18,2503.73,404396847,6117920349291,KOSPI
코스닥,20180115,879.56,892.29,865.68,891.61,980120753,10523960124968,KOSDAQ
코스피,20180116,2504.16,2524.55,2498.55,2521.74,341326162,6912415527989,KOSPI
코스닥,20180116,889.23,901.23,884.76,901.23,972118704,9723742142087,KOSDAQ
코스피,20180117,2517.19,2521.97,2506.49,2515.43,336577309,6325124257851,KOSPI
코스닥,20180117,902.37,905.95,884.91,886.58,1161060131,10335207714190,KOSDAQ
코스피,20180118,2527.67,2532.08,2512.69,2515.81,333020692,6447234382346,KOSPI
코스닥,20180118,892.50,899.85,887.67,898.19,1200958144,9485028836065,KOSDAQ
코스피,20180119,2519.67,2524.33,2513.09,2520.26,351697767,6262317236265,KOSPI
코스닥,20180119,902.85,902.97,875.43,879.99,1098330874,9070073962631,KOSDAQ
코스피,20180122,2516.90,2517.12,2488.44,2502.11,342495348,6382928680132,KOSPI
코스닥,20180122,875.95,880.85,864.38,873.09,1054756174,7105074237686,KOSDAQ
코스피,20180123,2510.35,2536.60,2507.96,2536.60,369768014,6837231065373,KOSPI
코스닥,20180123,881.68,894.43,877.68,894.43,1024408586,8209453416702,KOSDAQ
코스피,20180124,2533.86,2547.22,2531.31,2538.00,370841549,6763529497519,KOSPI
코스닥,20180124,901.62,903.17,891.03,894.77,973195734,8247519158467,KOSDAQ
코스피,20180125,2536.96,2564.43,2536.73,2562.23,513738703,7863014865684,KOSPI
코스닥,20180125,894.21,898.60,887.97,898.60,983134814,7342138320060,KOSDAQ
코스피,20180126,2560.69,2574.76,2553.53,2574.76,400305532,7671725649778,KOSPI
코스닥,20180126,898.53,913.12,895.32,913.12,1044969515,7053200956707,KOSDAQ
코스피,20180129,2588.87,2607.10,2587.55,2598.19,437209105,7906716053394,KOSPI
코스닥,20180129,914.26,929.35,914.22,927.05,1234659088,8678402704260,KOSDAQ
코스피,20180130,2590.41,2599.17,2567.07,2567.74,396826165,7876828492989,KOSPI
코스닥,20180130,928.72,932.01,918.79,920.96,1196546475,8532831298175,KOSDAQ
코스피,20180131,2557.37,2597.14,2553.01,2566.46,402801344,10841298874259,KOSPI
코스닥,20180131,910.89,917.78,903.52,913.57,1176410154,7424148724547,KOSDAQ
코스피,20180201,2578.91,2583.74,2564.59,2568.54,594863695,8051545113981,KOSPI
코스닥,20180201,916.78,919.90,901.35,908.20,1344376983,8099042245878,KOSDAQ
코스피,20180202,2565.99,2565.99,2519.60,2525.39,481434303,8258727323332,KOSPI
코스닥,20180202,911.46,911.77,887.97,899.47,1292934361,7404210662768,KOSDAQ
코스피,20180205,2487.34,2503.99,2476.24,2491.75,442093541,8094756950893,KOSPI
코스닥,20180205,876.63,883.30,858.22,858.22,945704063,6664384285100,KOSDAQ
코스피,20180206,2437.02,2460.28,2409.38,2453.31,582537550,9565099740232,KOSPI
코스닥,20180206,821.24,858.74,814.46,858.17,1014463343,8375928612456,KOSDAQ
코스피,20180207,2483.72,2484.18,2396.56,2396.56,459925324,8368620492265,KOSPI
코스닥,20180207,874.75,875.03,829.96,829.96,989387896,8240046855583,KOSDAQ
코스피,20180208,2400.17,2423.88,2393.46,2407.62,362315701,7274624111572,KOSPI
코스닥,20180208,834.89,867.04,824.64,861.94,773500060,8597355966256,KOSDAQ
코스피,20180209,2346.73,2372.90,2346.73,2363.77,488978446,8523446446181,KOSPI
코스닥,20180209,832.13,850.70,832.13,842.60,744941778,5477310885451,KOSDAQ
코스피,20180212,2380.49,2397.90,2367.31,2385.38,352206644,6630692287653,KOSPI
코스닥,20180212,854.09,854.94,843.24,843.24,679006670,4920294480355,KOSDAQ
코스피,20180213,2402.89,2421.80,2388.54,2395.19,423274067,7332421302925,KOSPI
코스닥,20180213,852.94,854.08,829.39,829.39,819436416,5321261261605,KOSDAQ
코스피,20180214,2412.47,2426.63,2408.02,2421.83,305652736,5969855313386,KOSPI
코스닥,20180214,835.60,848.03,830.78,848.03,675003385,4945668102501,KOSDAQ
코스피,20180219,2452.52,2455.12,2428.15,2442.82,322060743,5843068304334,KOSPI
코스닥,20180219,855.78,875.81,855.58,875.81,670696991,4904579556766,KOSDAQ
코스피,20180220,2433.35,2438.48,2411.23,2415.12,421434740,5146403873708,KOSPI
코스닥,20180220,873.99,877.90,861.50,864.41,773257540,5439686586003,KOSDAQ
코스피,20180221,2417.73,2432.45,2404.02,2429.65,432161970,6073713405406,KOSPI
코스닥,20180221,867.92,877.69,864.21,875.58,801415898,5231890044952,KOSDAQ
코스피,20180222,2417.18,2422.62,2405.23,2414.28,349402778,4981592626688,KOSPI
코스닥,20180222,871.72,873.48,863.89,870.22,828855222,4744297087725,KOSDAQ
코스피,20180223,2427.13,2451.52,2427.13,2451.52,300499102,5386717824163,KOSPI
코스닥,20180223,873.52,875.73,871.41,874.78,747898158,4972395463983,KOSDAQ
코스피,20180226,2465.35,2466.08,2447.86,2457.65,321028510,5604936248028,KOSPI
코스닥,20180226,881.36,884.26,869.66,874.43,788217817,4749420436125,KOSDAQ
코스피,20180227,2474.08,2480.79,2456.14,2456.14,271056899,5673342822953,KOSPI
코스닥,20180227,880.88,882.04,874.00,874.01,769229952,5100746616694,KOSDAQ
코스피,20180228,2447.11,2460.12,2426.21,2427.36,367432843,7167795314116,KOSPI
코스닥,20180228,866.50,868.53,853.90,857.06,786283162,5129454463605,KOSDAQ
코스피,20180302,2406.57,2410.34,2387.25,2402.16,320269351,6077296858531,KOSPI
코스닥,20180302,846.40,861.08,845.72,860.23,724090973,4649213749539,KOSDAQ
코스피,20180305,2405.92,2407.98,2374.80,2375.06,312132521,5784455435907,KOSPI
코스닥,20180305,862.41,863.01,845.00,845.00,712548907,4430837264326,KOSDAQ
코스피,20180306,2400.67,2413.01,2392.87,2411.41,400045240,6598270600757,KOSPI
코스닥,20180306,854.91,859.21,850.42,859.21,812167285,4253071293222,KOSDAQ
코스피,20180307,2413.39,2429.43,2395.24,2401.82,412837663,8956065898204,KOSPI
코스닥,20180307,856.43,861.41,841.03,841.03,909541617,5303250995478,KOSDAQ
코스피,20180308,2420.67,2433.08,2407.59,2433.08,394783170,9052739590047,KOSPI
코스닥,20180308,847.31,855.80,846.34,853.94,863417114,4509827571772,KOSDAQ
코스피,20180309,2443.43,2476.43,2436.03,2459.45,437160095,8573203208251,KOSPI
코스닥,20180309,857.80,868.51,857.47,865.80,868713307,4864157412707,KOSDAQ
코스피,20180312,2485.64,2489.46,2474.91,2484.12,391171693,6569995241244,KOSPI
코스닥,20180312,874.15,884.27,873.26,884.27,775809064,5089006921540,KOSDAQ
코스피,20180313,2483.05,2494.49,2478.76,2494.49,350115965,7828295916734,KOSPI
코스닥,20180313,884.54,886.25,879.85,886.25,1063305144,5767869906224,KOSDAQ
코스피,20180314,2477.43,2486.98,2474.77,2486.08,360803303,6379456085182,KOSPI
코스닥,20180314,882.39,887.04,880.92,886.92,942943348,5237581082181,KOSDAQ
코스피,20180315,2486.00,2496.51,2471.04,2492.38,343960410,6065654508187,KOSPI
코스닥,20180315,886.98,893.56,883.70,890.43,937306907,5912992595241,KOSDAQ
코스피,20180316,2495.11,2497.80,2476.88,2493.97,377437709,6564835170687,KOSPI
코스닥,20180316,893.24,894.45,889.40,894.43,792459591,5649164977190,KOSDAQ
코스피,20180319,2491.99,2493.56,2470.91,2475.03,476882935,5992883491083,KOSPI
코스닥,20180319,894.40,894.40,880.97,880.97,740173889,4973616200237,KOSDAQ
코스피,20180320,2456.80,2485.52,2456.80,2485.52,291181884,5382518762430,KOSPI
코스닥,20180320,876.61,890.40,875.39,890.40,739077751,6011998615015,KOSDAQ
코스피,20180321,2488.22,2492.88,2483.78,2484.97,398187810,5920760845621,KOSPI
코스닥,20180321,892.02,895.72,885.53,885.55,852297016,6973490140864,KOSDAQ
코스피,20180322,2494.84,2508.71,2485.34,2496.02,481735316,7176673101788,KOSPI
코스닥,20180322,889.21,891.30,869.00,871.62,990037234,6773270813266,KOSDAQ
코스피,20180323,2446.73,2450.40,2412.62,2416.76,457729637,7930333386371,KOSPI
코스닥,20180323,851.70,859.93,829.67,829.68,879578384,6675576295756,KOSDAQ
코스피,20180326,2414.68,2437.08,2399.44,2437.08,306737903,5927788417001,KOSPI
코스닥,20180326,833.11,853.69,822.96,853.69,720868145,6015201648080,KOSDAQ
코스피,20180327,2455.00,2456.55,2444.92,2452.06,332016911,6304981060781,KOSPI
코스닥,20180327,862.40,863.05,856.56,858.84,721492020,5696156140246,KOSDAQ
코스피,20180328,2425.94,2430.77,2409.47,2419.29,501174839,7760385416461,KOSPI
코스닥,20180328,850.05,856.36,843.60,850.97,880843808,5727338096258,KOSDAQ
코스피,20180329,2421.70,2439.47,2413.71,2436.37,333217471,7256069341739,KOSPI
코스닥,20180329,855.82,865.99,854.61,865.99,800429661,5128416623336,KOSDAQ
코스피,20180330,2454.10,2458.24,2445.72,2445.85,395153433,6433541232984,KOSPI
코스닥,20180330,869.86,873.04,867.11,871.09,756089101,5043915443880,KOSDAQ
코스피,20180402,2454.72,2467.52,2440.89,2444.16,390211994,6841138781766,KOSPI
코스닥,20180402,876.85,876.85,865.83,867.80,798548130,5648288222833,KOSDAQ
코스피,20180403,2422.26,2442.43,2416.44,2442.43,496999711,7949378193897,KOSPI
코스닥,20180403,857.83,872.32,857.40,872.32,707449462,4777954121949,KOSDAQ
코스피,20180404,2447.97,2447.97,2405.91,2408.06,551581953,8091436886699,KOSPI
코스닥,20180404,877.15,877.15,858.29,862.51,811457146,5999542116160,KOSDAQ
코스피,20180405,2426.92,2446.78,2420.92,2437.52,590771147,7565538281350,KOSPI
코스닥,20180405,871.09,873.64,865.92,868.93,822183353,5834124095326,KOSDAQ
코스피,20180406,2420.88,2433.97,2417.24,2429.58,454112072,7300042633562,KOSPI
코스닥,20180406,867.43,869.81,863.92,867.96,821697344,5129837045001,KOSDAQ
코스피,20180409,2424.15,2446.28,2424.15,2444.08,334287144,6606676511442,KOSPI
코스닥,20180409,866.75,874.44,865.50,874.44,844737065,5735363981960,KOSDAQ
코스피,20180410,2439.94,2454.36,2419.55,2450.74,356275116,7519514578824,KOSPI
코스닥,20180410,876.22,877.30,866.74,877.30,985256080,6306041622516,KOSDAQ
코스피,20180411,2456.53,2458.99,2441.20,2444.22,354880572,7466574364771,KOSPI
코스닥,20180411,882.58,886.14,880.87,885.38,857559214,6665410373085,KOSDAQ
코스피,20180412,2450.95,2454.95,2441.58,2442.71,441485914,8152470102102,KOSPI
코스닥,20180412,888.20,889.02,879.17,881.45,947965839,7823902038434,KOSDAQ
코스피,20180413,2449.42,2457.85,2442.35,2455.07,395798099,6923457098332,KOSPI
코스닥,20180413,884.12,892.75,877.74,891.87,968871785,7164189872385,KOSDAQ
코스피,20180416,2466.04,2466.16,2449.97,2457.49,347083653,6220287104943,KOSPI
코스닥,20180416,895.32,899.20,894.09,896.89,994537187,6633560379467,KOSDAQ
코스피,20180417,2459.39,2465.63,2449.08,2453.77,394513124,6359689394568,KOSPI
코스닥,20180417,900.50,901.22,896.83,901.22,1262721375,6847913093612,KOSDAQ
코스피,20180418,2467.55,2486.73,2467.55,2479.98,647149055,8203622467187,KOSPI
코스닥,20180418,905.62,906.06,890.73,893.32,1508087123,8250966824871,KOSDAQ
코스피,20180419,2483.26,2490.57,2476.51,2486.10,726905678,10117724675518,KOSPI
코스닥,20180419,892.20,892.20,878.19,882.73,1659477192,7966298311264,KOSDAQ
코스피,20180420,2478.59,2485.15,2472.37,2476.33,531430450,7840042434278,KOSPI
코스닥,20180420,885.59,892.01,880.68,889.17,1383879043,6625217260002,KOSDAQ
코스피,20180423,2473.70,2478.57,2466.57,2474.11,700794516,9369235459126,KOSPI
코스닥,20180423,888.39,890.32,877.36,879.02,1382757124,6934792134155,KOSDAQ
코스피,20180424,2478.47,2479.32,2454.44,2464.14,523949047,8299057003806,KOSPI
코스닥,20180424,881.58,883.78,873.22,873.61,1186609772,6433024241502,KOSDAQ
코스피,20180425,2444.19,2453.54,2436.51,2448.81,465916608,7526989927057,KOSPI
코스닥,20180425,869.31,879.00,862.05,869.93,1166319737,6120404991572,KOSDAQ
코스피,20180426,2460.62,2484.09,2456.20,2475.64,520819077,7921186756016,KOSPI
코스닥,20180426,876.27,879.87,874.21,879.39,940631734,5021923406102,KOSDAQ
코스피,20180427,2497.75,2508.13,2484.19,2492.40,464890055,8298867382223,KOSPI
코스닥,20180427,886.37,886.62,880.03,886.49,1103115684,5484704906849,KOSDAQ
코스피,20180430,2502.29,2515.38,2500.22,2515.38,746080931,9459219119895,KOSPI
코스닥,20180430,886.29,886.60,870.54,875.95,1337724022,6644926578345,KOSDAQ
코스피,20180502,2515.75,2516.57,2501.71,2505.61,807424841,11711466465581,KOSPI
코스닥,20180502,869.52,877.54,863.59,871.03,1339731608,7071458831810,KOSDAQ
코스피,20180503,2506.94,2507.91,2487.25,2487.25,614010593,7865612330735,KOSPI
코스닥,20180503,873.34,876.08,866.05,866.07,1341512341,6186471380832,KOSDAQ
코스피,20180504,2486.47,2487.77,2461.38,2461.38,611921182,10816017391566,KOSPI
코스닥,20180504,868.35,870.10,856.34,856.34,1114463669,5521127900558,KOSDAQ
코스피,20180508,2468.45,2479.75,2444.08,2449.81,714577150,9629916772200,KOSPI
코스닥,20180508,860.56,863.56,827.20,827.22,935182867,5346334571788,KOSDAQ
코스피,20180509,2450.71,2451.86,2428.79,2443.98,593134539,9068285478227,KOSPI
코스닥,20180509,833.48,851.28,815.27,850.85,896086216,5835012954597,KOSDAQ
코스피,20180510,2458.67,2464.72,2448.01,2464.16,489875468,8869813559103,KOSPI
코스닥,20180510,852.28,855.82,846.14,854.93,839100345,4987935292088,KOSDAQ
코스피,20180511,2469.30,2483.85,2468.41,2477.71,599823312,7588342095411,KOSPI
코스닥,20180511,855.25,866.86,855.25,865.93,826253916,4927601719172,KOSDAQ
코스피,20180514,2482.97,2486.17,2471.91,2476.11,650550067,9562348051340,KOSPI
코스닥,20180514,869.44,869.92,855.54,858.70,877250390,5112353005396,KOSDAQ
코스피,20180515,2476.87,2480.22,2456.20,2458.54,712498733,9445704647261,KOSPI
코스닥,20180515,865.53,867.13,858.55,862.94,947276373,5658654495211,KOSDAQ
코스피,20180516,2446.64,2465.55,2444.67,2459.82,691622298,9816191951931,KOSPI
코스닥,20180516,857.24,857.24,846.90,850.29,1128503041,6241695974845,KOSDAQ
코스피,20180517,2468.72,2472.82,2448.43,2448.45,596682270,8190104269437,KOSPI
코스닥,20180517,854.46,857.56,852.91,855.62,935203233,5311143044637,KOSDAQ
코스피,20180518,2459.73,2461.95,2452.34,2460.65,431317792,6462757760129,KOSPI
코스닥,20180518,858.08,869.80,857.66,869.45,951908837,5185072707066,KOSDAQ
코스피,20180521,2464.07,2472.30,2447.69,2465.57,587991919,6297963149740,KOSPI
코스닥,20180521,871.49,876.12,870.52,872.96,887761548,4626044936482,KOSDAQ
코스피,20180523,2462.98,2476.86,2460.07,2471.91,752595167,9261629857950,KOSPI
코스닥,20180523,875.12,875.36,867.28,869.16,828606081,5295987153231,KOSDAQ
코스피,20180524,2477.48,2481.31,2457.84,2466.01,638056683,6765893174787,KOSPI
코스닥,20180524,871.68,875.31,866.47,873.32,1027250299,5746266823477,KOSDAQ
코스피,20180525,2452.80,2466.57,2444.77,2460.80,653436415,9077861923086,KOSPI
코스닥,20180525,866.20,870.71,859.09,868.35,1065652550,6062766972416,KOSDAQ
코스피,20180528,2465.00,2482.40,2463.14,2478.96,708262524,9840758684907,KOSPI
코스닥,20180528,865.58,879.80,865.57,879.69,1244380212,5743898578840,KOSDAQ
코스피,20180529,2476.70,2479.68,2457.18,2457.25,571720799,8532359028276,KOSPI
코스닥,20180529,881.53,884.64,868.81,870.08,1110668300,7686841627664,KOSDAQ
코스피,20180530,2446.81,2449.88,2399.58,2409.03,575780445,8998817955081,KOSPI
코스닥,20180530,876.42,876.71,861.84,874.22,1097115571,7221680368989,KOSDAQ
코스피,20180531,2428.83,2430.15,2415.50,2423.01,816785336,13251479583121,KOSPI
코스닥,20180531,880.97,880.97,873.16,879.66,1069933610,7085714940859,KOSDAQ
코스피,20180601,2419.63,2445.31,2418.11,2438.96,602870349,8766788558132,KOSPI
코스닥,20180601,879.61,883.77,878.15,883.22,1001585365,6061488640650,KOSDAQ
코스피,20180604,2444.62,2452.67,2441.25,2447.76,438870849,7770436118773,KOSPI
코스닥,20180604,887.59,887.76,876.50,877.44,858688033,5532250874035,KOSDAQ
코스피,20180605,2450.39,2455.78,2432.81,2453.76,501286620,7344456601396,KOSPI
코스닥,20180605,881.71,881.98,874.16,877.16,999535283,5533423665295,KOSDAQ
코스피,20180607,2468.26,2478.67,2466.01,2470.58,473992954,8060010621834,KOSPI
코스닥,20180607,881.47,887.95,880.01,887.91,887913302,5526152881948,KOSDAQ
코스피,20180608,2467.88,2468.27,2449.11,2451.58,530066311,7672290830523,KOSPI
코스닥,20180608,887.37,887.52,877.91,878.48,824922065,4988850895128,KOSDAQ
코스피,20180611,2454.25,2470.99,2448.00,2470.15,427726246,7024542900287,KOSPI
코스닥,20180611,879.06,881.12,874.84,876.55,761907110,4616961612785,KOSDAQ
코스피,20180612,2474.78,2479.56,2462.84,2468.83,613111995,9614956021494,KOSPI
코스닥,20180612,879.18,882.92,870.11,875.04,1068853671,5645556531362,KOSDAQ
코스피,20180614,2450.86,2451.95,2422.37,2423.48,533119457,9752886162433,KOSPI
코스닥,20180614,873.02,873.02,861.14,864.56,999793048,6062508214191,KOSDAQ
코스피,20180615,2432.18,2433.51,2403.97,2404.04,502175426,9089090445901,KOSPI
코스닥,20180615,866.77,869.77,863.42,866.22,787149480,5489201857403,KOSDAQ
코스피,20180618,2404.68,2405.56,2365.31,2376.24,564631926,8592722113962,KOSPI
코스닥,20180618,866.44,866.86,833.22,840.23,769539884,5217521582305,KOSDAQ
코스피,20180619,2373.12,2379.49,2336.54,2340.11,606097749,7993783914566,KOSPI
코스닥,20180619,841.09,846.62,815.37,815.39,759721595,5172615540744,KOSDAQ
코스피,20180620,2350.24,2374.52,2345.22,2363.91,455815232,6986158044232,KOSPI
코스닥,20180620,819.87,840.17,817.64,840.17,746990486,4758938431462,KOSDAQ
코스피,20180621,2364.16,2370.58,2337.83,2337.83,437974203,6783521427805,KOSPI
코스닥,20180621,841.44,841.91,826.22,826.22,744414446,4225790904680,KOSDAQ
코스피,20180622,2323.08,2357.40,2320.76,2357.22,537125838,6603764779945,KOSPI
코스닥,20180622,826.01,830.68,815.43,830.27,816440017,4369415901035,KOSDAQ
코스피,20180625,2351.89,2361.39,2337.22,2357.88,414989548,5683521765411,KOSPI
코스닥,20180625,831.48,836.99,826.66,836.00,657961815,3527445649215,KOSDAQ
코스피,20180626,2334.75,2358.01,2326.61,2350.92,470876507,6536132565654,KOSPI
코스닥,20180626,825.05,832.32,817.16,831.40,634221534,3708796871461,KOSDAQ
코스피,20180627,2349.38,2358.71,2342.02,2342.03,526576993,7007140824738,KOSPI
코스닥,20180627,832.72,839.61,826.69,826.69,686945024,4171129610015,KOSDAQ
코스피,20180628,2327.37,2335.35,2310.80,2314.24,414325110,5775216849999,KOSPI
코스닥,20180628,823.16,827.01,810.18,810.20,813040019,3557199012792,KOSDAQ
코스피,20180629,2325.68,2329.58,2296.39,2326.13,396557590,6309320878467,KOSPI
코스닥,20180629,817.20,819.05,802.00,818.22,634075262,3468501131866,KOSDAQ
코스피,20180702,2322.23,2327.59,2271.53,2271.54,393165443,5989646998774,KOSPI
코스닥,20180702,818.75,819.94,789.80,789.82,667702914,3472270033205,KOSDAQ
코스피,20180703,2285.88,2287.39,2252.36,2272.76,365977605,6001903045599,KOSPI
코스닥,20180703,797.63,801.91,779.41,795.71,706156875,3766825152877,KOSDAQ
코스피,20180704,2270.95,2280.81,2261.34,2265.46,315034840,4880747138616,KOSPI
코스닥,20180704,795.06,802.92,792.44,799.10,686728858,3075417827907,KOSDAQ
코스피,20180705,2264.74,2274.74,2243.90,2257.55,346844156,5166425307805,KOSPI
코스닥,20180705,799.77,800.93,782.23,794.05,641106155,3104384881433,KOSDAQ
코스피,20180706,2261.44,2283.75,2247.35,2272.87,344382872,6358170949997,KOSPI
코스닥,20180706,795.23,809.96,785.22,808.89,698766559,3419759541852,KOSDAQ
코스피,20180709,2276.92,2294.61,2267.25,2285.80,352585216,5796154289360,KOSPI
코스닥,20180709,806.85,813.10,803.25,808.28,512517989,2880565952140,KOSDAQ
코스피,20180710,2299.09,2305.84,2292.13,2294.16,339877478,5038651944992,KOSPI
코스닥,20180710,814.56,815.90,811.46,813.19,512348174,2901004935226,KOSDAQ
코스피,20180711,2277.22,2287.08,2262.77,2280.62,422960158,5700835055944,KOSPI
코스닥,20180711,810.18,811.56,803.88,804.78,518188901,3050081775290,KOSDAQ
코스피,20180712,2285.93,2298.56,2277.73,2285.06,364348669,6157443512735,KOSPI
코스닥,20180712,809.86,819.98,806.16,819.29,513714514,3290881413768,KOSDAQ
코스피,20180713,2293.07,2313.80,2293.07,2310.90,291502625,6500486105538,KOSPI
코스닥,20180713,820.59,827.89,820.43,827.89,497104496,3065734974044,KOSDAQ
코스피,20180716,2312.26,2317.84,2299.79,2301.99,297080452,4968787830948,KOSPI
코스닥,20180716,830.91,831.41,822.91,825.71,544636583,2920557175539,KOSDAQ
코스피,20180717,2302.95,2306.07,2290.24,2297.92,378975062,4897671117237,KOSPI
코스닥,20180717,826.67,827.31,818.55,819.72,649282331,3387669590994,KOSDAQ
코스피,20180718,2313.78,2319.39,2287.10,2290.11,402736462,5032112711076,KOSPI
코스닥,20180718,823.80,826.36,804.47,810.44,719929008,3979090859765,KOSDAQ
코스피,20180719,2298.91,2300.18,2278.94,2282.29,464442419,5430880286033,KOSPI
코스닥,20180719,811.42,811.97,794.14,796.49,672679196,3894852638113,KOSDAQ
코스피,20180720,2281.36,2293.34,2269.55,2289.19,353147970,4910348024302,KOSPI
코스닥,20180720,796.27,801.02,785.39,791.61,618893581,3377749377354,KOSDAQ
코스피,20180723,2289.61,2289.61,2264.42,2269.31,334169779,5549025683995,KOSPI
코스닥,20180723,792.90,792.99,756.95,756.96,562534118,3555447502510,KOSDAQ
코스피,20180724,2273.15,2284.43,2263.13,2280.20,436014179,5831478666846,KOSPI
코스닥,20180724,760.57,767.71,756.63,761.57,523853800,3317550324196,KOSDAQ
코스피,20180725,2284.38,2292.61,2269.67,2273.03,309204184,6142196447777,KOSPI
코스닥,20180725,764.66,766.00,744.11,748.89,657003216,4437900924670,KOSDAQ
코스피,20180726,2284.51,2297.16,2276.54,2289.06,303200428,6356601346266,KOSPI
코스닥,20180726,755.07,765.16,750.86,765.15,509918716,3447296243337,KOSDAQ
코스피,20180727,2292.33,2295.27,2284.44,2294.99,262011307,5091076677254,KOSPI
코스닥,20180727,766.03,773.98,763.44,773.98,522237513,3148104852517,KOSDAQ
코스피,20180730,2290.18,2296.91,2283.29,2293.51,206372327,4551835180004,KOSPI
코스닥,20180730,773.00,774.82,763.60,769.80,524362089,2919869931035,KOSDAQ
코스피,20180731,2292.23,2296.60,2286.02,2295.26,223833573,4878064866738,KOSPI
코스닥,20180731,768.75,775.52,766.52,775.52,600534863,3427529036909,KOSDAQ
코스피,20180801,2301.17,2312.65,2301.13,2307.07,218940664,4832488838041,KOSPI
코스닥,20180801,779.00,790.38,778.55,790.25,561613681,3446437070302,KOSDAQ
코스피,20180802,2304.14,2306.72,2265.46,2270.20,351952423,5042387659394,KOSPI
코스닥,20180802,788.77,788.88,776.38,781.38,532348385,3253146522243,KOSDAQ
코스피,20180803,2278.33,2288.93,2272.94,2287.68,270439980,4312348133337,KOSPI
코스닥,20180803,786.10,788.82,784.33,788.81,531629097,2876797185495,KOSDAQ
코스피,20180806,2288.51,2300.38,2283.26,2286.50,244528080,4607266948216,KOSPI
코스닥,20180806,789.26,790.82,780.97,781.41,487414325,2906264287524,KOSDAQ
코스피,20180807,2290.85,2301.27,2279.55,2300.16,230320994,4748483328432,KOSPI
코스닥,20180807,783.45,784.88,775.50,784.70,517912085,3101794940809,KOSDAQ
코스피,20180808,2305.73,2308.60,2298.41,2301.45,299647822,5517959112594,KOSPI
코스닥,20180808,787.21,789.76,781.27,783.81,650735341,3618396665742,KOSDAQ
코스피,20180809,2303.04,2303.71,2291.91,2303.71,244862575,5985778394688,KOSPI
코스닥,20180809,783.43,789.68,780.95,789.48,589586182,3605517689712,KOSDAQ
코스피,20180810,2295.21,2295.62,2277.89,2282.79,286126671,6186069024340,KOSPI
코스닥,20180810,789.71,792.44,781.34,784.81,604641631,3944654944986,KOSDAQ
코스피,20180813,2266.43,2271.82,2238.55,2248.45,335313299,5949794564744,KOSPI
코스닥,20180813,780.69,780.69,755.58,755.65,607450459,3892729778914,KOSDAQ
코스피,20180814,2249.86,2262.52,2247.37,2258.91,255150384,4871783985406,KOSPI
코스닥,20180814,758.33,766.26,756.01,761.94,529612438,3264987874922,KOSDAQ
코스피,20180816,2233.05,2244.08,2218.09,2240.80,312489415,6021534221536,KOSPI
코스닥,20180816,752.04,761.57,743.68,761.18,564294978,3718358151015,KOSDAQ
코스피,20180817,2244.61,2250.92,2240.14,2247.05,238359443,4645214119288,KOSPI
코스닥,20180817,766.29,773.37,765.03,772.30,574075977,3454450370770,KOSDAQ
코스피,20180820,2257.35,2264.42,2245.06,2247.88,271576086,4418882905900,KOSPI
코스닥,20180820,775.81,778.26,769.21,769.78,464811713,3194480884954,KOSDAQ
코스피,20180821,2248.04,2272.86,2244.59,2270.06,294318453,5182881332346,KOSPI
코스닥,20180821,773.12,788.92,772.59,787.15,507881511,3440546179264,KOSDAQ
코스피,20180822,2273.68,2280.31,2268.91,2273.33,269255586,5424960112181,KOSPI
코스닥,20180822,790.88,792.70,785.83,785.95,585462615,3411697769917,KOSDAQ
코스피,20180823,2282.57,2282.88,2268.06,2282.60,338363180,5238201120220,KOSPI
코스닥,20180823,788.90,792.03,782.94,791.28,576532566,3321170781325,KOSDAQ
코스피,20180824,2276.16,2295.22,2271.35,2293.21,347264742,5136814229465,KOSPI
코스닥,20180824,790.76,799.33,787.13,798.23,556215072,3539161827391,KOSDAQ
코스피,20180827,2297.32,2302.87,2289.41,2299.30,307019076,5766223479931,KOSPI
코스닥,20180827,799.29,801.58,796.11,801.04,545233053,3765929061655,KOSDAQ
코스피,20180828,2312.14,2314.60,2299.45,2303.12,276836916,5502906867452,KOSPI
코스닥,20180828,806.59,806.89,797.84,798.17,618384944,3950500585389,KOSDAQ
코스피,20180829,2304.66,2309.88,2300.21,2309.03,268179214,4807637760538,KOSPI
코스닥,20180829,800.51,803.34,798.43,803.18,611266633,3454783657350,KOSDAQ
코스피,20180830,2313.11,2320.85,2305.46,2307.35,286811964,5251949262699,KOSPI
코스닥,20180830,805.22,807.91,801.19,804.47,585858525,3497900047188,KOSDAQ
코스피,20180831,2298.13,2322.88,2295.72,2322.88,255812621,5525459033964,KOSPI
코스닥,20180831,803.18,817.83,801.69,816.97,550269672,3918227023035,KOSDAQ
코스피,20180903,2317.93,2318.72,2302.17,2307.03,230476321,4096409442217,KOSPI
코스닥,20180903,817.93,820.35,812.85,816.84,524747095,3831005483183,KOSDAQ
코스피,20180904,2308.96,2317.74,2302.17,2315.72,276975864,4551068426018,KOSPI
코스닥,20180904,819.34,828.01,818.26,827.27,590518643,4163504064516,KOSDAQ
코스피,20180905,2310.90,2315.43,2288.01,2291.77,358154320,5390357959771,KOSPI
코스닥,20180905,827.72,829.66,819.45,820.00,615384060,4238224928634,KOSDAQ
코스피,20180906,2288.80,2298.47,2284.50,2287.61,387483492,5679466773284,KOSPI
코스닥,20180906,821.50,822.10,813.91,815.18,662773639,4452603953125,KOSDAQ
코스피,20180907,2278.08,2286.82,2264.90,2281.58,357513707,6263537042380,KOSPI
코스닥,20180907,816.09,820.22,810.28,818.86,641310487,4432939408023,KOSDAQ
코스피,20180910,2277.35,2289.38,2276.60,2288.66,312566837,5599321372422,KOSPI
코스닥,20180910,819.70,820.13,814.87,816.16,591420616,3834554585908,KOSDAQ
코스피,20180911,2286.91,2295.76,2275.13,2283.20,368162964,6188151862414,KOSPI
코스닥,20180911,816.21,821.29,815.82,820.23,568449367,3841777320120,KOSDAQ
코스피,20180912,2286.28,2289.66,2271.00,2282.92,336764122,6445237174743,KOSPI
코스닥,20180912,824.52,827.75,820.34,826.33,578245350,5312228384292,KOSDAQ
코스피,20180913,2285.28,2291.51,2281.63,2286.23,301262637,6598745105682,KOSPI
코스닥,20180913,828.54,830.95,825.10,830.95,510216749,4391347726027,KOSDAQ
코스피,20180914,2304.70,2318.65,2304.15,2318.25,292192312,5839069680233,KOSPI
코스닥,20180914,833.84,836.36,831.17,834.91,574866344,5096763666348,KOSDAQ
코스피,20180917,2314.55,2314.55,2295.26,2303.01,343109099,5079533090823,KOSPI
코스닥,20180917,837.93,837.97,826.16,828.88,559896481,4565586327376,KOSDAQ
코스피,20180918,2287.73,2310.97,2287.42,2308.98,309196454,5794022188318,KOSPI
코스닥,20180918,826.44,833.66,824.87,831.85,677327669,5098513524431,KOSDAQ
코스피,20180919,2319.22,2319.22,2301.79,2308.46,350848667,6382302308327,KOSPI
코스닥,20180919,833.00,834.15,824.46,826.91,771824583,6302114152842,KOSDAQ
코스피,20180920,2314.41,2334.04,2311.56,2323.45,288994983,6468466467009,KOSPI
코스닥,20180920,829.20,832.51,819.30,821.13,660232550,6565058473710,KOSDAQ
코스피,20180921,2332.04,2339.17,2325.12,2339.17,321667979,8286438500316,KOSPI
코스닥,20180921,825.16,827.92,821.36,827.84,519728698,4200709447792,KOSDAQ
코스피,20180927,2331.70,2355.43,2331.70,2355.43,279159191,7299446511576,KOSPI
코스닥,20180927,828.09,834.29,827.88,833.01,539382062,3946304042917,KOSDAQ
코스피,20180928,2356.13,2356.62,2337.47,2343.07,317794630,7214963870253,KOSPI
코스닥,20180928,832.37,833.14,819.90,822.27,678613935,4118805354593,KOSDAQ
코스피,20181001,2349.64,2352.11,2333.32,2338.88,278233918,5541457100838,KOSPI
코스닥,20181001,824.86,825.53,813.48,816.53,559153406,3576409351362,KOSDAQ
코스피,20181002,2338.28,2341.55,2308.90,2309.57,287803197,6394531230725,KOSPI
코스닥,20181002,817.39,818.46,794.99,794.99,573925071,3923366459252,KOSDAQ
코스피,20181004,2311.06,2311.06,2270.22,2274.49,309367097,7605865150036,KOSPI
코스닥,20181004,800.03,801.46,785.14,789.00,516280827,3674623972550,KOSDAQ
코스피,20181005,2269.94,2278.12,2250.99,2267.52,281877962,6397547258015,KOSPI
코스닥,20181005,784.94,791.32,769.29,773.70,564257064,3651822924824,KOSDAQ
코스피,20181008,2258.73,2273.71,2253.83,2253.83,214584018,4478597635797,KOSPI
코스닥,20181008,772.36,784.47,767.08,767.15,508301414,2978613453018,KOSDAQ
코스피,20181010,2256.03,2257.52,2222.95,2228.61,365521682,8835911437193,KOSPI
코스닥,20181010,768.31,770.85,746.63,747.50,656352984,3737237475257,KOSDAQ
코스피,20181011,2176.16,2186.69,2129.67,2129.67,411623611,8334870047447,KOSPI
코스닥,20181011,720.22,733.04,707.31,707.38,678772771,4257509580598,KOSDAQ
코스피,20181012,2131.66,2173.01,2129.13,2161.85,292287152,6084327363215,KOSPI
코스닥,20181012,704.72,731.50,704.72,731.50,542302615,3750413558328,KOSDAQ
코스피,20181015,2155.34,2159.23,2141.28,2145.12,258975746,4708418958246,KOSPI
코스닥,20181015,732.98,733.90,717.72,718.87,475001178,3370054679293,KOSDAQ
코스피,20181016,2156.00,2161.76,2140.19,2145.12,222340955,3936266840225,KOSPI
코스닥,20181016,724.30,734.12,724.30,731.50,460310236,2868200297562,KOSDAQ
코스피,20181017,2169.44,2182.77,2159.37,2167.51,275084857,5284771421407,KOSPI
코스닥,20181017,744.21,746.14,732.61,739.15,520325510,3395950357188,KOSDAQ
코스피,20181018,2158.80,2168.01,2146.61,2148.31,321688749,4228936439856,KOSPI
코스닥,20181018,741.21,742.24,730.08,731.34,432809203,2644137593208,KOSDAQ
코스피,20181019,2130.06,2158.78,2117.62,2156.26,351473023,4874330944125,KOSPI
코스닥,20181019,725.29,740.54,718.48,740.48,413510532,3025901476018,KOSDAQ
코스피,20181022,2143.08,2163.21,2136.92,2161.71,308585851,3910031888491,KOSPI
코스닥,20181022,736.74,744.15,733.11,744.15,404441353,2447370180454,KOSDAQ
코스피,20181023,2147.30,2148.80,2094.69,2106.10,373340619,6995386506657,KOSPI
코스닥,20181023,740.35,742.45,716.85,719.00,469598987,3109803869863,KOSDAQ
코스피,20181024,2119.19,2121.36,2092.10,2097.58,399660523,6489928605356,KOSPI
코스닥,20181024,727.07,729.89,697.13,699.30,502186025,3598955496497,KOSDAQ
코스피,20181025,2046.67,2066.06,2033.81,2063.30,375785497,7607237802790,KOSPI
코스닥,20181025,678.49,693.07,672.17,686.84,541142631,3580047507446,KOSDAQ
코스피,20181026,2066.57,2066.57,2008.86,2027.15,448957729,6687586315421,KOSPI
코스닥,20181026,694.37,694.37,658.11,663.07,571842419,3548432271137,KOSDAQ
코스피,20181029,2026.68,2045.76,1993.77,1996.05,426857335,6358836446715,KOSPI
코스닥,20181029,663.95,674.77,629.70,629.70,639632511,3858722820018,KOSDAQ
코스피,20181030,1985.95,2028.84,1985.95,2014.69,441224682,7021394419829,KOSPI
코스닥,20181030,623.33,644.65,617.00,644.14,773465471,3934463280225,KOSDAQ
코스피,20181031,2022.84,2030.50,2006.63,2029.69,372541805,6346349451132,KOSPI
코스닥,20181031,648.72,650.38,638.38,648.67,606313417,2757710293528,KOSDAQ
코스피,20181101,2035.11,2054.22,2023.43,2024.46,343605671,5965416662856,KOSPI
코스닥,20181101,655.11,668.73,654.66,657.46,537532400,3406192172696,KOSDAQ
코스피,20181102,2046.61,2096.63,2044.94,2096.00,371815879,6797721364078,KOSPI
코스닥,20181102,666.59,690.65,666.59,690.65,529910168,3515169505108,KOSDAQ
코스피,20181105,2079.81,2080.49,2052.67,2076.92,361187631,4917047382719,KOSPI
코스닥,20181105,686.76,693.29,680.11,691.94,430772137,2865228151480,KOSDAQ
코스피,20181106,2085.81,2092.61,2068.59,2089.62,315705000,5143332400943,KOSPI
코스닥,20181106,695.32,695.65,683.31,691.55,486366502,2958382446162,KOSDAQ
코스피,20181107,2090.32,2107.63,2072.48,2078.69,476469494,6430486340920,KOSPI
코스닥,20181107,693.56,700.25,677.50,682.37,578590662,3777135557875,KOSDAQ
코스피,20181108,2109.97,2120.88,2092.36,2092.63,326055571,5982736576358,KOSPI
코스닥,20181108,695.05,697.25,691.39,693.67,730502717,3325043255859,KOSDAQ
코스피,20181109,2093.89,2101.92,2082.47,2086.09,297423426,5259110946112,KOSPI
코스닥,20181109,694.18,695.11,680.68,687.29,780486567,3185780179490,KOSDAQ
코스피,20181112,2065.92,2087.24,2065.52,2080.44,286524871,5519456279640,KOSPI
코스닥,20181112,677.96,682.52,670.13,670.82,565187155,2937868689840,KOSDAQ
코스피,20181113,2047.62,2072.03,2032.05,2071.23,382086611,5862127777478,KOSPI
코스닥,20181113,658.52,671.93,651.19,670.85,527350718,2993544668902,KOSDAQ
코스피,20181114,2071.41,2075.12,2060.86,2068.05,335362523,5552512601103,KOSPI
코스닥,20181114,670.25,680.29,665.78,671.56,445526304,2972647788008,KOSDAQ
코스피,20181115,2061.47,2088.61,2058.73,2088.06,350517172,4827372125024,KOSPI
코스닥,20181115,672.32,681.38,666.63,681.38,576567642,2768111265503,KOSDAQ
코스피,20181116,2097.94,2103.11,2086.54,2092.40,300301111,4834353053263,KOSPI
코스닥,20181116,685.05,692.60,682.87,690.18,560492537,2857118059686,KOSDAQ
코스피,20181119,2096.13,2111.39,2089.37,2100.56,271568055,4699496962743,KOSPI
코스닥,20181119,693.25,702.26,692.20,702.13,452858544,2989624753544,KOSDAQ
코스피,20181120,2074.67,2089.54,2074.67,2082.58,280901825,5041722751737,KOSPI
코스닥,20181120,691.53,697.98,689.54,690.81,468980823,3191276315973,KOSDAQ
코스피,20181121,2057.07,2077.49,2049.76,2076.55,267380569,5150328089837,KOSPI
코스닥,20181121,681.66,695.72,676.67,695.72,528709384,3263729326885,KOSDAQ
코스피,20181122,2079.01,2081.75,2066.20,2069.95,242183048,4151968462444,KOSPI
코스닥,20181122,697.84,700.41,690.06,692.39,494995915,2959590155840,KOSDAQ
코스피,20181123,2073.26,2075.91,2047.96,2057.48,227035994,3773832110114,KOSPI
코스닥,20181123,694.24,695.75,682.21,683.06,547242819,2867711236695,KOSDAQ
코스피,20181126,2060.17,2083.96,2060.17,2083.02,237534756,4481889057707,KOSPI
코스닥,20181126,685.10,697.57,685.06,695.36,458939961,2622519202597,KOSDAQ
코스피,20181127,2091.75,2102.29,2079.49,2099.42,239074578,4554321486954,KOSPI
코스닥,20181127,698.96,702.13,693.18,700.67,498036277,2682521921519,KOSDAQ
코스피,20181128,2104.13,2108.65,2094.32,2108.22,299901592,4793561498800,KOSPI
코스닥,20181128,702.99,703.24,698.74,700.12,632716103,2938891660059,KOSDAQ
코스피,20181129,2133.95,2136.74,2108.90,2114.10,306868946,5303255735729,KOSPI
코스닥,20181129,709.69,710.45,694.71,695.48,645969783,3217672795967,KOSDAQ
코스피,20181130,2116.83,2122.33,2093.83,2096.86,427004338,7315862207855,KOSPI
코스닥,20181130,696.99,700.51,692.80,695.76,457866333,2747868326109,KOSDAQ
코스피,20181203,2127.78,2136.64,2113.60,2131.93,436394730,5570755924733,KOSPI
코스닥,20181203,704.38,709.65,702.65,709.46,499272990,2953750373874,KOSDAQ
코스피,20181204,2125.67,2128.94,2105.45,2114.35,507305897,5539020760910,KOSPI
코스닥,20181204,709.46,711.77,704.30,708.63,630165027,2933229975426,KOSDAQ
코스피,20181205,2086.57,2107.69,2086.57,2101.31,492297903,4801794385096,KOSPI
코스닥,20181205,695.14,702.69,694.88,701.12,621513483,2952042683221,KOSDAQ
코스피,20181206,2094.62,2094.62,2064.00,2068.69,537165596,5605889462521,KOSPI
코스닥,20181206,699.15,699.54,677.09,678.38,618058319,3013605175395,KOSDAQ
코스피,20181207,2081.68,2086.84,2065.62,2075.76,371465326,4318511675769,KOSPI
코스닥,20181207,685.48,687.81,679.28,685.33,585753908,2933665243031,KOSDAQ
코스피,20181210,2048.45,2061.78,2043.21,2053.79,344060130,4697290472901,KOSPI
코스닥,20181210,675.53,680.19,667.25,670.39,480961644,2606105347760,KOSDAQ
코스피,20181211,2058.16,2060.94,2047.17,2052.97,273836406,5020100300535,KOSPI
코스닥,20181211,673.23,673.61,661.01,661.01,545403783,3293683121744,KOSDAQ
코스피,20181212,2062.77,2084.77,2061.13,2082.57,457005690,5612763167935,KOSPI
코스닥,20181212,664.76,676.98,664.76,676.48,507452194,2711190764369,KOSDAQ
코스피,20181213,2087.43,2104.43,2084.37,2095.55,379678685,7941627109580,KOSPI
코스닥,20181213,678.51,681.78,673.78,681.78,541837386,3324251847493,KOSDAQ
코스피,20181214,2095.64,2095.64,2061.40,2069.38,448117417,5783950879539,KOSPI
코스닥,20181214,680.91,680.91,663.43,666.34,511399089,3511034868430,KOSDAQ
코스피,20181217,2071.21,2075.93,2065.51,2071.09,444419558,4764230082491,KOSPI
코스닥,20181217,665.48,665.77,652.84,661.90,540217832,3366451301964,KOSDAQ
코스피,20181218,2057.39,2074.31,2054.26,2062.11,429454581,5241429571078,KOSPI
코스닥,20181218,654.14,665.17,653.81,659.67,665315991,3495766588277,KOSDAQ
코스피,20181219,2068.95,2080.65,2063.01,2078.84,418534064,5124243092474,KOSPI
코스닥,20181219,663.73,673.59,661.20,672.08,712032415,3545726317553,KOSDAQ
코스피,20181220,2063.70,2071.08,2047.52,2060.12,420771025,5482342988636,KOSPI
코스닥,20181220,667.74,677.79,664.34,668.13,531093341,3155968449382,KOSDAQ
코스피,20181221,2052.70,2061.51,2049.76,2061.49,311054525,5491674243987,KOSPI
코스닥,20181221,667.22,675.23,667.21,673.64,583395192,3253428566722,KOSDAQ
코스피,20181224,2050.38,2059.94,2046.18,2055.01,285072784,3843329191684,KOSPI
코스닥,20181224,671.78,673.48,668.46,669.79,633370892,3344032285643,KOSDAQ
코스피,20181226,2028.81,2037.83,2014.28,2028.01,321094728,5423043822496,KOSPI
코스닥,20181226,658.70,666.69,655.80,665.74,641186193,3811169156736,KOSDAQ
코스피,20181227,2032.09,2035.57,2021.39,2028.44,397807567,5350495448562,KOSPI
코스닥,20181227,678.86,678.86,667.13,667.88,508112920,3286477485350,KOSDAQ
코스피,20181228,2036.70,2046.97,2035.41,2041.04,352578376,4120466675712,KOSPI
코스닥,20181228,670.83,675.89,669.71,675.65,514602584,2987327226451,KOSDAQ
코스피,20190102,2050.55,2053.45,2004.27,2010.00,326278186,4295660687126,KOSPI
코스닥,20190102,682.16,683.09,667.71,669.37,529675584,3345913067936,KOSDAQ
코스피,20190103,2011.81,2014.72,1991.65,1993.70,427910943,5358366351636,KOSPI
코스닥,20190103,671.98,673.61,656.85,657.02,637056946,3574632511153,KOSDAQ
코스피,20190104,1992.40,2011.56,1984.53,2010.25,408911649,5489965199001,KOSPI
코스닥,20190104,655.62,664.49,648.95,664.49,539671983,3296615326464,KOSDAQ
코스피,20190107,2034.24,2048.06,2030.90,2037.10,440034654,5301000341553,KOSPI
코스닥,20190107,672.76,675.31,669.07,672.84,575365026,3181018243756,KOSDAQ
코스피,20190108,2038.68,2042.70,2023.59,2025.27,397582722,4826013267905,KOSPI
코스닥,20190108,674.53,675.05,667.01,668.49,613388995,3688976866556,KOSDAQ
코스피,20190109,2034.19,2068.23,2034.19,2064.71,383611199,5525570320103,KOSPI
코스닥,20190109,672.38,681.12,671.95,679.74,582195442,3107481409450,KOSDAQ
코스피,20190110,2065.73,2072.81,2057.16,2063.28,382578519,5433469789254,KOSPI
코스닥,20190110,680.61,685.65,678.23,683.34,681499393,3665619093955,KOSDAQ
코스피,20190111,2070.36,2076.99,2063.99,2075.57,378979709,4589480627972,KOSPI
코스닥,20190111,686.09,688.01,683.59,686.33,678949791,3524408378620,KOSDAQ
코스피,20190114,2070.49,2073.94,2059.46,2064.52,432711381,4940534726366,KOSPI
코스닥,20190114,687.42,687.42,682.54,683.09,597298480,3069867669219,KOSDAQ
코스피,20190115,2069.14,2098.01,2067.58,2097.18,439300367,5236453396890,KOSPI
코스닥,20190115,684.97,691.56,684.32,690.39,627664956,3492311881124,KOSDAQ
코스피,20190116,2098.65,2106.35,2091.92,2106.10,499888895,5351963709778,KOSPI
코스닥,20190116,692.72,693.50,687.43,693.38,774781522,3943499807221,KOSDAQ
코스피,20190117,2110.14,2117.43,2101.70,2107.06,475769948,5857461607366,KOSPI
코스닥,20190117,694.94,696.21,686.27,686.35,845002054,4549049777603,KOSDAQ
코스피,20190118,2116.43,2124.50,2113.44,2124.28,456576734,5355687790859,KOSPI
코스닥,20190118,690.83,696.34,689.80,696.34,804622155,4406342325892,KOSDAQ
코스피,20190121,2133.87,2134.17,2114.45,2124.61,397871243,5320183327963,KOSPI
코스닥,20190121,698.74,698.74,692.95,695.62,780366593,4000058100958,KOSDAQ
코스피,20190122,2126.03,2129.37,2108.91,2117.77,419285364,4896972841616,KOSPI
코스닥,20190122,698.00,698.30,692.45,694.55,775818178,3903396037166,KOSDAQ
코스피,20190123,2108.72,2131.05,2106.74,2127.78,408523318,5170348496033,KOSPI
코스닥,20190123,691.50,697.06,690.91,695.63,656922559,3888073104800,KOSDAQ
코스피,20190124,2127.88,2145.08,2125.48,2145.03,413506200,6035423747436,KOSPI
코스닥,20190124,696.97,704.78,696.80,704.41,585470864,3702604979336,KOSDAQ
코스피,20190125,2147.92,2178.01,2146.64,2177.73,409911870,7065394534359,KOSPI
코스닥,20190125,705.66,712.67,704.67,711.38,619312530,3792909913059,KOSDAQ
코스피,20190128,2184.41,2188.15,2169.17,2177.30,371490927,6060196055319,KOSPI
코스닥,20190128,713.41,717.31,711.96,714.26,649735570,3667473124547,KOSDAQ
코스피,20190129,2172.83,2183.36,2162.53,2183.36,552361252,6503961527840,KOSPI
코스닥,20190129,712.65,713.65,705.89,710.99,692810868,3900015248054,KOSDAQ
코스피,20190130,2183.49,2206.20,2177.88,2206.20,480296735,6875437489065,KOSPI
코스닥,20190130,712.87,716.77,711.71,715.30,708248460,3878661230447,KOSDAQ
코스피,20190131,2222.88,2222.88,2201.22,2204.85,545135251,7762001266122,KOSPI
코스닥,20190131,719.93,721.58,714.31,716.86,676839136,3754165230345,KOSDAQ
코스피,20190201,2211.93,2218.78,2201.41,2203.46,479321044,6873844361977,KOSPI
코스닥,20190201,719.08,719.74,714.66,716.92,630628309,3930803883784,KOSDAQ
코스피,20190207,2215.77,2215.79,2196.77,2203.42,427717865,6339025643437,KOSPI
코스닥,20190207,719.86,728.89,717.53,728.79,705121665,3684928942623,KOSDAQ
코스피,20190208,2192.01,2192.48,2171.96,2177.05,390924888,5728251544338,KOSPI
코스닥,20190208,726.40,729.74,724.99,728.74,729494644,3632381112497,KOSDAQ
코스피,20190211,2180.54,2181.58,2167.36,2180.73,403391434,5319519509387,KOSPI
코스닥,20190211,731.82,733.94,730.32,733.47,697538959,3804817220430,KOSDAQ
코스피,20190212,2182.71,2195.05,2178.59,2190.47,429672572,5928687006583,KOSPI
코스닥,20190212,734.87,735.14,729.52,730.58,682639746,3805716029227,KOSDAQ
코스피,20190213,2200.00,2203.71,2194.75,2201.48,421831417,5585039954330,KOSPI
코스닥,20190213,734.56,740.44,733.37,739.91,787334929,3914851731740,KOSDAQ
코스피,20190214,2195.92,2225.85,2186.09,2225.85,572910710,6424677030054,KOSPI
코스닥,20190214,740.69,742.46,737.07,742.27,728614452,3964456867762,KOSDAQ
코스피,20190215,2210.94,2210.94,2187.71,2196.09,400434694,5097160782791,KOSPI
코스닥,20190215,741.53,743.20,734.37,738.66,722385155,4067317311442,KOSDAQ
코스피,20190218,2207.36,2217.32,2203.00,2210.89,314245914,4667819171027,KOSPI
코스닥,20190218,743.53,746.81,742.50,745.33,619126432,3320490236004,KOSDAQ
코스피,20190219,2208.96,2213.87,2193.34,2205.63,388959963,4534170067722,KOSPI
코스닥,20190219,746.50,748.69,741.20,748.05,722274067,3920605608715,KOSDAQ
코스피,20190220,2216.74,2234.68,2213.83,2229.76,374218355,5948051574481,KOSPI
코스닥,20190220,749.52,751.66,747.56,750.69,719393394,3947829183811,KOSDAQ
코스피,20190221,2224.26,2234.31,2213.19,2228.66,382128552,5479777272452,KOSPI
코스닥,20190221,752.30,752.75,744.87,747.33,882392438,4240945596966,KOSDAQ
코스피,20190222,2222.32,2230.50,2217.08,2230.50,409179796,4644790555011,KOSPI
코스닥,20190222,747.25,748.11,740.94,743.38,665355013,3517909281658,KOSDAQ
코스피,20190225,2241.13,2241.76,2224.64,2232.56,339104280,4689476429007,KOSPI
코스닥,20190225,746.79,750.93,746.30,750.40,612618229,3493422873851,KOSDAQ
코스피,20190226,2230.37,2235.70,2221.76,2226.60,331724192,5023522301083,KOSPI
코스닥,20190226,752.25,753.66,746.12,747.09,701819048,3459450279158,KOSDAQ
코스피,20190227,2234.46,2237.77,2228.16,2234.79,301414571,4914318469435,KOSPI
코스닥,20190227,748.11,752.16,747.16,752.16,834525139,3825772377558,KOSDAQ
코스피,20190228,2231.58,2233.93,2195.44,2195.44,509883956,8306894971457,KOSPI
코스닥,20190228,753.29,755.92,731.25,731.25,952150094,5305740940007,KOSDAQ
코스피,20190304,2210.97,2216.02,2188.56,2190.66,373055727,6404926704452,KOSPI
코스닥,20190304,739.19,748.87,739.19,748.07,638165753,4066341087738,KOSDAQ
코스피,20190305,2183.35,2185.74,2171.33,2179.23,313024698,4980605346227,KOSPI
코스닥,20190305,746.90,751.45,743.80,747.95,711151697,4305764453863,KOSDAQ
코스피,20190306,2177.11,2179.01,2168.46,2175.60,328876356,4827904454764,KOSPI
코스닥,20190306,750.13,750.81,741.68,746.70,800291023,4238483298234,KOSDAQ
코스피,20190307,2173.19,2181.19,2155.19,2165.79,292436075,4858535525077,KOSPI
코스닥,20190307,746.21,750.13,733.49,736.83,806448146,4297338918911,KOSDAQ
코스피,20190308,2152.80,2159.67,2137.44,2137.44,313262152,4497187873273,KOSPI
코스닥,20190308,733.38,739.59,730.42,735.97,815829880,3491290905473,KOSDAQ
코스피,20190311,2140.29,2145.31,2125.54,2138.10,271891069,4076918459514,KOSPI
코스닥,20190311,737.27,739.10,726.11,739.09,632798698,3776155476351,KOSDAQ
코스피,20190312,2154.61,2161.69,2150.96,2157.18,355166437,4222500117707,KOSPI
코스닥,20190312,745.76,754.76,745.76,754.76,736312972,5091496650021,KOSDAQ
코스피,20190313,2152.66,2154.11,2134.16,2148.41,285535002,4088278869343,KOSPI
코스닥,20190313,755.30,758.90,750.49,754.89,770677863,4929508524915,KOSDAQ
코스피,20190314,2154.35,2158.34,2142.31,2155.68,340921122,5882287575068,KOSPI
코스닥,20190314,758.53,762.41,755.42,755.42,621653176,4363874665836,KOSDAQ
코스피,20190315,2152.96,2181.77,2152.59,2176.11,386736673,6820231089984,KOSPI
코스닥,20190315,756.82,757.29,743.34,748.36,795431825,5765659842022,KOSDAQ
코스피,20190318,2179.69,2183.90,2172.34,2179.49,257855231,4092957229984,KOSPI
코스닥,20190318,752.15,755.89,748.70,753.13,660145870,4251940604311,KOSDAQ
코스피,20190319,2183.03,2183.76,2171.05,2177.62,319611363,3867605404659,KOSPI
코스닥,20190319,757.07,757.88,748.76,748.91,922888964,4607046690083,KOSDAQ
코스피,20190320,2171.41,2177.19,2152.21,2177.10,317465279,4175357615445,KOSPI
코스닥,20190320,750.50,750.50,741.25,749.76,845912596,4785964156926,KOSDAQ
코스피,20190321,2183.11,2200.32,2173.70,2184.88,342647425,6229662332130,KOSPI
코스닥,20190321,750.79,753.98,742.03,743.52,771599084,4781458644128,KOSDAQ
코스피,20190322,2192.72,2195.42,2178.77,2186.95,333525604,6881480192094,KOSPI
코스닥,20190322,747.87,748.05,741.03,743.97,734301856,4712645850349,KOSDAQ
코스피,20190325,2158.80,2159.25,2143.70,2144.86,306987700,4136254190503,KOSPI
코스닥,20190325,733.51,737.22,726.93,727.21,677189550,4458754122773,KOSDAQ
코스피,20190326,2152.98,2153.90,2143.63,2148.80,301197047,4248751725923,KOSPI
코스닥,20190326,732.76,737.50,729.22,736.81,637951329,3875939276754,KOSDAQ
코스피,20190327,2147.19,2152.91,2132.42,2145.62,363085300,4489936776325,KOSPI
코스닥,20190327,739.22,739.22,728.43,728.45,701074964,4079039768183,KOSDAQ
코스피,20190328,2131.25,2136.40,2120.93,2128.10,287954679,4403695995880,KOSPI
코스닥,20190328,727.70,728.56,719.72,719.72,637950195,3794522155210,KOSDAQ
코스피,20190329,2138.45,2143.30,2124.07,2140.67,364504497,5248655268083,KOSPI
코스닥,20190329,723.64,729.31,714.53,729.31,713972452,4008249228732,KOSDAQ
코스피,20190401,2153.31,2171.49,2153.31,2168.28,263252655,4364954993295,KOSPI
코스닥,20190401,731.50,737.69,729.74,736.81,662894906,3521759325549,KOSDAQ
코스피,20190402,2177.20,2181.37,2171.84,2177.18,257389643,4247290981461,KOSPI
코스닥,20190402,740.94,740.94,737.18,739.57,918649260,3911470785348,KOSDAQ
코스피,20190403,2176.81,2203.29,2172.83,2203.27,358551840,5466723515292,KOSPI
코스닥,20190403,741.76,749.30,740.73,749.30,756642917,4052300234252,KOSDAQ
코스피,20190404,2201.04,2216.15,2198.66,2206.53,430965521,4857428019452,KOSPI
코스닥,20190404,750.90,753.39,746.29,751.58,847835553,4266825135688,KOSDAQ
코스피,20190405,2206.36,2214.82,2205.26,2209.61,517123533,4215708776520,KOSPI
코스닥,20190405,752.28,753.97,748.79,751.71,761911742,4180918742939,KOSDAQ
코스피,20190408,2217.66,2217.87,2202.49,2210.60,347852283,4659893504310,KOSPI
코스닥,20190408,755.32,756.16,750.02,751.92,730814953,4233466191507,KOSDAQ
코스피,20190409,2212.32,2221.62,2203.54,2213.56,414766320,4904016510958,KOSPI
코스닥,20190409,753.72,756.92,749.87,756.81,804056621,4596089602387,KOSDAQ
코스피,20190410,2206.20,2225.02,2203.82,2224.39,399575928,5134775717930,KOSPI
코스닥,20190410,755.73,760.15,754.05,760.15,680829394,4498842058829,KOSDAQ
코스피,20190411,2227.69,2230.41,2217.18,2224.44,401976451,6021978992137,KOSPI
코스닥,20190411,762.15,766.56,762.13,766.49,723444589,4120663917594,KOSDAQ
코스피,20190412,2221.10,2233.45,2212.88,2233.45,449589868,6098297857762,KOSPI
코스닥,20190412,765.60,769.09,762.99,767.85,646802990,3904340097396,KOSDAQ
코스피,20190415,2242.31,2251.22,2240.29,2242.88,404121388,6668024593126,KOSPI
코스닥,20190415,770.63,770.66,765.62,766.75,729234635,4190695761341,KOSDAQ
코스피,20190416,2241.06,2249.89,2235.72,2248.63,568963655,7083238194154,KOSPI
코스닥,20190416,767.59,767.73,758.69,765.02,827374734,4518994763386,KOSDAQ
코스피,20190417,2249.05,2252.05,2242.01,2245.89,452307785,5585712295144,KOSPI
코스닥,20190417,766.70,768.43,765.36,766.89,997103854,4830130384856,KOSDAQ
코스피,20190418,2248.80,2250.11,2210.43,2213.77,573285518,6500943175937,KOSPI
코스닥,20190418,767.74,767.85,751.59,753.52,835166912,4709477056719,KOSDAQ
코스피,20190419,2223.42,2225.37,2215.58,2216.15,525230151,4965579230488,KOSPI
코스닥,20190419,757.42,762.95,757.35,762.57,688009001,3674577689220,KOSDAQ
코스피,20190422,2218.50,2227.94,2207.25,2216.65,493919310,4639791382338,KOSPI
코스닥,20190422,764.37,767.02,760.02,762.01,660918029,3607464385886,KOSDAQ
코스피,20190423,2217.61,2223.92,2212.14,2220.51,481119485,4922779705903,KOSPI
코스닥,20190423,763.58,764.48,756.77,761.42,862283163,4086717727359,KOSDAQ
코스피,20190424,2229.75,2229.75,2190.29,2201.03,575019352,6342212900523,KOSPI
코스닥,20190424,765.00,765.02,755.93,757.82,861237340,4403117008966,KOSDAQ
코스피,20190425,2195.47,2200.89,2187.44,2190.50,441107127,5610615771290,KOSPI
코스닥,20190425,757.64,757.64,750.43,750.43,931854380,4291797079179,KOSDAQ
코스피,20190426,2178.13,2186.52,2168.15,2179.31,570108697,5345975783263,KOSPI
코스닥,20190426,748.30,750.23,739.84,741.00,833072191,3724022697121,KOSDAQ
코스피,20190429,2183.41,2216.43,2181.82,2216.43,380743673,4985694584656,KOSPI
코스닥,20190429,744.01,750.60,742.43,750.60,729762792,3170756235441,KOSDAQ
코스피,20190430,2213.43,2215.77,2186.33,2203.59,381366186,5696980970273,KOSPI
코스닥,20190430,751.40,755.11,746.42,754.74,599206394,3616273347435,KOSDAQ
코스피,20190502,2192.94,2217.03,2191.30,2212.75,369014612,5026515985325,KOSPI
코스닥,20190502,753.51,760.94,753.43,760.38,704739188,4073852109539,KOSDAQ
코스피,20190503,2209.44,2211.36,2192.36,2196.32,617824657,5297767746393,KOSPI
코스닥,20190503,761.13,762.72,758.42,761.82,618559060,3537522951798,KOSDAQ
코스피,20190507,2172.39,2179.51,2160.44,2176.99,484052179,5466938639544,KOSPI
코스닥,20190507,751.26,757.97,749.27,753.45,655028793,3332050744130,KOSDAQ
코스피,20190508,2151.34,2179.34,2151.34,2168.01,456180938,5170202914656,KOSPI
코스닥,20190508,745.86,751.55,745.36,745.37,787862847,3707426412336,KOSDAQ
코스피,20190509,2159.79,2164.98,2102.01,2102.01,743282104,8235895477404,KOSPI
코스닥,20190509,746.96,747.96,722.60,724.22,912259994,4320884336590,KOSDAQ
코스피,20190510,2118.42,2124.92,2090.39,2108.04,714698195,6407687856986,KOSPI
코스닥,20190510,726.06,729.84,712.15,722.62,859093049,4015743553818,KOSDAQ
코스피,20190513,2091.80,2101.09,2077.72,2079.01,505644089,4600866489663,KOSPI
코스닥,20190513,722.19,724.78,708.77,708.80,886715173,4453592800479,KOSDAQ
코스피,20190514,2060.24,2093.41,2056.74,2081.84,696143824,5865793375550,KOSPI
코스닥,20190514,698.86,714.80,698.30,710.16,1043633731,4972682415243,KOSDAQ
코스피,20190515,2081.92,2100.01,2076.46,2092.78,577748309,5052762127658,KOSPI
코스닥,20190515,714.94,729.63,713.49,729.60,843424995,4862814224504,KOSDAQ
코스피,20190516,2094.88,2095.58,2062.44,2067.69,745130297,6042357660119,KOSPI
코스닥,20190516,731.09,731.78,716.68,717.59,896261086,4833860322531,KOSDAQ
코스피,20190517,2081.57,2082.83,2053.79,2055.80,537337149,5378792355296,KOSPI
코스닥,20190517,723.94,727.56,713.94,714.13,771829016,4527921446639,KOSDAQ
코스피,20190520,2066.53,2077.10,2051.69,2055.71,640141212,4889545369770,KOSPI
코스닥,20190520,717.12,719.57,701.76,702.08,707161681,3718480513064,KOSDAQ
코스피,20190521,2056.95,2076.47,2053.69,2061.25,526816457,5272271390355,KOSPI
코스닥,20190521,701.83,708.16,700.00,703.98,728131356,4304444792770,KOSDAQ
코스피,20190522,2068.65,2070.80,2048.01,2064.86,509941746,4637888859046,KOSPI
코스닥,20190522,709.38,710.46,702.25,706.93,706665596,4180447615855,KOSDAQ
코스피,20190523,2063.25,2065.86,2046.82,2059.59,509237978,4819184372656,KOSPI
코스닥,20190523,707.74,707.95,696.88,696.89,885092869,4581767500922,KOSDAQ
코스피,20190524,2047.30,2057.38,2035.98,2045.31,480583978,4581243189321,KOSPI
코스닥,20190524,694.02,696.75,686.72,690.03,834548602,4308226509166,KOSDAQ
코스피,20190527,2044.25,2055.13,2035.87,2044.21,351568475,3506521007022,KOSPI
코스닥,20190527,692.06,696.30,684.07,689.67,751936527,4242403493562,KOSDAQ
코스피,20190528,2044.77,2058.42,2038.52,2048.83,494420391,8080142862315,KOSPI
코스닥,20190528,691.55,702.76,690.78,702.76,700711938,4465362496062,KOSDAQ
코스피,20190529,2046.71,2046.71,2016.25,2023.32,380863959,4686584992873,KOSPI
코스닥,20190529,699.12,699.53,689.90,691.47,779568035,4385363127082,KOSDAQ
코스피,20190530,2024.33,2040.66,2023.91,2038.80,461804372,4978742052148,KOSPI
코스닥,20190530,692.60,696.45,685.31,689.33,651719680,3914062133523,KOSDAQ
코스피,20190531,2029.03,2048.90,2022.97,2041.74,439018267,5038690821742,KOSPI
코스닥,20190531,688.70,699.40,687.71,696.47,613098147,3434093656029,KOSDAQ
코스피,20190603,2031.03,2070.58,2029.17,2067.85,387092019,4640328484569,KOSPI
코스닥,20190603,693.26,698.35,691.80,697.50,606470443,3521170885658,KOSDAQ
코스피,20190604,2066.78,2072.19,2060.98,2066.97,435960265,4841684657313,KOSPI
코스닥,20190604,699.12,702.53,697.20,702.53,636469397,3820767230092,KOSDAQ
코스피,20190605,2084.16,2086.49,2065.71,2069.11,380139235,4506184663676,KOSPI
코스닥,20190605,709.07,710.11,706.76,707.75,585868260,4021235550526,KOSDAQ
코스피,20190607,2070.78,2081.16,2057.97,2072.33,368336566,4347215990848,KOSPI
코스닥,20190607,711.77,716.56,708.73,716.53,699959511,3970845701447,KOSDAQ
코스피,20190610,2087.37,2099.65,2075.51,2099.49,457604431,4213953137393,KOSPI
코스닥,20190610,721.12,721.50,717.08,721.14,750019955,4037298007469,KOSDAQ
코스피,20190611,2096.09,2114.57,2094.60,2111.81,550704310,4276605111984,KOSPI
코스닥,20190611,723.61,728.79,722.51,728.79,875440830,4159333088383,KOSDAQ
코스피,20190612,2111.66,2118.89,2104.41,2108.75,693478365,4660936972910,KOSPI
코스닥,20190612,729.06,729.06,721.91,724.32,715801181,3980580695293,KOSDAQ
코스피,20190613,2104.46,2108.01,2081.92,2103.15,553348630,5998112863870,KOSPI
코스닥,20190613,724.57,730.86,721.87,726.68,826020328,4951551632308,KOSDAQ
코스피,20190614,2096.32,2103.02,2087.47,2095.41,472571317,4714287893900,KOSPI
코스닥,20190614,729.39,729.39,721.44,722.25,833465460,4605600530024,KOSDAQ
코스피,20190617,2091.71,2103.59,2087.25,2090.73,561475538,4255516246499,KOSPI
코스닥,20190617,723.52,723.90,718.62,719.13,749441400,3975820046790,KOSDAQ
코스피,20190618,2089.31,2103.02,2089.31,2098.71,600603412,4578628500019,KOSPI
코스닥,20190618,721.25,723.79,713.17,714.86,1029228783,4860077742860,KOSDAQ
코스피,20190619,2119.54,2126.74,2117.64,2124.78,862524809,4983250034160,KOSPI
코스닥,20190619,721.66,722.66,714.98,717.71,850903338,3984079621416,KOSDAQ
코스피,20190620,2121.78,2131.77,2120.42,2131.29,1007005414,3994349636095,KOSPI
코스닥,20190620,719.54,727.34,719.31,727.32,987872055,4018987645850,KOSDAQ
코스피,20190621,2132.38,2132.68,2120.15,2125.62,691940548,5226057158113,KOSPI
코스닥,20190621,729.20,729.20,721.96,722.64,1049381063,4257691124460,KOSDAQ
코스피,20190624,2130.32,2134.48,2123.88,2126.33,669523564,4054598350425,KOSPI
코스닥,20190624,725.04,725.05,717.22,717.69,900384987,3664099825065,KOSDAQ
코스피,20190625,2125.74,2136.24,2115.11,2121.64,642898061,4249447632651,KOSPI
코스닥,20190625,719.03,720.06,707.64,710.02,1042081801,4835465585572,KOSDAQ
코스피,20190626,2120.20,2128.25,2115.72,2121.85,736750315,4455576097912,KOSPI
코스닥,20190626,710.15,713.57,706.44,709.37,933998647,4679145801579,KOSDAQ
코스피,20190627,2120.73,2141.27,2118.22,2134.32,644674991,5121798935597,KOSPI
코스닥,20190627,711.18,713.14,694.53,698.21,884227173,5075731114304,KOSDAQ
코스피,20190628,2135.06,2139.24,2123.97,2130.62,537153835,4282051198495,KOSPI
코스닥,20190628,698.63,700.42,687.29,690.53,750384339,4180138739250,KOSDAQ
코스피,20190701,2147.24,2147.24,2126.87,2129.74,412203352,4729933230641,KOSPI
코스닥,20190701,696.38,697.97,692.76,696.00,713026340,5107689018771,KOSDAQ
코스피,20190702,2122.07,2130.86,2112.52,2122.02,460633057,4106947177543,KOSPI
코스닥,20190702,695.80,699.44,693.19,696.25,677152764,4018240640949,KOSDAQ
코스피,20190703,2120.75,2127.71,2093.32,2096.02,522384490,4614978175765,KOSPI
코스닥,20190703,697.68,698.89,689.86,693.04,660089203,3937756925142,KOSDAQ
코스피,20190704,2102.36,2108.80,2088.97,2108.73,446738522,4542138205667,KOSPI
코스닥,20190704,693.96,694.63,682.73,691.27,746619469,4097212135663,KOSDAQ
코스피,20190705,2111.00,2115.43,2096.23,2110.59,459301068,4025537215461,KOSPI
코스닥,20190705,692.86,694.39,686.93,694.17,718491217,4022308931552,KOSDAQ
코스피,20190708,2091.91,2092.54,2063.78,2064.17,515835038,4349390667665,KOSPI
코스닥,20190708,691.97,691.97,668.72,668.72,753417825,4223574328466,KOSDAQ
코스피,20190709,2070.35,2075.30,2052.03,2052.03,440040371,4439604321858,KOSPI
코스닥,20190709,670.76,675.09,657.77,657.80,868445297,4105455935171,KOSDAQ
코스피,20190710,2061.55,2068.20,2056.48,2058.78,355568146,3938237442418,KOSPI
코스닥,20190710,662.30,670.68,660.62,666.90,767656546,3846375813151,KOSDAQ
코스피,20190711,2070.59,2088.24,2070.21,2080.58,376611809,5057281507119,KOSPI
코스닥,20190711,669.98,677.11,668.42,677.09,784896662,4141593729201,KOSDAQ
코스피,20190712,2083.53,2090.43,2077.35,2086.66,403871023,3775079025814,KOSPI
코스닥,20190712,677.87,682.65,673.76,681.17,689023099,4044427268277,KOSDAQ
코스피,20190715,2083.39,2088.34,2073.10,2082.48,463459153,3739999142251,KOSPI
코스닥,20190715,682.36,682.36,671.71,674.79,707554315,4194016872679,KOSDAQ
코스피,20190716,2084.46,2096.67,2078.74,2091.87,682716865,5283942701431,KOSPI
코스닥,20190716,675.67,679.69,672.77,674.42,804591573,4543973985444,KOSDAQ
코스피,20190717,2079.91,2080.01,2063.49,2072.92,761489123,4643133128065,KOSPI
코스닥,20190717,673.08,673.34,661.93,666.28,831187904,4055007576383,KOSDAQ
코스피,20190718,2068.66,2073.20,2061.33,2066.55,446600712,3939762381704,KOSPI
코스닥,20190718,665.09,669.47,661.82,665.15,709232045,4017862093831,KOSDAQ
코스피,20190719,2080.21,2096.73,2076.51,2094.36,394772713,4198044194686,KOSPI
코스닥,20190719,668.20,674.06,668.20,674.06,719312262,3868694761208,KOSDAQ
코스피,20190722,2090.35,2099.34,2087.51,2093.34,332475654,3205737341887,KOSPI
코스닥,20190722,674.00,675.48,671.44,674.78,625834568,3315288301482,KOSDAQ
코스피,20190723,2095.76,2106.39,2095.38,2101.45,648086213,4600915716309,KOSPI
코스닥,20190723,675.84,678.27,666.79,668.65,851230543,4483714332012,KOSDAQ
코스피,20190724,2097.16,2105.68,2080.66,2082.30,851309681,4233060478641,KOSPI
코스닥,20190724,670.31,672.36,659.26,659.83,940222969,4912887256788,KOSDAQ
코스피,20190725,2085.67,2088.81,2061.08,2074.48,598535298,5207143244190,KOSPI
코스닥,20190725,660.30,661.62,647.38,652.40,854771494,4143246790404,KOSDAQ
코스피,20190726,2063.35,2068.16,2054.64,2066.26,589024216,5138609090025,KOSPI
코스닥,20190726,650.30,652.38,640.43,644.59,875812809,3948464295407,KOSDAQ
코스피,20190729,2059.13,2063.13,2025.01,2029.48,608568938,4680933818461,KOSPI
코스닥,20190729,643.34,643.34,618.78,618.78,779541286,3751915832703,KOSDAQ
코스피,20190730,2035.32,2044.59,2032.61,2038.68,546956647,3877282284378,KOSPI
코스닥,20190730,620.33,630.61,620.33,625.64,705441711,3547996346712,KOSDAQ
코스피,20190731,2036.46,2041.16,2010.95,2024.55,589298395,5532660342808,KOSPI
코스닥,20190731,625.05,631.43,610.70,630.18,675250176,3974954136038,KOSDAQ
코스피,20190801,2015.09,2032.23,2009.33,2017.34,461709733,4443054485506,KOSPI
코스닥,20190801,627.94,634.44,622.25,622.26,677507603,4121151577167,KOSDAQ
코스피,20190802,1995.31,2005.31,1987.12,1998.13,438457159,5337996664833,KOSPI
코스닥,20190802,612.01,622.36,607.01,615.70,586859914,3670484451651,KOSDAQ
코스피,20190805,1985.93,1987.64,1945.39,1946.98,639488387,6599459319255,KOSPI
코스닥,20190805,614.69,615.23,569.78,569.79,797612861,4722950641775,KOSDAQ
코스피,20190806,1900.36,1948.53,1891.81,1917.50,739452551,7178733028942,KOSPI
코스닥,20190806,555.07,577.51,540.83,551.50,917618062,5555069574076,KOSDAQ
코스피,20190807,1925.33,1929.29,1901.61,1909.71,760705321,5373213895636,KOSPI
코스닥,20190807,562.47,567.52,554.18,564.64,777556763,4730669956288,KOSDAQ
코스피,20190808,1926.28,1937.95,1915.81,1920.61,777084583,6769336064648,KOSPI
코스닥,20190808,571.59,585.44,571.00,585.44,810092871,4650758771694,KOSDAQ
코스피,20190809,1940.06,1946.94,1936.14,1937.75,654283306,5051104564292,KOSPI
코스닥,20190809,590.51,593.28,585.94,590.04,662003114,4102984881762,KOSDAQ
코스피,20190812,1941.53,1949.19,1933.25,1942.29,427102698,3997653732704,KOSPI
코스닥,20190812,590.43,594.70,585.07,594.17,652137954,3366436372051,KOSDAQ
코스피,20190813,1928.76,1937.68,1923.58,1925.83,659987160,4340065455334,KOSPI
코스닥,20190813,589.71,593.98,588.47,590.75,727091811,3732769079527,KOSDAQ
코스피,20190814,1946.18,1952.22,1937.23,1938.37,699479090,5076190630789,KOSPI
코스닥,20190814,600.35,601.46,596.23,597.15,718912285,3981474939325,KOSDAQ
코스피,20190816,1921.49,1927.70,1911.72,1927.17,421608121,4274065064290,KOSPI
코스닥,20190816,590.04,592.82,587.49,591.57,658439310,3721087799223,KOSDAQ
코스피,20190819,1936.64,1943.09,1931.44,1939.90,480983761,3771434494115,KOSPI
코스닥,20190819,596.42,597.59,591.21,594.65,681741340,3339969200239,KOSDAQ
코스피,20190820,1942.99,1964.16,1937.53,1960.25,463505885,4129969388867,KOSPI
코스닥,20190820,597.15,607.87,595.62,607.01,894713850,3599374187229,KOSDAQ
코스피,20190821,1954.57,1971.12,1954.47,1964.65,391529150,3821688132344,KOSPI
코스닥,20190821,605.83,615.96,604.83,615.96,808014933,3509478352516,KOSDAQ
코스피,20190822,1966.60,1967.96,1951.01,1951.01,435449236,4094785476970,KOSPI
코스닥,20190822,618.34,618.73,611.67,612.25,828323319,3886722324154,KOSDAQ
코스피,20190823,1942.42,1953.85,1940.60,1948.30,380995981,3498195449677,KOSPI
코스닥,20190823,606.28,612.63,605.93,608.98,687746437,3773984721298,KOSDAQ
코스피,20190826,1915.34,1924.49,1909.92,1916.31,324719527,3750876048794,KOSPI
코스닥,20190826,594.25,598.08,582.77,582.91,694526101,3889492195564,KOSDAQ
코스피,20190827,1928.98,1937.42,1919.28,1924.60,426779328,5036609090570,KOSPI
코스닥,20190827,592.38,596.43,587.42,588.32,625579825,3202130722425,KOSDAQ
코스피,20190828,1929.96,1943.62,1926.43,1941.09,284212623,3288334783286,KOSPI
코스닥,20190828,590.67,602.90,590.36,602.90,687130969,3890690241153,KOSDAQ
코스피,20190829,1943.55,1947.15,1928.49,1933.41,284959045,3709142575839,KOSPI
코스닥,20190829,604.19,605.39,595.26,599.57,664793172,3575138348322,KOSDAQ
코스피,20190830,1951.66,1971.21,1951.30,1967.79,317423980,4370547759983,KOSPI
코스닥,20190830,607.14,611.11,606.65,610.55,664564118,3516047116914,KOSDAQ
코스피,20190902,1961.19,1973.25,1958.59,1969.19,261970639,2923647737627,KOSPI
코스닥,20190902,609.46,619.90,608.97,619.81,576680974,3366029834979,KOSDAQ
코스피,20190903,1966.50,1976.37,1960.15,1965.69,342001894,3915819835967,KOSPI
코스닥,20190903,619.86,623.34,619.28,620.02,726774619,3654093075727,KOSDAQ
코스피,20190904,1962.43,1988.53,1962.08,1988.53,348602332,4133301610068,KOSPI
코스닥,20190904,619.61,629.31,619.46,629.31,752166429,3889137454063,KOSDAQ
코스피,20190905,1993.62,2015.39,1992.51,2004.75,487926766,5556086862560,KOSPI
코스닥,20190905,633.19,634.96,631.38,632.99,848962429,4813682227348,KOSDAQ
코스피,20190906,2016.11,2017.20,2005.69,2009.13,384319073,3666782623053,KOSPI
코스닥,20190906,637.33,637.33,630.60,631.15,860596620,4443672039610,KOSDAQ
코스피,20190909,2013.38,2029.80,2013.28,2019.55,511723393,4401526160184,KOSPI
코스닥,20190909,633.61,634.30,625.28,625.77,679585227,3792467437415,KOSDAQ
코스피,20190910,2024.79,2034.28,2021.58,2032.08,504322314,4458577008297,KOSPI
코스닥,20190910,627.77,628.81,621.95,623.25,807726344,3717747516492,KOSDAQ
코스피,20190911,2043.72,2050.80,2040.04,2049.20,428997656,5997280012262,KOSPI
코스닥,20190911,625.81,632.42,624.78,630.37,702241192,3692158251402,KOSDAQ
코스피,20190916,2056.26,2062.22,2044.80,2062.22,493405223,5676281157364,KOSPI
코스닥,20190916,634.67,638.59,630.16,638.59,609969997,3200861263115,KOSDAQ
코스피,20190917,2058.72,2066.33,2055.17,2062.33,507862062,4571817804989,KOSPI
코스닥,20190917,637.10,646.05,636.00,644.28,802226239,4096914031799,KOSDAQ
코스피,20190918,2064.42,2075.63,2058.52,2070.73,613003434,4848932733650,KOSPI
코스닥,20190918,646.25,648.95,644.32,645.12,894109092,4432963330161,KOSDAQ
코스피,20190919,2070.53,2089.81,2070.53,2080.35,492948880,4796545437227,KOSPI
코스닥,20190919,646.83,651.45,643.00,645.71,840729705,3965336378260,KOSDAQ
코스피,20190920,2080.86,2092.37,2077.30,2091.52,589664935,5400805737918,KOSPI
코스닥,20190920,647.50,650.03,645.91,649.07,775947443,4238761599585,KOSDAQ
코스피,20190923,2087.70,2095.54,2085.60,2091.70,420860085,4095480811634,KOSPI
코스닥,20190923,648.81,649.22,644.39,645.01,731824262,3374822646994,KOSDAQ
코스피,20190924,2090.19,2101.63,2085.91,2101.04,535708321,4406520025629,KOSPI
코스닥,20190924,643.45,646.60,641.17,641.85,759379734,3735000284814,KOSDAQ
코스피,20190925,2093.47,2095.27,2072.41,2073.39,651411137,5181532712729,KOSPI
코스닥,20190925,641.08,641.23,626.02,626.76,963247051,4512417403513,KOSDAQ
코스피,20190926,2082.66,2087.33,2064.34,2074.52,430496403,4656565524196,KOSPI
코스닥,20190926,632.31,635.64,622.55,628.42,825445322,4543913039554,KOSDAQ
코스피,20190927,2066.96,2066.96,2044.75,2049.93,285864202,3489002396146,KOSPI
코스닥,20190927,628.41,628.41,623.32,626.93,653056812,3271213574827,KOSDAQ
코스피,20190930,2045.77,2064.99,2042.01,2063.05,327506088,3708777535003,KOSPI
코스닥,20190930,625.69,627.30,615.64,621.76,710787045,3557920410417,KOSDAQ
코스피,20191001,2062.44,2077.48,2057.91,2072.42,389241571,3869680395477,KOSPI
코스닥,20191001,623.70,632.12,621.76,632.10,781471288,4234559070349,KOSDAQ
코스피,20191002,2058.23,2058.23,2031.91,2031.91,414002730,3932314085518,KOSPI
코스닥,20191002,627.75,630.62,624.47,624.51,1218709383,4474357205351,KOSDAQ
코스피,20191004,2028.40,2039.43,2020.69,2020.69,402807833,3962796487682,KOSPI
코스닥,20191004,623.08,627.15,619.53,621.84,757296800,3981774535052,KOSDAQ
코스피,20191007,2031.53,2034.94,2016.19,2021.73,322061665,3411643965643,KOSPI
코스닥,20191007,625.25,627.82,622.45,627.21,720069751,4761874735532,KOSDAQ
코스피,20191008,2029.37,2046.81,2024.63,2046.25,437357561,4255717836911,KOSPI
코스닥,20191008,628.03,635.94,624.92,635.41,798181213,6015597754746,KOSDAQ
코스피,20191010,2030.13,2040.88,2010.90,2028.15,445318499,5610506713743,KOSPI
코스닥,20191010,633.96,635.85,630.59,634.73,662061307,4309453167004,KOSDAQ
코스피,20191011,2048.08,2053.94,2040.48,2044.61,380926210,3789803049402,KOSPI
코스닥,20191011,638.22,638.49,632.92,632.95,701530434,4565234499358,KOSDAQ
코스피,20191014,2068.13,2075.10,2065.53,2067.40,511047909,4578793643414,KOSPI
코스닥,20191014,638.65,643.41,637.69,641.46,646752443,3980320431888,KOSDAQ
코스피,20191015,2064.78,2073.21,2064.34,2068.17,464419679,4138563690967,KOSPI
코스닥,20191015,641.51,647.40,641.49,646.80,722542347,4098560834200,KOSDAQ
코스피,20191016,2080.92,2090.01,2073.80,2082.83,524052118,4461774487376,KOSPI
코스닥,20191016,650.61,652.73,649.88,651.96,841177172,4611611594382,KOSDAQ
코스피,20191017,2081.76,2087.15,2072.49,2077.94,313952035,3483168118700,KOSPI
코스닥,20191017,653.08,654.67,646.61,649.29,978940678,5095530699529,KOSDAQ
코스피,20191018,2082.23,2088.54,2057.89,2060.69,515981938,5426404254638,KOSPI
코스닥,20191018,651.55,651.97,645.59,646.69,848343504,4734032789814,KOSDAQ
코스피,20191021,2067.97,2067.97,2059.33,2064.84,605839897,3597256887103,KOSPI
코스닥,20191021,646.79,649.18,645.35,649.18,713743607,4614959602476,KOSDAQ
코스피,20191022,2076.29,2093.81,2073.08,2088.86,503841317,4810138236246,KOSPI
코스닥,20191022,653.17,660.35,651.10,655.91,863869800,6302796258702,KOSDAQ
코스피,20191023,2086.81,2088.25,2074.88,2080.62,429322826,5110341213664,KOSPI
코스닥,20191023,656.88,660.38,654.78,658.98,996402456,6252886041899,KOSDAQ
코스피,20191024,2089.85,2089.85,2067.90,2085.66,367499098,5207897044842,KOSPI
코스닥,20191024,658.53,662.27,647.53,658.75,1042792187,7926692875851,KOSDAQ
코스피,20191025,2091.16,2091.24,2079.30,2087.89,348510663,4428582121584,KOSPI
코스닥,20191025,657.60,658.77,651.29,652.37,993006159,6980401898115,KOSDAQ
코스피,20191028,2096.67,2104.39,2089.76,2093.60,269012416,3852852076489,KOSPI
코스닥,20191028,655.05,657.29,651.95,652.42,918245128,6452848267817,KOSDAQ
코스피,20191029,2103.92,2105.17,2088.04,2092.69,357106123,4065366569893,KOSPI
코스닥,20191029,656.85,658.76,653.83,658.30,929179520,6499957299620,KOSDAQ
코스피,20191030,2093.51,2093.51,2075.54,2080.27,415206532,5049902014001,KOSPI
코스닥,20191030,660.60,660.60,654.15,655.04,879995893,5797035303820,KOSDAQ
코스피,20191031,2089.22,2103.71,2083.48,2083.48,460820243,5775054194920,KOSPI
코스닥,20191031,658.45,661.65,656.96,658.52,855336197,5187459075582,KOSDAQ
코스피,20191101,2084.79,2100.42,2081.53,2100.20,417770685,4597133800380,KOSPI
코스닥,20191101,658.16,662.34,656.13,662.34,792485390,4700324796118,KOSDAQ
코스피,20191104,2111.32,2130.83,2111.32,2130.24,475849693,5634971143407,KOSPI
코스닥,20191104,667.20,669.66,665.63,668.45,904187240,4703420347828,KOSDAQ
코스피,20191105,2133.66,2143.12,2128.70,2142.64,400416635,5180382622919,KOSPI
코스닥,20191105,669.47,672.18,666.00,672.18,928651991,6119486619099,KOSDAQ
코스피,20191106,2142.69,2156.23,2138.83,2144.15,409848386,5679091346101,KOSPI
코스닥,20191106,672.12,673.86,669.25,669.68,1073867451,6033795989021,KOSDAQ
코스피,20191107,2141.05,2147.01,2135.45,2144.29,425464487,5134067136253,KOSPI
코스닥,20191107,668.73,669.57,663.70,666.15,1005398778,5643091558159,KOSDAQ
코스피,20191108,2154.18,2155.94,2133.75,2137.23,573966500,5968605705709,KOSPI
코스닥,20191108,669.34,670.59,662.46,664.60,766344662,4233310121435,KOSDAQ
코스피,20191111,2139.07,2139.07,2119.07,2124.09,617155337,5346371636950,KOSPI
코스닥,20191111,666.13,666.13,658.70,661.37,832020685,4033492499012,KOSDAQ
코스피,20191112,2131.26,2140.94,2121.80,2140.92,610187303,5742890504436,KOSPI
코스닥,20191112,662.11,665.86,661.42,665.14,1047030159,4573482268033,KOSDAQ
코스피,20191113,2132.48,2133.37,2118.67,2122.45,664259615,5376331098704,KOSPI
코스닥,20191113,665.37,665.48,659.95,661.85,1324354238,4794932214831,KOSDAQ
코스피,20191114,2127.54,2139.23,2121.32,2139.23,521004619,6079774943146,KOSPI
코스닥,20191114,663.25,666.05,659.21,663.31,1335294590,5226547118582,KOSDAQ
코스피,20191115,2137.96,2165.02,2135.26,2162.18,556127902,5694335795149,KOSPI
코스닥,20191115,662.87,668.54,660.64,668.51,1069160667,5070516782601,KOSDAQ
코스피,20191118,2161.89,2165.89,2151.97,2160.69,489108363,4450391156924,KOSPI
코스닥,20191118,670.07,671.09,666.82,669.34,1050207631,5348792916505,KOSDAQ
코스피,20191119,2151.04,2154.41,2137.01,2153.24,826771793,5605096958233,KOSPI
코스닥,20191119,669.11,669.24,662.24,662.53,1122017295,5248176699896,KOSDAQ
코스피,20191120,2140.06,2145.97,2123.80,2125.32,580818881,5582340545698,KOSPI
코스닥,20191120,661.45,663.76,648.82,649.87,1216235334,5850016608740,KOSDAQ
코스피,20191121,2123.65,2125.36,2088.19,2096.60,579318676,5436411429406,KOSPI
코스닥,20191121,650.56,651.23,634.29,635.99,1029383839,4998464934117,KOSDAQ
코스피,20191122,2098.89,2106.42,2093.99,2101.96,519693263,4309591082600,KOSPI
코스닥,20191122,637.99,640.77,629.74,633.92,1022237109,5123553184527,KOSDAQ
코스피,20191125,2117.14,2130.04,2116.07,2123.50,397552816,4287976793626,KOSPI
코스닥,20191125,639.50,647.41,639.50,647.40,803220578,4055086705583,KOSDAQ
코스피,20191126,2129.27,2139.64,2120.85,2121.35,532397637,7635156802206,KOSPI
코스닥,20191126,650.79,653.54,649.78,651.59,832776580,5034004568482,KOSDAQ
코스피,20191127,2134.47,2136.30,2118.07,2127.85,367570750,4317284415814,KOSPI
코스닥,20191127,653.74,653.87,646.89,647.39,838025009,5126330939405,KOSDAQ
코스피,20191128,2116.93,2127.75,2116.58,2118.60,334913986,4481833558169,KOSPI
코스닥,20191128,646.27,649.37,640.18,640.18,868665705,4247445179885,KOSDAQ
코스피,20191129,2125.53,2125.53,2085.10,2087.96,432925145,5099407541958,KOSPI
코스닥,20191129,641.72,643.27,631.40,632.99,866827817,4223222068702,KOSDAQ
코스피,20191202,2097.55,2103.87,2088.92,2091.92,385212751,4515248782954,KOSPI
코스닥,20191202,635.58,638.35,632.22,634.50,814458163,3775632495895,KOSDAQ
코스피,20191203,2075.02,2085.71,2066.60,2084.07,449879973,4708840810301,KOSPI
코스닥,20191203,630.07,632.01,627.00,629.58,854468979,4098555417082,KOSDAQ
코스피,20191204,2070.84,2072.91,2057.45,2068.89,346825142,5085024158509,KOSPI
코스닥,20191204,626.06,630.45,622.67,625.27,910529496,3805942648069,KOSDAQ
코스피,20191205,2078.31,2084.29,2053.56,2060.74,472047819,4624421407831,KOSPI
코스닥,20191205,629.49,629.60,613.77,617.60,866298131,4649247067705,KOSDAQ
코스피,20191206,2072.44,2084.44,2070.17,2081.85,440065324,4214522758736,KOSPI
코스닥,20191206,619.48,628.11,619.48,628.10,701873902,4061007104762,KOSDAQ
코스피,20191209,2091.94,2093.81,2084.31,2088.65,393032767,3982108878522,KOSPI
코스닥,20191209,630.60,630.63,625.59,627.86,751943365,4178682855015,KOSDAQ
코스피,20191210,2081.22,2100.48,2080.16,2098.00,499959027,4172523585649,KOSPI
코스닥,20191210,627.62,627.76,623.54,627.11,749753141,3928745378860,KOSDAQ
코스피,20191211,2098.28,2109.22,2092.48,2105.62,668611193,4836704761348,KOSPI
코스닥,20191211,627.26,630.60,626.57,629.13,807383346,3936573071478,KOSDAQ
코스피,20191212,2120.13,2138.93,2120.13,2137.35,584509434,8338927753373,KOSPI
코스닥,20191212,632.29,638.92,631.25,636.94,919913332,4469035420835,KOSDAQ
코스피,20191213,2164.63,2170.25,2159.45,2170.25,539931975,6252796980699,KOSPI
코스닥,20191213,643.34,645.73,641.87,643.45,797573341,4177010719249,KOSDAQ
코스피,20191216,2168.05,2175.01,2166.29,2168.15,376974327,4560862167791,KOSPI
코스닥,20191216,644.91,646.56,643.24,644.44,725472601,3713544302966,KOSDAQ
코스피,20191217,2179.40,2196.01,2171.09,2195.68,599414776,6380377315699,KOSPI
코스닥,20191217,646.80,650.58,646.04,650.58,821684930,4458400580983,KOSDAQ
코스피,20191218,2194.92,2204.04,2187.32,2194.76,590996634,5518604446126,KOSPI
코스닥,20191218,650.87,651.71,647.73,648.95,860786669,4308819118682,KOSDAQ
코스피,20191219,2199.42,2204.73,2186.59,2196.56,643032584,5261738691341,KOSPI
코스닥,20191219,650.30,653.65,645.11,647.85,788007919,3710800839359,KOSDAQ
코스피,20191220,2205.57,2206.82,2194.80,2204.18,646584496,5020423312263,KOSPI
코스닥,20191220,650.19,651.20,647.90,649.73,923148403,4167133458279,KOSDAQ
코스피,20191223,2208.22,2209.20,2196.43,2203.71,501919240,4733793102673,KOSPI
코스닥,20191223,651.77,652.81,646.68,647.62,710403895,3950597812229,KOSDAQ
코스피,20191224,2206.23,2206.23,2187.58,2190.08,569816371,4755836980007,KOSPI
코스닥,20191224,648.71,648.71,638.74,638.91,744965998,3555283597788,KOSDAQ
코스피,20191226,2192.22,2198.01,2183.90,2197.93,571180166,4794571622341,KOSPI
코스닥,20191226,640.77,652.09,640.20,652.07,905579403,4338251421508,KOSDAQ
코스피,20191227,2183.70,2215.55,2177.40,2204.21,490105074,5429404093146,KOSPI
코스닥,20191227,652.60,661.59,652.17,661.24,789437198,4299574337746,KOSDAQ
코스피,20191230,2202.62,2208.04,2195.65,2197.67,416334516,4113311959444,KOSPI
코스닥,20191230,662.06,669.83,661.62,669.83,751513477,3769526016190,KOSDAQ
코스피,20200102,2201.21,2202.32,2171.84,2175.17,494631099,4637973970859,KOSPI
코스닥,20200102,672.53,674.30,666.62,674.02,767636734,4453395359612,KOSDAQ
코스피,20200103,2192.58,2203.38,2165.39,2176.46,631476766,5763305958298,KOSPI
코스닥,20200103,677.57,679.37,668.10,669.93,884939394,5517433806984,KOSDAQ
코스피,20200106,2154.97,2164.42,2149.95,2155.07,592599795,5156253870499,KOSPI
코스닥,20200106,660.08,663.10,653.61,655.31,868241198,4943689668706,KOSDAQ
코스피,20200107,2166.60,2181.62,2164.27,2175.54,567996185,5142549817438,KOSPI
코스닥,20200107,660.87,664.21,659.18,663.44,955094676,5280738047640,KOSDAQ
코스피,20200108,2156.27,2162.32,2137.72,2151.31,913637933,8749952361145,KOSPI
코스닥,20200108,657.24,658.14,637.43,640.94,1356675683,7007658698231,KOSDAQ
코스피,20200109,2182.20,2186.45,2172.16,2186.45,592517639,7261244844477,KOSPI
코스닥,20200109,657.01,666.09,656.25,666.09,966008641,5240662353580,KOSDAQ
코스피,20200110,2189.48,2206.92,2188.10,2206.39,594449235,6458935325362,KOSPI
코스닥,20200110,668.79,673.03,665.92,673.03,809322091,4876720903496,KOSDAQ
코스피,20200113,2204.49,2230.43,2204.49,2229.26,488174499,6214304651172,KOSPI
코스닥,20200113,673.76,679.22,673.23,679.22,836047962,4771634526406,KOSDAQ
코스피,20200114,2243.06,2250.79,2232.94,2238.88,835812133,7293868167105,KOSPI
코스닥,20200114,682.14,685.88,676.78,678.71,867198512,5163622259218,KOSDAQ
코스피,20200115,2229.80,2238.21,2223.39,2230.98,745985720,5945627491487,KOSPI
코스닥,20200115,678.83,681.39,676.91,679.16,890879996,4207743982900,KOSDAQ
코스피,20200116,2231.93,2249.09,2225.41,2248.05,808193149,6203877140591,KOSPI
코스닥,20200116,679.67,686.52,679.49,686.52,856467771,5215754806297,KOSDAQ
코스피,20200117,2261.57,2268.71,2245.58,2250.57,580726985,5444005105854,KOSPI
코스닥,20200117,689.73,690.61,686.68,688.41,1016802516,5527827783345,KOSDAQ
코스피,20200120,2261.40,2277.23,2258.09,2262.64,545394921,5949998786180,KOSPI
코스닥,20200120,690.85,691.17,682.48,683.47,1007514397,5899287536889,KOSDAQ
코스피,20200121,2259.81,2266.31,2238.25,2239.69,770231974,5569181561732,KOSPI
코스닥,20200121,683.82,685.89,675.48,676.52,991539066,5511826858007,KOSDAQ
코스피,20200122,2238.53,2269.27,2235.13,2267.25,608439429,6365319774058,KOSPI
코스닥,20200122,677.05,688.28,677.05,688.25,986501258,4600061477773,KOSDAQ
코스피,20200123,2254.54,2260.63,2241.94,2246.13,509430653,6789346307232,KOSPI
코스닥,20200123,685.94,687.71,683.52,685.57,923456510,4937267712083,KOSDAQ
코스피,20200128,2192.22,2199.93,2166.23,2176.72,808530755,8816827396940,KOSPI
코스닥,20200128,660.79,668.22,658.78,664.70,1124909765,6927528581370,KOSDAQ
코스피,20200129,2188.18,2195.45,2172.33,2185.28,692195997,6589516389776,KOSPI
코스닥,20200129,671.08,671.98,664.09,670.18,1044257475,5553557023585,KOSDAQ
코스피,20200130,2181.54,2187.45,2139.72,2148.00,602693314,7104616993642,KOSPI
코스닥,20200130,670.65,673.17,652.42,656.39,1173921869,6159884656218,KOSDAQ
코스피,20200131,2160.60,2167.23,2119.01,2119.01,710314164,7225889669952,KOSPI
코스닥,20200131,660.98,664.77,641.57,642.48,1300566288,6404767931324,KOSDAQ
코스피,20200203,2086.61,2126.73,2082.74,2118.88,836443083,8067656425680,KOSPI
코스닥,20200203,631.82,648.34,627.65,646.85,1157314203,6041337261979,KOSDAQ
코스피,20200204,2121.22,2162.32,2120.53,2157.90,624476109,7790480738091,KOSPI
코스닥,20200204,650.72,661.24,649.22,661.24,922823842,5054711729875,KOSDAQ
코스피,20200205,2177.26,2181.52,2154.88,2165.63,574242011,7735622066583,KOSPI
코스닥,20200205,666.74,668.91,658.03,661.32,884227712,5128148436918,KOSDAQ
코스피,20200206,2184.77,2229.99,2182.25,2227.94,695031346,8333957199911,KOSPI
코스닥,20200206,665.94,672.69,665.88,672.69,880124604,4512405216707,KOSDAQ
코스피,20200207,2221.49,2223.92,2198.14,2211.95,800249023,8812782894943,KOSPI
코스닥,20200207,673.11,674.03,667.93,672.63,888341606,5137310020760,KOSDAQ
코스피,20200210,2185.63,2203.39,2180.51,2201.07,609498403,5470775928496,KOSPI
코스닥,20200210,669.53,676.08,668.10,676.07,944723285,4790557321889,KOSDAQ
코스피,20200211,2213.50,2233.32,2211.25,2223.12,525959147,6610111051681,KOSPI
코스닥,20200211,678.97,682.34,678.43,682.34,997484401,5424128161712,KOSDAQ
코스피,20200212,2225.95,2242.24,2214.77,2238.38,632339897,6891666432273,KOSPI
코스닥,20200212,683.26,686.79,680.26,686.59,1130121899,5912234851065,KOSDAQ
코스피,20200213,2245.72,2255.49,2230.30,2232.96,637822556,8117328861779,KOSPI
코스닥,20200213,689.54,691.43,681.77,687.61,1289543325,6953734213272,KOSDAQ
코스피,20200214,2232.71,2251.50,2221.90,2243.59,596146180,6374174445461,KOSPI
코스닥,20200214,687.23,692.00,685.67,688.91,1457509427,7323645151017,KOSDAQ
코스피,20200217,2243.07,2250.05,2230.26,2242.17,457706049,5636378323493,KOSPI
코스닥,20200217,690.35,692.64,686.73,692.59,1468756550,6489502477295,KOSDAQ
코스피,20200218,2225.98,2232.93,2205.21,2208.88,470142744,6409985636383,KOSPI
코스닥,20200218,691.42,692.52,681.44,682.92,1744280159,7470642347498,KOSDAQ
코스피,20200219,2222.51,2226.00,2191.20,2210.34,590827219,7105304377588,KOSPI
코스닥,20200219,686.89,688.11,673.64,684.78,1572116453,7592174753239,KOSDAQ
코스피,20200220,2223.55,2228.18,2186.72,2195.50,709236157,7675948618469,KOSPI
코스닥,20200220,687.65,688.51,677.99,681.66,1432192959,8759358510393,KOSDAQ
코스피,20200221,2165.65,2184.43,2160.28,2162.84,635043656,7103675709920,KOSPI
코스닥,20200221,673.57,680.28,667.47,667.99,1367918027,8095364379822,KOSDAQ
코스피,20200224,2114.04,2120.06,2079.03,2079.04,948185391,9313336284977,KOSPI
코스닥,20200224,653.40,656.31,639.22,639.29,1435873553,8114376024114,KOSDAQ
코스피,20200225,2075.55,2105.49,2071.50,2103.61,1565353383,8951088561791,KOSPI
코스닥,20200225,639.28,656.96,633.65,656.95,1175663427,6138350468060,KOSDAQ
코스피,20200226,2064.07,2089.64,2059.13,2076.77,810720313,8059228109756,KOSPI
코스닥,20200226,644.02,658.29,642.98,654.63,1113197650,6096327693719,KOSDAQ
코스피,20200227,2073.87,2085.40,2049.15,2054.89,562495577,7239777903530,KOSPI
코스닥,20200227,654.61,660.89,634.79,638.17,1167118116,7624989821279,KOSDAQ
코스피,20200228,2020.17,2031.01,1980.82,1987.01,671085017,9925733538339,KOSPI
코스닥,20200228,626.36,631.25,608.38,610.73,1363337933,7980639025726,KOSDAQ
코스피,20200302,1997.03,2017.07,1969.34,2002.51,527785407,7809542965650,KOSPI
코스닥,20200302,617.88,627.71,607.32,627.66,1170303093,6130854301805,KOSDAQ
코스피,20200303,2051.85,2051.85,2009.39,2014.15,615483852,8686866867222,KOSPI
코스닥,20200303,641.65,641.77,626.71,626.82,1214617708,6029086336877,KOSDAQ
코스피,20200304,2005.81,2063.59,2005.81,2059.33,606148437,7828556225674,KOSPI
코스닥,20200304,623.75,641.73,623.55,641.73,1031513249,5536965997892,KOSDAQ
코스피,20200305,2078.11,2089.08,2059.99,2085.26,674999426,7953382950322,KOSPI
코스닥,20200305,647.75,650.81,643.97,650.19,1003841946,6183113460719,KOSDAQ
코스피,20200306,2053.09,2062.57,2032.13,2040.22,865350537,7232449810116,KOSPI
코스닥,20200306,642.33,647.83,637.20,642.72,1071085316,7125855819468,KOSDAQ
코스피,20200309,1981.02,1989.50,1946.90,1954.77,666600284,8795749378223,KOSPI
코스닥,20200309,631.13,632.52,614.58,614.60,1258695653,8495322267539,KOSDAQ
코스피,20200310,1942.85,1968.17,1934.72,1962.93,638373962,9132855391494,KOSPI
코스닥,20200310,606.89,619.98,604.51,619.97,1403066091,9573005286136,KOSDAQ
코스피,20200311,1965.67,1967.70,1898.27,1908.27,679545044,8597344981803,KOSPI
코스닥,20200311,621.12,622.07,591.38,595.61,1540897880,8321149020773,KOSDAQ
코스피,20200312,1887.97,1897.23,1808.56,1834.33,849931768,11308246650152,KOSPI
코스닥,20200312,589.20,594.32,555.47,563.49,1613503737,8009090585294,KOSDAQ
코스피,20200313,1722.68,1809.31,1680.60,1771.44,1034645053,13374562296741,KOSPI
코스닥,20200313,536.62,540.30,487.07,524.00,1492800703,8121227492041,KOSDAQ
코스피,20200316,1805.43,1805.43,1714.38,1714.86,681539208,8592019637317,KOSPI
코스닥,20200316,538.68,541.87,504.51,504.51,1172081675,7162481861072,KOSDAQ
코스피,20200317,1640.84,1722.97,1637.88,1672.44,649398558,9707691257449,KOSPI
코스닥,20200317,488.02,518.72,483.51,514.73,1339225760,7935369377462,KOSDAQ
코스피,20200318,1686.12,1693.95,1591.12,1591.20,727598539,9574901913317,KOSPI
코스닥,20200318,520.79,526.10,485.14,485.14,1279056452,7279173284592,KOSDAQ
코스피,20200319,1626.09,1626.09,1439.43,1457.64,976296906,11928752280010,KOSPI
코스닥,20200319,501.59,502.12,419.55,428.35,1610788066,8507783426413,KOSDAQ
코스피,20200320,1498.49,1566.82,1466.48,1566.15,816122515,10630607027888,KOSPI
코스닥,20200320,443.88,467.75,435.11,467.75,1222075277,6467996000524,KOSDAQ
코스피,20200323,1474.45,1516.75,1458.41,1482.46,647185005,9644349898230,KOSPI
코스닥,20200323,443.51,455.97,435.81,443.76,1065511206,6129333742176,KOSDAQ
코스피,20200324,1523.69,1609.97,1508.68,1609.97,678954818,10480502291277,KOSPI
코스닥,20200324,457.21,480.40,454.24,480.40,1123600809,6719948246067,KOSDAQ
코스피,20200325,1668.19,1707.64,1645.28,1704.76,872240354,12610527682774,KOSPI
코스닥,20200325,496.32,506.43,488.98,505.68,1407541302,9635025587084,KOSDAQ
코스피,20200326,1699.11,1735.75,1679.23,1686.24,991888471,12372233119199,KOSPI
코스닥,20200326,506.51,533.33,501.82,516.61,1598686696,11763855878736,KOSDAQ
코스피,20200327,1756.07,1759.05,1668.21,1717.73,1076961970,12849876206674,KOSPI
코스닥,20200327,535.94,540.04,502.48,522.83,1934565731,14738611545135,KOSDAQ
코스피,20200330,1670.34,1729.63,1659.95,1717.12,767497354,9080040797727,KOSPI
코스닥,20200330,513.13,542.12,511.47,542.11,1408696898,9545401310570,KOSDAQ
코스피,20200331,1739.29,1757.81,1722.62,1754.64,1036879520,13902860300792,KOSPI
코스닥,20200331,551.48,569.07,551.25,569.07,1826998447,13575796025536,KOSDAQ
코스피,20200401,1737.28,1762.44,1685.37,1685.46,1243279319,12109230008328,KOSPI
코스닥,20200401,568.88,579.76,551.30,551.84,1858813245,13386617810008,KOSDAQ
코스피,20200402,1693.53,1726.76,1664.13,1724.86,765944102,10150789083527,KOSPI
코스닥,20200402,555.40,567.70,542.75,567.70,1664956164,10966747705257,KOSDAQ
코스피,20200403,1731.17,1743.91,1706.68,1725.44,999781194,10152442131749,KOSPI
코스닥,20200403,571.29,576.27,564.02,573.01,1348744450,9411080835854,KOSDAQ
코스피,20200406,1745.25,1794.19,1742.67,1791.88,1219066405,10956139456905,KOSPI
코스닥,20200406,579.25,597.21,577.83,597.21,1503125811,9839032128808,KOSDAQ
코스피,20200407,1826.72,1838.97,1791.92,1823.60,951393070,11627440843899,KOSPI
코스닥,20200407,606.21,606.90,593.22,606.90,2066345130,13224190868714,KOSDAQ
코스피,20200408,1815.75,1842.16,1801.80,1807.14,907059435,11124632708845,KOSPI
코스닥,20200408,604.46,615.32,599.30,607.37,2246697227,12639283832635,KOSDAQ
코스피,20200409,1838.09,1839.33,1818.30,1836.21,920233820,10515799258347,KOSPI
코스닥,20200409,616.67,618.37,610.66,615.95,1760923991,9486791889581,KOSDAQ
코스피,20200410,1835.76,1861.10,1824.43,1860.70,991924078,12006936083971,KOSPI
코스닥,20200410,617.75,618.08,593.01,611.26,1967266381,10087593132603,KOSDAQ
코스피,20200413,1853.30,1853.30,1825.76,1825.76,1017372524,9514861069340,KOSPI
코스닥,20200413,609.94,611.06,596.71,596.71,1972090242,10042761341715,KOSDAQ
코스피,20200414,1846.41,1864.46,1837.17,1857.08,886483849,9994489217634,KOSPI
코스닥,20200414,605.14,611.36,602.05,610.29,1585402718,8335407901227,KOSDAQ
코스피,20200416,1839.51,1862.23,1828.13,1857.07,878104561,10709654674174,KOSPI
코스닥,20200416,606.69,623.59,603.15,623.43,1355533764,8199848011601,KOSDAQ
코스피,20200417,1893.31,1926.02,1893.19,1914.53,1667194094,14126416725976,KOSPI
코스닥,20200417,631.34,634.79,628.05,634.79,1610557374,9078733347103,KOSDAQ
코스피,20200420,1908.34,1925.25,1893.17,1898.36,1087203536,11914634931432,KOSPI
코스닥,20200420,635.71,643.05,634.20,637.82,1550960169,9495413620390,KOSDAQ
코스피,20200421,1886.78,1898.32,1841.66,1879.38,1173663069,13860178761459,KOSPI
코스닥,20200421,634.76,641.07,602.05,628.77,2141267178,12703752281961,KOSDAQ
코스피,20200422,1855.51,1897.90,1844.85,1896.15,820074054,9427329815158,KOSPI
코스닥,20200422,618.95,635.31,616.88,635.16,1385711082,9065988775844,KOSDAQ
코스피,20200423,1907.45,1923.53,1895.98,1914.73,683212052,9121766656006,KOSPI
코스닥,20200423,640.13,645.54,637.33,643.79,1636656881,10057346884267,KOSDAQ
코스피,20200424,1906.07,1908.29,1880.71,1889.01,933648134,9646012237010,KOSPI
코스닥,20200424,640.19,645.22,629.12,632.96,1765696597,8825947362675,KOSDAQ
코스피,20200427,1897.06,1929.82,1894.62,1922.77,735501989,8170875875972,KOSPI
코스닥,20200427,638.90,647.11,638.58,646.86,1691608933,7661779031317,KOSDAQ
코스피,20200428,1931.25,1941.79,1911.63,1934.09,1173137196,10373388089969,KOSPI
코스닥,20200428,649.46,651.39,638.69,644.93,1758899364,8164459025903,KOSDAQ
코스피,20200429,1936.89,1957.51,1934.31,1947.56,1983979450,10524118443334,KOSPI
코스닥,20200429,646.33,648.42,644.06,645.18,1670331523,7946361789392,KOSDAQ
코스피,20200504,1906.42,1918.66,1894.29,1895.37,1146593472,10260596202527,KOSPI
코스닥,20200504,637.00,648.57,635.16,641.91,1267341741,6672115419815,KOSDAQ
코스피,20200506,1919.45,1928.76,1902.55,1928.76,1082191134,8549063939898,KOSPI
코스닥,20200506,650.15,658.40,647.52,658.40,1492643280,8470094415784,KOSDAQ
코스피,20200507,1922.00,1938.50,1918.57,1928.61,773939670,7375502269239,KOSPI
코스닥,20200507,659.45,669.03,658.93,668.17,1728059006,8805305280597,KOSDAQ
코스피,20200508,1944.94,1956.89,1942.54,1945.82,784479514,7940237870024,KOSPI
코스닥,20200508,674.01,682.94,673.52,682.30,1503221949,9487886237174,KOSDAQ
코스피,20200511,1953.51,1960.46,1932.87,1935.40,591070563,7751802313118,KOSPI
코스닥,20200511,686.81,690.34,676.60,685.04,1505331885,10413314516196,KOSDAQ
코스피,20200512,1938.62,1938.62,1905.17,1922.17,799440769,9679748586055,KOSPI
코스닥,20200512,687.48,688.37,673.66,684.21,1433235217,9966593832639,KOSDAQ
코스피,20200513,1897.50,1940.42,1897.24,1940.42,618221280,9009914537806,KOSPI
코스닥,20200513,676.53,691.57,676.24,691.53,1406545569,9686325743894,KOSDAQ
코스피,20200514,1922.44,1931.43,1913.49,1924.96,760387605,9467848240593,KOSPI
코스닥,20200514,687.92,693.68,684.33,690.57,1462519533,12983240229406,KOSDAQ
코스피,20200515,1937.63,1938.59,1913.21,1927.28,865978734,9721566672558,KOSPI
코스닥,20200515,695.80,696.91,686.23,691.93,1296936562,12368945292901,KOSDAQ
코스피,20200518,1934.51,1943.07,1921.14,1937.11,761070395,9391324682572,KOSPI
코스닥,20200518,695.17,695.90,688.88,690.85,1399672874,10471891957969,KOSDAQ
코스피,20200519,1977.47,1983.77,1968.59,1980.61,773052231,11916528393672,KOSPI
코스닥,20200519,696.01,696.39,687.67,696.36,1724931866,11819126037095,KOSDAQ
코스피,20200520,1972.12,1992.20,1972.12,1989.64,699145804,8247130911351,KOSPI
코스닥,20200520,697.15,709.16,697.09,708.76,1991853727,10446518788535,KOSDAQ
코스피,20200521,2003.20,2004.95,1993.00,1998.31,600906707,8635497156734,KOSPI
코스닥,20200521,714.33,716.72,711.71,716.02,1862350494,11271200651706,KOSDAQ
코스피,20200522,2001.60,2002.65,1961.40,1970.13,847014625,9507528434591,KOSPI
코스닥,20200522,717.78,719.15,702.50,708.58,1655775479,10749726643347,KOSDAQ
코스피,20200525,1980.51,1994.90,1967.84,1994.60,641275458,7959413338249,KOSPI
코스닥,20200525,712.88,719.89,708.60,719.89,1584537517,9440784624728,KOSDAQ
코스피,20200526,2001.00,2029.89,1997.94,2029.78,1017629960,12544435015341,KOSPI
코스닥,20200526,723.28,729.16,718.81,729.11,1540672454,10327002528360,KOSDAQ
코스피,20200527,2027.90,2043.44,2019.82,2031.20,1178632302,12634016260112,KOSPI
코스닥,20200527,728.26,730.41,722.04,724.59,1559753436,10562954938893,KOSDAQ
코스피,20200528,2047.08,2054.52,2003.75,2028.54,1171357315,14475205600610,KOSPI
코스닥,20200528,728.76,728.80,695.30,708.75,2079253848,11890593216628,KOSDAQ
코스피,20200529,2018.37,2038.89,2006.62,2029.60,1084434748,14076100675740,KOSPI
코스닥,20200529,706.16,714.51,700.84,713.68,1460205792,8490245445265,KOSDAQ
코스피,20200601,2037.04,2065.38,2035.63,2065.08,996898022,9837538105443,KOSPI
코스닥,20200601,716.96,735.72,716.83,735.72,1264566927,10311092318440,KOSDAQ
코스피,20200602,2061.45,2089.43,2059.14,2087.19,999993338,10231307086948,KOSPI
코스닥,20200602,737.67,743.70,735.06,743.58,1453883350,10707063397298,KOSDAQ
코스피,20200603,2108.55,2156.55,2107.69,2147.00,1151765081,16997697281764,KOSPI
코스닥,20200603,749.49,750.14,734.63,737.66,1442784408,11393993783006,KOSDAQ
코스피,20200604,2181.64,2191.00,2139.68,2151.18,1393095743,16032993382415,KOSPI
코스닥,20200604,742.87,744.36,733.91,742.37,1291139610,9743397398470,KOSDAQ
코스피,20200605,2151.17,2187.25,2138.18,2181.87,854247084,12777313885100,KOSPI
코스닥,20200605,743.65,749.75,739.52,749.31,1113284214,8632372725281,KOSDAQ
코스피,20200608,2215.60,2217.21,2174.96,2184.29,853775705,13144317904763,KOSPI
코스닥,20200608,754.12,754.32,747.37,753.04,1307733822,9095282792334,KOSDAQ
코스피,20200609,2206.23,2212.17,2166.01,2188.92,816728807,14688230040677,KOSPI
코스닥,20200609,756.02,756.45,746.56,753.82,1522054808,10324332026125,KOSDAQ
코스피,20200610,2187.91,2200.68,2178.12,2195.69,706090809,12887254650114,KOSPI
코스닥,20200610,754.30,759.48,752.29,758.62,1563105834,12172193435163,KOSDAQ
코스피,20200611,2184.36,2200.72,2148.51,2176.78,827018438,16985422691578,KOSPI
코스닥,20200611,760.07,766.96,752.04,757.06,1438063159,13455476457604,KOSDAQ
코스피,20200612,2088.24,2137.12,2084.63,2132.30,689484936,14958989060448,KOSPI
코스닥,20200612,722.91,747.37,722.81,746.06,1311862190,11659022253535,KOSDAQ
코스피,20200615,2114.41,2129.67,2030.82,2030.82,1071581707,18239613308037,KOSPI
코스닥,20200615,745.60,747.21,693.15,693.15,1454220242,12217229870545,KOSDAQ
코스피,20200616,2091.09,2138.08,2079.02,2138.05,973264798,13835565241853,KOSPI
코스닥,20200616,716.60,735.74,714.14,735.38,1311328254,10647145409284,KOSDAQ
코스피,20200617,2133.18,2154.37,2105.26,2141.05,927245345,15457312695779,KOSPI
코스닥,20200617,731.91,743.11,717.68,735.40,1401310403,10408886442334,KOSDAQ
코스피,20200618,2134.35,2145.13,2120.29,2133.48,767055880,11089334332676,KOSPI
코스닥,20200618,738.11,743.12,732.92,737.33,1236654945,10592134832200,KOSDAQ
코스피,20200619,2153.09,2153.57,2108.91,2141.32,1079279977,12299787457164,KOSPI
코스닥,20200619,743.35,743.94,732.55,742.03,1521567385,12352058393292,KOSDAQ
코스피,20200622,2126.38,2142.88,2122.10,2126.73,789134619,10097371400300,KOSPI
코스닥,20200622,742.98,752.98,741.78,751.64,1330486008,10495616478781,KOSDAQ
코스피,20200623,2149.13,2158.15,2110.51,2131.24,917248252,13494825138627,KOSPI
코스닥,20200623,758.61,761.37,744.26,753.23,1567271453,11663428321146,KOSDAQ
코스피,20200624,2145.93,2171.86,2143.91,2161.51,913781479,13324341796671,KOSPI
코스닥,20200624,758.15,765.21,755.12,759.50,1326481820,11749677030160,KOSDAQ
코스피,20200625,2130.45,2143.33,2112.37,2112.37,1017516046,10691827492969,KOSPI
코스닥,20200625,749.81,757.23,745.98,750.36,1356471138,11203803402130,KOSDAQ
코스피,20200626,2137.47,2142.04,2115.25,2134.65,760952830,9820801983577,KOSPI
코스닥,20200626,758.62,758.62,742.57,750.58,1517187853,11776822316330,KOSDAQ
코스피,20200629,2105.54,2120.50,2087.84,2093.48,642920807,9024975736612,KOSPI
코스닥,20200629,743.88,747.30,732.86,734.69,1242202171,9110109425288,KOSDAQ
코스피,20200630,2124.38,2134.38,2108.26,2108.33,708372592,11698177509871,KOSPI
코스닥,20200630,744.54,744.54,731.76,737.97,1540724160,10379806573478,KOSDAQ
코스피,20200701,2128.81,2133.55,2101.33,2106.70,1116024316,10231877223020,KOSPI
코스닥,20200701,743.53,744.03,726.36,727.58,1145740787,8510267831976,KOSDAQ
코스피,20200702,2116.72,2135.37,2113.98,2135.37,1091849347,10744729444381,KOSPI
코스닥,20200702,732.94,742.55,732.09,742.55,1135905225,7495220999124,KOSDAQ
코스피,20200703,2147.89,2153.54,2135.30,2152.41,769653611,8647941968805,KOSPI
코스닥,20200703,746.13,752.22,741.11,752.18,1255612158,10097567639820,KOSDAQ
코스피,20200706,2158.95,2191.28,2157.71,2187.93,666808331,11655916657394,KOSPI
코스닥,20200706,754.74,759.93,750.43,759.90,1131153439,8288087273650,KOSDAQ
코스피,20200707,2202.04,2206.79,2164.03,2164.17,847342499,14858023439003,KOSPI
코스닥,20200707,763.40,764.46,755.44,759.16,1208036988,9934366223973,KOSDAQ
코스피,20200708,2166.76,2173.83,2150.89,2158.88,677711862,11567173968258,KOSPI
코스닥,20200708,761.19,765.96,758.38,765.96,1295606129,10426808593415,KOSDAQ
코스피,20200709,2171.15,2181.48,2166.74,2167.90,619325504,12029777998195,KOSPI
코스닥,20200709,770.46,774.50,769.31,772.90,1434525996,10327623353756,KOSDAQ
코스피,20200710,2171.44,2171.52,2140.29,2150.25,886935166,12047849749909,KOSPI
코스닥,20200710,773.75,775.99,766.51,772.81,1311742611,12804281557480,KOSDAQ
코스피,20200713,2170.51,2188.80,2163.07,2186.06,650164153,10462002602160,KOSPI
코스닥,20200713,777.92,781.19,773.08,781.19,1361141942,10541123133519,KOSDAQ
코스피,20200714,2176.43,2183.61,2165.60,2183.61,810849005,11632958755279,KOSPI
코스닥,20200714,776.19,782.70,775.29,778.39,1622122789,12199845984750,KOSDAQ
코스피,20200715,2208.73,2216.97,2190.66,2201.88,830108374,13640789146386,KOSPI
코스닥,20200715,783.14,783.29,775.96,781.29,1498423232,10792889630560,KOSDAQ
코스피,20200716,2203.30,2207.34,2177.82,2183.76,784478273,11303646127597,KOSPI
코스닥,20200716,783.24,783.24,769.39,775.07,1611671420,10922413259888,KOSDAQ
코스피,20200717,2187.85,2204.20,2187.85,2201.19,569217286,10190794675832,KOSPI
코스닥,20200717,776.97,783.32,775.78,783.22,1356512095,8513229626690,KOSDAQ
코스피,20200720,2209.59,2209.59,2183.83,2198.20,686576815,12024040350299,KOSPI
코스닥,20200720,786.25,786.29,776.97,781.96,1391380554,9236253045818,KOSDAQ
코스피,20200721,2219.19,2234.86,2214.28,2228.83,918278022,15758535843514,KOSPI
코스닥,20200721,787.30,792.20,785.75,790.58,1483257241,10111909346617,KOSDAQ
코스피,20200722,2228.20,2238.86,2221.62,2228.66,856051578,15651259498941,KOSPI
코스닥,20200722,790.58,795.32,785.97,794.99,1467294738,11291377178531,KOSDAQ
코스피,20200723,2227.24,2227.24,2202.99,2216.19,934359593,16328299857862,KOSPI
코스닥,20200723,796.46,803.07,792.27,801.69,1372609700,13605776353915,KOSDAQ
코스피,20200724,2196.73,2219.57,2195.49,2200.44,1000624144,17155405862020,KOSPI
코스닥,20200724,796.08,804.61,788.72,794.80,1443514669,12431112457090,KOSDAQ
코스피,20200727,2203.48,2231.25,2203.48,2217.86,928511940,14256456834880,KOSPI
코스닥,20200727,795.19,804.58,795.19,801.23,1278274573,10361773941282,KOSDAQ
코스피,20200728,2238.19,2266.00,2237.21,2256.99,866540391,17516296040626,KOSPI
코스닥,20200728,807.29,810.97,802.04,807.85,1518907204,11812817131589,KOSDAQ
코스피,20200729,2258.35,2276.79,2252.24,2263.16,899266830,15499750594068,KOSPI
코스닥,20200729,807.71,809.77,804.29,808.59,1153563163,10439346822373,KOSDAQ
코스피,20200730,2275.33,2281.33,2263.81,2267.01,712867729,13549588803689,KOSPI
코스닥,20200730,812.83,814.41,808.02,814.19,1280972012,13148058206618,KOSDAQ
코스피,20200731,2278.53,2281.41,2248.49,2249.37,739547831,13001792940719,KOSPI
코스닥,20200731,817.52,818.70,814.23,815.30,1350943117,13029119882192,KOSDAQ
코스피,20200803,2251.65,2254.38,2237.04,2251.04,648368055,13612561548022,KOSPI
코스닥,20200803,820.41,827.79,815.15,827.57,1512286549,14424169918064,KOSDAQ
코스피,20200804,2272.33,2284.66,2269.69,2279.97,722792239,15286813034348,KOSPI
코스닥,20200804,833.28,835.35,830.55,835.35,1503868592,13915662088215,KOSDAQ
코스피,20200805,2289.23,2312.14,2283.95,2311.86,841237077,17882864144244,KOSPI
코스닥,20200805,837.19,847.38,837.11,847.28,1508463089,12675023721148,KOSDAQ
코스피,20200806,2322.64,2352.48,2322.64,2342.61,797018012,17831202787479,KOSPI
코스닥,20200806,854.02,855.73,847.90,854.12,1490839509,14173030597654,KOSDAQ
코스피,20200807,2349.25,2362.24,2333.62,2351.67,812457112,17585258903805,KOSPI
코스닥,20200807,858.30,859.43,849.01,857.63,1391096308,14555949801293,KOSDAQ
코스피,20200810,2353.92,2390.51,2349.33,2386.38,784407020,19510536102931,KOSPI
코스닥,20200810,859.53,863.80,854.48,862.76,1444263701,12442356147991,KOSDAQ
코스피,20200811,2396.11,2429.36,2396.11,2418.67,843239040,19679650887189,KOSPI
코스닥,20200811,863.07,863.72,858.00,860.23,1515179612,13092237999403,KOSDAQ
코스피,20200812,2414.78,2432.35,2393.27,2432.35,763610111,16679587399558,KOSPI
코스닥,20200812,858.88,858.88,836.58,845.60,1655071943,14098121425313,KOSDAQ
코스피,20200813,2455.28,2458.17,2412.49,2437.53,906991515,18249147217623,KOSPI
코스닥,20200813,854.82,862.98,852.15,854.77,1791229578,14835275533062,KOSDAQ
코스피,20200814,2427.85,2435.00,2383.69,2407.49,967892725,16594777663147,KOSPI
코스닥,20200814,854.71,854.71,831.15,835.03,1668259698,13429017627433,KOSDAQ
코스피,20200818,2405.84,2419.65,2336.78,2348.24,909202691,17570243413972,KOSPI
코스닥,20200818,834.55,834.55,794.91,800.22,1860874072,15276319788760,KOSDAQ
코스피,20200819,2370.87,2380.10,2353.17,2360.54,637276282,12364848400573,KOSPI
코스닥,20200819,810.86,818.74,805.52,818.74,1570165499,14126278448612,KOSDAQ
코스피,20200820,2339.91,2357.08,2270.85,2274.22,903589345,17101208638798,KOSPI
코스닥,20200820,816.63,821.11,785.00,791.14,1794488437,15315894241174,KOSDAQ
코스피,20200821,2306.16,2329.34,2280.97,2304.59,865576796,14111094131553,KOSPI
코스닥,20200821,801.14,802.70,781.41,796.01,1611964306,12918289655046,KOSDAQ
코스피,20200824,2309.38,2332.33,2283.48,2329.83,649090827,11653542801714,KOSPI
코스닥,20200824,798.20,815.74,787.93,815.74,1473969839,11997680921137,KOSDAQ
코스피,20200825,2352.15,2369.78,2340.97,2366.73,771510117,13567713824586,KOSPI
코스닥,20200825,821.53,836.41,820.02,836.31,1567420806,13502122957876,KOSDAQ
코스피,20200826,2367.74,2374.68,2336.98,2369.32,956368236,14435458750565,KOSPI
코스닥,20200826,838.86,842.48,827.27,841.35,2134789688,17071009097623,KOSDAQ
코스피,20200827,2371.95,2373.36,2344.38,2344.45,913735581,15184285196025,KOSPI
코스닥,20200827,842.38,842.83,832.74,836.40,2859004055,20198736874095,KOSDAQ
코스피,20200828,2362.22,2379.26,2345.28,2353.80,1296906851,15538375314855,KOSPI
코스닥,20200828,841.76,850.38,837.86,841.30,2087359173,16630509445441,KOSDAQ
코스피,20200831,2377.09,2381.50,2326.06,2326.17,1647584717,19493479131944,KOSPI
코스닥,20200831,847.97,852.54,839.63,848.24,1735416394,14431003182548,KOSDAQ
코스피,20200901,2340.19,2355.90,2331.23,2349.55,1085065132,16663613521906,KOSPI
코스닥,20200901,850.58,854.22,847.53,853.37,1768235239,12089447638250,KOSDAQ
코스피,20200902,2363.43,2369.57,2341.29,2364.37,1428196862,15788720534673,KOSPI
코스닥,20200902,859.58,866.87,858.23,866.74,1790676786,14010012795326,KOSDAQ
코스피,20200903,2383.26,2401.78,2382.23,2395.90,981282920,17419948432201,KOSPI
코스닥,20200903,871.02,874.16,869.84,874.13,1711636070,12995646668565,KOSDAQ
코스피,20200904,2332.68,2371.02,2332.68,2368.25,1350782821,19691990844260,KOSPI
코스닥,20200904,841.37,866.90,841.37,866.04,1701930152,14295022105585,KOSDAQ
코스피,20200907,2369.85,2387.49,2362.42,2384.22,1197116908,17182330115339,KOSPI
코스닥,20200907,872.03,879.36,864.39,878.88,1858182760,15818746423104,KOSDAQ
코스피,20200908,2402.66,2407.56,2391.43,2401.91,979103646,17296887036177,KOSPI
코스닥,20200908,884.72,887.01,874.31,878.29,2493565329,19480426082775,KOSDAQ
코스피,20200909,2372.53,2388.85,2369.12,2375.81,945716082,15500564783547,KOSPI
코스닥,20200909,864.91,877.67,864.17,869.47,2350195773,16304305898071,KOSDAQ
코스피,20200910,2404.83,2406.68,2388.56,2396.48,1064268879,15781849983458,KOSPI
코스닥,20200910,881.12,884.30,874.77,884.30,1944576163,14427020579473,KOSDAQ
코스피,20200911,2389.76,2397.56,2374.00,2396.69,882392019,12067135393817,KOSPI
코스닥,20200911,881.23,888.44,877.58,888.44,1977547863,14327654019448,KOSDAQ
코스피,20200914,2418.33,2429.07,2410.79,2427.91,962887880,12021054922627,KOSPI
코스닥,20200914,894.38,894.80,886.48,894.17,1678178859,13452415095888,KOSDAQ
코스피,20200915,2434.59,2444.57,2423.79,2443.58,849515350,11838917493379,KOSPI
코스닥,20200915,898.63,899.64,893.24,899.46,2084373545,15728738638865,KOSDAQ
코스피,20200916,2442.72,2450.53,2429.94,2435.92,772575383,11853959409991,KOSPI
코스닥,20200916,901.75,905.56,891.99,896.28,2393235237,15830535147251,KOSDAQ
코스피,20200917,2430.77,2437.02,2398.69,2406.17,853496352,14234109662471,KOSPI
코스닥,20200917,897.88,898.43,883.50,885.18,2268726290,14168956907668,KOSDAQ
코스피,20200918,2413.53,2417.81,2396.33,2412.40,756256219,13964213581911,KOSPI
코스닥,20200918,889.47,892.39,878.78,888.88,1758679450,12588376898445,KOSDAQ
코스피,20200921,2412.44,2427.17,2379.38,2389.39,1041593707,14213603488106,KOSPI
코스닥,20200921,889.94,892.34,859.40,866.99,1945368890,13620854277784,KOSDAQ
코스피,20200922,2388.14,2388.49,2323.58,2332.59,1050497229,17894886068264,KOSPI
코스닥,20200922,867.72,867.89,838.13,842.72,1957844934,12207252604630,KOSDAQ
코스피,20200923,2352.56,2354.46,2287.44,2333.24,734216626,13560135517439,KOSPI
코스닥,20200923,855.57,856.14,821.89,843.45,2228438703,12950215394226,KOSDAQ
코스피,20200924,2295.62,2309.74,2268.88,2272.70,714080388,12466127545119,KOSPI
코스닥,20200924,825.74,833.04,804.28,806.95,2177419316,15358004810441,KOSDAQ
코스피,20200925,2295.19,2296.36,2267.63,2278.79,697482183,10179942642816,KOSPI
코스닥,20200925,817.95,820.74,799.53,808.28,2193017749,13197131244428,KOSDAQ
코스피,20200928,2301.16,2314.81,2291.32,2308.08,605650175,8970007277736,KOSPI
코스닥,20200928,820.72,836.15,819.86,835.91,1885404935,11041062535616,KOSDAQ
코스피,20200929,2331.51,2339.83,2320.04,2327.89,645996624,9486371625587,KOSPI
코스닥,20200929,844.69,848.59,839.68,848.15,2058212068,11385709810187,KOSDAQ
코스피,20201005,2330.55,2364.73,2327.83,2358.00,763406904,10682047557543,KOSPI
코스닥,20201005,848.67,858.82,843.06,858.39,1662462541,9920272320785,KOSDAQ
코스피,20201006,2369.17,2378.28,2355.39,2365.90,861611319,11130928563354,KOSPI
코스닥,20201006,863.74,866.67,855.65,862.58,1953662760,10525423335463,KOSDAQ
코스피,20201007,2350.82,2387.45,2347.82,2386.94,735783803,8962606485891,KOSPI
코스닥,20201007,856.70,869.69,856.66,869.66,1998971465,10487501974710,KOSDAQ
코스피,20201008,2408.49,2409.01,2383.82,2391.96,956865477,12509267439794,KOSPI
코스닥,20201008,875.12,875.59,867.63,871.62,1972558410,12012335527174,KOSDAQ
코스피,20201012,2404.18,2409.42,2393.74,2403.73,841811137,10685773266609,KOSPI
코스닥,20201012,875.25,875.25,868.01,873.50,1977954694,11350813851414,KOSDAQ
코스피,20201013,2416.85,2418.89,2385.87,2403.15,723823248,10198454798482,KOSPI
코스닥,20201013,878.15,878.15,865.95,871.92,2196059324,13349623430885,KOSDAQ
코스피,20201014,2403.74,2405.56,2375.54,2380.48,900124423,11013960902767,KOSPI
코스닥,20201014,873.04,875.02,859.88,861.48,2336825413,12599473897415,KOSDAQ
코스피,20201015,2375.91,2376.73,2348.74,2361.21,1164107804,13023936628848,KOSPI
코스닥,20201015,861.37,861.37,833.55,844.44,2222091334,12360597780075,KOSDAQ
코스피,20201016,2363.88,2370.73,2325.03,2341.53,919152710,11137606105645,KOSPI
코스닥,20201016,845.63,849.20,822.58,833.84,2263249021,10580304680263,KOSDAQ
코스피,20201019,2352.92,2364.25,2344.77,2346.74,930835996,10487900914179,KOSPI
코스닥,20201019,836.83,838.63,821.50,822.25,1692877863,8444227030576,KOSDAQ
코스피,20201020,2333.56,2358.41,2322.06,2358.41,870250584,11820971766070,KOSPI
코스닥,20201020,816.16,825.96,803.24,824.65,1645128471,9948516126462,KOSDAQ
코스피,20201021,2363.03,2371.74,2356.32,2370.86,810421245,9856120853435,KOSPI
코스닥,20201021,827.35,830.95,819.66,830.67,1406922189,8464331356828,KOSDAQ
코스피,20201022,2355.61,2360.22,2339.73,2355.05,814018150,9769752977255,KOSPI
코스닥,20201022,826.71,826.71,812.70,812.70,1700229036,9474802078102,KOSDAQ
코스피,20201023,2364.84,2368.57,2344.49,2360.81,889543961,10721334938487,KOSPI
코스닥,20201023,817.70,817.70,804.75,807.98,1591360500,8288340561699,KOSDAQ
코스피,20201026,2366.50,2374.50,2342.58,2343.91,821402273,11651445291420,KOSPI
코스닥,20201026,808.06,808.06,776.70,778.02,1589456381,8277563715120,KOSDAQ
코스피,20201027,2328.66,2349.33,2321.23,2330.84,666201267,11266811806896,KOSPI
코스닥,20201027,771.84,794.04,766.96,783.73,2043641719,9196119311519,KOSDAQ
코스피,20201028,2324.18,2345.46,2316.47,2345.26,705164880,8939095030078,KOSPI
코스닥,20201028,784.88,806.20,784.88,806.20,1805657047,7679068197349,KOSDAQ
코스피,20201029,2312.34,2330.17,2299.91,2326.67,509141118,10355821201943,KOSPI
코스닥,20201029,791.02,814.16,791.02,813.93,1711903427,7893815938246,KOSDAQ
코스피,20201030,2319.56,2320.20,2266.93,2267.15,794828933,11779783207648,KOSPI
코스닥,20201030,814.16,814.59,791.30,792.65,1821741912,8436941813776,KOSDAQ
코스피,20201102,2276.61,2302.64,2267.95,2300.16,678075058,8513148864794,KOSPI
코스닥,20201102,796.46,805.92,789.85,802.95,1505187267,6561579340544,KOSDAQ
코스피,20201103,2315.81,2344.77,2315.30,2343.31,886873071,10872450542828,KOSPI
코스닥,20201103,810.01,821.28,810.01,818.46,1606343301,8562861889715,KOSDAQ
코스피,20201104,2361.32,2371.14,2339.95,2357.32,986283970,14833481621859,KOSPI
코스닥,20201104,826.04,828.89,814.76,826.97,1730178014,10684098164630,KOSDAQ
코스피,20201105,2373.41,2413.79,2370.85,2413.79,701457948,12576935744427,KOSPI
코스닥,20201105,833.37,845.81,831.78,844.80,1586479174,9753358888110,KOSDAQ
코스피,20201106,2421.79,2431.11,2404.97,2416.50,825134885,12577987649895,KOSPI
코스닥,20201106,849.18,849.39,832.27,836.78,1861264930,12846218511459,KOSDAQ
코스피,20201109,2438.63,2459.15,2434.52,2447.20,1354101342,14844887614695,KOSPI
코스닥,20201109,845.81,851.21,845.17,851.21,1705193109,9844670585573,KOSDAQ
코스피,20201110,2453.95,2457.94,2435.59,2452.83,1462431545,17975776881294,KOSPI
코스닥,20201110,844.22,844.22,835.27,840.79,1741029335,11429213445767,KOSDAQ
코스피,20201111,2459.50,2488.04,2459.50,2485.87,1271344536,18305084746097,KOSPI
코스닥,20201111,840.89,842.76,829.53,839.90,2253127077,13932023540421,KOSDAQ
코스피,20201112,2482.68,2488.79,2467.04,2475.62,1278066633,16418011654304,KOSPI
코스닥,20201112,844.64,846.87,835.95,840.08,1966263335,10857414057853,KOSDAQ
코스피,20201113,2470.12,2495.77,2460.96,2493.87,1071931233,17042430089807,KOSPI
코스닥,20201113,837.28,839.54,826.17,839.14,1714908938,11207035486041,KOSDAQ
코스피,20201116,2507.46,2546.37,2507.46,2543.03,1238564289,19086569448970,KOSPI
코스닥,20201116,843.49,849.80,841.60,847.33,1562571826,9864772509061,KOSDAQ
코스피,20201117,2544.12,2556.09,2533.34,2539.15,1266374004,17791862828484,KOSPI
코스닥,20201117,846.55,846.55,836.00,839.47,1709150384,12981497692716,KOSDAQ
코스피,20201118,2548.85,2553.95,2536.78,2545.64,922355562,13550145889509,KOSPI
코스닥,20201118,842.55,852.27,840.43,851.74,2298968542,13909796046540,KOSDAQ
코스피,20201119,2536.89,2548.95,2529.53,2547.42,975771495,12512601892601,KOSPI
코스닥,20201119,851.68,860.99,849.72,859.94,2227069091,14707705744012,KOSDAQ
코스피,20201120,2544.06,2558.21,2539.79,2553.50,1128936916,12264273841375,KOSPI
코스닥,20201120,863.07,870.78,861.29,870.18,2095781790,13254008750139,KOSDAQ
코스피,20201123,2560.04,2605.58,2553.70,2602.59,1648889468,15761677695263,KOSPI
코스닥,20201123,872.22,875.26,868.60,873.29,2049388705,12228270956065,KOSDAQ
코스피,20201124,2616.28,2628.52,2605.03,2617.76,1359686732,16869471471882,KOSPI
코스닥,20201124,876.65,876.89,868.89,872.10,3106758032,14657912906728,KOSDAQ
코스피,20201125,2637.34,2642.26,2583.41,2601.54,1409099410,21792337031025,KOSPI
코스닥,20201125,877.35,878.76,855.28,865.12,2449890946,17961572054947,KOSDAQ
코스피,20201126,2605.73,2625.97,2592.43,2625.91,1386737752,12712149813448,KOSPI
코스닥,20201126,868.60,875.26,861.05,874.53,1888394662,14421614214775,KOSDAQ
코스피,20201127,2624.80,2635.00,2618.47,2633.45,1194633057,12636664222261,KOSPI
코스닥,20201127,876.37,886.20,875.45,885.56,1809276552,12176744972392,KOSDAQ
코스피,20201130,2648.05,2648.66,2591.34,2591.34,1310756554,21227904390426,KOSPI
코스닥,20201130,890.65,891.53,885.65,886.11,1717733976,12088539948184,KOSDAQ
코스피,20201201,2613.42,2638.87,2611.67,2634.25,1150347425,15944459886145,KOSPI
코스닥,20201201,889.53,892.22,883.24,891.29,2056910849,11664156470328,KOSDAQ
코스피,20201202,2645.88,2677.26,2644.53,2675.90,1075206223,17503062013724,KOSPI
코스닥,20201202,894.94,899.87,891.61,899.34,1864656037,12959504668558,KOSDAQ
코스피,20201203,2686.38,2696.22,2672.85,2696.22,812497591,15587239697996,KOSPI
코스닥,20201203,901.61,907.72,900.09,907.61,2338940316,16208643760493,KOSDAQ
코스피,20201204,2705.34,2742.77,2705.34,2731.45,1776624259,19866776645042,KOSPI
코스닥,20201204,909.99,914.27,908.24,913.76,2146506563,15863776695548,KOSDAQ
코스피,20201207,2738.11,2754.01,2711.42,2745.44,1497594196,17926464867967,KOSPI
코스닥,20201207,914.15,927.35,910.36,926.88,2212188982,15273344268535,KOSDAQ
코스피,20201208,2745.13,2747.45,2700.92,2700.93,1414272843,17153410682188,KOSPI
코스닥,20201208,927.69,933.14,906.31,906.84,2569024662,18231860033280,KOSDAQ
코스피,20201209,2703.30,2755.47,2703.30,2755.47,1251540587,17004612768674,KOSPI
코스닥,20201209,908.05,917.21,904.45,913.81,2680966278,15494660292970,KOSDAQ
코스피,20201210,2750.34,2765.46,2718.70,2746.46,1227088048,20628442049920,KOSPI
코스닥,20201210,913.02,922.13,905.76,921.70,2635304180,13894638897966,KOSDAQ
코스피,20201211,2754.16,2781.04,2754.16,2770.06,1214091187,18324690209235,KOSPI
코스닥,20201211,925.30,929.23,923.39,928.44,1899796240,12651446661519,KOSDAQ
코스피,20201214,2769.43,2782.79,2755.29,2762.20,1112737920,17008916003321,KOSPI
코스닥,20201214,930.78,935.90,924.52,929.54,1586887208,14187183630272,KOSDAQ
코스피,20201215,2763.65,2769.37,2735.08,2756.82,1092723732,15535005975169,KOSPI
코스닥,20201215,930.73,934.30,921.27,931.27,2078469472,15453175615214,KOSDAQ
코스피,20201216,2763.64,2781.08,2761.50,2771.79,1166041124,13647466882920,KOSPI
코스닥,20201216,932.41,941.45,932.41,939.65,1980767813,15316558232027,KOSDAQ
코스피,20201217,2769.89,2772.71,2742.25,2770.43,1014903621,16273166408201,KOSPI
코스닥,20201217,938.88,948.43,938.88,944.04,2632763470,15815709184649,KOSDAQ
코스피,20201218,2770.95,2782.15,2762.80,2772.18,1058346397,19163199952786,KOSPI
코스닥,20201218,945.81,948.59,942.46,947.24,2102887910,14418843480389,KOSDAQ
코스피,20201221,2771.98,2780.24,2747.09,2778.65,1138696732,18969209851456,KOSPI
코스닥,20201221,948.64,954.34,940.98,953.58,1913517256,15966267364031,KOSDAQ
코스피,20201222,2772.03,2774.22,2733.64,2733.68,1259561013,19877052229002,KOSPI
코스닥,20201222,953.48,953.48,928.51,928.73,1839845588,16349470296452,KOSDAQ
코스피,20201223,2737.74,2769.08,2716.28,2759.82,1120556351,20278404399193,KOSPI
코스닥,20201223,932.25,938.91,918.44,923.17,1904564006,17202596417425,KOSDAQ
코스피,20201224,2762.60,2812.16,2762.60,2806.86,1028692583,19976615909958,KOSPI
코스닥,20201224,924.34,933.39,920.53,928.68,1712910697,14314351594791,KOSDAQ
코스피,20201228,2820.95,2834.59,2799.56,2808.60,1005370037,24194619801299,KOSPI
코스닥,20201228,930.07,937.76,923.96,927.00,1627513488,16794304482427,KOSDAQ
코스피,20201229,2810.55,2823.44,2792.06,2820.51,1045743229,19294966775699,KOSPI
코스닥,20201229,928.58,957.48,928.58,957.41,1500840938,15316290556822,KOSDAQ
코스피,20201230,2820.36,2878.21,2809.35,2873.47,1073032384,17925010594669,KOSPI
코스닥,20201230,957.38,971.04,955.38,968.42,1624723388,16535714633518,KOSDAQ
코스피,20210104,2874.50,2946.54,2869.11,2944.45,1025140854,25006031704703,KOSPI
코스닥,20210104,968.86,977.62,960.52,977.62,1685362229,16733371241815,KOSDAQ
코스피,20210105,2943.67,2990.57,2921.84,2990.57,1518770034,26543936108508,KOSPI
코스닥,20210105,976.43,985.76,965.53,985.76,1797619365,18604359345720,KOSDAQ
코스피,20210106,2993.34,3027.16,2961.37,2968.21,1792448363,29905616050085,KOSPI
코스닥,20210106,987.25,990.88,977.37,981.39,1970013134,17425481962271,KOSDAQ
코스피,20210107,2980.75,3055.28,2980.75,3031.68,1522736460,27175213656772,KOSPI
코스닥,20210107,983.28,993.91,982.27,988.86,2242963374,18146391629841,KOSDAQ
코스피,20210108,3040.11,3161.11,3040.11,3152.18,1293634024,40891636730263,KOSPI
코스닥,20210108,990.70,995.22,978.12,987.79,2542389460,20240729075114,KOSDAQ
코스피,20210111,3161.90,3266.23,3096.19,3148.45,1707903605,44414035152257,KOSPI
코스닥,20210111,988.38,993.20,953.36,976.63,2185030559,20312672308656,KOSDAQ
코스피,20210112,3145.87,3154.79,3047.56,3125.95,1388626809,31398902897127,KOSPI
코스닥,20210112,977.14,982.46,956.72,973.72,1733712904,13899567432465,KOSDAQ
코스피,20210113,3128.26,3164.37,3109.63,3148.29,1577181898,24721940532034,KOSPI
코스닥,20210113,974.14,982.66,972.10,979.13,1625141641,12989055562548,KOSDAQ
코스피,20210114,3148.65,3159.03,3128.72,3149.93,1232499745,24120076186933,KOSPI
코스닥,20210114,979.10,980.29,973.63,980.29,1705945218,13859214482024,KOSDAQ
코스피,20210115,3153.84,3189.90,3085.90,3085.90,1330072875,23158146043947,KOSPI
코스닥,20210115,981.72,982.31,963.09,964.44,1792450801,14653275194279,KOSDAQ
코스피,20210118,3079.90,3079.90,3003.89,3013.93,1470508764,23180787726041,KOSPI
코스닥,20210118,963.18,967.05,940.11,944.67,1983220444,13759393151687,KOSDAQ
코스피,20210119,3013.05,3107.00,3011.32,3092.66,1351947829,24184944834155,KOSPI
코스닥,20210119,945.33,962.14,936.93,957.75,2083461905,13361087236210,KOSDAQ
코스피,20210120,3115.04,3145.01,3077.15,3114.55,1191105651,24621471752067,KOSPI
코스닥,20210120,959.52,978.88,959.52,977.66,2373591283,14439887008259,KOSDAQ
코스피,20210121,3123.27,3163.21,3123.27,3160.84,1358892698,25275084182491,KOSPI
코스닥,20210121,979.82,984.98,975.62,981.40,1966041222,13802847442512,KOSDAQ
코스피,20210122,3163.83,3185.26,3140.60,3140.63,1110004515,24300291238350,KOSPI
코스닥,20210122,982.20,984.67,975.05,979.98,2228382472,14929462086998,KOSDAQ
코스피,20210125,3144.01,3212.22,3142.80,3208.99,1090333928,21157448111747,KOSPI
코스닥,20210125,981.05,999.64,981.05,999.30,1827655449,13656123049091,KOSDAQ
코스피,20210126,3203.96,3209.18,3132.67,3140.31,869791522,21860194810923,KOSPI
코스닥,20210126,1000.00,1007.52,989.03,994.00,2623563568,16488721822358,KOSDAQ
코스피,20210127,3143.46,3182.53,3118.89,3122.56,922627680,20138214471237,KOSPI
코스닥,20210127,996.42,1000.75,984.37,985.92,2732797588,14934782003989,KOSDAQ
코스피,20210128,3114.98,3114.98,3046.64,3069.05,1308454423,22999057012900,KOSPI
코스닥,20210128,980.70,980.70,957.17,961.23,1926498515,13531931496895,KOSDAQ
코스피,20210129,3078.73,3100.22,2962.70,2976.21,993198332,24342277453709,KOSPI
코스닥,20210129,963.58,970.95,918.68,928.73,2170284693,14878970139002,KOSDAQ
코스피,20210201,2976.81,3056.87,2947.24,3056.53,963355361,20700971645689,KOSPI
코스닥,20210201,927.92,957.26,918.92,956.92,1534864704,10459521206462,KOSDAQ
코스피,20210202,3065.56,3138.95,3065.56,3096.81,884138039,19131531485286,KOSPI
코스닥,20210202,958.85,972.35,953.72,963.81,1921926273,11980133168670,KOSDAQ
코스피,20210203,3108.42,3142.26,3091.85,3129.68,899974606,22420660000837,KOSPI
코스닥,20210203,965.99,970.85,958.47,970.69,1899781312,12400466284024,KOSDAQ
코스피,20210204,3135.02,3135.02,3068.46,3087.55,1459913210,20644286188678,KOSPI
코스닥,20210204,970.93,970.95,958.05,964.58,2142945963,10383927705475,KOSDAQ
코스피,20210205,3098.49,3124.62,3081.78,3120.63,1151254064,18491192781011,KOSPI
코스닥,20210205,965.61,970.60,961.26,967.42,1972516626,10852301272617,KOSDAQ
코스피,20210208,3113.63,3128.54,3085.59,3091.24,1252714920,18389220920763,KOSPI
코스닥,20210208,966.94,968.03,956.93,960.78,2116731914,11065498787876,KOSDAQ
코스피,20210209,3102.25,3129.66,3084.67,3084.67,2117683934,17042132135965,KOSPI
코스닥,20210209,961.31,966.22,957.69,957.85,3141722552,11386711966501,KOSDAQ
코스피,20210210,3088.13,3111.88,3064.25,3100.58,2139064268,17708513737421,KOSPI
코스닥,20210210,958.45,964.66,951.21,964.31,2786784922,10825726471504,KOSDAQ
코스피,20210215,3108.70,3156.56,3108.70,3147.00,1596113077,16555085525665,KOSPI
코스닥,20210215,965.83,982.78,965.83,981.97,3010431693,13336617612994,KOSDAQ
코스피,20210216,3151.85,3180.94,3145.84,3163.25,1936784175,16860957546580,KOSPI
코스닥,20210216,982.81,987.89,974.30,977.74,2864245621,17698589900094,KOSDAQ
코스피,20210217,3162.95,3162.95,3115.48,3133.73,1780166841,16696860320187,KOSPI
코스닥,20210217,977.93,979.90,970.55,979.77,5020805847,17164304043991,KOSDAQ
코스피,20210218,3131.74,3140.40,3086.66,3086.66,1854818141,17954188347774,KOSPI
코스닥,20210218,980.01,981.83,967.42,967.42,4177183762,15907173763071,KOSDAQ
코스피,20210219,3089.96,3109.67,3040.28,3107.62,3445959962,19447148403830,KOSPI
코스닥,20210219,967.65,968.92,944.74,965.11,4325683818,14260731127948,KOSDAQ
코스피,20210222,3114.03,3142.48,3079.16,3079.75,1827385044,18092513276158,KOSPI
코스닥,20210222,965.55,969.96,953.48,954.29,2614238741,12915005803365,KOSDAQ
코스피,20210223,3069.26,3094.29,3035.46,3070.09,2349253099,17395876013511,KOSPI
코스닥,20210223,952.23,952.23,934.35,936.60,2822435209,14426795152924,KOSDAQ
코스피,20210224,3070.58,3092.05,2993.46,2994.98,1554769529,21331609254526,KOSPI
코스닥,20210224,936.80,944.71,906.31,906.31,3261086534,14735687440764,KOSDAQ
코스피,20210225,3026.47,3099.80,3026.47,3099.69,1268631108,16811491914269,KOSPI
코스닥,20210225,910.15,936.94,910.15,936.21,2351828742,13526920657514,KOSDAQ
코스피,20210226,3089.49,3089.49,2988.28,3012.95,1355408795,21323007960933,KOSPI
코스닥,20210226,930.54,930.54,904.18,913.94,2597995010,13679234675381,KOSDAQ
코스피,20210302,3021.68,3096.50,3020.74,3043.87,1746338907,18744440114296,KOSPI
코스닥,20210302,919.17,936.61,914.49,923.17,2674561230,11722349048215,KOSDAQ
코스피,20210303,3041.20,3083.04,3029.37,3082.99,2234137581,14650222806828,KOSPI
코스닥,20210303,922.52,930.86,920.07,930.80,3277990941,11095304566091,KOSDAQ
코스피,20210304,3076.88,3076.88,3022.54,3043.49,1276680125,17099652798942,KOSPI
코스닥,20210304,929.09,929.09,916.75,926.20,2326220062,11273036172212,KOSDAQ
코스피,20210305,3036.16,3036.98,2982.45,3026.26,1184491117,16701109792078,KOSPI
코스닥,20210305,923.32,924.42,907.41,923.48,2132108799,11411663822073,KOSDAQ
코스피,20210308,3031.99,3055.65,2992.64,2996.11,1926009520,15736247189162,KOSPI
코스닥,20210308,925.19,931.14,904.62,904.77,3199116516,11054989803852,KOSDAQ
코스피,20210309,2989.96,3000.49,2929.36,2976.12,1524473685,18120579695511,KOSPI
코스닥,20210309,904.04,904.04,877.73,896.36,3462925332,12457260371331,KOSDAQ
코스피,20210310,2980.76,3013.95,2951.53,2958.12,900534160,13433672564998,KOSPI
코스닥,20210310,900.19,911.04,890.07,890.07,2840202190,10922607252466,KOSDAQ
코스피,20210311,2964.30,3028.37,2964.30,3013.70,1344199403,15877622161874,KOSPI
코스닥,20210311,890.97,908.01,890.97,908.01,2402139038,10747193494754,KOSDAQ
코스피,20210312,3030.73,3061.43,3030.73,3054.39,1667246764,13071418230826,KOSPI
코스닥,20210312,910.41,925.90,910.41,925.49,2826288964,11339058317061,KOSDAQ
코스피,20210315,3057.06,3065.17,3036.14,3045.71,1160584187,12555319049069,KOSPI
코스닥,20210315,926.04,929.69,921.71,926.90,2323951182,9781219839802,KOSDAQ
코스피,20210316,3049.23,3071.54,3049.23,3067.17,1122560609,12904855362036,KOSPI
코스닥,20210316,928.17,941.00,928.17,940.65,3285622127,11954794425357,KOSDAQ
코스피,20210317,3067.76,3069.57,3027.20,3047.50,813465837,13902724319190,KOSPI
코스닥,20210317,941.20,943.78,935.11,943.78,2667759148,11524777469898,KOSDAQ
코스피,20210318,3054.93,3090.19,3054.93,3066.01,1224503585,14871480376119,KOSPI
코스닥,20210318,945.11,953.10,945.11,949.83,1989341370,10685957902061,KOSDAQ
코스피,20210319,3063.01,3063.01,3022.49,3039.53,1065970619,16269593461431,KOSPI
코스닥,20210319,946.61,953.06,935.27,952.11,1639851526,9496918725985,KOSDAQ
코스피,20210322,3040.01,3048.11,3019.60,3035.46,914579168,13324071743275,KOSPI
코스닥,20210322,953.04,957.52,948.77,955.38,1757356095,10416040652061,KOSDAQ
코스피,20210323,3038.25,3058.79,3003.05,3004.74,1328716044,16127665870238,KOSPI
코스닥,20210323,956.10,962.65,945.97,946.31,2010469334,10647049704596,KOSDAQ
코스피,20210324,2996.32,3006.54,2971.04,2996.35,977222518,13377722928028,KOSPI
코스닥,20210324,946.23,954.20,939.19,953.82,1714362390,10694670751333,KOSDAQ
코스피,20210325,2995.67,3024.63,2987.83,3008.33,939370165,13417129568567,KOSPI
코스닥,20210325,953.26,955.24,948.34,954.99,1737007380,10510660101456,KOSDAQ
코스피,20210326,3012.79,3041.86,3012.79,3041.01,1034616712,15814116644558,KOSPI
코스닥,20210326,955.68,959.46,951.13,956.70,2101622464,9783834384382,KOSDAQ
코스피,20210329,3047.71,3054.21,3025.39,3036.04,1287046954,16711873619063,KOSPI
코스닥,20210329,956.88,961.73,952.22,954.10,2367038173,10217398179461,KOSDAQ
코스피,20210330,3038.44,3074.57,3038.44,3070.00,1021740237,14127556185066,KOSPI
코스닥,20210330,954.54,959.88,954.54,958.06,2007838094,10829744062351,KOSDAQ
코스피,20210331,3073.39,3093.89,3061.40,3061.42,1145935305,14519703012453,KOSPI
코스닥,20210331,958.38,961.02,954.17,956.17,1834618735,11093971224575,KOSDAQ
코스피,20210401,3073.77,3090.88,3069.68,3087.40,921328752,14023234018215,KOSPI
코스닥,20210401,956.87,965.81,954.93,965.78,1990457509,11495698811408,KOSDAQ
코스피,20210402,3104.72,3121.58,3101.60,3112.80,790298977,13427148569121,KOSPI
코스닥,20210402,967.56,971.17,966.34,970.09,2306154025,12388822495476,KOSDAQ
코스피,20210405,3121.23,3127.20,3101.86,3120.83,1083575556,12992023778097,KOSPI
코스닥,20210405,971.04,973.57,966.52,969.77,1905711486,10838474613698,KOSDAQ
코스피,20210406,3123.80,3139.29,3110.19,3127.08,1277818030,13655086697366,KOSPI
코스닥,20210406,971.11,974.14,964.62,968.63,2392844635,12431496667236,KOSDAQ
코스피,20210407,3129.07,3146.19,3125.33,3137.41,1983822418,14473400242925,KOSPI
코스닥,20210407,969.30,974.11,968.35,973.22,2029092656,11516065770656,KOSDAQ
코스피,20210408,3137.25,3145.81,3122.09,3143.26,1356465695,17069627972939,KOSPI
코스닥,20210408,974.14,982.04,969.53,982.02,1891805231,12441966465285,KOSDAQ
코스피,20210409,3146.51,3156.04,3125.24,3131.88,1820839001,15038516805192,KOSPI
코스닥,20210409,983.40,991.17,983.40,989.39,1573501416,10977945529231,KOSDAQ
코스피,20210412,3134.88,3147.27,3127.91,3135.59,1047525277,13268281123930,KOSPI
코스닥,20210412,992.31,1000.78,990.32,1000.65,1891875668,11720017041507,KOSDAQ
코스피,20210413,3138.21,3173.26,3136.99,3169.08,1740239970,16342010119310,KOSPI
코스닥,20210413,1001.00,1010.80,1001.00,1010.37,3632898285,14399965365179,KOSDAQ
코스피,20210414,3169.95,3188.32,3162.12,3182.38,1775174727,15536173298237,KOSPI
코스닥,20210414,1011.35,1016.06,1009.34,1014.42,3157364518,12858785227269,KOSDAQ
코스피,20210415,3180.73,3204.48,3178.99,3194.33,1310121700,17593497106160,KOSPI
코스닥,20210415,1014.34,1014.72,1008.80,1013.90,2593055471,13039877678875,KOSDAQ
코스피,20210416,3194.08,3206.76,3185.67,3198.62,978905355,15348734994907,KOSPI
코스닥,20210416,1015.71,1022.36,1014.40,1021.62,1971921495,12597095299665,KOSDAQ
코스피,20210419,3201.11,3214.45,3193.40,3198.84,1058952403,15344666693510,KOSPI
코스닥,20210419,1022.06,1032.64,1020.58,1029.46,1960733863,12446204895840,KOSDAQ
코스피,20210420,3198.31,3220.82,3195.96,3220.70,1287056945,14434382579628,KOSPI
코스닥,20210420,1029.18,1031.90,1025.48,1031.88,1743666590,11454295778300,KOSDAQ
코스피,20210421,3214.24,3214.24,3165.49,3171.66,1765533252,16879778185787,KOSPI
코스닥,20210421,1031.26,1031.26,1019.59,1022.22,2838242770,12492976599656,KOSDAQ
코스피,20210422,3174.52,3196.97,3174.52,3177.52,1744533028,14580558530029,KOSPI
코스닥,20210422,1023.65,1029.80,1023.43,1025.71,3954786140,13651321591364,KOSDAQ
코스피,20210423,3173.47,3188.70,3146.54,3186.10,2250024967,15523519248973,KOSPI
코스닥,20210423,1024.29,1029.79,1018.87,1026.82,4062766185,13573060997288,KOSDAQ
코스피,20210426,3191.34,3217.53,3191.34,3217.53,1296287488,15696320517538,KOSPI
코스닥,20210426,1027.40,1030.60,1025.73,1030.06,2893126387,13159257686997,KOSDAQ
코스피,20210427,3218.30,3223.05,3203.25,3215.42,1532880667,17144525377940,KOSPI
코스닥,20210427,1030.29,1031.95,1019.81,1021.01,3337903217,13030556801096,KOSDAQ
코스피,20210428,3217.21,3219.69,3176.55,3181.47,1408078170,18228632668513,KOSPI
코스닥,20210428,1021.13,1021.13,995.96,998.27,3031060735,13515030828333,KOSDAQ
코스피,20210429,3184.75,3200.41,3161.06,3174.07,1221243503,19101151403615,KOSPI
코스닥,20210429,999.01,1004.57,983.73,990.69,1883867675,10876606811234,KOSDAQ
코스피,20210430,3176.43,3179.43,3143.38,3147.86,1358201070,19175120943320,KOSPI
코스닥,20210430,991.08,995.74,975.66,983.45,1421139302,9338200323575,KOSDAQ
코스피,20210503,3149.05,3174.26,3120.70,3127.20,1040309637,16956346623524,KOSPI
코스닥,20210503,982.97,986.20,961.30,961.81,1440111574,9039801487056,KOSDAQ
코스피,20210504,3131.39,3147.38,3109.78,3147.37,1282849786,15941338700138,KOSPI
코스닥,20210504,961.32,967.68,944.15,967.20,1520888298,9570255395516,KOSDAQ
코스피,20210506,3147.72,3178.74,3133.64,3178.74,1238575930,16612071560409,KOSPI
코스닥,20210506,966.62,971.65,961.16,969.99,1128814295,7348578675810,KOSDAQ
코스피,20210507,3179.63,3205.11,3179.63,3197.20,988943712,15194274576823,KOSPI
코스닥,20210507,970.96,981.04,970.96,978.30,1245167467,8158266454847,KOSDAQ
코스피,20210510,3201.46,3255.90,3201.46,3249.30,1010179223,17172083006645,KOSPI
코스닥,20210510,979.38,993.06,979.38,992.80,1305116027,9077599490970,KOSDAQ
코스피,20210511,3239.92,3239.92,3192.25,3209.43,1095734106,21865498666076,KOSPI
코스닥,20210511,991.41,991.41,974.10,978.61,1395067228,8928533334676,KOSDAQ
코스피,20210512,3209.36,3212.83,3138.04,3161.66,1423186535,22446534828959,KOSPI
코스닥,20210512,978.27,979.99,958.57,967.10,1957082596,10891392829812,KOSDAQ
코스피,20210513,3146.97,3161.93,3103.88,3122.11,1094869131,21043859646116,KOSPI
코스닥,20210513,963.31,965.27,948.04,951.77,1426901563,10313092169385,KOSDAQ
코스피,20210514,3131.35,3162.31,3131.35,3153.32,835596448,14485141459681,KOSPI
코스닥,20210514,953.91,967.18,953.91,966.72,1553451281,9741160518612,KOSDAQ
코스피,20210517,3163.21,3173.01,3121.32,3134.52,770734006,14541579885192,KOSPI
코스닥,20210517,968.02,973.35,958.64,962.50,1445956455,10061552011204,KOSDAQ
코스피,20210518,3135.38,3176.40,3135.38,3173.05,785445004,13887127106797,KOSPI
코스닥,20210518,962.83,969.79,959.98,969.10,1409286984,9918885164331,KOSDAQ
코스피,20210520,3174.53,3174.53,3140.48,3162.28,773606360,13707139615337,KOSPI
코스닥,20210520,968.35,971.62,962.78,971.13,1519982810,8625513576329,KOSDAQ
코스피,20210521,3171.91,3198.01,3149.46,3156.42,796762792,14781529840608,KOSPI
코스닥,20210521,972.30,979.37,965.55,965.63,1520238802,9409547297857,KOSDAQ
코스피,20210524,3155.91,3163.27,3137.81,3144.30,587458413,11594289060987,KOSPI
코스닥,20210524,965.23,965.23,948.37,948.37,1506555311,9499224795032,KOSDAQ
코스피,20210525,3152.93,3173.10,3148.30,3171.32,612653690,11722443527458,KOSPI
코스닥,20210525,949.78,963.40,949.78,962.07,1666153533,9408249226538,KOSDAQ
코스피,20210526,3171.91,3183.97,3160.30,3168.43,1268963185,13147626934369,KOSPI
코스닥,20210526,962.69,967.49,962.69,966.06,1920865608,9547474763204,KOSDAQ
코스피,20210527,3170.84,3173.86,3142.37,3165.51,1081124290,20662346905284,KOSPI
코스닥,20210527,967.01,974.29,960.64,974.08,1829463375,9768393658515,KOSDAQ
코스피,20210528,3172.09,3198.66,3171.85,3188.73,965956598,13526576687702,KOSPI
코스닥,20210528,974.55,979.59,973.76,977.46,1511650036,8672715331205,KOSDAQ
코스피,20210531,3192.06,3204.29,3179.87,3203.92,1123079172,14010602449444,KOSPI
코스닥,20210531,979.00,983.41,979.00,981.78,1618367269,8978792994106,KOSDAQ
코스피,20210601,3207.12,3233.17,3199.18,3221.87,1471799088,15259401235177,KOSPI
코스닥,20210601,982.25,984.61,979.13,984.59,1624534130,9140256323864,KOSDAQ
코스피,20210602,3224.40,3241.07,3216.10,3224.23,1495233589,17735046789188,KOSPI
코스닥,20210602,985.50,986.00,977.74,981.10,1543725844,9538665085558,KOSDAQ
코스피,20210603,3224.96,3258.50,3224.96,3247.43,1584045149,16884599306892,KOSPI
코스닥,20210603,981.52,992.01,981.52,990.19,1576609728,8789887315283,KOSDAQ
코스피,20210604,3246.17,3246.19,3218.67,3240.08,1391819311,16044863567149,KOSPI
코스닥,20210604,990.16,990.16,983.02,987.58,2074331136,9835775127580,KOSDAQ
코스피,20210607,3244.59,3264.41,3233.40,3252.12,1731914633,19012874422800,KOSPI
코스닥,20210607,989.16,993.06,982.14,985.86,1877396130,9536191604677,KOSDAQ
코스피,20210608,3251.83,3264.67,3242.56,3247.83,1950610875,19342593348520,KOSPI
코스닥,20210608,986.43,988.35,982.75,986.12,1806588521,10541795612190,KOSDAQ
코스피,20210609,3245.08,3246.49,3216.18,3216.18,1964457237,17159416417433,KOSPI
코스닥,20210609,986.59,989.15,978.79,978.79,1635537194,10648274635056,KOSDAQ
코스피,20210610,3216.94,3235.39,3210.31,3224.64,1896179921,19161693000166,KOSPI
코스닥,20210610,979.52,993.08,979.47,987.77,1760239969,11101888995881,KOSDAQ
코스피,20210611,3226.98,3251.58,3226.98,3249.32,1643828233,17945342666455,KOSPI
코스닥,20210611,989.39,993.90,989.15,991.13,1465981901,9262738579144,KOSDAQ
코스피,20210614,3249.60,3254.49,3238.51,3252.13,1663863567,15256415163753,KOSPI
코스닥,20210614,992.80,998.85,991.93,997.41,1369572754,8591478139934,KOSDAQ
코스피,20210615,3253.17,3262.80,3247.90,3258.63,1733938770,14833298604139,KOSPI
코스닥,20210615,998.05,999.53,993.64,997.37,1612118684,9231547974088,KOSDAQ
코스피,20210616,3259.06,3281.96,3256.68,3278.68,2345196886,16292374802361,KOSPI
코스닥,20210616,997.68,1000.43,995.35,998.49,1382151960,8381274749414,KOSDAQ
코스피,20210617,3276.20,3276.20,3251.32,3264.96,1848248165,14666613783184,KOSPI
코스닥,20210617,998.27,1004.70,994.76,1003.72,1668940318,9978319639876,KOSDAQ
코스피,20210618,3265.68,3275.76,3262.58,3267.93,1626449145,17468039797413,KOSPI
코스닥,20210618,1004.57,1016.33,1004.57,1015.88,1815676111,11583047558646,KOSDAQ
코스피,20210621,3264.18,3264.18,3225.56,3240.79,1508136969,17283693965330,KOSPI
코스닥,20210621,1014.59,1014.59,1006.83,1010.99,1477213000,10874621376952,KOSDAQ
코스피,20210622,3245.79,3267.63,3245.79,3263.88,1666251234,15504606497643,KOSPI
코스닥,20210622,1012.01,1016.70,1008.11,1011.56,1593426188,11302184292539,KOSDAQ
코스피,20210623,3265.73,3281.88,3263.07,3276.19,1068287850,17847639641124,KOSPI
코스닥,20210623,1012.78,1020.85,1012.78,1016.46,1827405858,14991979001097,KOSDAQ
코스피,20210624,3281.47,3292.27,3277.85,3286.10,1300319810,21406110047264,KOSPI
코스닥,20210624,1017.11,1019.35,1010.18,1012.62,1732324619,12563219884740,KOSDAQ
코스피,20210625,3289.18,3316.08,3289.18,3302.84,1197626717,18608357762643,KOSPI
코스닥,20210625,1013.97,1018.98,1011.31,1012.13,1304106525,9276769078955,KOSDAQ
코스피,20210628,3305.46,3311.69,3291.30,3301.89,1427427753,13764008462062,KOSPI
코스닥,20210628,1013.47,1018.76,1013.47,1017.91,1540753731,9597409166570,KOSDAQ
코스피,20210629,3305.26,3305.42,3276.63,3286.68,1211796970,15474308749528,KOSPI
코스닥,20210629,1019.64,1026.83,1019.28,1022.52,2045474921,11767000406672,KOSDAQ
코스피,20210630,3288.63,3305.73,3288.63,3296.68,1608930294,15604901130619,KOSPI
코스닥,20210630,1023.74,1030.94,1023.74,1029.96,2062169636,10312137362150,KOSDAQ
코스피,20210701,3297.92,3300.12,3278.10,3282.06,1157719992,16051591516501,KOSPI
코스닥,20210701,1030.48,1036.47,1028.48,1035.64,1667254665,11077500080713,KOSDAQ
코스피,20210702,3282.81,3295.68,3278.19,3281.78,1019376689,15425744313645,KOSPI
코스닥,20210702,1036.28,1038.54,1033.94,1038.18,1672343503,12241014051710,KOSDAQ
코스피,20210705,3285.29,3298.93,3285.29,3293.21,849666854,14514716500117,KOSPI
코스닥,20210705,1039.79,1048.16,1039.79,1047.33,1721647841,13728723763139,KOSDAQ
코스피,20210706,3295.44,3313.51,3295.44,3305.21,1028833844,14675407293570,KOSPI
코스닥,20210706,1047.60,1049.24,1043.51,1044.96,1943449303,11944985584295,KOSDAQ
코스피,20210707,3303.59,3303.59,3277.66,3285.34,1146755210,14492096011307,KOSPI
코스닥,20210707,1045.00,1050.31,1042.42,1047.36,1652610623,13039021512915,KOSDAQ
코스피,20210708,3287.68,3295.71,3252.41,3252.68,1515221569,16856460255344,KOSPI
코스닥,20210708,1047.96,1049.95,1028.14,1034.48,1831005378,14697458312232,KOSDAQ
코스피,20210709,3245.52,3245.52,3188.80,3217.95,1307520354,16459098455571,KOSPI
코스닥,20210709,1031.78,1031.78,1013.91,1028.93,2161729588,15745432611834,KOSDAQ
코스피,20210712,3227.51,3251.45,3227.51,3246.47,1134619398,11274425700555,KOSPI
코스닥,20210712,1030.36,1037.01,1030.36,1034.64,1704058380,10415962482932,KOSDAQ
코스피,20210713,3253.24,3273.90,3253.24,3271.38,1149511874,13482370504305,KOSPI
코스닥,20210713,1035.68,1044.64,1035.68,1043.31,1692023643,12714881852837,KOSDAQ
코스피,20210714,3270.09,3270.09,3250.45,3264.81,908326167,12978848926522,KOSPI
코스닥,20210714,1043.50,1045.45,1038.68,1044.98,1703613629,12816159314091,KOSDAQ
코스피,20210715,3269.33,3286.58,3263.09,3286.22,1171877932,13674568354075,KOSPI
코스닥,20210715,1046.57,1055.82,1046.57,1054.31,2045911544,14604514199441,KOSDAQ
코스피,20210716,3282.89,3282.89,3259.32,3276.91,1066137175,14774926677628,KOSPI
코스닥,20210716,1053.85,1053.95,1044.70,1051.98,1707429100,11847607171715,KOSDAQ
코스피,20210719,3258.87,3258.87,3236.39,3244.04,1095118663,12850085278734,KOSPI
코스닥,20210719,1049.51,1051.45,1046.90,1049.83,1386380922,11406774980246,KOSDAQ
코스피,20210720,3223.24,3234.80,3214.42,3232.70,979282315,15286553195445,KOSPI
코스닥,20210720,1040.99,1049.20,1036.14,1043.64,1634059073,13115824309819,KOSDAQ
코스피,20210721,3251.13,3252.25,3215.91,3215.91,989751473,14853663453471,KOSPI
코스닥,20210721,1051.73,1051.95,1041.44,1042.03,1310933886,11992970403880,KOSDAQ
코스피,20210722,3235.17,3253.75,3235.17,3250.21,712368847,13031405902049,KOSPI
코스닥,20210722,1046.51,1051.94,1046.51,1050.25,1610993581,13625701259095,KOSDAQ
코스피,20210723,3253.44,3264.01,3246.09,3254.42,804640675,13203574350764,KOSPI
코스닥,20210723,1053.01,1059.18,1053.01,1055.50,1377832488,11407097328199,KOSDAQ
코스피,20210726,3265.99,3265.99,3224.95,3224.95,825713713,12207944551775,KOSPI
코스닥,20210726,1059.91,1060.21,1045.27,1047.63,1258171612,11500821249284,KOSDAQ
코스피,20210727,3244.43,3252.85,3230.75,3232.53,991564680,12341894038644,KOSPI
코스닥,20210727,1050.87,1053.46,1045.66,1046.55,1540933520,11722438610571,KOSDAQ
코스피,20210728,3226.06,3243.21,3210.90,3236.86,868170206,11973502349908,KOSPI
코스닥,20210728,1043.19,1048.78,1030.04,1035.68,1407247638,11627865226313,KOSDAQ
코스피,20210729,3248.49,3252.26,3232.50,3242.65,694522956,10487014073756,KOSPI
코스닥,20210729,1040.45,1044.79,1039.26,1044.13,1199345371,10201619758743,KOSDAQ
코스피,20210730,3234.37,3234.66,3202.32,3202.32,687484407,12801432029373,KOSPI
코스닥,20210730,1044.28,1044.36,1029.19,1031.14,1330371418,10819084756995,KOSDAQ
코스피,20210802,3218.42,3223.04,3194.00,3223.04,560765868,10234630301320,KOSPI
코스닥,20210802,1033.17,1038.49,1029.26,1037.80,1187771159,9504306526101,KOSDAQ
코스피,20210803,3221.57,3237.14,3213.20,3237.14,653208072,12487223926394,KOSPI
코스닥,20210803,1038.91,1041.76,1029.05,1036.11,1495981535,11457053714596,KOSDAQ
코스피,20210804,3246.65,3283.14,3237.55,3280.38,631950790,12351762899866,KOSPI
코스닥,20210804,1038.96,1047.93,1035.98,1047.93,1473007834,11827089789440,KOSDAQ
코스피,20210805,3283.25,3296.17,3273.33,3276.13,680032194,11852924508783,KOSPI
코스닥,20210805,1050.45,1060.14,1050.32,1059.54,1367635350,11835631934089,KOSDAQ
코스피,20210806,3277.06,3288.17,3261.93,3270.36,939859213,15409940104220,KOSPI
코스닥,20210806,1061.32,1062.03,1055.64,1059.80,1340888360,10168698335540,KOSDAQ
코스피,20210809,3258.10,3275.15,3251.74,3260.42,706510953,15701910900826,KOSPI
코스닥,20210809,1059.29,1061.78,1054.58,1060.00,1346361629,13575681473204,KOSDAQ
코스피,20210810,3272.44,3272.44,3232.46,3243.19,729020545,21620852149242,KOSPI
코스닥,20210810,1060.90,1060.90,1048.98,1052.07,1681274505,12939564400290,KOSDAQ
코스피,20210811,3235.36,3250.21,3217.65,3220.62,616745990,19154527955415,KOSPI
코스닥,20210811,1050.48,1057.03,1048.70,1051.92,1300127693,12689408042634,KOSDAQ
코스피,20210812,3213.58,3229.59,3202.11,3208.38,642608945,20390428084679,KOSPI
코스닥,20210812,1054.16,1058.41,1052.21,1054.09,1082520945,12644597728215,KOSDAQ
코스피,20210813,3205.75,3209.72,3146.76,3171.29,695645244,20187391287255,KOSPI
코스닥,20210813,1054.28,1054.46,1024.48,1040.78,1360261918,13005729808448,KOSDAQ
코스피,20210817,3169.74,3179.49,3134.48,3143.09,689957059,22224231319202,KOSPI
코스닥,20210817,1039.66,1039.66,1009.21,1011.05,1164081046,12217179437052,KOSDAQ
코스피,20210818,3141.98,3175.88,3124.56,3158.93,622145486,16739922379864,KOSPI
코스닥,20210818,1006.80,1022.09,999.26,1021.08,1077145145,11542856664554,KOSDAQ
코스피,20210819,3140.01,3158.00,3097.83,3097.83,654993699,17158937488011,KOSPI
코스닥,20210819,1013.93,1022.77,991.13,991.15,1388419790,12057195483484,KOSDAQ
코스피,20210820,3111.10,3122.09,3049.03,3060.51,671198152,16440422912575,KOSPI
코스닥,20210820,997.02,1000.67,964.02,967.90,1252873409,12128161156642,KOSDAQ
코스피,20210823,3086.81,3111.81,3064.65,3090.21,570415515,13413625987951,KOSPI
코스닥,20210823,977.87,996.23,969.48,993.18,939645193,10221925745771,KOSDAQ
코스피,20210824,3119.70,3142.58,3115.23,3138.30,577019992,14902466332174,KOSPI
코스닥,20210824,1002.19,1015.09,1000.72,1013.18,1292753516,12239471240024,KOSDAQ
코스피,20210825,3148.13,3161.00,3124.25,3146.81,600377255,13260964410543,KOSPI
코스닥,20210825,1017.96,1017.96,1006.98,1017.78,1208067093,10752985168755,KOSDAQ
코스피,20210826,3151.30,3159.37,3121.04,3128.53,725995338,13316681943554,KOSPI
코스닥,20210826,1020.85,1026.26,1015.91,1020.44,1021771561,11106084529043,KOSDAQ
코스피,20210827,3116.29,3143.01,3106.97,3133.90,519755135,11027523467465,KOSPI
코스닥,20210827,1017.36,1027.26,1014.10,1023.51,1268773389,11343542468268,KOSDAQ
코스피,20210830,3160.87,3164.87,3132.77,3144.19,601979767,11748470717304,KOSPI
코스닥,20210830,1030.65,1035.77,1027.84,1031.84,1167676232,12164513638819,KOSDAQ
코스피,20210831,3144.49,3199.89,3130.30,3199.27,660524954,15853431226235,KOSPI
코스닥,20210831,1032.77,1038.33,1026.36,1038.33,1198235775,13556383565672,KOSDAQ
코스피,20210901,3195.67,3215.13,3185.80,3207.02,745863963,13524809183929,KOSPI
코스닥,20210901,1038.09,1046.00,1035.09,1045.98,1128433562,11988872281984,KOSDAQ
코스피,20210902,3198.03,3204.01,3171.78,3175.85,753906602,15248705808284,KOSPI
코스닥,20210902,1048.15,1048.20,1042.36,1047.19,1253150801,11375154419935,KOSDAQ
코스피,20210903,3189.71,3203.08,3181.64,3201.06,638262773,12996082542930,KOSPI
코스닥,20210903,1049.81,1054.53,1047.12,1053.85,1423961318,12067708354537,KOSDAQ
코스피,20210906,3196.30,3206.25,3186.79,3203.33,724314743,12247921691664,KOSPI
코스닥,20210906,1056.30,1056.30,1049.27,1052.96,1323780305,10856122211560,KOSDAQ
코스피,20210907,3200.07,3201.76,3176.81,3187.42,758727406,11894705112919,KOSPI
코스닥,20210907,1054.03,1054.76,1049.80,1054.43,1555668116,11878151531249,KOSDAQ
코스피,20210908,3178.74,3187.55,3157.07,3162.99,858542550,17262959933738,KOSPI
코스닥,20210908,1053.46,1053.46,1037.22,1037.22,1470629784,11462068315810,KOSDAQ
코스피,20210909,3146.64,3158.60,3111.49,3114.70,926407350,17761273870998,KOSPI
코스닥,20210909,1033.97,1042.04,1027.64,1034.62,1399937696,11086645868893,KOSDAQ
코스피,20210910,3121.09,3131.54,3103.38,3125.76,721771056,13525476483977,KOSPI
코스닥,20210910,1035.86,1039.73,1026.97,1037.91,1351198649,11296730161556,KOSDAQ
코스피,20210913,3117.35,3139.13,3109.01,3127.86,731205240,13479566855749,KOSPI
코스닥,20210913,1036.86,1037.50,1023.98,1026.34,1250225154,11261282182958,KOSDAQ
코스피,20210914,3137.32,3164.31,3137.32,3148.83,712386476,15766883846716,KOSPI
코스닥,20210914,1029.57,1038.94,1028.40,1037.74,1142184055,10809208921548,KOSDAQ
코스피,20210915,3147.21,3164.01,3138.80,3153.40,615232074,12123023177057,KOSPI
코스닥,20210915,1039.57,1044.26,1038.80,1042.79,1421732794,10944313594737,KOSDAQ
코스피,20210916,3165.38,3167.68,3126.65,3130.09,612043167,12238427252770,KOSPI
코스닥,20210916,1047.85,1048.37,1037.72,1039.43,1120179293,9800258584224,KOSDAQ
코스피,20210917,3127.75,3142.13,3112.51,3140.51,587487378,14886293880234,KOSPI
코스닥,20210917,1040.73,1046.13,1033.69,1046.12,1155000563,9995853484652,KOSDAQ
코스피,20210923,3123.64,3131.63,3107.98,3127.58,623019146,13989499724045,KOSPI
코스닥,20210923,1040.38,1043.58,1036.25,1036.26,947753377,8717613671321,KOSDAQ
코스피,20210924,3140.73,3146.86,3119.40,3125.24,752790470,12550578639564,KOSPI
코스닥,20210924,1040.43,1045.21,1034.80,1037.03,1270833950,11472683577053,KOSDAQ
코스피,20210927,3121.70,3146.35,3119.26,3133.64,882623772,12253527368007,KOSPI
코스닥,20210927,1037.21,1039.63,1031.93,1034.82,1035377895,9354229516475,KOSDAQ
코스피,20210928,3133.40,3134.46,3095.72,3097.92,894135127,14640562022468,KOSPI
코스닥,20210928,1034.04,1034.07,1012.51,1012.51,1384835320,11016385348123,KOSDAQ
코스피,20210929,3055.50,3069.04,3030.60,3060.27,820686093,15121291745400,KOSPI
코스닥,20210929,994.61,1004.85,989.07,1001.46,1304829037,10195533012990,KOSDAQ
코스피,20210930,3054.87,3079.43,3046.43,3068.82,885369367,14934565929032,KOSPI
코스닥,20210930,1001.92,1010.03,999.58,1003.27,1283500525,10352698590563,KOSDAQ
코스피,20211001,3056.21,3062.60,3015.01,3019.18,854830132,12931179432962,KOSPI
코스닥,20211001,998.70,1002.68,982.26,983.20,1361714817,11748851772643,KOSDAQ
코스피,20211005,2998.17,2998.17,2940.59,2962.17,839438551,15294536548455,KOSPI
코스닥,20211005,974.24,974.24,950.09,955.37,1335689006,11627134750218,KOSDAQ
코스피,20211006,2986.06,2993.47,2908.30,2908.31,900475033,15645751498582,KOSPI
코스닥,20211006,962.62,967.67,922.36,922.36,1631738980,13238365808944,KOSDAQ
코스피,20211007,2936.87,2961.53,2927.60,2959.46,594634981,11893341098850,KOSPI
코스닥,20211007,932.65,953.48,932.32,953.43,1346719381,10668321691485,KOSDAQ
코스피,20211008,2977.82,2978.08,2949.01,2956.30,668190931,12621180536930,KOSPI
코스닥,20211008,959.81,961.72,948.02,953.11,1332364126,11153428208837,KOSDAQ
코스피,20211012,2950.22,2950.94,2901.51,2916.38,659643221,12759721124993,KOSPI
코스닥,20211012,951.12,951.12,936.95,940.15,1090666655,8539764423999,KOSDAQ
코스피,20211013,2913.34,2953.33,2909.47,2944.41,751638961,12287753459787,KOSPI
코스닥,20211013,939.40,954.63,939.28,953.47,1033754209,9313598145462,KOSDAQ
코스피,20211014,2968.87,2988.97,2962.33,2988.64,616611790,12057597202707,KOSPI
코스닥,20211014,960.58,983.63,960.52,983.43,1174804485,11070030997597,KOSDAQ
코스피,20211015,3012.62,3021.90,2999.33,3015.06,857253536,12534155888702,KOSPI
코스닥,20211015,990.24,992.16,981.83,990.54,1354918019,11742734898624,KOSDAQ
코스피,20211018,3017.48,3021.17,2990.44,3006.68,926011225,10643652370406,KOSPI
코스닥,20211018,992.57,997.92,985.14,993.86,1179172028,9719604811786,KOSDAQ
코스피,20211019,3022.23,3034.53,3014.19,3029.04,845356556,10107366600502,KOSPI
코스닥,20211019,997.57,1005.35,997.10,1005.35,1331797666,11831811005521,KOSDAQ
코스피,20211020,3043.13,3047.24,3012.97,3013.13,679894846,11171249626120,KOSPI
코스닥,20211020,1009.11,1011.55,1001.10,1001.62,1507461624,11717416863582,KOSDAQ
코스피,20211021,3012.28,3025.88,3002.74,3007.33,887002187,10566746512522,KOSPI
코스닥,20211021,1003.48,1004.61,992.04,993.70,1547219660,11762131750628,KOSDAQ
코스피,20211022,3005.36,3018.70,2996.26,3006.16,694953883,9042068103190,KOSPI
코스닥,20211022,992.22,1000.15,989.43,995.07,1045579933,10580379542024,KOSDAQ
코스피,20211025,3001.10,3025.27,2983.29,3020.54,791460784,10484365657776,KOSPI
코스닥,20211025,994.75,995.39,986.55,994.31,978284112,8666658587550,KOSDAQ
코스피,20211026,3039.82,3051.65,3030.53,3049.08,564081008,9507270658362,KOSPI
코스닥,20211026,1000.32,1011.76,1000.29,1011.76,1203450255,9910609858287,KOSDAQ
코스피,20211027,3045.83,3049.02,3019.00,3025.49,607535783,10216152791891,KOSPI
코스닥,20211027,1012.91,1013.17,1006.03,1008.95,1243642381,11171668549693,KOSDAQ
코스피,20211028,3023.17,3034.42,3009.55,3009.55,616912067,12363575078072,KOSPI
코스닥,20211028,1008.93,1011.50,999.59,1000.13,1272086653,11344939151302,KOSDAQ
코스피,20211029,3025.67,3030.17,2965.40,2970.68,545311254,11026983923416,KOSPI
코스닥,20211029,1004.91,1005.19,991.03,992.33,1302520665,10350560751176,KOSDAQ
코스피,20211101,2984.18,2991.81,2976.87,2978.94,475015232,9406427216194,KOSPI
코스닥,20211101,995.56,1001.25,994.28,998.57,1157859403,10901593693626,KOSDAQ
코스피,20211102,2995.58,3034.30,2995.58,3013.49,525429116,9658467533277,KOSPI
코스닥,20211102,1000.96,1012.20,1000.96,1009.44,1380197548,10775419964575,KOSDAQ
코스피,20211103,3020.36,3020.87,2969.01,2975.71,658331550,12433805004245,KOSPI
코스닥,20211103,1011.20,1013.68,1003.66,1005.00,1085387457,10178975354013,KOSDAQ
코스피,20211104,3000.92,3011.56,2978.07,2983.22,771670983,14653421331222,KOSPI
코스닥,20211104,1012.62,1015.72,995.73,1001.43,1183671257,11249011626966,KOSDAQ
코스피,20211105,3003.53,3003.53,2953.96,2969.27,687426350,12661330522212,KOSPI
코스닥,20211105,1006.04,1006.04,995.35,1001.35,1230924506,11174096678857,KOSDAQ
코스피,20211108,2965.36,2968.18,2930.90,2960.20,559589077,10378935324113,KOSPI
코스닥,20211108,999.08,1003.18,988.36,1002.50,1234203561,10299200729427,KOSDAQ
코스피,20211109,2958.15,2987.28,2949.17,2962.46,707753576,9671139613164,KOSPI
코스닥,20211109,1002.51,1010.79,1002.51,1008.68,1223573082,11472861674092,KOSDAQ
코스피,20211110,2947.46,2958.61,2924.36,2930.17,567346208,9640181478578,KOSPI
코스닥,20211110,1006.59,1006.90,983.82,987.75,1433888021,14209599552808,KOSDAQ
코스피,20211111,2911.41,2925.19,2903.72,2924.92,571939703,13458844372638,KOSPI
코스닥,20211111,981.42,994.69,979.68,992.65,1091558395,12845232363492,KOSDAQ
코스피,20211112,2945.95,2973.84,2938.27,2968.80,665004026,12465906158618,KOSPI
코스닥,20211112,999.29,1009.15,998.14,1009.07,831973575,11828472733283,KOSDAQ
코스피,20211115,2989.68,3003.71,2979.96,2999.52,638859555,11396788864817,KOSPI
코스닥,20211115,1016.35,1029.07,1016.16,1029.03,910928526,11601736316535,KOSDAQ
코스피,20211116,2995.68,3011.88,2985.34,2997.21,579011331,11092617545885,KOSPI
코스닥,20211116,1029.35,1035.98,1027.07,1035.46,967491171,13348932534426,KOSDAQ
코스피,20211117,3004.02,3004.67,2957.70,2962.42,540655078,10653140560775,KOSPI
코스닥,20211117,1039.36,1039.36,1028.02,1031.26,1395813935,16074692959597,KOSDAQ
코스피,20211118,2959.26,2964.48,2937.53,2947.38,541131198,10113516184703,KOSPI
코스닥,20211118,1033.16,1034.51,1018.13,1032.77,1453453661,14842033191565,KOSDAQ
코스피,20211119,2951.06,2974.64,2948.07,2971.02,656288522,10995887589490,KOSPI
코스닥,20211119,1032.07,1042.40,1029.54,1041.92,1256329199,13345778946955,KOSDAQ
코스피,20211122,2983.38,3018.01,2980.73,3013.25,529668278,12937143604667,KOSPI
코스닥,20211122,1043.55,1045.36,1023.13,1032.31,1310001026,14489324438870,KOSDAQ
코스피,20211123,3013.16,3016.36,2992.14,2997.33,523747028,10826852298685,KOSPI
코스닥,20211123,1024.33,1029.08,1012.95,1013.72,1030299655,11623422330234,KOSDAQ
코스피,20211124,3006.34,3017.90,2981.02,2994.29,555939168,10957799521464,KOSPI
코스닥,20211124,1015.23,1021.13,1003.19,1020.13,1013925214,11154619128404,KOSDAQ
코스피,20211125,2996.74,2996.74,2973.24,2980.27,595400439,9395229842711,KOSPI
코스닥,20211125,1023.41,1025.90,1015.62,1015.66,1083689330,11601459928178,KOSDAQ
코스피,20211126,2973.04,2985.77,2930.31,2936.44,594707257,11894910355357,KOSPI
코스닥,20211126,1017.90,1021.15,999.40,1005.89,1224484961,14057072053495,KOSDAQ
코스피,20211129,2906.15,2930.22,2890.78,2909.32,841672190,13030531743510,KOSPI
코스닥,20211129,986.64,1002.79,980.26,992.34,1330039190,12914449931556,KOSDAQ
코스피,20211130,2932.71,2942.93,2822.73,2839.01,982418905,19838370455363,KOSPI
코스닥,20211130,1003.04,1004.83,960.84,965.63,1336186474,15340612803050,KOSDAQ
코스피,20211201,2860.12,2905.74,2837.03,2899.72,563083217,12522754805983,KOSPI
코스닥,20211201,969.90,977.73,949.86,977.15,1061384278,12055472549605,KOSDAQ
코스피,20211202,2874.64,2945.27,2874.64,2945.27,533733360,11909369164238,KOSPI
코스닥,20211202,967.34,978.16,961.98,977.43,1076972058,12285289531567,KOSDAQ
코스피,20211203,2935.93,2975.44,2927.55,2968.33,486077175,10335187315713,KOSPI
코스닥,20211203,981.65,998.49,977.91,998.47,1195456662,10516544043630,KOSDAQ
코스피,20211206,2954.82,2983.50,2932.49,2973.25,479373892,9649509300155,KOSPI
코스닥,20211206,990.07,994.15,980.87,991.87,1052151089,10378015665774,KOSDAQ
코스피,20211207,2973.84,2992.31,2960.90,2991.72,540916527,10210308202424,KOSPI
코스닥,20211207,996.89,999.52,991.07,996.64,1009457961,11138354215656,KOSDAQ
코스피,20211208,3017.93,3036.13,2995.34,3001.80,487827815,11111268897191,KOSPI
코스닥,20211208,1006.61,1012.64,1003.92,1006.04,1056581817,12000744136255,KOSDAQ
코스피,20211209,3007.00,3029.57,3001.55,3029.57,513034324,12608838374715,KOSPI
코스닥,20211209,1009.29,1022.87,1009.29,1022.87,1050495611,11033378149477,KOSDAQ
코스피,20211210,3008.70,3017.64,2998.29,3010.23,451249497,8430642876188,KOSPI
코스닥,20211210,1016.34,1018.42,1010.02,1011.57,1146720199,11021396225019,KOSDAQ
코스피,20211213,3019.67,3043.83,3000.51,3001.66,375409530,8625102994713,KOSPI
코스닥,20211213,1014.27,1014.90,1005.96,1005.96,1331176965,11462507026587,KOSDAQ
코스피,20211214,2983.95,3001.70,2976.16,2987.95,581198501,9853555340241,KOSPI
코스닥,20211214,1001.11,1007.73,996.85,1002.81,1072315123,10244504909077,KOSDAQ
코스피,20211215,2979.83,2992.30,2973.00,2989.39,432479169,8249185695444,KOSPI
코스닥,20211215,1002.18,1007.44,999.21,1003.52,1116171008,10360509898148,KOSDAQ
코스피,20211216,3013.26,3018.20,2989.63,3006.41,402364166,8520024436080,KOSPI
코스닥,20211216,1013.05,1016.32,1006.90,1007.86,1326969628,12408643472670,KOSDAQ
코스피,20211217,2985.20,3017.73,2984.19,3017.73,451378962,11646578368376,KOSPI
코스닥,20211217,1001.51,1005.36,995.93,1001.26,1054375877,10248388104241,KOSDAQ
코스피,20211220,3001.33,3001.33,2962.07,2963.00,377081945,8617589481249,KOSPI
코스닥,20211220,1001.17,1004.75,990.51,990.51,994802321,10461575174780,KOSDAQ
코스피,20211221,2981.67,2984.56,2955.90,2975.03,410535880,9104734071075,KOSPI
코스닥,20211221,994.53,997.30,982.43,996.60,1359952600,11609781484199,KOSDAQ
코스피,20211222,2993.50,3000.79,2976.65,2984.48,461405585,8832981707665,KOSPI
코스닥,20211222,1004.10,1005.23,999.05,1000.13,1172147341,10864217242420,KOSDAQ
코스피,20211223,2998.02,3000.70,2980.91,2998.17,483309646,9315464818188,KOSPI
코스닥,20211223,1004.45,1007.42,1001.48,1003.31,1424630107,11793168034095,KOSDAQ
코스피,20211224,3009.48,3025.77,3009.48,3012.43,537105529,8579704745352,KOSPI
코스닥,20211224,1008.05,1010.98,1005.61,1007.42,1228453331,10825143260651,KOSDAQ
코스피,20211227,3013.94,3017.31,2999.30,2999.55,475014516,8277761866901,KOSPI
코스닥,20211227,1008.90,1013.70,1006.87,1011.36,1142430864,9989795712190,KOSDAQ
코스피,20211228,3006.77,3020.29,2991.55,3020.24,606572536,12093287823838,KOSPI
코스닥,20211228,1016.29,1027.45,1014.39,1027.44,1272029293,13202751549772,KOSDAQ
코스피,20211229,3002.90,3007.72,2988.67,2993.29,545305104,10905208946311,KOSPI
코스닥,20211229,1028.46,1034.05,1022.73,1028.05,939158346,11642972353993,KOSDAQ
코스피,20211230,2999.75,3005.36,2975.74,2977.65,460629025,8724742948498,KOSPI
코스닥,20211230,1029.74,1034.87,1021.59,1033.98,870933498,10066439558116,KOSDAQ
코스피,20220103,2998.32,3010.77,2979.42,2988.77,435261334,8190152505238,KOSPI
코스닥,20220103,1038.97,1039.67,1030.57,1037.83,912891294,9995993097713,KOSDAQ
코스피,20220104,2991.97,2995.25,2973.08,2989.24,621171484,9988766674411,KOSPI
코스닥,20220104,1041.07,1041.29,1025.23,1031.66,1263052039,12076477583507,KOSDAQ
코스피,20220105,2984.05,2986.20,2936.73,2953.97,786871382,15424885226545,KOSPI
코스닥,20220105,1029.12,1029.12,1007.84,1009.62,1363431208,11949448132439,KOSDAQ
코스피,20220106,2925.40,2952.54,2915.38,2920.53,785501993,13292193007787,KOSPI
코스닥,20220106,993.60,1003.01,979.83,980.30,1337886518,11853877318657,KOSDAQ
코스피,20220107,2933.78,2959.03,2933.10,2954.89,545787266,10580010630157,KOSPI
코스닥,20220107,986.18,997.02,986.18,995.16,1260084662,9622496338183,KOSDAQ
코스피,20220110,2947.37,2951.12,2910.90,2926.72,477048710,10394753472521,KOSPI
코스닥,20220110,992.49,992.49,976.41,980.38,1185883238,9466220326204,KOSDAQ
코스피,20220111,2930.93,2943.57,2909.82,2927.38,565830823,10642837482302,KOSPI
코스닥,20220111,982.44,985.13,962.91,969.92,1201337031,9671437836365,KOSDAQ
코스피,20220112,2950.78,2972.58,2950.31,2972.48,518986017,10887708986601,KOSPI
코스닥,20220112,978.69,991.71,978.69,991.33,1095029296,9926318415876,KOSDAQ
코스피,20220113,2979.91,2982.14,2958.39,2962.09,604583347,11456333187737,KOSPI
코스닥,20220113,994.55,994.55,981.31,983.25,1088705399,9905837091152,KOSDAQ
코스피,20220114,2937.61,2944.97,2914.73,2921.92,532270986,10796747880741,KOSPI
코스닥,20220114,971.11,977.69,967.19,971.39,1225089040,9202808831995,KOSDAQ
코스피,20220117,2918.55,2919.67,2875.98,2890.10,592938608,10394296739803,KOSPI
코스닥,20220117,971.81,971.81,954.82,957.90,1079733300,7805814200881,KOSDAQ
코스피,20220118,2898.98,2902.79,2857.26,2864.24,553706862,10038009976701,KOSPI
코스닥,20220118,959.98,969.17,942.11,943.94,1013840982,8125682703024,KOSDAQ
코스피,20220119,2840.34,2871.79,2832.18,2842.28,463390111,9644130904771,KOSPI
코스닥,20220119,935.06,944.81,929.15,933.90,1080783934,7644579676765,KOSDAQ
코스피,20220120,2842.28,2862.70,2830.97,2862.68,395409996,8869580931802,KOSPI
코스닥,20220120,934.00,958.70,933.97,958.70,975122770,7130406995222,KOSDAQ
코스피,20220121,2837.49,2847.95,2817.11,2834.29,532467937,10715682237043,KOSPI
코스닥,20220121,950.67,958.38,937.48,942.85,1089675070,7909284015280,KOSDAQ
코스피,20220124,2823.76,2828.11,2780.68,2792.00,473614374,9301287621651,KOSPI
코스닥,20220124,935.13,935.13,911.02,915.40,990801474,7871896539999,KOSDAQ
코스피,20220125,2786.41,2789.62,2703.99,2720.39,639352537,11695214598232,KOSPI
코스닥,20220125,920.95,923.07,883.17,889.44,1228824171,8762961370217,KOSDAQ
코스피,20220126,2729.75,2744.14,2708.10,2709.24,471768507,8967860158476,KOSPI
코스닥,20220126,892.01,900.38,881.68,882.09,1061997150,8818794124123,KOSDAQ
코스피,20220127,2709.24,2722.86,2614.49,2614.49,487054974,20544231521305,KOSPI
코스닥,20220127,884.23,885.00,847.34,849.23,1105569541,8966907726466,KOSDAQ
코스피,20220128,2617.87,2668.59,2591.53,2663.34,433691149,13749546375172,KOSPI
코스닥,20220128,852.57,872.87,835.55,872.87,954115843,8793260673997,KOSDAQ
코스피,20220203,2706.34,2735.34,2702.78,2707.82,435336936,12470029735823,KOSPI
코스닥,20220203,887.85,898.37,887.02,891.60,1036809054,9005412433457,KOSDAQ
코스피,20220204,2714.83,2751.80,2712.87,2750.26,535879885,11391161609725,KOSPI
코스닥,20220204,888.51,902.87,886.93,902.87,1024095766,8994690008098,KOSDAQ
코스피,20220207,2750.70,2750.70,2718.94,2745.06,417641080,11290375579667,KOSPI
코스닥,20220207,905.96,905.96,893.91,899.40,871250241,7925389115042,KOSDAQ
코스피,20220208,2767.76,2779.85,2726.72,2746.47,559569985,11771193478028,KOSPI
코스닥,20220208,900.70,907.24,887.54,895.27,1146400713,9495569176638,KOSDAQ
코스피,20220209,2772.63,2773.38,2753.51,2768.85,538748974,10334330474435,KOSPI
코스닥,20220209,904.07,910.53,900.86,910.53,870730636,6732567587937,KOSDAQ
코스피,20220210,2787.44,2788.27,2761.76,2771.93,509314778,12773328033599,KOSPI
코스닥,20220210,914.65,914.92,893.21,895.68,819521138,7667668788873,KOSDAQ
코스피,20220211,2739.14,2766.70,2735.08,2747.71,480251263,10990617579319,KOSPI
코스닥,20220211,885.31,889.42,877.28,877.42,1002403220,7662650542160,KOSDAQ
코스피,20220214,2715.10,2724.72,2688.24,2704.48,615976894,11576480492993,KOSPI
코스닥,20220214,864.49,867.24,850.28,852.79,874470780,6702432447691,KOSDAQ
코스피,20220215,2712.45,2716.45,2665.47,2676.54,588742270,9433155849719,KOSPI
코스닥,20220215,855.62,860.40,837.83,839.92,969749368,6904155495175,KOSDAQ
코스피,20220216,2719.61,2730.43,2711.34,2729.68,422085406,8387590390613,KOSPI
코스닥,20220216,857.54,878.15,857.54,878.15,850064420,7234595851638,KOSDAQ
코스피,20220217,2735.11,2770.66,2711.99,2744.09,611042771,11810290607477,KOSPI
코스닥,20220217,879.12,890.78,858.78,874.22,1149377374,8871085626273,KOSDAQ
코스피,20220218,2714.52,2747.08,2711.88,2744.52,512937576,8501783748169,KOSPI
코스닥,20220218,862.19,882.01,860.81,881.71,931418943,6253426008485,KOSDAQ
코스피,20220221,2706.65,2746.62,2694.90,2743.80,494969111,7894146608142,KOSPI
코스닥,20220221,871.23,884.26,865.58,884.25,854696087,5740278428753,KOSDAQ
코스피,20220222,2705.08,2721.84,2690.09,2706.79,648089984,10588073328253,KOSPI
코스닥,20220222,869.08,878.33,865.23,868.11,1004550054,7022276435303,KOSDAQ
코스피,20220223,2727.43,2729.56,2705.31,2719.53,537661102,9137197614754,KOSPI
코스닥,20220223,873.32,879.98,870.25,877.33,911099422,6753542757151,KOSDAQ
코스피,20220224,2689.28,2694.55,2642.63,2648.80,925898204,13582260344905,KOSPI
코스닥,20220224,869.24,870.58,847.86,848.21,1370886098,8841073722851,KOSDAQ
코스피,20220225,2678.47,2694.81,2665.96,2676.76,664088033,12218907066070,KOSPI
코스닥,20220225,864.72,872.98,863.47,872.98,1166163157,8603427039133,KOSDAQ
코스피,20220228,2663.00,2699.18,2658.25,2699.18,613250970,12892089490618,KOSPI
코스닥,20220228,870.27,881.07,868.91,881.07,890658957,6874668475924,KOSDAQ
코스피,20220302,2698.31,2716.46,2692.24,2703.52,527798696,10995546648430,KOSPI
코스닥,20220302,880.62,896.80,879.03,895.45,929458036,6811891940014,KOSDAQ
코스피,20220303,2729.86,2748.21,2726.35,2747.08,614268696,10591314862724,KOSPI
코스닥,20220303,901.28,912.35,899.85,912.32,1000741653,8365268991464,KOSDAQ
코스피,20220304,2736.58,2736.58,2702.34,2713.43,765286904,12425084284979,KOSPI
코스닥,20220304,908.47,909.24,896.84,900.96,962682262,7324670472417,KOSDAQ
코스피,20220307,2680.17,2680.17,2644.10,2651.31,571250736,12087114605286,KOSPI
코스닥,20220307,889.95,889.95,878.45,881.54,837218530,6313498948584,KOSDAQ
코스피,20220308,2617.33,2647.18,2605.81,2622.40,540093733,11677270350731,KOSPI
코스닥,20220308,869.05,881.30,864.69,870.14,939240992,7350711779936,KOSDAQ
코스피,20220310,2660.86,2682.79,2660.86,2680.32,613545604,13692644837398,KOSPI
코스닥,20220310,885.05,892.55,884.98,889.08,957915337,7405837181211,KOSDAQ
코스피,20220311,2665.95,2672.62,2647.28,2661.28,796499418,12358631976974,KOSPI
코스닥,20220311,888.57,894.99,887.28,891.71,1092578001,7785061409557,KOSDAQ
코스피,20220314,2654.93,2661.76,2633.31,2645.65,635853147,12034342468296,KOSPI
코스닥,20220314,893.18,893.18,870.81,872.44,1131869165,9100433630223,KOSDAQ
코스피,20220315,2630.31,2641.97,2615.08,2621.53,603709692,9580102415198,KOSPI
코스닥,20220315,870.33,874.73,866.47,871.22,1122523434,7774927186042,KOSDAQ
코스피,20220316,2649.85,2659.90,2630.03,2659.23,735995393,9308442554657,KOSPI
코스닥,20220316,881.89,891.80,879.68,891.80,1321366741,7755670999272,KOSDAQ
코스피,20220317,2703.27,2714.00,2694.51,2694.51,545496260,11897707401018,KOSPI
코스닥,20220317,903.75,916.22,903.75,914.13,1378297007,9785636369998,KOSDAQ
코스피,20220318,2695.64,2708.16,2688.71,2707.02,643504703,11439801456547,KOSPI
코스닥,20220318,915.29,922.99,912.00,922.96,1173564050,8453706182275,KOSDAQ
코스피,20220321,2717.81,2717.81,2683.69,2686.05,502026944,8691675165567,KOSPI
코스닥,20220321,926.86,926.86,917.93,918.40,1292376540,8391096137721,KOSDAQ
코스피,20220322,2686.68,2712.14,2686.58,2710.00,489138328,9365583291149,KOSPI
코스닥,20220322,916.70,924.72,914.33,924.67,1352592319,9775096976192,KOSDAQ
코스피,20220323,2727.12,2742.27,2720.83,2735.05,883016097,11836486374015,KOSPI
코스닥,20220323,929.35,933.27,927.02,930.57,1420318430,11215938384250,KOSDAQ
코스피,20220324,2716.25,2729.66,2705.14,2729.66,959584155,13157117817583,KOSPI
코스닥,20220324,926.29,931.87,920.69,931.75,1364073875,11062669393585,KOSDAQ
코스피,20220325,2740.83,2740.95,2722.36,2729.98,599755190,10768724559482,KOSPI
코스닥,20220325,936.94,937.69,933.09,934.69,1551253497,11218682761919,KOSDAQ
코스피,20220328,2721.22,2737.46,2707.74,2729.56,767455090,9793511062313,KOSPI
코스닥,20220328,934.18,934.18,926.55,927.11,1359438812,9495791907661,KOSDAQ
코스피,20220329,2745.62,2754.18,2733.22,2741.07,726738296,9916105166996,KOSPI
코스닥,20220329,932.86,937.83,930.34,937.83,1445227584,10325409529677,KOSDAQ
코스피,20220330,2758.31,2760.60,2740.02,2746.74,837788926,11055022506538,KOSPI
코스닥,20220330,942.08,943.30,936.91,939.07,1461423486,9164162113097,KOSDAQ
코스피,20220331,2743.24,2765.20,2743.20,2757.65,1029507424,9718304967385,KOSPI
코스닥,20220331,936.66,944.92,936.20,944.53,1402540651,9279114462017,KOSDAQ
코스피,20220401,2745.85,2745.85,2729.68,2739.85,1305025846,10681878630053,KOSPI
코스닥,20220401,940.49,942.22,936.86,940.57,1214423038,8366320260330,KOSDAQ
코스피,20220404,2729.86,2758.38,2722.45,2757.90,1022465907,9739590323407,KOSPI
코스닥,20220404,940.47,947.33,938.45,947.32,1064082021,6721373678243,KOSDAQ
코스피,20220405,2765.50,2769.18,2750.50,2759.20,1605607228,9928904311497,KOSPI
코스닥,20220405,950.89,953.06,949.46,952.47,1618314610,8453618414623,KOSDAQ
코스피,20220406,2739.07,2747.85,2730.66,2735.03,1321281110,11010208899332,KOSPI
코스닥,20220406,944.27,947.41,939.82,943.13,1386843498,8882196719187,KOSDAQ
코스피,20220407,2714.70,2718.50,2693.36,2695.86,998178600,12277135094520,KOSPI
코스닥,20220407,936.92,936.92,925.91,927.95,1167091432,8303148295197,KOSDAQ
코스피,20220408,2706.64,2712.00,2685.52,2700.39,947985599,10292923084928,KOSPI
코스닥,20220408,931.98,935.68,924.73,934.73,888528121,7161148926442,KOSDAQ
코스피,20220411,2687.54,2711.02,2683.96,2693.10,742137030,8827691580967,KOSPI
코스닥,20220411,932.48,934.61,920.75,921.83,927690835,6373132651273,KOSDAQ
코스피,20220412,2674.17,2685.08,2658.40,2666.76,870029280,9848352414059,KOSPI
코스닥,20220412,914.28,916.76,905.18,913.82,1116111618,6981567146794,KOSDAQ
코스피,20220413,2677.53,2717.63,2672.60,2716.49,732025914,9639392320762,KOSPI
코스닥,20220413,915.89,927.33,913.92,927.31,996112869,6817445174053,KOSDAQ
코스피,20220414,2719.34,2720.30,2702.61,2716.71,664836518,11416464531655,KOSPI
코스닥,20220414,930.69,931.81,925.61,928.01,910012035,6501973364170,KOSDAQ
코스피,20220415,2695.52,2705.41,2685.01,2696.06,692969316,9565353166650,KOSPI
코스닥,20220415,921.53,925.13,916.91,924.44,994121144,6479876921269,KOSDAQ
코스피,20220418,2685.04,2701.11,2681.37,2693.21,1024561339,9048147695685,KOSPI
코스닥,20220418,921.69,923.51,917.53,918.23,929104546,5943967665653,KOSDAQ
코스피,20220419,2707.76,2723.98,2705.32,2718.89,1256143377,9762301907199,KOSPI
코스닥,20220419,922.60,931.56,922.60,931.56,1221763203,7670417142084,KOSDAQ
코스피,20220420,2718.49,2724.46,2702.84,2718.69,1735745032,12278946922061,KOSPI
코스닥,20220420,933.29,933.37,927.29,928.93,1142161465,7046305429868,KOSDAQ
코스피,20220421,2725.71,2737.54,2725.04,2728.21,1002571837,11478882024484,KOSPI
코스닥,20220421,930.45,934.26,929.54,929.68,1299917257,8250767327082,KOSDAQ
코스피,20220422,2704.72,2708.58,2690.48,2704.71,1239414295,12114493683264,KOSPI
코스닥,20220422,922.77,924.16,916.65,922.78,1237453775,7367251657487,KOSDAQ
코스피,20220425,2676.67,2680.35,2657.04,2657.13,1017613989,11694437518245,KOSPI
코스닥,20220425,909.53,911.53,899.83,899.84,1295595642,8477865441364,KOSDAQ
코스피,20220426,2674.00,2678.05,2663.83,2668.31,889579816,10804912112238,KOSPI
코스닥,20220426,906.59,913.29,906.59,911.16,1432577385,8483043305070,KOSDAQ
코스피,20220427,2630.58,2641.82,2615.50,2639.06,1071848692,12554764158984,KOSPI
코스닥,20220427,898.02,898.02,888.97,896.18,1377266876,9171747827613,KOSDAQ
코스피,20220428,2656.54,2667.49,2638.37,2667.49,898925804,12461525326552,KOSPI
코스닥,20220428,900.43,902.02,889.30,892.22,1342129838,8828946712206,KOSDAQ
코스피,20220429,2669.18,2696.10,2664.06,2695.05,975003860,12662780804041,KOSPI
코스닥,20220429,895.64,904.76,894.62,904.75,1272619500,7390176280055,KOSDAQ
코스피,20220502,2669.21,2689.91,2667.85,2687.45,873354231,9073464761697,KOSPI
코스닥,20220502,894.03,903.26,892.54,901.82,1133935893,6692565950480,KOSDAQ
코스피,20220503,2690.16,2702.10,2680.46,2680.46,883082319,9197115349804,KOSPI
코스닥,20220503,905.05,912.67,905.05,907.57,1513804476,8287676659497,KOSDAQ
코스피,20220504,2690.45,2696.03,2667.23,2677.57,1180464427,9900769251446,KOSPI
코스닥,20220504,911.16,911.97,899.34,900.06,1315176333,7205867085961,KOSDAQ
코스피,20220506,2650.89,2652.51,2635.97,2644.51,1333625660,10593043315002,KOSPI
코스닥,20220506,888.54,892.43,883.31,884.22,1005288492,6094239768312,KOSDAQ
코스피,20220509,2634.32,2642.75,2606.08,2610.81,892393303,9287854567458,KOSPI
코스닥,20220509,880.34,880.78,859.73,860.84,1077824440,6540648260806,KOSDAQ
코스피,20220510,2590.13,2602.75,2553.01,2596.56,840916695,10839349443128,KOSPI
코스닥,20220510,848.08,858.43,831.59,856.14,1201532799,7583344133214,KOSDAQ
코스피,20220511,2586.52,2599.11,2579.09,2592.27,679264661,8606939356313,KOSPI
코스닥,20220511,853.73,866.81,852.23,866.34,1050772020,6621314907115,KOSDAQ
코스피,20220512,2569.50,2591.57,2546.80,2550.08,899895008,12165113753084,KOSPI
코스닥,20220512,855.46,857.75,833.24,833.66,1041132935,7207103970184,KOSDAQ
코스피,20220513,2570.01,2605.84,2565.96,2604.24,788288747,10340474564398,KOSPI
코스닥,20220513,839.52,853.34,839.52,853.08,980157558,7323439424010,KOSDAQ
코스피,20220516,2624.69,2629.20,2593.61,2596.58,780008740,8527247586723,KOSPI
코스닥,20220516,862.24,866.47,855.45,856.25,969121964,6266897372934,KOSDAQ
코스피,20220517,2603.58,2621.84,2603.58,2620.44,872962322,9651413564204,KOSPI
코스닥,20220517,857.28,866.21,856.30,865.98,891919518,5890599806985,KOSDAQ
코스피,20220518,2634.75,2644.13,2618.00,2625.98,869270994,10031997222189,KOSPI
코스닥,20220518,872.19,876.82,868.28,871.57,1041861555,7608967405814,KOSDAQ
코스피,20220519,2576.24,2597.79,2568.54,2592.34,676912653,9874783384416,KOSPI
코스닥,20220519,853.23,866.61,849.59,863.80,1147974545,8400808861988,KOSDAQ
코스피,20220520,2605.78,2641.68,2605.38,2639.29,752379437,9591551217175,KOSPI
코스닥,20220520,866.76,880.17,866.76,879.88,1049104977,8166042872181,KOSDAQ
코스피,20220523,2651.63,2653.87,2634.29,2647.38,641936736,7785293904838,KOSPI
코스닥,20220523,883.78,884.39,878.90,883.59,1032433009,8179815480321,KOSDAQ
코스피,20220524,2638.94,2646.99,2605.87,2605.87,850653272,8697791361897,KOSPI
코스닥,20220524,881.55,883.11,865.05,865.07,1065093705,8187307113455,KOSDAQ
코스피,20220525,2621.75,2630.17,2602.94,2617.22,710224855,8321891123149,KOSPI
코스닥,20220525,869.19,877.71,861.92,872.69,963722644,7360032383939,KOSDAQ
코스피,20220526,2616.99,2641.91,2602.01,2612.45,595295299,8607854169272,KOSPI
코스닥,20220526,876.19,885.12,868.81,871.43,934093204,7398121766990,KOSDAQ
코스피,20220527,2640.75,2644.71,2631.49,2638.05,590452622,8025062152641,KOSPI
코스닥,20220527,881.41,883.36,873.21,873.97,1129604901,7530159870494,KOSDAQ
코스피,20220530,2662.31,2672.74,2654.18,2669.66,469322831,7469980944136,KOSPI
코스닥,20220530,882.17,886.44,881.46,886.44,942251089,6674098167079,KOSDAQ
코스피,20220531,2666.88,2685.90,2654.32,2685.90,670736556,13965541821602,KOSPI
코스닥,20220531,888.44,893.42,884.11,893.36,978466835,7165817724453,KOSDAQ
코스피,20220602,2670.74,2674.00,2653.59,2658.99,524916550,7858161779005,KOSPI
코스닥,20220602,890.47,892.98,888.45,891.14,1075197794,6550704753465,KOSDAQ
코스피,20220603,2679.57,2681.51,2663.00,2670.65,562152731,7564505045283,KOSPI
코스닥,20220603,897.08,899.01,890.20,891.51,1016579416,6857588710808,KOSDAQ
코스피,20220607,2659.27,2662.04,2622.78,2626.34,524304476,8945619680606,KOSPI
코스닥,20220607,889.07,889.09,873.09,873.78,1032038361,7097215243401,KOSDAQ
코스피,20220608,2633.53,2639.52,2621.96,2626.15,576013795,7961282289488,KOSPI
코스닥,20220608,877.77,880.73,873.61,874.95,1294612789,7210812372860,KOSDAQ
코스피,20220609,2618.92,2627.88,2606.61,2625.44,814541512,10855608010955,KOSPI
코스닥,20220609,873.22,877.18,867.20,877.18,1232560860,7578030436057,KOSDAQ
코스피,20220610,2596.37,2602.80,2583.74,2595.87,723812869,8283648187012,KOSPI
코스닥,20220610,869.10,872.09,865.96,869.86,1161791102,7360465753414,KOSDAQ
코스피,20220613,2550.21,2550.32,2504.51,2504.51,659751718,10331995920040,KOSPI
코스닥,20220613,852.74,852.74,828.76,828.77,1225033975,8442403192331,KOSDAQ
코스피,20220614,2472.96,2503.17,2457.39,2492.97,671188796,9988134318396,KOSPI
코스닥,20220614,816.25,826.50,804.38,823.58,1246899253,8509172672481,KOSDAQ
코스피,20220615,2490.01,2495.54,2436.04,2447.38,713784431,9934814420802,KOSPI
코스닥,20220615,822.27,826.30,795.42,799.41,1116287961,8380660370259,KOSDAQ
코스피,20220616,2481.66,2500.36,2447.33,2451.41,583775260,9586380317203,KOSPI
코스닥,20220616,812.95,822.31,800.56,802.15,963601877,7283057924602,KOSDAQ
코스피,20220617,2409.72,2441.34,2396.47,2440.93,634206655,11195685681530,KOSPI
코스닥,20220617,787.97,798.85,780.96,798.69,929805441,7583519794148,KOSDAQ
코스피,20220620,2449.89,2449.89,2372.35,2391.03,592086304,9087334335456,KOSPI
코스닥,20220620,804.48,804.89,763.22,769.92,957718784,7212409571666,KOSDAQ
코스피,20220621,2402.99,2423.48,2385.60,2408.93,479404385,7438830627586,KOSPI
코스닥,20220621,774.80,782.55,764.69,778.30,1002919694,6896399580195,KOSDAQ
코스피,20220622,2417.11,2418.05,2342.81,2342.81,531781797,8687768643314,KOSPI
코스닥,20220622,783.21,785.23,746.94,746.96,1063880269,8066453376852,KOSDAQ
코스피,20220623,2347.84,2361.23,2306.48,2314.32,749248277,10209893533664,KOSPI
코스닥,20220623,747.49,751.99,714.38,714.38,1231924303,8829007001422,KOSDAQ
코스피,20220624,2327.11,2373.48,2319.99,2366.60,654103356,8467018135334,KOSPI
코스닥,20220624,719.47,750.41,719.47,750.30,814726487,6255839194177,KOSDAQ
코스피,20220627,2383.20,2418.94,2365.86,2401.92,509715986,7647322582177,KOSPI
코스닥,20220627,758.00,774.57,754.62,770.60,857557950,6654456890096,KOSDAQ
코스피,20220628,2405.20,2422.10,2393.96,2422.09,564744468,7191919014498,KOSPI
코스닥,20220628,770.69,774.80,759.83,769.51,873882196,6390934694573,KOSDAQ
코스피,20220629,2387.10,2393.25,2375.45,2377.99,421975194,7964711526505,KOSPI
코스닥,20220629,759.21,765.79,753.32,762.35,798104712,5954543112827,KOSDAQ
코스피,20220630,2368.57,2368.57,2332.59,2332.64,514972055,8919724880743,KOSPI
코스닥,20220630,762.45,762.45,744.24,745.44,894675723,6295495455893,KOSDAQ
코스피,20220701,2342.92,2354.97,2291.49,2305.42,530102353,8686308851970,KOSPI
코스닥,20220701,748.20,753.45,724.20,729.48,781362892,5682431573879,KOSDAQ
코스피,20220704,2310.73,2318.31,2276.63,2300.34,467689548,7337928754327,KOSPI
코스닥,20220704,733.35,736.73,712.53,722.73,852260657,5248890086747,KOSDAQ
코스피,20220705,2322.11,2344.08,2309.62,2341.78,323628915,6888927842108,KOSPI
코스닥,20220705,729.40,750.98,728.32,750.95,920975876,5906602324167,KOSDAQ
코스피,20220706,2330.11,2332.14,2290.33,2292.01,410601657,8918605072803,KOSPI
코스닥,20220706,750.04,759.88,743.61,744.63,729407507,6362217165734,KOSDAQ
코스피,20220707,2308.97,2344.14,2307.90,2334.27,340041949,7651851774101,KOSPI
코스닥,20220707,750.98,759.03,750.67,757.97,770562447,5767096144665,KOSDAQ
코스피,20220708,2352.49,2367.84,2348.74,2350.61,411168420,7006742975945,KOSPI
코스닥,20220708,764.98,770.92,764.02,766.48,827256098,6405294129906,KOSDAQ
코스피,20220711,2357.43,2363.26,2337.82,2340.27,376899635,6299734808784,KOSPI
코스닥,20220711,767.89,774.35,763.14,767.04,752534430,5920026577451,KOSDAQ
코스피,20220712,2330.88,2333.02,2303.74,2317.76,379043882,6368115255024,KOSPI
코스닥,20220712,762.18,762.18,747.74,750.78,740068149,6166137974394,KOSDAQ
코스피,20220713,2324.45,2341.19,2312.49,2328.61,308404571,5996062867626,KOSPI
코스닥,20220713,751.34,763.73,747.74,763.18,859812174,6646626054167,KOSDAQ
코스피,20220714,2316.41,2338.29,2307.69,2322.32,348933846,6538339613064,KOSPI
코스닥,20220714,762.54,768.13,757.99,766.08,804475732,6203775383852,KOSDAQ
코스피,20220715,2335.12,2337.30,2293.45,2330.98,319282151,7379387332501,KOSPI
코스닥,20220715,768.41,769.29,754.33,762.39,833837275,6137480108945,KOSDAQ
코스피,20220718,2350.48,2376.50,2344.12,2375.25,324050504,7102411934717,KOSPI
코스닥,20220718,770.29,776.72,766.89,776.72,701605924,5728559949450,KOSDAQ
코스피,20220719,2367.52,2372.74,2359.59,2370.97,339175469,6554928550788,KOSPI
코스닥,20220719,773.73,782.33,771.69,782.33,731168122,6098318155259,KOSDAQ
코스피,20220720,2406.29,2410.06,2382.65,2386.85,333047519,7432651570756,KOSPI
코스닥,20220720,792.94,795.92,788.02,790.72,899699056,7057673896896,KOSDAQ
코스피,20220721,2387.91,2411.96,2387.91,2409.16,295500262,6308139259815,KOSPI
코스닥,20220721,792.95,795.67,790.97,795.15,906127955,6849757432982,KOSDAQ
코스피,20220722,2405.37,2417.91,2391.48,2393.14,381396901,6972825615989,KOSPI
코스닥,20220722,796.58,800.65,789.73,789.75,871975500,6087924670806,KOSDAQ
코스피,20220725,2385.65,2412.47,2385.65,2403.69,322933170,5958703254578,KOSPI
코스닥,20220725,787.71,791.25,783.78,789.69,856145738,5460408013225,KOSDAQ
코스피,20220726,2397.27,2415.39,2395.17,2412.96,415102625,6234361114057,KOSPI
코스닥,20220726,788.76,791.01,786.46,789.93,832984332,5343652720557,KOSDAQ
코스피,20220727,2412.52,2415.53,2396.19,2415.53,333422934,7048729332908,KOSPI
코스닥,20220727,789.61,795.81,788.29,795.70,668392219,5135185138571,KOSDAQ
코스피,20220728,2437.57,2443.43,2429.07,2435.27,490925046,9195467428945,KOSPI
코스닥,20220728,802.50,805.20,796.48,798.32,726629897,5889753351903,KOSDAQ
코스피,20220729,2453.53,2463.05,2442.01,2451.50,499029357,10253301809439,KOSPI
코스닥,20220729,802.97,807.77,801.05,803.62,769889329,5932721422772,KOSDAQ
코스피,20220801,2444.05,2461.40,2437.13,2452.25,487001657,7508654287518,KOSPI
코스닥,20220801,804.15,808.96,801.40,807.61,751326899,5593002730985,KOSDAQ
코스피,20220802,2451.00,2451.07,2428.76,2439.62,549809974,7265515527497,KOSPI
코스닥,20220802,807.69,807.69,799.36,804.34,844816263,6421431650143,KOSDAQ
코스피,20220803,2438.56,2461.45,2433.12,2461.45,475176011,6750874513546,KOSPI
코스닥,20220803,804.17,815.40,803.20,815.36,895632408,6546468093241,KOSDAQ
코스피,20220804,2478.44,2478.95,2465.32,2473.11,398506727,7491531413325,KOSPI
코스닥,20220804,820.06,825.99,820.06,825.16,860212478,7452811690087,KOSDAQ
코스피,20220805,2481.43,2497.58,2480.05,2490.80,409422641,7559188569648,KOSPI
코스닥,20220805,826.23,832.27,826.23,831.64,908915396,6823821303824,KOSDAQ
코스피,20220808,2481.17,2494.00,2477.76,2493.10,418095938,7612638759992,KOSPI
코스닥,20220808,829.77,831.12,825.94,830.86,915289258,6424221570357,KOSDAQ
코스피,20220809,2493.57,2506.49,2481.36,2503.46,454224637,8939833330722,KOSPI
코스닥,20220809,831.13,833.94,826.45,833.65,967759568,6973934251632,KOSDAQ
코스피,20220810,2493.70,2494.15,2478.21,2480.88,479312050,9028440275787,KOSPI
코스닥,20220810,829.29,829.29,820.27,820.27,883356831,6372732737253,KOSDAQ
코스피,20220811,2507.74,2523.78,2506.41,2523.78,505093522,9710088800913,KOSPI
코스닥,20220811,831.99,834.88,828.27,832.15,857151293,6975382920999,KOSDAQ
코스피,20220812,2519.66,2533.20,2514.31,2527.94,445062783,8026692502211,KOSPI
코스닥,20220812,831.18,833.70,826.72,831.63,757221438,7032364710733,KOSDAQ
코스피,20220816,2543.05,2546.35,2532.20,2533.52,398058187,8062681855862,KOSPI
코스닥,20220816,835.20,836.49,831.69,834.74,877135542,7346627737096,KOSDAQ
코스피,20220817,2536.57,2543.15,2512.01,2516.47,417839593,7152467963176,KOSPI
코스닥,20220817,834.91,834.96,825.46,827.42,1108711805,7623050202343,KOSDAQ
코스피,20220818,2499.30,2515.37,2488.09,2508.05,381407069,7104992834907,KOSPI
코스닥,20220818,822.71,826.75,817.52,826.06,921247772,7002628670199,KOSDAQ
코스피,20220819,2510.72,2510.72,2492.69,2492.69,459683541,7137953326235,KOSPI
코스닥,20220819,827.25,827.32,814.17,814.17,876491135,6582702219493,KOSDAQ
코스피,20220822,2467.38,2475.77,2457.08,2462.50,422376254,6107080392542,KOSPI
코스닥,20220822,806.90,806.92,795.87,795.87,800304038,5807584184422,KOSDAQ
코스피,20220823,2449.31,2454.55,2431.83,2435.34,471012719,7559961949698,KOSPI
코스닥,20220823,789.95,793.81,781.92,783.42,843332005,5934967972284,KOSDAQ
코스피,20220824,2446.18,2454.01,2430.69,2447.45,423256477,8117835620861,KOSPI
코스닥,20220824,788.36,793.14,782.97,793.14,700089052,5780039507678,KOSDAQ
코스피,20220825,2459.79,2477.26,2455.32,2477.26,425970215,7284968177481,KOSPI
코스닥,20220825,795.18,807.37,794.16,807.37,622136026,5578694886585,KOSDAQ
코스피,20220826,2489.14,2497.76,2476.75,2481.03,519911318,8627763781133,KOSPI
코스닥,20220826,810.33,813.00,801.84,802.45,698329400,6050836413722,KOSDAQ
코스피,20220829,2432.06,2432.89,2417.01,2426.89,447187516,7875830730761,KOSPI
코스닥,20220829,780.48,783.45,775.33,779.89,598477038,5355587536150,KOSDAQ
코스피,20220830,2441.21,2453.91,2433.48,2450.93,336180824,6824642823877,KOSPI
코스닥,20220830,783.99,797.03,783.99,797.02,647493005,6053250359610,KOSDAQ
코스피,20220831,2433.47,2473.75,2426.14,2472.05,435899672,9560474067958,KOSPI
코스닥,20220831,792.33,807.19,791.01,807.04,608833694,5829700857484,KOSDAQ
코스피,20220901,2443.00,2443.61,2415.61,2415.61,579300621,8445712328575,KOSPI
코스닥,20220901,800.74,801.02,788.13,788.32,696169719,6619255914630,KOSDAQ
코스피,20220902,2427.70,2432.37,2402.67,2409.41,391379502,7213089757046,KOSPI
코스닥,20220902,793.11,795.87,784.67,785.88,790696878,5876643284250,KOSDAQ
코스피,20220905,2410.07,2424.77,2392.63,2403.68,354509444,6276566356835,KOSPI
코스닥,20220905,784.83,786.60,768.82,771.43,728594846,5622670480958,KOSDAQ
코스피,20220906,2409.72,2422.53,2399.26,2410.02,294084337,5475588624470,KOSPI
코스닥,20220906,774.23,781.90,774.23,779.46,723964660,5358412971310,KOSDAQ
코스피,20220907,2395.66,2398.40,2365.35,2376.46,377918973,7529605634346,KOSPI
코스닥,20220907,776.82,776.99,765.08,768.19,786778577,6382326574458,KOSDAQ
코스피,20220908,2393.27,2394.06,2379.06,2384.28,423407228,9207853251690,KOSPI
코스닥,20220908,776.59,781.52,775.31,777.81,732942387,6222896637546,KOSDAQ
코스피,20220913,2418.59,2453.95,2418.59,2449.54,366879331,9163815343328,KOSPI
코스닥,20220913,790.89,796.83,790.83,796.79,831203359,6165323493604,KOSDAQ
코스피,20220914,2390.47,2418.42,2381.50,2411.42,461283989,7624098968954,KOSPI
코스닥,20220914,775.93,784.45,770.05,782.93,848197744,6723526996043,KOSDAQ
코스피,20220915,2416.01,2421.63,2401.83,2401.83,423869561,7431056343115,KOSPI
코스닥,20220915,786.33,787.00,780.31,781.38,839425845,7231113559500,KOSDAQ
코스피,20220916,2387.56,2395.10,2371.11,2382.78,440271478,8686107410566,KOSPI
코스닥,20220916,776.49,780.25,768.70,770.04,875088239,7463291703709,KOSDAQ
코스피,20220919,2388.73,2389.85,2352.76,2355.66,403659899,6883965042007,KOSPI
코스닥,20220919,771.52,772.45,750.64,751.91,866849214,6294759958057,KOSDAQ
코스피,20220920,2373.64,2382.52,2359.84,2367.85,419187077,7012332062336,KOSPI
코스닥,20220920,758.35,764.40,757.33,760.35,759531248,5261116073342,KOSDAQ
코스피,20220921,2351.54,2360.27,2341.79,2347.21,378036816,6268436983486,KOSPI
코스닥,20220921,757.13,761.35,750.14,754.89,859996790,5636043251710,KOSDAQ
코스피,20220922,2319.70,2335.11,2309.10,2332.31,446601449,7412222509975,KOSPI
코스닥,20220922,746.82,751.58,736.11,751.41,951394743,6289338103861,KOSDAQ
코스피,20220923,2331.33,2334.06,2285.71,2290.00,446260035,7415960015431,KOSPI
코스닥,20220923,749.87,749.87,728.29,729.36,867990910,6520687774704,KOSDAQ
코스피,20220926,2260.80,2260.80,2215.36,2220.94,621407890,9459494881841,KOSPI
코스닥,20220926,719.60,719.60,690.60,692.37,921460210,6233236944848,KOSDAQ
코스피,20220927,2224.39,2227.35,2197.90,2223.86,487633147,8004188893117,KOSPI
코스닥,20220927,694.53,700.38,681.59,698.11,890554623,6007157219358,KOSDAQ
코스피,20220928,2206.15,2223.56,2151.60,2169.29,595715363,9206620896760,KOSPI
코스닥,20220928,696.38,702.72,668.30,673.87,881703143,6330220233824,KOSDAQ
코스피,20220929,2197.75,2210.61,2170.14,2170.93,508194836,7239458696226,KOSPI
코스닥,20220929,686.63,695.49,675.07,675.07,780558611,5630703484176,KOSDAQ
코스피,20220930,2161.11,2177.20,2134.77,2155.49,950033086,7922894669994,KOSPI
코스닥,20220930,668.26,677.68,661.65,672.65,766080469,5448334641731,KOSDAQ
코스피,20221004,2189.51,2212.38,2180.84,2209.38,420686078,7499174242873,KOSPI
코스닥,20221004,685.19,696.79,683.63,696.79,655511547,4607554371534,KOSDAQ
코스피,20221005,2248.85,2253.93,2204.03,2215.22,855371137,9506385881026,KOSPI
코스닥,20221005,706.76,707.59,683.15,685.34,739899680,5330679967213,KOSDAQ
코스피,20221006,2230.43,2250.87,2223.36,2237.86,642746714,6849131334637,KOSPI
코스닥,20221006,690.48,706.43,690.48,706.01,919963539,4914523868029,KOSDAQ
코스피,20221007,2217.84,2245.88,2215.08,2232.84,428457023,7830652695697,KOSPI
코스닥,20221007,700.71,707.42,697.59,698.49,1014085993,5244384976028,KOSDAQ
코스피,20221011,2193.02,2193.05,2174.06,2192.07,859134902,7866669063818,KOSPI
코스닥,20221011,685.30,685.30,667.63,669.50,1032642103,5061061981297,KOSDAQ
코스피,20221012,2191.35,2205.02,2181.65,2202.47,658031316,7408122761579,KOSPI
코스닥,20221012,669.59,673.42,663.60,671.67,1038897275,4986425564986,KOSDAQ
코스피,20221013,2198.29,2198.34,2162.87,2162.87,792213370,7168815761611,KOSPI
코스닥,20221013,669.36,669.71,650.39,651.59,999143322,5406058588517,KOSDAQ
코스피,20221014,2200.66,2220.54,2193.63,2212.55,512874143,7157905274107,KOSPI
코스닥,20221014,665.17,679.92,665.17,678.24,840548188,5141512934531,KOSDAQ
코스피,20221017,2187.17,2221.05,2177.66,2219.71,498542062,6525865145674,KOSPI
코스닥,20221017,667.61,682.39,664.83,682.00,791838205,5414559981827,KOSDAQ
코스피,20221018,2249.15,2251.74,2220.71,2249.95,580709844,7249207359574,KOSPI
코스닥,20221018,692.39,697.37,685.90,697.09,963226962,6919180797864,KOSDAQ
코스피,20221019,2249.35,2266.80,2234.59,2237.44,895031783,7738399261275,KOSPI
코스닥,20221019,697.94,705.84,689.67,690.56,907295440,6385720406562,KOSDAQ
코스피,20221020,2225.53,2231.52,2200.44,2218.09,1107988938,8324600359994,KOSPI
코스닥,20221020,688.44,693.14,675.89,680.44,874512512,5199490889887,KOSDAQ
코스피,20221021,2210.59,2224.04,2204.64,2213.12,637355524,6227732880261,KOSPI
코스닥,20221021,678.16,682.49,674.48,674.48,963352329,5090773347257,KOSDAQ
코스피,20221024,2248.26,2256.67,2229.85,2236.16,444669617,6846451030890,KOSPI
코스닥,20221024,686.43,693.44,686.43,688.50,787782705,4914936807486,KOSDAQ
코스피,20221025,2237.04,2253.24,2230.75,2235.07,456661555,7029649902620,KOSPI
코스닥,20221025,690.77,695.95,686.21,688.85,945382209,5406606153617,KOSDAQ
코스피,20221026,2240.70,2258.11,2234.49,2249.56,563322242,7492294305260,KOSPI
코스닥,20221026,690.67,691.13,683.14,683.17,920613937,5075053664325,KOSDAQ
코스피,20221027,2266.07,2290.56,2262.02,2288.78,587708899,8434804035931,KOSPI
코스닥,20221027,686.41,695.22,686.41,695.09,823549079,4722415565378,KOSDAQ
코스피,20221028,2276.73,2292.65,2266.44,2268.40,427146588,8289040206607,KOSPI
코스닥,20221028,690.71,695.51,687.19,687.63,820670321,5191735203963,KOSDAQ
코스피,20221031,2293.75,2295.51,2273.73,2293.61,401299216,8678919810548,KOSPI
코스닥,20221031,694.69,695.62,689.97,695.33,702420521,4060865874146,KOSDAQ
코스피,20221101,2301.58,2335.57,2297.57,2335.22,597069974,9476057296379,KOSPI
코스닥,20221101,695.45,700.07,693.92,700.05,780349470,4682944382363,KOSDAQ
코스피,20221102,2326.05,2346.32,2323.37,2336.87,450153523,9564674635087,KOSPI
코스닥,20221102,697.40,699.24,694.94,697.37,776700452,5852466547933,KOSDAQ
코스피,20221103,2297.45,2342.86,2296.44,2329.17,550315656,9272759285268,KOSPI
코스닥,20221103,685.42,695.63,683.74,694.13,664300053,4711666427033,KOSDAQ
코스피,20221104,2325.85,2348.43,2316.29,2348.43,436193046,7926499711358,KOSPI
코스닥,20221104,691.69,694.17,684.99,693.89,707247922,5384416950393,KOSDAQ
코스피,20221107,2360.22,2373.28,2354.22,2371.79,392341598,8059253115613,KOSPI
코스닥,20221107,696.22,700.49,695.10,700.48,700082285,4618648958941,KOSDAQ
코스피,20221108,2387.20,2400.39,2375.67,2399.04,499805890,8600488528000,KOSPI
코스닥,20221108,703.36,713.33,703.36,713.33,762143476,5728566970699,KOSDAQ
코스피,20221109,2408.54,2429.65,2403.64,2424.41,680544439,9342056950387,KOSPI
코스닥,20221109,715.19,717.09,711.15,714.60,862281784,5772870864520,KOSDAQ
코스피,20221110,2405.77,2426.10,2401.99,2402.23,898956932,9343679220365,KOSPI
코스닥,20221110,708.49,712.48,705.70,707.78,1004265097,6127390513503,KOSDAQ
코스피,20221111,2466.90,2486.46,2463.51,2483.16,757984121,13916654802813,KOSPI
코스닥,20221111,727.22,732.12,724.53,731.22,1055869601,7438523894841,KOSDAQ
코스피,20221114,2485.18,2499.43,2470.60,2474.65,730922768,11215502921945,KOSPI
코스닥,20221114,732.29,734.73,728.81,729.54,1007573998,6607287675943,KOSDAQ
코스피,20221115,2482.76,2485.20,2463.65,2480.33,617104701,9307709546231,KOSPI
코스닥,20221115,730.33,744.96,730.33,744.96,1023253919,6521041741309,KOSDAQ
코스피,20221116,2487.00,2487.00,2446.79,2477.45,657576075,9879403430728,KOSPI
코스닥,20221116,746.55,746.62,737.87,743.10,1160716067,6486057797103,KOSDAQ
코스피,20221117,2466.50,2467.39,2442.90,2442.90,914351277,8556288678637,KOSPI
코스닥,20221117,740.62,742.29,735.04,737.54,926406356,5681104511753,KOSDAQ
코스피,20221118,2448.13,2471.87,2442.87,2444.48,589456303,7443950048586,KOSPI
코스닥,20221118,738.34,742.17,731.53,731.92,1254464535,6036643962625,KOSDAQ
코스피,20221121,2446.05,2448.14,2409.36,2419.50,544303313,7048566723017,KOSPI
코스닥,20221121,733.00,733.65,717.55,718.57,937669210,5233439936635,KOSDAQ
코스피,20221122,2405.96,2426.40,2401.50,2405.27,538982430,7252977994741,KOSPI
코스닥,20221122,716.24,719.80,711.92,712.26,867973183,4974029576103,KOSDAQ
코스피,20221123,2424.36,2427.28,2407.58,2418.01,474644590,7476480063257,KOSPI
코스닥,20221123,718.29,725.64,718.29,725.59,805435391,5002011459851,KOSDAQ
코스피,20221124,2437.51,2441.33,2428.12,2441.33,481006099,6848847240967,KOSPI
코스닥,20221124,729.41,738.70,729.41,738.22,776729584,5204553736807,KOSDAQ
코스피,20221125,2442.21,2449.66,2433.57,2437.86,437213729,6337478177950,KOSPI
코스닥,20221125,737.46,737.53,732.48,733.56,697479567,4709305466199,KOSDAQ
코스피,20221128,2425.05,2425.65,2401.95,2408.27,350128255,6460815118187,KOSPI
코스닥,20221128,731.81,731.81,717.13,717.90,858403156,5399993669739,KOSDAQ
코스피,20221129,2405.54,2433.87,2401.10,2433.39,549970819,6532506915629,KOSPI
코스닥,20221129,715.02,727.60,713.26,727.54,768157397,4801958164863,KOSDAQ
코스피,20221130,2424.44,2472.53,2421.42,2472.53,593929295,12468676448214,KOSPI
코스닥,20221130,726.56,729.54,722.40,729.54,712738244,4951465966040,KOSDAQ
코스피,20221201,2501.43,2501.43,2474.33,2479.84,491162175,8849275928383,KOSPI
코스닥,20221201,740.97,744.56,739.16,740.60,781431413,5731750323033,KOSDAQ
코스피,20221202,2471.50,2471.50,2434.33,2434.33,468473887,7327056030406,KOSPI
코스닥,20221202,740.13,740.18,732.41,732.95,829701575,6085028675467,KOSDAQ
코스피,20221205,2442.17,2442.22,2413.05,2419.32,385203576,7715708874603,KOSPI
코스닥,20221205,736.45,739.77,731.07,733.32,920632142,5174550792692,KOSDAQ
코스피,20221206,2397.70,2416.88,2390.20,2393.16,367820702,6471355505015,KOSPI
코스닥,20221206,726.32,727.34,719.29,719.44,890852503,4994793552251,KOSDAQ
코스피,20221207,2385.87,2394.88,2377.98,2382.81,332101026,6078805550521,KOSPI
코스닥,20221207,715.63,722.62,711.63,718.14,887649769,4963157734226,KOSDAQ
코스피,20221208,2386.90,2387.95,2357.20,2371.08,351583997,7551624264532,KOSPI
코스닥,20221208,718.37,719.69,711.08,712.52,980657770,5720738569796,KOSDAQ
코스피,20221209,2382.73,2390.08,2367.25,2389.04,315292313,7218699069242,KOSPI
코스닥,20221209,717.24,721.14,712.40,719.49,1074012495,6041841480087,KOSDAQ
코스피,20221212,2373.58,2381.87,2368.47,2373.02,498944119,5821176248573,KOSPI
코스닥,20221212,716.88,718.31,714.26,715.22,872508287,4645044875717,KOSDAQ
코스피,20221213,2385.05,2388.27,2364.87,2372.40,447141455,6657320507004,KOSPI
코스닥,20221213,717.64,719.33,712.21,715.16,1144526604,4842791370427,KOSDAQ
코스피,20221214,2380.81,2400.18,2379.44,2399.25,409436332,5722332704318,KOSPI
코스닥,20221214,718.17,729.17,718.17,729.00,1052747121,5328481348878,KOSDAQ
코스피,20221215,2383.83,2392.11,2360.95,2360.97,374341316,6125951532883,KOSPI
코스닥,20221215,725.32,730.51,721.46,722.68,906552224,4668523865776,KOSDAQ
코스피,20221216,2329.75,2360.44,2326.83,2360.02,413894690,7204856106668,KOSPI
코스닥,20221216,711.33,720.48,710.20,717.41,843122030,4507523002237,KOSDAQ
코스피,20221219,2350.78,2358.76,2342.28,2352.17,323593760,5016653682796,KOSPI
코스닥,20221219,716.80,722.42,714.63,717.22,757553561,4387280862802,KOSDAQ
코스피,20221220,2344.73,2353.86,2324.66,2333.29,358051154,5333664874163,KOSPI
코스닥,20221220,715.13,715.29,701.44,703.13,953050051,5344737227933,KOSDAQ
코스피,20221221,2346.39,2347.00,2325.78,2328.95,329409735,5101425492196,KOSPI
코스닥,20221221,708.13,709.95,701.61,705.70,919652133,5147803643491,KOSDAQ
코스피,20221222,2340.00,2356.73,2335.75,2356.73,552824504,9460043283304,KOSPI
코스닥,20221222,710.47,715.35,709.52,715.02,714325804,4360742336161,KOSDAQ
코스피,20221223,2325.86,2333.08,2311.90,2313.69,366739566,5934813926457,KOSPI
코스닥,20221223,704.93,704.93,691.25,691.25,900889831,5028882540595,KOSDAQ
코스피,20221226,2312.54,2321.92,2304.20,2317.14,427626557,5204900979707,KOSPI
코스닥,20221226,691.94,696.96,686.80,694.68,728386676,4283664406517,KOSDAQ
코스피,20221227,2327.52,2335.99,2321.48,2332.79,448274988,7126243890867,KOSPI
코스닥,20221227,697.25,704.21,697.25,704.19,782343527,4972172164227,KOSDAQ
코스피,20221228,2296.45,2296.45,2276.90,2280.45,405655679,7566178070599,KOSPI
코스닥,20221228,699.24,699.39,691.01,692.37,792423375,5098478574102,KOSDAQ
코스피,20221229,2265.73,2272.67,2236.38,2236.40,361010094,6035924794730,KOSPI
코스닥,20221229,691.35,693.12,675.80,679.29,883198069,4765398821741,KOSDAQ
코스피,20230102,2249.95,2259.88,2222.37,2225.67,346143745,5199488397123,KOSPI
코스닥,20230102,683.84,688.77,670.38,671.51,715922393,4342608066365,KOSDAQ
코스피,20230103,2230.98,2230.98,2180.67,2218.68,409989604,6148316987575,KOSPI
코스닥,20230103,672.18,675.75,660.32,674.95,912845683,5066607050621,KOSDAQ
코스피,20230104,2205.98,2260.06,2198.82,2255.98,412723661,6487223390548,KOSPI
코스닥,20230104,670.18,683.67,667.30,683.67,882753814,5058112969568,KOSDAQ
코스피,20230105,2268.20,2281.39,2252.97,2264.65,430771975,7520515840115,KOSPI
코스닥,20230105,685.78,688.35,677.77,679.92,864080908,5356000019361,KOSDAQ
코스피,20230106,2253.40,2300.62,2253.27,2289.97,398343404,6763322047150,KOSPI
코스닥,20230106,677.28,691.17,676.40,688.94,800453400,5504589060504,KOSDAQ
코스피,20230109,2315.87,2351.06,2312.56,2350.19,341064220,7022052460651,KOSPI
코스닥,20230109,695.02,701.21,695.02,701.21,989340152,5108963586515,KOSDAQ
코스피,20230110,2348.04,2370.18,2344.18,2351.31,359633324,6701822834864,KOSPI
코스닥,20230110,700.16,704.60,694.92,696.05,1129271096,6061062094986,KOSDAQ
코스피,20230111,2364.05,2369.66,2350.36,2359.53,368819604,6296407187908,KOSPI
코스닥,20230111,701.29,710.29,701.29,709.77,1183980008,5463280152786,KOSDAQ
코스피,20230112,2376.72,2377.80,2358.33,2365.10,580097380,7836667949062,KOSPI
코스닥,20230112,713.56,714.10,707.54,710.82,1218434121,5258308801124,KOSDAQ
코스피,20230113,2377.34,2397.01,2375.78,2386.09,861739143,6975220485066,KOSPI
코스닥,20230113,712.24,714.75,709.26,711.82,1060843113,5205295457323,KOSDAQ
코스피,20230116,2390.06,2410.22,2387.61,2399.86,512265871,6483457585142,KOSPI
코스닥,20230116,714.71,718.15,713.19,716.89,1200574315,5617205106066,KOSDAQ
코스피,20230117,2400.92,2404.00,2374.65,2379.39,536020169,6307924160223,KOSPI
코스닥,20230117,716.70,718.90,708.54,709.71,1097613663,6204031309591,KOSDAQ
코스피,20230118,2380.36,2383.00,2356.84,2368.32,536215877,5489233970087,KOSPI
코스닥,20230118,711.12,713.28,708.79,711.75,1157124150,6512489504879,KOSDAQ
코스피,20230119,2354.56,2380.34,2354.56,2380.34,369923940,5447175262538,KOSPI
코스닥,20230119,707.66,712.94,705.76,712.89,970296617,6233997256372,KOSDAQ
코스피,20230120,2380.00,2395.97,2372.57,2395.26,302259574,5024085282479,KOSPI
코스닥,20230120,712.32,718.03,712.32,717.97,993438185,6132654336490,KOSDAQ
코스피,20230125,2426.58,2432.71,2421.51,2428.57,549842269,6664052005671,KOSPI
코스닥,20230125,725.23,732.42,725.23,732.35,1001844496,7687062707115,KOSDAQ
코스피,20230126,2436.18,2468.65,2426.40,2468.65,486617620,8205236360654,KOSPI
코스닥,20230126,734.37,740.99,733.23,738.94,1195488535,9137739307992,KOSDAQ
코스피,20230127,2474.52,2497.40,2464.53,2484.02,509069830,9091450444264,KOSPI
코스닥,20230127,741.20,742.07,737.90,741.25,1116564147,7440179368495,KOSDAQ
코스피,20230130,2484.64,2491.13,2446.59,2450.47,475138875,9219251650529,KOSPI
코스닥,20230130,743.73,746.33,736.90,738.62,1037870089,7465489286041,KOSDAQ
코스피,20230131,2449.92,2457.48,2423.37,2425.08,616884286,10393562144639,KOSPI
코스닥,20230131,735.19,740.98,732.33,740.49,963814059,8032309043349,KOSDAQ
코스피,20230201,2446.03,2453.29,2433.37,2449.80,666102404,8595149823661,KOSPI
코스닥,20230201,744.90,752.50,744.03,750.96,1041715639,8766806986770,KOSDAQ
코스피,20230202,2481.94,2486.20,2454.60,2468.88,692808747,9120298353204,KOSPI
코스닥,20230202,759.53,764.84,758.72,764.62,1206298325,8742993314304,KOSDAQ
코스피,20230203,2466.54,2485.08,2460.21,2480.40,496625634,8025967377632,KOSPI
코스닥,20230203,765.37,768.03,761.82,766.79,1122839468,9249446000690,KOSDAQ
코스피,20230206,2461.82,2469.42,2438.04,2438.19,566573166,7670014250435,KOSPI
코스닥,20230206,763.66,766.23,760.65,761.33,1172532591,8016139338055,KOSDAQ
코스피,20230207,2440.14,2456.17,2432.40,2451.71,446623385,7548021257071,KOSPI
코스닥,20230207,762.47,773.79,762.30,772.79,1235916118,9562885666205,KOSDAQ
코스피,20230208,2469.42,2487.35,2465.96,2483.64,414781153,7995336334629,KOSPI
코스닥,20230208,777.43,779.98,776.30,779.98,1393507275,9534595525206,KOSDAQ
코스피,20230209,2470.66,2487.14,2466.61,2481.52,609412585,8981035932496,KOSPI
코스닥,20230209,776.60,784.64,776.26,784.58,1345038052,9881957076082,KOSDAQ
코스피,20230210,2470.65,2473.80,2454.74,2469.73,656938174,8346072271807,KOSPI
코스닥,20230210,783.07,784.52,771.62,772.44,1253111302,10552025025719,KOSDAQ
코스피,20230213,2461.96,2462.58,2440.86,2452.70,485525671,7363040768943,KOSPI
코스닥,20230213,771.50,774.08,767.64,772.55,1169523805,9564586633806,KOSDAQ
코스피,20230214,2471.33,2480.34,2459.83,2465.64,348750490,6733707804637,KOSPI
코스닥,20230214,778.05,780.13,774.61,779.58,1257686639,9618897375681,KOSDAQ
코스피,20230215,2473.09,2473.44,2424.16,2427.90,386512731,8754932754542,KOSPI
코스닥,20230215,782.55,784.38,763.81,765.46,1399285220,10709139995839,KOSDAQ
코스피,20230216,2444.06,2475.99,2442.07,2475.48,387633725,9167924666968,KOSPI
코스닥,20230216,772.17,784.71,772.16,784.71,1231154346,9379347969929,KOSDAQ
코스피,20230217,2447.66,2471.51,2445.74,2451.21,513616120,8362378074771,KOSPI
코스닥,20230217,775.03,780.78,772.96,775.62,850441469,8898046573245,KOSDAQ
코스피,20230220,2453.25,2463.17,2430.27,2455.12,389643253,7533873531137,KOSPI
코스닥,20230220,777.68,789.26,773.86,788.89,877636026,8872553026207,KOSDAQ
코스피,20230221,2457.51,2466.07,2446.00,2458.96,494276397,7331628570600,KOSPI
코스닥,20230221,789.45,793.42,786.48,793.42,1007989762,9628375903030,KOSDAQ
코스피,20230222,2430.87,2435.98,2416.16,2417.68,426740999,8383391735254,KOSPI
코스닥,20230222,782.83,787.85,774.54,778.51,1111959915,10007267519743,KOSDAQ
코스피,20230223,2430.01,2449.62,2422.62,2439.09,400306971,7449454172540,KOSPI
코스닥,20230223,782.18,784.59,774.10,783.28,914834520,9899897355445,KOSDAQ
코스피,20230224,2442.49,2452.97,2421.47,2423.61,369214937,6988877913349,KOSPI
코스닥,20230224,784.94,786.09,774.21,778.88,1174582964,10428991381081,KOSDAQ
코스피,20230227,2405.42,2405.56,2383.76,2402.64,356713519,6596046400175,KOSPI
코스닥,20230227,775.01,781.54,769.75,780.30,1126779395,10502820753722,KOSDAQ
코스피,20230228,2417.58,2431.67,2407.29,2412.85,529152609,9270693829991,KOSPI
코스닥,20230228,784.23,793.65,783.66,791.60,985877738,10396379749260,KOSDAQ
코스피,20230302,2414.61,2440.59,2411.85,2427.85,427934912,9658557092851,KOSPI
코스닥,20230302,793.63,797.01,786.52,787.19,997953954,10834250325026,KOSDAQ
코스피,20230303,2438.73,2442.10,2423.08,2432.07,371458431,7843760790349,KOSPI
코스닥,20230303,792.90,802.45,792.61,802.42,1088569352,11028909199446,KOSDAQ
코스피,20230306,2452.46,2464.45,2441.07,2462.62,417910809,9778229285502,KOSPI
코스닥,20230306,810.61,816.62,804.47,816.51,1095476497,12488832851072,KOSDAQ
코스피,20230307,2457.04,2475.73,2455.65,2463.35,449817883,10729857713297,KOSPI
코스닥,20230307,814.27,818.56,810.47,815.76,1243451194,13103779982186,KOSDAQ
코스피,20230308,2435.58,2442.61,2426.52,2431.91,437305247,9963222089024,KOSPI
코스닥,20230308,809.14,817.17,807.95,813.95,1200637495,12534603653197,KOSDAQ
코스피,20230309,2440.79,2444.20,2416.25,2419.09,473506212,10346489335459,KOSPI
코스닥,20230309,817.03,817.12,801.10,809.22,1321607145,11664246212334,KOSDAQ
코스피,20230310,2389.82,2400.87,2383.19,2394.59,412923160,7873413606727,KOSPI
코스닥,20230310,796.57,798.96,785.66,788.60,1178246766,10582030420507,KOSDAQ
코스피,20230313,2400.45,2413.24,2369.79,2410.60,380423325,7701058417880,KOSPI
코스닥,20230313,784.02,789.18,771.03,788.89,1119637194,10689350660097,KOSDAQ
코스피,20230314,2390.36,2390.78,2348.19,2348.97,484778709,7793165702712,KOSPI
코스닥,20230314,788.44,789.22,758.05,758.05,1080602231,10882456248741,KOSDAQ
코스피,20230315,2380.09,2395.36,2370.77,2379.72,443457180,7590843379922,KOSPI
코스닥,20230315,774.53,784.59,773.65,781.17,1009129089,10684817820830,KOSDAQ
코스피,20230316,2357.98,2382.79,2346.11,2377.91,317315421,7832815411713,KOSPI
코스닥,20230316,780.53,785.54,767.11,781.98,1093735189,12279672821527,KOSDAQ
코스피,20230317,2403.70,2405.35,2382.80,2395.69,363389438,8610513804586,KOSPI
코스닥,20230317,791.18,798.62,785.98,797.39,1124370158,14396705215952,KOSDAQ
코스피,20230320,2391.87,2405.99,2378.70,2379.20,344746943,6059749820208,KOSPI
코스닥,20230320,793.04,803.42,791.45,802.20,1076505391,11511566110931,KOSDAQ
코스피,20230321,2396.54,2399.52,2383.17,2388.35,354664123,7266168482770,KOSPI
코스닥,20230321,806.51,809.33,802.42,802.53,1035810737,11830284964035,KOSDAQ
코스피,20230322,2411.25,2417.47,2402.78,2416.96,500942556,7887827113416,KOSPI
코스닥,20230322,811.17,813.43,807.91,813.43,1093036017,12624525107628,KOSDAQ
코스피,20230323,2398.27,2424.48,2397.91,2424.48,567386217,10365565344892,KOSPI
코스닥,20230323,807.53,824.20,806.40,812.19,1153618066,17926981395745,KOSDAQ
코스피,20230324,2421.27,2423.76,2399.49,2414.96,470101917,9244414344755,KOSPI
코스닥,20230324,820.16,824.11,814.07,824.11,1269133061,13780834971825,KOSDAQ
코스피,20230327,2423.94,2423.94,2395.97,2409.22,472211362,8529254360265,KOSPI
코스닥,20230327,827.95,829.18,817.81,827.69,1154907017,13387578722697,KOSDAQ
코스피,20230328,2418.69,2434.94,2415.34,2434.94,523493592,8809497214590,KOSPI
코스닥,20230328,831.07,833.68,825.40,833.51,1207673054,13857901693327,KOSDAQ
코스피,20230329,2432.63,2443.95,2428.61,2443.92,496646218,8827443011443,KOSPI
코스닥,20230329,833.90,843.94,832.44,843.94,1293428784,14679875877244,KOSDAQ
코스피,20230330,2452.97,2462.70,2439.43,2453.16,621262817,10832198398863,KOSPI
코스닥,20230330,850.78,852.59,846.10,850.48,1467231027,15296526431918,KOSDAQ
코스피,20230331,2459.94,2481.24,2456.54,2476.86,721281042,12899079567095,KOSPI
코스닥,20230331,849.98,851.13,842.61,847.52,1263301266,13798769778140,KOSDAQ
코스피,20230403,2485.81,2485.81,2467.59,2472.34,807402687,11292042920448,KOSPI
코스닥,20230403,850.86,855.20,847.70,854.96,1126798185,13190709730035,KOSDAQ
코스피,20230404,2475.87,2489.71,2472.79,2480.51,830515543,13491279784207,KOSPI
코스닥,20230404,853.92,861.13,852.02,857.18,1275199942,13266267617028,KOSDAQ
코스피,20230405,2482.61,2497.61,2478.67,2495.21,630407375,9800093115004,KOSPI
코스닥,20230405,857.54,872.44,856.15,872.36,1480814611,13361674989886,KOSDAQ
코스피,20230406,2488.00,2488.00,2458.50,2459.23,749147860,11326992167824,KOSPI
코스닥,20230406,869.65,869.94,859.13,865.58,1336986186,12325465998834,KOSDAQ
코스피,20230407,2478.64,2493.06,2473.89,2490.41,583966891,11242924204558,KOSPI
코스닥,20230407,871.83,880.07,866.58,880.07,1402024263,13947090332406,KOSDAQ
코스피,20230410,2491.68,2519.99,2490.17,2512.08,716173643,13535439617118,KOSPI
코스닥,20230410,882.75,890.96,877.31,887.78,1423296864,17641788575054,KOSDAQ
코스피,20230411,2523.33,2550.97,2514.42,2547.86,766773920,14047335660476,KOSPI
코스닥,20230411,893.20,899.37,879.73,898.94,1436964728,16772947801267,KOSDAQ
코스피,20230412,2546.36,2561.37,2536.23,2550.64,899768804,14423091426794,KOSPI
코스닥,20230412,897.11,900.83,888.63,890.62,1672722223,17135532935108,KOSDAQ
코스피,20230413,2534.71,2561.66,2531.07,2561.66,840277130,11991300426654,KOSPI
코스닥,20230413,885.50,895.29,875.42,894.25,1545208413,16823963418511,KOSDAQ
코스피,20230414,2580.10,2581.74,2560.53,2571.49,890498780,13080311139676,KOSPI
코스닥,20230414,902.56,906.69,900.70,903.84,1362308629,13883662698674,KOSDAQ
코스피,20230417,2570.30,2577.08,2561.14,2575.91,774554746,12789420078662,KOSPI
코스닥,20230417,905.35,909.50,898.84,909.50,1446838828,13377113690865,KOSDAQ
코스피,20230418,2582.23,2582.23,2557.19,2571.09,895190182,14095450977785,KOSPI
코스닥,20230418,910.75,910.75,902.90,909.02,1738004342,16354864819059,KOSDAQ
코스피,20230419,2570.06,2582.11,2568.46,2575.08,955974601,12747333823369,KOSPI
코스닥,20230419,908.87,913.97,907.59,909.20,1810701991,14790475382399,KOSDAQ
코스피,20230420,2566.06,2573.94,2552.06,2563.11,950395375,12412337682645,KOSPI
코스닥,20230420,905.81,906.00,884.33,885.71,2158480697,13906274775585,KOSDAQ
코스피,20230421,2556.70,2559.44,2532.32,2544.40,968987724,12611412002007,KOSPI
코스닥,20230421,884.27,888.21,868.36,868.82,1855393419,13058610693878,KOSDAQ
코스피,20230424,2538.36,2541.89,2518.73,2523.50,925896254,11586523357960,KOSPI
코스닥,20230424,867.38,870.08,852.48,855.23,1214076863,10426681413457,KOSDAQ
코스피,20230425,2531.35,2531.35,2472.33,2489.02,885167584,13677669515976,KOSPI
코스닥,20230425,857.54,858.91,828.25,838.71,1470307717,11726400112190,KOSDAQ
코스피,20230426,2489.49,2498.56,2481.38,2484.83,1088108853,12394751215616,KOSPI
코스닥,20230426,835.94,846.42,829.19,830.44,1218588981,9932746875368,KOSDAQ
코스피,20230427,2484.31,2499.01,2465.83,2495.81,732590628,11139924110420,KOSPI
코스닥,20230427,831.89,850.88,823.19,850.21,1409720743,10699505405327,KOSDAQ
코스피,20230428,2511.79,2517.13,2489.58,2501.53,776409308,14022147719246,KOSPI
코스닥,20230428,860.11,860.11,839.67,842.83,1120950286,12021353168378,KOSDAQ
코스피,20230502,2504.01,2524.42,2503.21,2524.39,700287410,9939608974042,KOSPI
코스닥,20230502,845.18,855.61,844.68,855.61,1001204505,9337523687787,KOSDAQ
코스피,20230503,2510.19,2514.37,2497.83,2501.40,887347680,9860756502450,KOSPI
코스닥,20230503,848.05,852.23,841.81,843.18,1104553080,9182387615736,KOSDAQ
코스피,20230504,2494.82,2502.14,2486.09,2500.94,809106851,10017495866520,KOSPI
코스닥,20230504,842.13,847.69,839.08,845.06,1158605159,8797197036517,KOSDAQ
코스피,20230508,2518.53,2525.84,2511.13,2513.21,653913289,9209414312310,KOSPI
코스닥,20230508,851.52,854.32,842.07,842.28,1220306312,8948093679257,KOSDAQ
코스피,20230509,2512.34,2514.81,2495.63,2510.06,750453695,9348752422679,KOSPI
코스닥,20230509,841.41,843.40,827.78,835.85,1153618000,9259048343000,KOSDAQ
코스피,20230510,2505.96,2510.13,2488.42,2496.51,634431202,8904128934734,KOSPI
코스닥,20230510,836.02,839.86,827.88,829.74,1156959650,7846494259326,KOSDAQ
코스피,20230511,2505.57,2513.82,2490.08,2491.00,646347043,8998747146511,KOSPI
코스닥,20230511,836.60,840.66,821.94,824.54,1399798096,9077962635511,KOSDAQ
코스피,20230512,2487.35,2487.35,2472.45,2475.42,797192524,8586948214590,KOSPI
코스닥,20230512,824.11,828.14,820.24,822.43,1529251882,8666476477066,KOSDAQ
코스피,20230515,2469.80,2479.35,2455.99,2479.35,483308722,6917531022353,KOSPI
코스닥,20230515,820.50,820.50,806.47,814.53,1077038067,9195800159771,KOSDAQ
코스피,20230516,2494.40,2498.54,2474.90,2480.24,627880643,8085076337401,KOSPI
코스닥,20230516,818.96,822.64,813.32,816.75,1278185084,9394072731905,KOSDAQ
코스피,20230517,2479.65,2498.37,2475.02,2494.66,563261161,7215832370417,KOSPI
코스닥,20230517,815.58,834.20,814.65,834.19,1175969647,8864453754811,KOSDAQ
코스피,20230518,2511.09,2515.40,2500.01,2515.40,571509706,7779983796135,KOSPI
코스닥,20230518,839.27,841.10,833.73,835.89,1248050645,8775983720781,KOSDAQ
코스피,20230519,2530.83,2538.31,2524.89,2537.79,569299841,9198208799611,KOSPI
코스닥,20230519,839.56,842.21,836.68,841.72,1229772660,10285405422790,KOSDAQ
코스피,20230522,2540.03,2564.09,2533.50,2557.08,590520466,8207617775205,KOSPI
코스닥,20230522,840.97,852.33,837.49,852.04,1040974678,8377511527272,KOSDAQ
코스피,20230523,2565.80,2577.32,2561.10,2567.55,573754533,7438437529920,KOSPI
코스닥,20230523,853.57,861.30,853.57,859.16,1216473633,9452502577821,KOSDAQ
코스피,20230524,2557.11,2572.21,2555.04,2567.45,1071620930,7898625046359,KOSPI
코스닥,20230524,856.25,857.84,853.00,855.46,1102072884,8256368355194,KOSDAQ
코스피,20230525,2570.64,2575.05,2551.49,2554.69,916669263,9414505068050,KOSPI
코스닥,20230525,857.30,860.01,845.84,847.72,1196584140,7759775207000,KOSDAQ
코스피,20230526,2561.94,2567.50,2553.79,2558.81,631833119,9395331892903,KOSPI
코스닥,20230526,849.80,853.06,842.17,843.23,1142616306,8026078940081,KOSDAQ
코스피,20230530,2582.41,2586.22,2574.82,2585.52,638529282,11059080692662,KOSPI
코스닥,20230530,850.00,851.53,844.48,851.50,1120606351,7544214890932,KOSDAQ
코스피,20230531,2586.03,2596.31,2575.98,2577.12,683875260,15129992302613,KOSPI
코스닥,20230531,851.37,860.30,850.88,856.94,1022507023,7961307945258,KOSDAQ
코스피,20230601,2572.56,2580.15,2565.00,2569.17,674194608,9166041981112,KOSPI
코스닥,20230601,855.95,863.86,855.46,863.78,946149780,7115638148932,KOSDAQ
코스피,20230602,2586.27,2601.38,2583.88,2601.36,566537404,9376198950384,KOSPI
코스닥,20230602,866.16,868.17,864.97,868.06,1085217216,7550972659844,KOSDAQ
코스피,20230605,2617.43,2618.62,2608.01,2615.41,542701307,8558541134288,KOSPI
코스닥,20230605,871.05,872.95,865.13,870.28,1031126261,6935702112725,KOSDAQ
코스피,20230607,2623.46,2629.92,2613.68,2615.60,535339769,10147329661900,KOSPI
코스닥,20230607,872.10,880.81,872.10,880.72,1055608131,8803863592277,KOSDAQ
코스피,20230608,2609.21,2612.39,2595.33,2610.85,578731005,11466991193648,KOSPI
코스닥,20230608,878.86,879.44,871.50,876.13,1036941470,8734616997033,KOSDAQ
코스피,20230609,2624.15,2644.70,2618.45,2641.16,581536319,11123553908793,KOSPI
코스닥,20230609,882.11,886.52,880.76,883.71,1042273909,9482598131429,KOSDAQ
코스피,20230612,2647.49,2650.45,2623.43,2629.35,554296106,9357588309765,KOSPI
코스닥,20230612,887.20,887.20,881.76,885.76,975520279,8940799897039,KOSDAQ
코스피,20230613,2644.43,2645.62,2633.52,2637.95,692549015,11146001413095,KOSPI
코스닥,20230613,890.81,898.28,889.58,896.81,981516594,10121064120820,KOSDAQ
코스피,20230614,2640.81,2642.86,2614.25,2619.08,648840960,13084439999211,KOSPI
코스닥,20230614,899.35,899.85,870.48,871.83,1209584420,12423194265296,KOSDAQ
코스피,20230615,2629.24,2634.22,2602.52,2608.54,578963893,11503436207536,KOSPI
코스닥,20230615,877.62,884.55,865.48,878.04,1073869491,10070722939028,KOSDAQ
코스피,20230616,2623.57,2625.79,2612.21,2625.79,668412749,12604392649336,KOSPI
코스닥,20230616,882.45,888.27,878.99,887.95,920571604,8498674784798,KOSDAQ
코스피,20230619,2618.06,2619.44,2600.49,2609.50,708826263,11064124759886,KOSPI
코스닥,20230619,888.52,889.49,881.14,888.61,1080278798,8531215014295,KOSDAQ
코스피,20230620,2602.83,2610.03,2596.82,2604.91,715772381,10860970788794,KOSPI
코스닥,20230620,886.47,891.00,883.09,886.41,1256149395,9593221035386,KOSDAQ
코스피,20230621,2599.19,2600.97,2579.52,2582.63,655357198,10641858181254,KOSPI
코스닥,20230621,887.26,890.94,875.33,875.70,1188107850,9328544534052,KOSDAQ
코스피,20230622,2575.65,2597.76,2575.65,2593.70,610221084,8929260723601,KOSPI
코스닥,20230622,870.79,880.12,869.79,876.38,1225469086,8128895168261,KOSDAQ
코스피,20230623,2599.04,2600.81,2568.07,2570.10,526525965,8543364765490,KOSPI
코스닥,20230623,880.37,880.46,872.28,874.84,1233731755,8256896880580,KOSDAQ
코스피,20230626,2568.65,2585.31,2562.03,2582.20,479227004,8430807562063,KOSPI
코스닥,20230626,874.31,881.24,869.29,879.50,1266237025,8622822719056,KOSDAQ
코스피,20230627,2581.02,2582.00,2568.52,2581.39,535418834,8584164052203,KOSPI
코스닥,20230627,877.88,878.43,867.68,874.14,1171597881,8870212363438,KOSDAQ
코스피,20230628,2590.52,2590.52,2559.46,2564.19,484210585,8802944231841,KOSPI
코스닥,20230628,879.61,880.23,866.70,866.97,1111245995,9507276675366,KOSDAQ
코스피,20230629,2564.02,2577.69,2550.02,2550.02,602466311,8819752307982,KOSPI
코스닥,20230629,868.65,870.75,859.77,861.79,1144234129,9198585520337,KOSDAQ
코스피,20230630,2558.43,2571.03,2541.72,2564.28,508815620,8203892375044,KOSPI
코스닥,20230630,862.70,869.24,853.68,868.24,954213087,9150281351583,KOSDAQ
코스피,20230703,2580.89,2604.63,2580.49,2602.47,615544987,8967273188182,KOSPI
코스닥,20230703,873.91,889.29,873.66,889.29,862440798,10562406096644,KOSDAQ
코스피,20230704,2604.72,2607.66,2591.86,2593.31,673057332,9157272629410,KOSPI
코스닥,20230704,890.94,894.70,883.41,890.00,957548316,11512594931906,KOSDAQ
코스피,20230705,2593.47,2601.99,2578.66,2579.00,599402563,10253183770181,KOSPI
코스닥,20230705,890.49,895.63,889.23,891.18,890572046,10448831104806,KOSDAQ
코스피,20230706,2574.75,2575.45,2550.67,2556.29,530804653,10288102404318,KOSPI
코스닥,20230706,889.30,889.77,869.46,870.53,1107042444,11064290837080,KOSDAQ
코스피,20230707,2547.41,2547.41,2515.07,2526.71,612059568,10364149421575,KOSPI
코스닥,20230707,868.08,872.29,861.20,867.27,1019732356,7979788807928,KOSDAQ
코스피,20230710,2528.08,2539.63,2517.67,2520.70,560570009,9695303642012,KOSPI
코스닥,20230710,868.00,870.18,857.35,860.35,999190298,9693295525511,KOSDAQ
코스피,20230711,2538.84,2562.49,2534.48,2562.49,592364754,10591663208338,KOSPI
코스닥,20230711,866.55,878.76,865.65,878.73,915460034,9052526670671,KOSDAQ
코스피,20230712,2557.61,2574.73,2554.26,2574.72,695546662,13226233931150,KOSPI
코스닥,20230712,878.97,880.53,873.91,879.88,1026220790,10561123302503,KOSDAQ
코스피,20230713,2589.89,2602.21,2587.75,2591.23,584289161,13254270025126,KOSPI
코스닥,20230713,885.21,895.23,884.33,893.07,1074712826,12425480283678,KOSDAQ
코스피,20230714,2607.47,2628.30,2603.36,2628.30,568129382,14280683565279,KOSPI
코스닥,20230714,898.17,899.68,890.21,896.28,1040712448,12296459766846,KOSDAQ
코스피,20230717,2617.67,2627.12,2611.55,2619.00,548804050,11727444718719,KOSPI
코스닥,20230717,894.75,899.44,891.18,898.29,1105715081,10469898401863,KOSDAQ
코스피,20230718,2624.59,2626.89,2600.67,2607.62,491071649,11989544407326,KOSPI
코스닥,20230718,901.43,914.18,901.12,914.14,1068430928,14185578237705,KOSDAQ
코스피,20230719,2622.24,2622.54,2598.52,2608.24,434885702,11172250722337,KOSPI
코스닥,20230719,917.51,923.90,910.25,923.72,992427958,15686144301013,KOSDAQ
코스피,20230720,2595.38,2611.34,2589.29,2600.23,369649615,9458516593561,KOSPI
코스닥,20230720,918.27,931.79,913.98,931.60,965378120,14052148714217,KOSDAQ
코스피,20230721,2581.06,2609.76,2570.58,2609.76,499337019,12241041590689,KOSPI
코스닥,20230721,918.51,937.29,918.19,934.58,975087516,13364299553934,KOSDAQ
코스피,20230724,2608.47,2636.06,2595.21,2628.53,525901503,19034174943155,KOSPI
코스닥,20230724,934.99,935.55,920.89,929.90,942978476,15033107943221,KOSDAQ
코스피,20230725,2643.35,2646.71,2621.60,2636.46,721543356,19196290760472,KOSPI
코스닥,20230725,932.17,945.47,924.31,939.96,908700538,14777890483468,KOSDAQ
코스피,20230726,2638.76,2639.21,2580.98,2592.36,830120393,36334656941023,KOSPI
코스닥,20230726,945.57,956.40,886.14,900.63,1197178638,26435790395345,KOSDAQ
코스피,20230727,2599.82,2617.61,2586.36,2603.81,591866158,24068745762829,KOSPI
코스닥,20230727,897.44,912.57,878.80,883.79,848286772,15970616158155,KOSDAQ
코스피,20230728,2593.67,2609.54,2586.33,2608.32,497305377,16787411407330,KOSPI
코스닥,20230728,880.23,914.60,877.96,913.74,656415418,11978413572195,KOSDAQ
코스피,20230731,2628.87,2639.45,2622.21,2632.58,451472616,15676930505369,KOSPI
코스닥,20230731,923.01,938.43,921.39,935.97,676464753,10873723078973,KOSDAQ
코스피,20230801,2644.34,2668.21,2639.10,2667.07,491850611,15844516079402,KOSPI
코스닥,20230801,944.71,952.12,926.75,939.67,912197691,14521356139850,KOSDAQ
코스피,20230802,2651.53,2660.90,2611.77,2616.47,702763027,15995128974934,KOSPI
코스닥,20230802,931.17,940.06,907.87,909.76,894915723,11656958173491,KOSDAQ
코스피,20230803,2624.76,2625.45,2591.30,2605.39,787606224,14914742685162,KOSPI
코스닥,20230803,911.28,920.41,897.89,920.32,1112360728,13066949435169,KOSDAQ
코스피,20230804,2606.17,2612.30,2598.38,2602.80,644726041,10967577869700,KOSPI
코스닥,20230804,921.16,922.89,914.30,918.43,984291717,11060260889828,KOSDAQ
코스피,20230807,2591.58,2607.36,2580.71,2580.71,502214597,11888223715976,KOSPI
코스닥,20230807,913.25,913.25,894.48,898.22,1030588618,13516717515204,KOSDAQ
코스피,20230808,2598.29,2601.41,2568.15,2573.98,636958748,12428348538014,KOSPI
코스닥,20230808,901.76,903.78,889.25,892.34,1113897514,12915356210426,KOSDAQ
코스피,20230809,2580.60,2608.98,2576.21,2605.12,466009142,10318844938329,KOSPI
코스닥,20230809,891.08,912.94,889.94,908.98,976438527,10575145742613,KOSDAQ
코스피,20230810,2592.40,2601.56,2590.02,2601.56,566461041,11341967106818,KOSPI
코스닥,20230810,904.68,912.65,899.01,911.29,1138703419,11761057020745,KOSDAQ
코스피,20230811,2611.25,2616.84,2589.94,2591.26,672149832,10482751628938,KOSPI
코스닥,20230811,913.97,918.18,908.27,912.20,1203546075,12039620170892,KOSDAQ
코스피,20230814,2586.51,2592.91,2561.88,2570.87,622759432,9988307786320,KOSPI
코스닥,20230814,907.43,908.13,894.08,901.68,1072349426,10906979742144,KOSDAQ
코스피,20230816,2550.13,2550.53,2520.87,2525.64,683193798,12019199779107,KOSPI
코스닥,20230816,893.93,895.42,877.85,878.29,1148131844,11822026151069,KOSDAQ
코스피,20230817,2512.92,2520.56,2482.06,2519.85,733889406,10723366624865,KOSPI
코스닥,20230817,875.15,887.67,863.32,886.04,1076183991,12339439744128,KOSDAQ
코스피,20230818,2495.18,2519.60,2489.63,2504.50,556433490,10772616193528,KOSPI
코스닥,20230818,878.52,882.08,874.27,877.32,1071842225,10089871406459,KOSDAQ
코스피,20230821,2511.70,2524.41,2505.59,2508.80,398625064,8521918996859,KOSPI
코스닥,20230821,881.09,894.58,879.80,888.71,1031011861,10292526309976,KOSDAQ
코스피,20230822,2528.39,2533.43,2509.53,2515.74,470968195,9267241341123,KOSPI
코스닥,20230822,898.40,899.21,889.71,893.33,1176764979,12000532162253,KOSDAQ
코스피,20230823,2510.00,2517.51,2499.89,2505.50,546162338,8574871852143,KOSPI
코스닥,20230823,892.65,892.65,881.40,882.87,1401301326,12689717189792,KOSDAQ
코스피,20230824,2531.78,2539.44,2520.73,2537.68,440261756,10096639153445,KOSPI
코스닥,20230824,893.46,902.64,892.12,901.74,1238103472,12290307446421,KOSDAQ
코스피,20230825,2505.39,2526.37,2502.05,2519.14,576395497,8299801209675,KOSPI
코스닥,20230825,891.21,902.81,890.08,899.38,1053095658,10862551616405,KOSDAQ
코스피,20230828,2534.42,2543.41,2525.64,2543.41,482952342,8219832221671,KOSPI
코스닥,20230828,907.53,909.48,901.84,909.38,953711956,9623216707355,KOSDAQ
코스피,20230829,2550.76,2556.98,2545.27,2552.16,440680745,8272823561245,KOSPI
코스닥,20230829,911.94,918.39,907.82,916.24,1217368515,11907699700213,KOSDAQ
코스피,20230830,2575.42,2578.62,2561.22,2561.22,363048865,7762494012545,KOSPI
코스닥,20230830,925.08,926.44,921.05,923.81,1187625746,12158963783772,KOSDAQ
코스피,20230831,2564.45,2568.06,2547.72,2556.27,471864601,11328598383842,KOSPI
코스닥,20230831,925.57,930.42,923.40,928.40,1220738215,16920552345005,KOSDAQ
코스피,20230901,2551.93,2568.42,2551.04,2563.71,492411464,10026688793916,KOSPI
코스닥,20230901,926.37,928.00,919.74,919.74,1049931277,14004990925631,KOSDAQ
코스피,20230904,2566.93,2584.55,2560.32,2584.55,341168878,8696754861557,KOSPI
코스닥,20230904,918.12,921.63,913.04,919.16,1092945167,13143879513837,KOSDAQ
코스피,20230905,2578.91,2586.65,2575.19,2582.18,383385764,7586759555225,KOSPI
코스닥,20230905,918.85,922.65,913.02,921.48,1065608031,12843964746567,KOSDAQ
코스피,20230906,2577.41,2585.98,2560.09,2563.34,421539065,7624800805267,KOSPI
코스닥,20230906,923.61,927.28,916.08,917.95,1074816164,13495376335032,KOSDAQ
코스피,20230907,2554.87,2562.42,2539.24,2548.26,376638726,8323767794112,KOSPI
코스닥,20230907,914.63,921.79,902.95,906.36,1263988843,14611557754810,KOSDAQ
코스피,20230908,2546.07,2550.96,2530.05,2547.68,395764177,7717085673354,KOSPI
코스닥,20230908,908.08,914.18,902.77,914.18,1232316036,12378114547579,KOSDAQ
코스피,20230911,2549.88,2556.89,2540.44,2556.88,410343177,8337818335419,KOSPI
코스닥,20230911,918.43,918.43,907.90,912.55,962628191,12295739665461,KOSDAQ
코스피,20230912,2566.42,2568.55,2535.15,2536.58,358673091,8923320448851,KOSPI
코스닥,20230912,918.10,918.96,895.96,898.04,1060315585,12807557610833,KOSDAQ
코스피,20230913,2536.22,2549.38,2528.18,2534.70,416976613,9268412188355,KOSPI
코스닥,20230913,895.94,899.80,882.27,882.72,999540137,10135743239843,KOSDAQ
코스피,20230914,2544.89,2572.89,2541.11,2572.89,411841913,9572754545449,KOSPI
코스닥,20230914,888.19,899.47,886.46,899.47,979298892,10013220214654,KOSDAQ
코스피,20230915,2574.98,2611.00,2572.37,2601.28,441081549,11992954347225,KOSPI
코스닥,20230915,900.62,902.40,897.11,899.03,889257206,9553866336664,KOSDAQ
코스피,20230918,2588.69,2596.55,2573.26,2574.72,415870835,8770469097863,KOSPI
코스닥,20230918,892.18,896.37,889.99,891.29,886930797,8234897100509,KOSDAQ
코스피,20230919,2579.36,2583.25,2555.46,2559.21,461792347,7825636510094,KOSPI
코스닥,20230919,891.57,894.26,882.42,883.89,1009697772,8523483644008,KOSDAQ
코스피,20230920,2556.55,2566.62,2551.12,2559.74,414022018,7569755257487,KOSPI
코스닥,20230920,883.74,886.65,874.92,882.72,1001305695,8777981564249,KOSDAQ
코스피,20230921,2544.81,2549.63,2514.96,2514.97,394058885,7801120062857,KOSPI
코스닥,20230921,875.52,879.82,859.51,860.68,1019838069,9392351593360,KOSDAQ
코스피,20230922,2491.45,2513.26,2486.14,2508.13,432421276,7060413434482,KOSPI
코스닥,20230922,851.93,860.68,847.56,857.35,1003912041,8294092256607,KOSDAQ
코스피,20230925,2504.10,2509.38,2486.44,2495.76,437908212,7457533247779,KOSPI
코스닥,20230925,856.79,859.04,839.17,839.17,833811712,8280785456320,KOSDAQ
코스피,20230926,2493.64,2495.00,2461.59,2462.97,426755346,7058782141424,KOSPI
코스닥,20230926,841.80,845.30,827.82,827.82,1100551700,7765795003034,KOSDAQ
코스피,20230927,2447.99,2469.72,2445.51,2465.07,365567970,6759107306981,KOSPI
코스닥,20230927,823.20,841.97,821.71,841.02,830457231,7227736814183,KOSDAQ
코스피,20231004,2435.78,2435.78,2402.84,2405.69,424274638,10242654010835,KOSPI
코스닥,20231004,832.30,832.30,806.47,807.40,793238284,7329374337273,KOSDAQ
코스피,20231005,2423.35,2426.61,2402.50,2403.60,451280681,9139955118198,KOSPI
코스닥,20231005,817.89,820.06,800.36,801.02,854144251,6719142788411,KOSDAQ
코스피,20231006,2408.81,2421.18,2403.92,2408.73,288936648,6521481415320,KOSPI
코스닥,20231006,803.88,818.37,803.88,816.39,768028944,5779585188700,KOSDAQ
코스피,20231010,2436.58,2448.24,2402.44,2402.58,415500896,9504400824756,KOSPI
코스닥,20231010,821.22,823.27,792.91,795.00,963556478,7560375661252,KOSDAQ
코스피,20231011,2436.52,2463.56,2436.52,2450.08,446617714,9139900147457,KOSPI
코스닥,20231011,805.03,821.83,805.03,817.12,841478322,6715933922172,KOSDAQ
코스피,20231012,2465.19,2479.82,2464.84,2479.82,515030486,8927215846738,KOSPI
코스닥,20231012,822.27,835.79,822.27,835.49,1024782182,7345532987182,KOSDAQ
코스피,20231013,2460.85,2466.62,2452.83,2456.15,582361976,7162227079681,KOSPI
코스닥,20231013,831.21,834.66,817.66,822.78,971014605,7187677611205,KOSDAQ
코스피,20231016,2442.43,2453.77,2422.52,2436.24,787785370,8391382813252,KOSPI
코스닥,20231016,812.57,813.19,800.62,810.54,994867207,6831338123749,KOSDAQ
코스피,20231017,2454.14,2466.87,2449.42,2460.17,508778582,7709602818458,KOSPI
코스닥,20231017,817.47,825.33,817.29,820.38,927515708,6927715581903,KOSDAQ
코스피,20231018,2452.05,2465.33,2450.78,2462.60,911226782,8896555097075,KOSPI
코스닥,20231018,816.92,820.09,807.45,808.89,842168897,6898417028718,KOSDAQ
코스피,20231019,2431.92,2433.45,2412.55,2415.80,756421810,9052915245253,KOSPI
코스닥,20231019,796.15,796.36,782.63,784.04,772973799,6364905869156,KOSDAQ
코스피,20231020,2391.54,2394.67,2364.01,2375.00,520607183,9294332782758,KOSPI
코스닥,20231020,775.81,779.92,759.40,769.25,926939259,7034854676549,KOSDAQ
코스피,20231023,2370.07,2375.79,2354.70,2357.02,395403078,7115941370344,KOSPI
코스닥,20231023,766.56,774.36,762.51,763.69,724501898,5164666737934,KOSDAQ
코스피,20231024,2371.55,2384.14,2326.67,2383.51,443464593,7947232632744,KOSPI
코스닥,20231024,771.03,784.86,750.32,784.86,920483908,6980633304073,KOSDAQ
코스피,20231025,2389.23,2389.90,2362.69,2363.17,440388399,7831056525147,KOSPI
코스닥,20231025,788.01,788.01,770.84,770.84,960052194,6585674141063,KOSDAQ
코스피,20231026,2325.82,2330.55,2299.08,2299.08,530474279,9249989094881,KOSPI
코스닥,20231026,751.64,756.43,740.51,743.85,812869089,6564911918754,KOSDAQ
코스피,20231027,2311.59,2321.84,2293.05,2302.81,514214941,8008233443055,KOSPI
코스닥,20231027,749.87,760.51,738.92,748.49,645766527,5737150341112,KOSDAQ
코스피,20231030,2292.34,2317.75,2292.34,2310.55,444477419,6953618321943,KOSPI
코스닥,20231030,747.24,760.87,744.63,757.12,634165447,4743575533979,KOSDAQ
코스피,20231031,2318.39,2322.45,2273.97,2277.99,394431166,8231665679151,KOSPI
코스닥,20231031,758.65,759.24,734.20,736.10,852365013,5781373426158,KOSDAQ
코스피,20231101,2292.89,2312.15,2288.64,2301.56,357858097,6738387384213,KOSPI
코스닥,20231101,742.98,749.65,737.52,739.23,740723889,5086991187816,KOSDAQ
코스피,20231102,2334.96,2351.91,2333.41,2343.12,377058228,7678191713836,KOSPI
코스닥,20231102,753.37,773.39,753.37,772.84,781772801,7052462943027,KOSDAQ
코스피,20231103,2365.59,2370.28,2351.83,2368.34,578290291,8039938417635,KOSPI
코스닥,20231103,779.28,782.53,768.38,782.05,798248623,6716515673769,KOSDAQ
코스피,20231106,2399.80,2502.37,2395.03,2502.37,527336270,15222238579706,KOSPI
코스닥,20231106,794.49,839.45,793.72,839.45,832482857,11314540279563,KOSDAQ
코스피,20231107,2476.35,2476.35,2418.74,2443.96,456919448,12083686102602,KOSPI
코스닥,20231107,842.16,847.37,805.81,824.37,911901528,11555685286932,KOSDAQ
코스피,20231108,2460.22,2468.43,2418.14,2421.62,466572716,7665667276633,KOSPI
코스닥,20231108,821.98,831.45,810.15,811.02,873839339,8291271703039,KOSDAQ
코스피,20231109,2425.93,2437.90,2413.04,2427.08,394531748,7287076293046,KOSPI
코스닥,20231109,813.89,814.92,797.44,802.87,911430724,7608398717392,KOSDAQ
코스피,20231110,2406.40,2413.62,2393.64,2409.66,310654487,5821180917624,KOSPI
코스닥,20231110,792.86,794.73,785.45,789.31,853714913,6303809795975,KOSDAQ
코스피,20231113,2431.24,2435.32,2399.04,2403.76,306595374,5932781183278,KOSPI
코스닥,20231113,796.41,798.15,774.33,774.42,988485354,6762423413655,KOSDAQ
코스피,20231114,2424.93,2442.37,2422.97,2433.25,306537170,6380927423786,KOSPI
코스닥,20231114,779.47,794.91,779.47,794.19,832643811,6016812126107,KOSDAQ
코스피,20231115,2482.21,2487.42,2468.43,2486.67,419290344,9326776727601,KOSPI
코스닥,20231115,808.68,813.06,805.27,809.36,803052625,7767738280508,KOSDAQ
코스피,20231116,2483.48,2491.98,2472.69,2488.18,406910631,6804642810555,KOSPI
코스닥,20231116,809.12,815.82,804.74,811.11,896695019,6688997392245,KOSDAQ
코스피,20231117,2477.43,2481.10,2463.59,2469.85,388169286,8127375737844,KOSPI
코스닥,20231117,807.61,807.62,795.66,799.06,792895205,5945230309238,KOSDAQ
코스피,20231120,2464.72,2499.75,2464.04,2491.20,323176461,6584581669687,KOSPI
코스닥,20231120,797.83,815.27,797.51,813.08,778963747,6516630438066,KOSDAQ
코스피,20231121,2504.70,2517.74,2500.91,2510.42,344668497,7712188593090,KOSPI
코스닥,20231121,816.34,819.14,811.24,817.01,890853755,7480438405117,KOSDAQ
코스피,20231122,2493.17,2516.72,2490.43,2511.70,439018176,7753919710107,KOSPI
코스닥,20231122,811.20,817.28,809.83,814.61,832213629,7020121818864,KOSDAQ
코스피,20231123,2515.83,2522.20,2507.30,2514.96,359591124,6574319026745,KOSPI
코스닥,20231123,816.16,819.91,813.25,815.98,902407351,7287592466945,KOSDAQ
코스피,20231124,2517.88,2521.56,2496.63,2496.63,358443253,6535228149459,KOSPI
코스닥,20231124,817.02,818.74,814.22,815.00,733000267,7569328092132,KOSDAQ
코스피,20231127,2501.83,2511.37,2489.18,2495.66,364136874,8374678987353,KOSPI
코스닥,20231127,816.55,816.60,809.26,810.25,783130288,7887140092219,KOSDAQ
코스피,20231128,2506.14,2522.45,2502.26,2521.76,442389923,8751500089660,KOSPI
코스닥,20231128,811.76,816.62,811.06,816.44,903258919,8971191534398,KOSDAQ
코스피,20231129,2518.80,2523.98,2501.44,2519.81,578440806,9425977924176,KOSPI
코스닥,20231129,817.90,823.81,812.95,822.44,902890221,8944930779015,KOSDAQ
코스피,20231130,2512.11,2535.29,2507.80,2535.29,663822934,11991195768814,KOSPI
코스닥,20231130,819.23,831.68,819.23,831.68,759540492,8053800584533,KOSDAQ
코스피,20231201,2520.49,2520.49,2504.06,2505.01,516163494,8836474535751,KOSPI
코스닥,20231201,826.30,831.03,822.03,827.24,982869539,8808662919038,KOSDAQ
코스피,20231204,2522.22,2525.63,2510.52,2514.95,498249437,8770418265868,KOSPI
코스닥,20231204,828.66,837.95,823.99,828.52,993894959,10480964897383,KOSDAQ
코스피,20231205,2507.45,2509.74,2492.55,2494.28,426714183,8299393963727,KOSPI
코스닥,20231205,823.86,828.25,810.52,813.38,1040271929,9110753021291,KOSDAQ
코스피,20231206,2503.57,2509.67,2495.38,2495.38,390482049,7683859523400,KOSPI
코스닥,20231206,816.66,822.39,814.00,819.54,868989834,8444416819541,KOSDAQ
코스피,20231207,2493.14,2499.73,2481.00,2492.07,446287312,8125945253442,KOSPI
코스닥,20231207,820.46,820.46,810.90,813.20,782800781,7477147979070,KOSDAQ
코스피,20231208,2510.24,2521.58,2507.14,2517.85,431292458,7915391157012,KOSPI
코스닥,20231208,818.71,830.99,818.50,830.37,852835222,8238996819109,KOSDAQ
코스피,20231211,2524.79,2528.89,2512.45,2525.36,432450914,8253884682172,KOSPI
코스닥,20231211,831.83,839.15,831.64,835.25,917619533,7016907100139,KOSDAQ
코스피,20231212,2535.11,2543.06,2529.74,2535.27,377334192,7730598179787,KOSPI
코스닥,20231212,835.41,842.56,833.67,839.53,1194706733,9446607778575,KOSDAQ
코스피,20231213,2531.23,2531.23,2509.89,2510.66,377308295,7511920115834,KOSPI
코스닥,20231213,837.55,838.25,828.72,829.31,1060222719,10179637074386,KOSDAQ
코스피,20231214,2547.74,2549.65,2532.16,2544.18,527410824,12953446386187,KOSPI
코스닥,20231214,841.75,845.54,834.66,840.59,1029484974,11685177827093,KOSDAQ
코스피,20231215,2558.44,2574.23,2555.30,2563.56,464415095,12870692991897,KOSPI
코스닥,20231215,844.76,846.70,834.94,838.31,1071942745,9576125229703,KOSDAQ
코스피,20231218,2568.77,2573.13,2556.05,2566.86,383047906,10176654249941,KOSPI
코스닥,20231218,844.78,854.07,843.61,850.96,793230878,8619677097803,KOSDAQ
코스피,20231219,2564.81,2570.06,2556.52,2568.55,391266926,8414801052538,KOSPI
코스닥,20231219,850.36,858.65,849.33,858.30,1060205164,11730757888923,KOSDAQ
코스피,20231220,2586.99,2615.38,2584.85,2614.30,569709372,11200508369683,KOSPI
코스닥,20231220,861.96,865.02,860.56,862.98,1107575572,9838431546626,KOSDAQ
코스피,20231221,2598.37,2610.81,2587.16,2600.02,576042452,9461507546099,KOSPI
코스닥,20231221,855.76,867.33,851.82,859.44,1134389239,11076452673691,KOSDAQ
코스피,20231222,2617.72,2621.37,2599.51,2599.51,464926041,8845371270999,KOSPI
코스닥,20231222,863.35,864.79,853.49,854.62,1201205355,11070257368206,KOSDAQ
코스피,20231226,2609.44,2612.14,2594.65,2602.59,439493997,9580115285090,KOSPI
코스닥,20231226,855.75,857.24,846.32,848.34,1066448464,9631060412556,KOSDAQ
코스피,20231227,2599.35,2613.50,2590.08,2613.50,348703969,10356882549212,KOSPI
코스닥,20231227,851.49,860.29,851.21,859.79,1180711339,10647803870074,KOSDAQ
코스피,20231228,2616.27,2655.28,2611.72,2655.28,459592008,9417305265509,KOSPI
코스닥,20231228,860.42,866.57,856.53,866.57,1031037225,8426468570468,KOSDAQ
코스피,20240102,2645.47,2675.80,2641.88,2669.81,407591863,9621709387783,KOSPI
코스닥,20240102,866.08,878.93,865.26,878.93,957784492,8976292949845,KOSDAQ
코스피,20240103,2643.54,2643.72,2607.31,2607.31,459070676,10109646844765,KOSPI
코스닥,20240103,872.21,872.44,865.12,871.57,1056215900,10296967887587,KOSDAQ
코스피,20240104,2592.44,2602.64,2580.09,2587.02,768208666,8986436535976,KOSPI
코스닥,20240104,865.35,872.79,860.45,866.25,1107985837,10106508745144,KOSDAQ
코스피,20240105,2586.89,2592.29,2572.60,2578.08,520480370,8379290435057,KOSPI
코스닥,20240105,866.81,878.98,864.86,878.33,1004129628,10151817875099,KOSDAQ
코스피,20240108,2584.23,2591.68,2566.34,2567.82,318280847,6758152937216,KOSPI
코스닥,20240108,880.24,882.88,875.34,879.34,1131638378,10268733234279,KOSDAQ
코스피,20240109,2598.31,2599.37,2556.00,2561.24,790268572,8893863813278,KOSPI
코스닥,20240109,886.10,890.06,881.97,884.64,1153516506,10978539983353,KOSDAQ
코스피,20240110,2563.97,2568.19,2539.82,2541.98,568788927,8792026658454,KOSPI
코스닥,20240110,884.08,884.08,872.68,875.46,1227202497,10657723851207,KOSDAQ
코스피,20240111,2543.03,2557.30,2540.27,2540.27,786978249,13665569310892,KOSPI
코스닥,20240111,878.12,885.75,878.12,882.53,1427146565,10247500239088,KOSDAQ
코스피,20240112,2536.55,2543.83,2517.76,2525.05,789013774,8365219382310,KOSPI
코스닥,20240112,878.69,880.30,865.81,868.08,1086941562,9798788677700,KOSDAQ
코스피,20240115,2525.69,2536.06,2515.84,2525.99,799956984,8176149870049,KOSPI
코스닥,20240115,865.45,869.69,855.00,859.71,984785640,8791853555968,KOSDAQ
코스피,20240116,2516.27,2524.35,2491.13,2497.59,658558252,8825309483974,KOSPI
코스닥,20240116,857.39,864.90,846.47,854.83,1016849465,9414363697274,KOSDAQ
코스피,20240117,2501.23,2503.91,2435.34,2435.90,963638372,11275660509204,KOSPI
코스닥,20240117,856.61,856.97,832.70,833.05,1084586635,9100404233310,KOSDAQ
코스피,20240118,2439.96,2453.97,2429.12,2440.04,570006432,8295839088629,KOSPI
코스닥,20240118,834.01,848.63,830.06,840.33,1129529433,9502067231598,KOSDAQ
코스피,20240119,2468.43,2479.00,2455.50,2472.74,517718773,9171434951317,KOSPI
코스닥,20240119,848.66,856.05,837.87,842.67,1198977443,11311754946500,KOSDAQ
코스피,20240122,2489.57,2490.69,2464.35,2464.35,386591074,8415569363449,KOSPI
코스닥,20240122,848.87,849.32,836.89,839.69,1306215326,12841794909707,KOSDAQ
코스피,20240123,2478.32,2482.84,2464.24,2478.61,468910530,8019111685644,KOSPI
코스닥,20240123,840.62,848.65,833.24,840.11,1233694436,11769485207684,KOSDAQ
코스피,20240124,2476.22,2476.22,2454.34,2469.69,393969952,7441927245590,KOSPI
코스닥,20240124,841.45,842.90,828.12,836.21,1259722924,10638690452902,KOSDAQ
코스피,20240125,2467.73,2474.01,2452.36,2470.34,356050829,8120600901621,KOSPI
코스닥,20240125,833.34,833.34,820.64,823.74,1264576517,12809817999720,KOSDAQ
코스피,20240126,2458.05,2502.61,2453.45,2478.56,290993680,7139389646372,KOSPI
코스닥,20240126,818.76,839.52,817.06,837.24,1106105246,11210575890564,KOSDAQ
코스피,20240129,2490.93,2516.92,2483.81,2500.65,421835792,8940817743513,KOSPI
코스닥,20240129,841.21,841.21,815.54,819.14,1176126897,13118894476799,KOSDAQ
코스피,20240130,2523.68,2528.54,2498.81,2498.81,479374098,8725198408668,KOSPI
코스닥,20240130,826.00,828.54,811.57,818.86,1055797286,9709015738248,KOSDAQ
코스피,20240131,2487.90,2502.45,2486.97,2497.09,437588394,8954796360147,KOSPI
코스닥,20240131,813.80,818.90,799.24,799.24,1090417173,8594723939623,KOSDAQ
코스피,20240201,2491.93,2542.46,2491.93,2542.46,746559375,13451239650638,KOSPI
코스닥,20240201,796.26,800.91,786.28,798.73,944541278,8937058049486,KOSDAQ
코스피,20240202,2559.40,2615.34,2559.39,2615.31,588691384,14351157520581,KOSPI
코스닥,20240202,803.71,817.74,803.71,814.77,955780238,8589610551003,KOSDAQ
코스피,20240205,2612.77,2612.77,2562.50,2591.31,506873329,12464059035143,KOSPI
코스닥,20240205,812.28,813.83,807.36,807.99,916255436,7758604530316,KOSDAQ
코스피,20240206,2584.20,2599.18,2563.87,2576.20,409108346,10379592809485,KOSPI
코스닥,20240206,804.36,808.39,795.37,807.03,923427481,9704478116900,KOSDAQ
코스피,20240207,2592.59,2625.24,2588.09,2609.58,516871918,11487968084371,KOSPI
코스닥,20240207,811.51,820.06,809.18,811.92,799432818,9294855480629,KOSDAQ
코스피,20240208,2620.26,2629.51,2610.21,2620.32,428704873,12489826476279,KOSPI
코스닥,20240208,816.82,828.03,816.27,826.58,891519068,9565494734587,KOSDAQ
코스피,20240213,2644.17,2656.87,2640.96,2649.64,558382214,13291561616306,KOSPI
코스닥,20240213,831.14,846.58,830.66,845.15,874282513,11281392025902,KOSDAQ
코스피,20240214,2609.60,2627.31,2601.99,2620.42,542474804,10104732621107,KOSPI
코스닥,20240214,833.24,854.44,831.56,853.30,1013319696,11420122528840,KOSDAQ
코스피,20240215,2643.81,2643.86,2613.80,2613.80,619807238,10686525703603,KOSPI
코스닥,20240215,860.13,861.37,852.79,859.21,1183286549,11171862944048,KOSDAQ
코스피,20240216,2635.63,2648.76,2625.01,2648.76,592577420,10218286309687,KOSPI
코스닥,20240216,863.69,864.24,854.72,857.60,1292862984,11669411025461,KOSDAQ
코스피,20240219,2653.12,2683.39,2653.12,2680.26,420709083,9815148088678,KOSPI
코스닥,20240219,854.28,862.08,853.52,858.47,1243804000,11272812069630,KOSDAQ
코스피,20240220,2671.55,2673.84,2643.93,2657.79,611558947,9995949101298,KOSPI
코스닥,20240220,858.08,866.17,854.58,866.17,1350782765,11931283781399,KOSDAQ
코스피,20240221,2656.92,2670.95,2644.04,2653.31,559765021,9142981001213,KOSPI
코스닥,20240221,861.58,872.38,860.91,864.07,1491076552,14745521393557,KOSDAQ
코스피,20240222,2671.69,2671.69,2653.99,2664.27,453896423,10271417870582,KOSPI
코스닥,20240222,868.22,871.46,864.56,870.11,1432110468,13516487543471,KOSDAQ
코스피,20240223,2681.03,2694.80,2665.21,2667.70,413837897,10277356281332,KOSPI
코스닥,20240223,873.21,875.58,866.22,868.57,1467195454,14792066551800,KOSDAQ
코스피,20240226,2657.35,2659.60,2629.78,2647.08,530537119,10947121573424,KOSPI
코스닥,20240226,869.08,872.52,866.43,867.40,1202379382,10703254720619,KOSDAQ
코스피,20240227,2654.76,2654.76,2619.38,2625.05,572913300,12630247301171,KOSPI
코스닥,20240227,870.10,870.10,850.77,853.75,1169489623,11025727622021,KOSDAQ
코스피,20240228,2629.11,2657.32,2623.15,2652.29,420706894,10263759925627,KOSPI
코스닥,20240228,859.78,868.71,858.56,863.39,1081978275,11861733071799,KOSDAQ
코스피,20240229,2643.48,2647.56,2628.62,2642.36,495135385,12972500935795,KOSPI
코스닥,20240229,862.55,865.88,858.30,862.96,1354591904,10849378596145,KOSDAQ
코스피,20240304,2664.52,2682.80,2662.32,2674.27,403081782,12677163040690,KOSPI
코스닥,20240304,869.36,875.30,869.36,872.97,1115779219,11029086360032,KOSDAQ
코스피,20240305,2660.80,2684.83,2649.35,2649.40,455875003,12202849412100,KOSPI
코스닥,20240305,869.36,869.36,863.40,866.37,1189594350,11730582984629,KOSDAQ
코스피,20240306,2638.84,2649.78,2630.16,2641.49,378146046,10530461227266,KOSPI
코스닥,20240306,861.67,872.06,859.71,870.67,1074556525,11383766071879,KOSDAQ
코스피,20240307,2653.98,2660.26,2633.57,2647.62,461806921,10868617241340,KOSPI
코스닥,20240307,874.30,874.53,860.01,863.37,1100314600,12182294035229,KOSDAQ
코스피,20240308,2676.79,2688.00,2668.38,2680.35,451704789,11471659241440,KOSPI
코스닥,20240308,869.18,873.18,866.18,873.18,1067153820,12585242126183,KOSDAQ
코스피,20240311,2665.58,2677.21,2658.74,2659.84,389763049,8851005489117,KOSPI
코스닥,20240311,870.41,875.93,868.48,875.93,1026778304,11174707403586,KOSDAQ
코스피,20240312,2673.47,2686.14,2659.72,2681.81,402790487,9727293650741,KOSPI
코스닥,20240312,877.37,889.71,876.62,889.71,1015586596,11551601136321,KOSDAQ
코스피,20240313,2694.71,2701.45,2679.54,2693.57,497231796,10952849594339,KOSPI
코스닥,20240313,892.41,894.39,881.33,889.93,1171435232,13207898108726,KOSDAQ
코스피,20240314,2698.37,2718.76,2696.31,2718.76,608440348,14139766859386,KOSPI
코스닥,20240314,889.53,892.31,881.95,887.52,1048155845,10592990538907,KOSDAQ
코스피,20240315,2701.91,2705.59,2666.84,2666.84,582142263,13226984344216,KOSPI
코스닥,20240315,882.67,884.60,875.87,880.46,1088060650,9655961559860,KOSDAQ
코스피,20240318,2678.52,2688.07,2665.28,2685.84,406909578,9519667010995,KOSPI
코스닥,20240318,882.58,894.48,882.58,894.48,953793425,9002667430952,KOSDAQ
코스피,20240319,2673.57,2673.57,2645.14,2656.17,694584282,10698758184287,KOSPI
코스닥,20240319,893.49,893.49,884.45,891.91,1087798188,9600365872545,KOSDAQ
코스피,20240320,2680.70,2692.52,2674.09,2690.14,719452414,12735687177656,KOSPI
코스닥,20240320,894.34,896.44,890.00,891.45,1031210064,9649088591405,KOSDAQ
코스피,20240321,2731.18,2755.45,2724.25,2754.86,823743123,14008895055217,KOSPI
코스닥,20240321,900.46,906.26,899.24,904.29,1046177750,10608267527857,KOSDAQ
코스피,20240322,2751.15,2763.06,2738.18,2748.56,508525170,11529299784429,KOSPI
코스닥,20240322,902.70,905.64,900.84,903.98,1052635584,9931202433861,KOSDAQ
코스피,20240325,2756.59,2763.63,2731.70,2737.57,488601396,9976287384543,KOSPI
코스닥,20240325,906.45,916.01,905.70,913.69,932557021,9292005265676,KOSDAQ
코스피,20240326,2756.42,2779.40,2752.27,2757.09,446280148,12181813722160,KOSPI
코스닥,20240326,915.49,922.57,910.86,916.09,1018831928,13434035702316,KOSDAQ
코스피,20240327,2745.00,2762.03,2745.00,2755.11,509710099,12458697660612,KOSPI
코스닥,20240327,914.33,918.49,905.26,911.25,996961935,12631162295395,KOSDAQ
코스피,20240328,2753.22,2756.86,2742.68,2745.82,418492356,11922222410433,KOSPI
코스닥,20240328,912.33,914.38,908.98,910.05,1036254909,12284862327267,KOSDAQ
코스피,20240329,2757.27,2757.55,2739.12,2746.63,494496432,11186656818570,KOSPI
코스닥,20240329,912.31,914.25,903.61,905.50,927287937,11663385257322,KOSDAQ
코스피,20240401,2766.24,2769.87,2747.40,2747.86,396511697,10063245916359,KOSPI
코스닥,20240401,909.62,920.05,907.48,912.45,884913541,10039130264158,KOSDAQ
코스피,20240402,2744.15,2760.33,2737.19,2753.16,625252829,13100282046696,KOSPI
코스닥,20240402,912.07,913.79,888.88,891.59,1011598851,12334873939968,KOSDAQ
코스피,20240403,2730.68,2732.29,2706.97,2706.97,637791532,13247752051930,KOSPI
코스닥,20240403,883.22,883.95,874.77,879.96,934809261,12216958788655,KOSDAQ
코스피,20240404,2738.24,2746.39,2727.10,2742.00,476600170,11974069540741,KOSPI
코스닥,20240404,885.53,889.70,878.12,882.90,933705022,11440754681509,KOSDAQ
코스피,20240405,2713.96,2730.47,2705.31,2714.21,619713050,11289911023111,KOSPI
코스닥,20240405,872.47,879.34,867.45,872.29,1056631263,11282511201262,KOSDAQ
코스피,20240408,2718.76,2725.58,2706.74,2717.65,619352164,10557070230909,KOSPI
코스닥,20240408,873.76,873.76,859.09,860.57,1027972030,10458922207390,KOSDAQ
코스피,20240409,2733.23,2741.23,2703.96,2705.16,468891988,10030896874177,KOSPI
코스닥,20240409,864.00,871.18,856.49,859.33,956695325,8998515144636,KOSDAQ
코스피,20240411,2665.40,2718.07,2661.92,2706.96,560775279,12788023151776,KOSPI
코스닥,20240411,850.80,860.83,847.54,858.10,634309603,6627155026177,KOSDAQ
코스피,20240412,2710.89,2712.45,2678.21,2681.82,513700589,11900811752051,KOSPI
코스닥,20240412,863.16,867.01,858.24,860.47,713586954,8155086287934,KOSDAQ
코스피,20240415,2661.36,2673.26,2641.16,2670.43,561131612,10504079039761,KOSPI
코스닥,20240415,850.21,854.51,842.84,852.42,819346024,8160339939033,KOSDAQ
코스피,20240416,2644.17,2647.60,2601.45,2609.63,569108199,12254403113490,KOSPI
코스닥,20240416,845.54,848.24,829.76,832.81,913817580,8411933586756,KOSDAQ
코스피,20240417,2619.15,2626.63,2584.18,2584.18,413739439,9777478067974,KOSPI
코스닥,20240417,839.30,845.45,833.03,833.03,804020195,7936679534193,KOSDAQ
코스피,20240418,2595.46,2642.03,2593.26,2634.70,478092001,10569052495153,KOSPI
코스닥,20240418,833.38,856.05,833.38,855.65,755088611,7737431951047,KOSDAQ
코스피,20240419,2600.69,2609.90,2553.55,2591.86,808595285,14042176743601,KOSPI
코스닥,20240419,849.99,850.07,824.99,841.91,1009063963,8969275307402,KOSDAQ
코스피,20240422,2615.72,2629.44,2604.37,2629.44,401098902,11018735871918,KOSPI
코스닥,20240422,844.95,854.16,840.29,845.82,843761718,7996601341460,KOSDAQ
코스피,20240423,2632.15,2641.78,2619.72,2623.02,429631463,9946154694502,KOSPI
코스닥,20240423,848.88,853.62,844.50,845.44,825780662,7327925174239,KOSDAQ
코스피,20240424,2662.84,2677.85,2662.84,2675.75,325067014,10225688741077,KOSPI
코스닥,20240424,856.37,863.12,855.79,862.23,934358800,7912727172769,KOSDAQ
코스피,20240425,2646.80,2656.51,2628.62,2628.62,333127972,8985243758741,KOSPI
코스닥,20240425,855.78,865.15,853.13,853.26,775446043,7983694600233,KOSDAQ
코스피,20240426,2650.94,2662.10,2641.35,2656.33,449709008,10146541218969,KOSPI
코스닥,20240426,860.00,862.80,852.80,856.82,683271667,8074905384866,KOSDAQ
코스피,20240429,2675.46,2687.44,2665.21,2687.44,469734468,10489089310678,KOSPI
코스닥,20240429,860.53,869.73,860.53,869.72,755910544,7564225382304,KOSDAQ
코스피,20240430,2693.22,2710.23,2687.29,2692.06,459144758,11344428164977,KOSPI
코스닥,20240430,872.08,875.64,867.32,868.93,752877283,8006649061856,KOSDAQ
코스피,20240502,2679.04,2692.47,2678.84,2683.65,350476349,9057160630516,KOSPI
코스닥,20240502,865.78,870.33,864.98,867.48,836769165,7902399295864,KOSDAQ
코스피,20240503,2704.31,2705.26,2676.63,2676.63,338068861,7848797486662,KOSPI
코스닥,20240503,872.27,875.11,865.21,865.59,829469053,8660150298738,KOSDAQ
코스피,20240507,2718.17,2734.36,2716.62,2734.36,531621882,11151912973762,KOSPI
코스닥,20240507,874.69,876.94,869.75,871.26,783998239,8025888060428,KOSDAQ
코스피,20240508,2732.11,2745.05,2727.93,2745.05,435902119,10292383900562,KOSPI
코스닥,20240508,870.11,873.65,862.81,872.42,947006930,8382819166304,KOSDAQ
코스피,20240509,2743.29,2749.14,2710.25,2712.14,423239387,11101058191303,KOSPI
코스닥,20240509,871.17,873.53,869.00,870.15,1006048368,9769972549526,KOSDAQ
코스피,20240510,2737.95,2743.58,2723.21,2727.63,585149142,11563964804336,KOSPI
코스닥,20240510,873.56,875.21,864.03,864.16,924994319,9625710715765,KOSDAQ
코스피,20240513,2735.20,2738.38,2713.92,2727.21,624428839,13052128669075,KOSPI
코스닥,20240513,866.67,867.08,852.75,854.43,885999380,8533272314010,KOSDAQ
코스피,20240514,2732.98,2735.82,2722.74,2730.34,442663039,9489212659278,KOSPI
코스닥,20240514,857.44,865.43,856.88,862.15,960315309,9545914235513,KOSDAQ
코스피,20240516,2770.27,2773.46,2748.22,2753.00,520459756,13249181620954,KOSPI
코스닥,20240516,872.31,874.86,868.51,870.37,925107972,9799346835692,KOSDAQ
코스피,20240517,2751.47,2752.17,2724.62,2724.62,575092735,11005778132374,KOSPI
코스닥,20240517,869.06,869.60,854.47,855.06,914349071,9194940965826,KOSDAQ
코스피,20240520,2741.24,2756.41,2734.64,2742.14,581350253,12500110647760,KOSPI
코스닥,20240520,856.22,857.51,843.22,847.08,982466998,8267760876814,KOSDAQ
코스피,20240521,2733.03,2734.48,2719.74,2724.18,560375386,10489048244294,KOSPI
코스닥,20240521,849.32,849.32,843.62,846.51,1044635138,9516856343636,KOSDAQ
코스피,20240522,2723.46,2733.07,2707.87,2723.46,483997430,12376323838301,KOSPI
코스닥,20240522,850.40,850.59,844.97,845.72,895774554,8979786259776,KOSDAQ
코스피,20240523,2719.03,2734.27,2704.00,2721.81,427352678,11447209184793,KOSPI
코스닥,20240523,846.50,849.32,839.16,846.58,988815292,10632204865418,KOSDAQ
코스피,20240524,2693.65,2696.99,2681.17,2687.60,500908705,12361288828031,KOSPI
코스닥,20240524,840.70,845.48,836.95,839.41,795007010,9070443614873,KOSDAQ
코스피,20240527,2697.16,2725.08,2693.66,2722.99,556127364,15845949869992,KOSPI
코스닥,20240527,843.76,848.13,836.65,847.99,790508949,9272187132660,KOSDAQ
코스피,20240528,2715.52,2730.12,2714.34,2722.85,440295367,11584802019062,KOSPI
코스닥,20240528,847.46,852.42,846.90,851.01,757346713,9865655061535,KOSDAQ
코스피,20240529,2719.56,2721.63,2677.07,2677.30,436778898,13070079967445,KOSPI
코스닥,20240529,849.60,849.93,838.08,838.45,1115009510,10696834671485,KOSDAQ
코스피,20240530,2666.63,2666.63,2635.44,2635.44,371856125,11129482602560,KOSPI
코스닥,20240530,835.63,840.74,831.02,831.99,873026664,8382301525396,KOSDAQ
코스피,20240531,2657.87,2664.48,2635.77,2636.52,612935889,16351623106766,KOSPI
코스닥,20240531,835.01,840.02,829.81,839.98,885371312,9847208040585,KOSDAQ
코스피,20240603,2657.81,2690.73,2657.81,2682.52,781592240,13992643801386,KOSPI
코스닥,20240603,840.33,847.07,839.58,844.72,803717242,8115272858174,KOSDAQ
코스피,20240604,2668.73,2679.47,2659.43,2662.10,772736180,12646746857564,KOSPI
코스닥,20240604,844.62,851.49,841.81,845.84,784094004,9171441249240,KOSDAQ
코스피,20240605,2681.11,2697.43,2667.63,2689.50,880548741,13622363107761,KOSPI
코스닥,20240605,849.33,852.18,844.13,850.75,831471304,8845739243052,KOSDAQ
코스피,20240607,2718.25,2729.63,2705.23,2722.67,782912003,12462447568538,KOSPI
코스닥,20240607,856.17,866.48,855.06,866.18,796590630,9404190110707,KOSDAQ
코스피,20240610,2698.71,2718.89,2689.19,2701.17,506087020,11324121353659,KOSPI
코스닥,20240610,862.21,867.60,860.90,864.71,865629274,8946197558084,KOSDAQ
코스피,20240611,2716.72,2718.88,2702.17,2705.32,558002321,11773769470371,KOSPI
코스닥,20240611,866.88,872.36,865.91,868.36,1000758276,10509599816432,KOSDAQ
코스피,20240612,2709.65,2730.30,2707.44,2728.17,509892547,11835577139757,KOSPI
코스닥,20240612,871.36,876.45,867.32,870.67,1132079416,10034936604727,KOSDAQ
코스피,20240613,2764.18,2776.72,2752.61,2754.89,699518216,19134162148383,KOSPI
코스닥,20240613,879.52,879.52,871.12,871.33,887234932,10433567767003,KOSDAQ
코스피,20240614,2759.22,2769.16,2750.86,2758.42,644449341,16184990887368,KOSPI
코스닥,20240614,872.69,873.37,859.69,862.19,856456723,9670454172183,KOSDAQ
코스피,20240617,2754.83,2759.86,2741.03,2744.10,593553914,12456197697927,KOSPI
코스닥,20240617,860.13,864.10,857.11,858.96,769218691,8458557410345,KOSDAQ
코스피,20240618,2765.70,2772.35,2759.03,2763.92,561506029,13267838832074,KOSPI
코스닥,20240618,863.32,864.81,855.35,858.95,933641942,8618831803560,KOSDAQ
코스피,20240619,2786.16,2799.32,2786.16,2797.33,645704781,14066808042407,KOSPI
코스닥,20240619,860.66,866.21,856.16,861.17,994067825,10417454138916,KOSDAQ
코스피,20240620,2802.10,2812.62,2796.37,2807.63,757535346,13575298148135,KOSPI
코스닥,20240620,861.44,864.70,854.94,857.51,608635487,6960296776086,KOSDAQ
코스피,20240621,2794.87,2797.00,2777.33,2784.26,630436126,14490816296257,KOSPI
코스닥,20240621,853.48,856.02,848.50,852.67,736665126,8720937489135,KOSDAQ
코스피,20240624,2772.85,2782.90,2758.09,2764.73,592805538,11078812753402,KOSPI
코스닥,20240624,852.27,852.48,841.43,841.52,648352988,7937421067694,KOSDAQ
코스피,20240625,2765.76,2780.42,2765.76,2774.39,713737960,11766199790852,KOSPI
코스닥,20240625,839.50,844.54,836.12,841.99,632291489,7314385006372,KOSDAQ
코스피,20240626,2767.43,2792.07,2762.98,2792.05,534313884,11323168412450,KOSPI
코스닥,20240626,845.91,846.76,839.34,842.12,674748494,7600388704507,KOSDAQ
코스피,20240627,2767.62,2784.33,2761.55,2784.06,396657412,10269584565618,KOSPI
코스닥,20240627,841.12,844.62,837.80,838.65,755450415,7915202938786,KOSDAQ
코스피,20240628,2792.79,2797.82,2782.40,2797.82,610185807,11019024614744,KOSPI
코스닥,20240628,840.11,842.36,838.29,840.44,638388283,7264941122128,KOSDAQ
코스피,20240701,2792.96,2805.95,2783.98,2804.31,458833418,9944157304446,KOSPI
코스닥,20240701,840.59,847.97,840.40,847.15,577187126,6893292886626,KOSDAQ
코스피,20240702,2798.65,2805.42,2776.62,2780.86,538375736,11647133601222,KOSPI
코스닥,20240702,846.86,847.39,828.49,829.91,679864626,8074187307585,KOSDAQ
코스피,20240703,2797.14,2799.70,2774.71,2794.01,339810996,10242496545245,KOSPI
코스닥,20240703,832.98,838.89,829.50,836.10,762564897,9511364424808,KOSDAQ
코스피,20240704,2817.06,2824.94,2808.88,2824.94,393188294,13065454860401,KOSPI
코스닥,20240704,838.90,844.10,838.90,840.81,702191750,9296454576060,KOSDAQ
코스피,20240705,2836.21,2871.96,2836.21,2862.23,377552188,13140190389256,KOSPI
코스닥,20240705,842.50,849.25,841.98,847.49,761309389,9357799448498,KOSDAQ
코스피,20240708,2862.58,2868.99,2855.53,2857.76,424618390,9937014014952,KOSPI
코스닥,20240708,848.59,859.27,848.59,859.27,723736356,8158779858282,KOSDAQ
코스피,20240709,2872.63,2875.37,2854.13,2867.38,455762091,11239879294434,KOSPI
코스닥,20240709,860.18,864.11,857.60,860.42,980455842,8457573429784,KOSDAQ
코스피,20240710,2863.05,2871.56,2858.87,2867.99,471806287,11839619471928,KOSPI
코스닥,20240710,859.01,860.82,854.60,858.55,849147452,8536923832406,KOSDAQ
코스피,20240711,2888.76,2896.43,2879.28,2891.35,461699309,14647926813477,KOSPI
코스닥,20240711,861.73,862.61,851.72,852.42,787452398,8106335777162,KOSDAQ
코스피,20240712,2867.75,2872.25,2844.88,2857.00,407391102,14083298695846,KOSPI
코스닥,20240712,848.04,855.03,845.03,850.37,735992483,7100416292552,KOSDAQ
코스피,20240715,2869.15,2872.90,2848.93,2860.92,423579422,12161307316952,KOSPI
코스닥,20240715,852.62,852.93,847.68,852.88,762840799,6318964933867,KOSDAQ
코스피,20240716,2861.71,2872.21,2857.07,2866.09,677312149,12657470662958,KOSPI
코스닥,20240716,850.96,851.20,837.29,839.61,847610450,7360066302387,KOSDAQ
코스피,20240717,2865.90,2868.58,2841.33,2843.29,548101386,13917104108788,KOSPI
코스닥,20240717,841.28,843.10,829.09,829.41,813156789,7507164968197,KOSDAQ
코스피,20240718,2805.64,2824.35,2799.02,2824.35,657732949,15544794395517,KOSPI
코스닥,20240718,820.14,824.96,812.90,822.48,849740740,6935417923936,KOSDAQ
코스피,20240719,2800.21,2802.68,2776.99,2795.46,425629761,9581036205476,KOSPI
코스닥,20240719,820.29,828.82,819.13,828.72,851348561,6793131383346,KOSDAQ
코스피,20240722,2790.99,2795.12,2752.63,2763.51,463391535,10497216136082,KOSPI
코스닥,20240722,827.98,828.09,806.79,809.96,887998741,6640687481906,KOSDAQ
코스피,20240723,2788.83,2796.92,2765.81,2774.29,422707459,11523144064217,KOSPI
코스닥,20240723,816.30,821.93,808.79,812.12,909457657,7288783404641,KOSDAQ
코스피,20240724,2755.50,2778.31,2748.65,2758.71,468457914,11050285987480,KOSPI
코스닥,20240724,809.45,819.81,807.55,814.25,807863241,6534037043874,KOSDAQ
코스피,20240725,2721.29,2725.15,2703.86,2710.65,439572275,13669047572507,KOSPI
코스닥,20240725,802.28,803.55,794.23,797.29,1011009109,7243690314783,KOSDAQ
코스피,20240726,2724.99,2738.40,2715.75,2731.90,512962196,12924223536744,KOSPI
코스닥,20240726,799.97,802.06,795.02,797.56,756381840,5597759619460,KOSDAQ
코스피,20240729,2748.32,2776.86,2742.69,2765.53,455812988,10957222536714,KOSPI
코스닥,20240729,800.64,808.73,800.39,807.99,636479278,5342476893348,KOSDAQ
코스피,20240730,2744.40,2754.53,2732.82,2738.19,391989180,10191870078597,KOSPI
코스닥,20240730,805.17,807.38,800.36,803.78,823585581,6227801658623,KOSDAQ
코스피,20240731,2745.58,2770.70,2733.63,2770.69,556404546,12191970314331,KOSPI
코스닥,20240731,802.00,804.17,795.18,803.15,781924308,6690272634895,KOSDAQ
코스피,20240801,2787.27,2794.11,2772.97,2777.68,480197780,10901103115785,KOSPI
코스닥,20240801,807.52,815.28,807.50,813.53,631545362,6049052532174,KOSDAQ
코스피,20240802,2719.39,2725.05,2666.40,2676.19,530879071,13094854099424,KOSPI
코스닥,20240802,799.45,799.97,778.39,779.33,828385981,6501795401499,KOSDAQ
코스피,20240805,2611.30,2611.30,2386.96,2441.55,761947241,18774710450886,KOSPI
코스닥,20240805,765.57,765.57,672.57,691.28,1132838543,9022318911477,KOSDAQ
코스피,20240806,2533.34,2578.77,2491.47,2522.15,566282773,15532312745816,KOSPI
코스닥,20240806,709.04,738.77,707.72,732.87,1048883852,8350315057831,KOSDAQ
코스피,20240807,2515.27,2594.83,2510.82,2568.41,476342912,13078366953736,KOSPI
코스닥,20240807,731.82,754.41,731.44,748.54,920775949,7194309133729,KOSDAQ
코스피,20240808,2530.21,2570.34,2518.52,2556.73,494695983,11460594263066,KOSPI
코스닥,20240808,738.29,751.51,732.74,745.28,988077905,7016612636219,KOSDAQ
코스피,20240809,2603.08,2603.08,2575.90,2588.43,474167568,9717855797859,KOSPI
코스닥,20240809,759.91,768.21,759.91,764.43,828285639,7340747416419,KOSDAQ
코스피,20240812,2602.16,2622.86,2602.01,2618.30,292340703,7594626179579,KOSPI
코스닥,20240812,767.21,775.31,767.21,772.72,871252642,6802688184256,KOSDAQ
코스피,20240813,2624.50,2636.12,2607.52,2621.50,377974485,8961364156240,KOSPI
코스닥,20240813,771.98,773.90,757.19,764.86,1149272457,7587452660317,KOSDAQ
코스피,20240814,2649.11,2653.71,2632.44,2644.50,328170759,8863824925667,KOSPI
코스닥,20240814,775.11,778.66,774.17,776.83,1088877021,7580699498967,KOSDAQ
코스피,20240816,2695.49,2699.61,2680.74,2697.23,385263086,11188136449052,KOSPI
코스닥,20240816,787.34,788.86,783.88,786.33,1052821950,7939720375907,KOSDAQ
코스피,20240819,2697.97,2699.84,2664.28,2674.36,394829467,9255636253380,KOSPI
코스닥,20240819,787.32,788.79,776.71,777.47,1108221114,7507559604856,KOSDAQ
코스피,20240820,2699.74,2706.05,2686.06,2696.63,483683966,8949876624385,KOSPI
코스닥,20240820,783.73,787.95,783.35,787.44,981118119,7960119874397,KOSDAQ
코스피,20240821,2687.20,2704.98,2684.61,2701.13,416838588,9375103306842,KOSPI
코스닥,20240821,783.98,784.92,775.30,779.87,1008271286,8250285691477,KOSDAQ
코스피,20240822,2710.95,2711.38,2690.35,2707.67,441401168,8943869361450,KOSPI
코스닥,20240822,782.59,783.89,768.48,773.47,921132534,9152420981619,KOSDAQ
코스피,20240823,2690.80,2712.84,2689.54,2701.69,329965487,8283155874028,KOSPI
코스닥,20240823,765.49,774.20,764.83,773.26,888758119,7919081479869,KOSDAQ
코스피,20240826,2716.88,2718.47,2688.79,2698.01,333070263,9083737436051,KOSPI
코스닥,20240826,776.94,777.91,764.46,766.79,800147088,6597641921969,KOSDAQ
코스피,20240827,2696.24,2700.18,2681.92,2689.25,263650915,8048247034853,KOSPI
코스닥,20240827,765.10,767.37,757.08,764.95,814851536,6772336828087,KOSDAQ
코스피,20240828,2690.59,2695.51,2671.59,2689.83,280324489,10564948934770,KOSPI
코스닥,20240828,766.32,767.28,761.06,762.50,853504252,7000321623733,KOSDAQ
코스피,20240829,2657.18,2672.90,2649.56,2662.28,288272554,11461253859740,KOSPI
코스닥,20240829,756.33,758.99,754.00,756.04,816845378,7317787626492,KOSDAQ
코스피,20240830,2676.72,2686.51,2668.66,2674.31,277496407,10336704982014,KOSPI
코스닥,20240830,758.19,768.31,757.87,767.66,803390593,7387460636053,KOSDAQ
코스피,20240902,2683.80,2686.98,2658.31,2681.00,266348565,8666900978436,KOSPI
코스닥,20240902,769.85,770.01,764.15,769.21,727550022,7164028731360,KOSDAQ
코스피,20240903,2683.12,2695.59,2664.63,2664.63,303087812,8976557975346,KOSPI
코스닥,20240903,769.68,773.15,760.07,760.37,837716253,6819088017752,KOSDAQ
코스피,20240904,2589.94,2608.13,2578.07,2580.80,454835467,11367653522054,KOSPI
코스닥,20240904,738.59,741.52,729.32,731.75,992002076,6926266768195,KOSDAQ
코스피,20240905,2598.36,2615.80,2560.65,2575.50,378439830,10187449563041,KOSPI
코스닥,20240905,736.96,740.23,718.25,725.28,938246525,7035969718470,KOSDAQ
코스피,20240906,2576.66,2576.94,2529.31,2544.28,374122989,8682913427903,KOSPI
코스닥,20240906,725.88,726.48,705.67,706.59,845146705,6221834344572,KOSDAQ
코스피,20240909,2498.67,2543.22,2491.30,2535.93,269671125,7452514024874,KOSPI
코스닥,20240909,696.25,716.11,693.86,714.46,750123033,5329553414705,KOSDAQ
코스피,20240910,2542.69,2544.83,2522.48,2523.43,347186419,8420188656042,KOSPI
코스닥,20240910,717.97,719.40,706.12,706.20,815532865,5766952140620,KOSDAQ
코스피,20240911,2524.86,2526.13,2493.37,2513.37,302013502,9620958452500,KOSPI
코스닥,20240911,709.50,718.65,706.93,709.42,1027722906,6393554282496,KOSDAQ
코스피,20240912,2547.50,2572.09,2537.87,2572.09,340082884,11280779310305,KOSPI
코스닥,20240912,719.29,733.81,719.29,731.03,822152422,6199285759611,KOSDAQ
코스피,20240913,2571.81,2584.11,2562.91,2575.41,357726947,8419709000403,KOSPI
코스닥,20240913,733.36,734.35,726.37,733.20,751987496,5200816588114,KOSDAQ
코스피,20240919,2594.67,2598.68,2550.09,2580.80,384533984,12867593701743,KOSPI
코스닥,20240919,738.41,740.31,729.93,739.51,716461240,5801797391388,KOSDAQ
코스피,20240920,2603.83,2619.55,2591.40,2593.37,495382647,14273285621251,KOSPI
코스닥,20240920,746.13,750.75,745.32,748.33,710885571,6610897242572,KOSDAQ
코스피,20240923,2596.47,2603.57,2588.49,2602.01,338505875,9521095555836,KOSPI
코스닥,20240923,749.24,757.85,747.83,755.12,647419439,5959180393686,KOSDAQ
코스피,20240924,2612.45,2631.68,2597.81,2631.68,354305447,10335291026472,KOSPI
코스닥,20240924,757.37,767.37,757.23,767.35,748098986,6308748743595,KOSDAQ
코스피,20240925,2652.71,2663.36,2596.32,2596.32,453866957,11668867157127,KOSPI
코스닥,20240925,769.87,771.77,758.02,759.30,924356758,6721151715921,KOSDAQ
코스피,20240926,2630.91,2671.57,2630.30,2671.57,324496762,11600777949334,KOSPI
코스닥,20240926,764.33,779.18,764.15,779.18,916784579,6829461905194,KOSDAQ
코스피,20240927,2674.58,2681.45,2649.78,2649.78,412428104,11984764103608,KOSPI
코스닥,20240927,777.72,780.91,773.36,774.49,823266028,5912129516952,KOSDAQ
코스피,20240930,2665.24,2668.66,2593.27,2593.27,358235507,10801847348422,KOSPI
코스닥,20240930,777.06,777.20,762.67,763.88,727711642,6044257628015,KOSDAQ
코스피,20241002,2566.55,2591.61,2555.46,2561.69,350408396,9604723403233,KOSPI
코스닥,20241002,757.30,769.69,754.38,762.13,855255340,5421311028452,KOSDAQ
코스피,20241004,2563.70,2585.59,2555.57,2569.71,413732533,10011401152526,KOSPI
코스닥,20241004,763.73,775.05,763.20,768.98,820794768,5396559647272,KOSDAQ
코스피,20241007,2579.20,2611.93,2561.46,2610.38,342854085,10374799427537,KOSPI
코스닥,20241007,774.77,781.56,771.11,781.01,685678999,5434404732617,KOSDAQ
코스피,20241008,2592.65,2601.96,2581.79,2594.36,316673098,9160702229069,KOSPI
코스닥,20241008,776.37,782.85,776.20,778.24,883603966,6703594310316,KOSDAQ
코스피,20241010,2611.65,2613.61,2596.86,2599.16,617661325,13862558229487,KOSPI
코스닥,20241010,781.91,784.03,772.70,775.48,672085536,5716893200702,KOSDAQ
코스피,20241011,2612.02,2621.93,2594.43,2596.91,490399963,9545110208994,KOSPI
코스닥,20241011,779.00,781.12,769.68,770.98,828373171,6564193585683,KOSDAQ
코스피,20241014,2602.63,2628.54,2602.63,2623.29,400965052,8522782352745,KOSPI
코스닥,20241014,770.85,771.75,765.27,770.26,743930873,5797091166072,KOSDAQ
코스피,20241015,2632.37,2635.32,2615.47,2633.45,437664127,10051232886569,KOSPI
코스닥,20241015,773.37,777.00,768.13,773.81,935499692,7002007567831,KOSDAQ
코스피,20241016,2606.70,2622.33,2601.35,2610.36,436861435,10048141238209,KOSPI
코스닥,20241016,769.19,769.69,764.97,765.79,838971532,6978356057638,KOSDAQ
코스피,20241017,2620.74,2622.71,2603.52,2609.30,330822367,9950782899471,KOSPI
코스닥,20241017,768.15,769.69,763.21,765.06,790210294,6250081953739,KOSDAQ
코스피,20241018,2616.04,2618.32,2587.96,2593.82,264648249,8271905587220,KOSPI
코스닥,20241018,765.71,765.71,749.53,753.22,850327717,7319117439120,KOSDAQ
코스피,20241021,2600.77,2618.71,2594.05,2604.92,240336897,7755461176740,KOSPI
코스닥,20241021,754.35,761.62,749.64,759.95,760451911,6245013480074,KOSDAQ
코스피,20241022,2600.87,2604.16,2564.46,2570.70,342595384,8954464317117,KOSPI
코스닥,20241022,758.72,758.72,738.33,738.34,1010322410,7422855106740,KOSDAQ
코스피,20241023,2575.25,2607.79,2567.42,2599.62,350163849,9397248157011,KOSPI
코스닥,20241023,740.93,748.33,729.28,745.19,1060612456,6712296739311,KOSDAQ
코스피,20241024,2591.69,2600.26,2578.80,2581.03,342432166,9725912482806,KOSPI
코스닥,20241024,742.70,742.70,734.26,734.59,821807262,5710296375541,KOSDAQ
코스피,20241025,2597.44,2611.27,2577.00,2583.27,462066740,10276429992001,KOSPI
코스닥,20241025,739.05,739.62,725.27,727.41,738502982,5536187544581,KOSDAQ
코스피,20241028,2588.45,2612.96,2587.20,2612.43,331978812,9103683671835,KOSPI
코스닥,20241028,729.75,740.67,729.75,740.48,617902694,4974216115089,KOSDAQ
코스피,20241029,2606.94,2617.80,2595.86,2617.80,362043507,9329351663318,KOSPI
코스닥,20241029,740.05,744.18,733.28,744.18,775826877,5324935406697,KOSDAQ
코스피,20241030,2606.99,2613.47,2586.88,2593.79,486689175,9058451696806,KOSPI
코스닥,20241030,743.53,746.23,738.13,738.19,819706387,4707809769183,KOSDAQ
코스피,20241031,2575.24,2579.65,2552.36,2556.15,405869637,10971259278827,KOSPI
코스닥,20241031,734.25,743.22,728.34,743.06,778455280,5675551733089,KOSDAQ
코스피,20241101,2542.96,2559.30,2536.84,2542.36,319175276,7937322736352,KOSPI
코스닥,20241101,735.67,736.26,729.05,729.05,721464689,5436981554247,KOSDAQ
코스피,20241104,2549.04,2588.97,2542.68,2588.97,373214898,8057684343114,KOSPI
코스닥,20241104,730.50,755.00,728.11,754.08,742811991,6261685961657,KOSDAQ
코스피,20241105,2570.24,2586.73,2564.66,2576.88,310356120,7711015330277,KOSPI
코스닥,20241105,752.17,756.60,750.17,751.81,731420085,5323512824120,KOSDAQ
코스피,20241106,2591.90,2592.75,2544.04,2563.51,547387428,11787017691104,KOSPI
코스닥,20241106,757.23,761.01,737.77,743.31,1035239852,7614282400330,KOSDAQ
코스피,20241107,2557.23,2579.81,2540.48,2564.63,464621422,10805202820569,KOSPI
코스닥,20241107,743.47,743.47,727.10,733.52,773273650,6574980998374,KOSDAQ
코스피,20241108,2586.70,2593.15,2553.42,2561.15,448223481,9917837758277,KOSPI
코스닥,20241108,739.91,746.89,739.66,743.38,727172989,7181888178023,KOSDAQ
코스피,20241111,2562.05,2562.05,2525.56,2531.66,570896056,11282657786521,KOSPI
코스닥,20241111,744.86,745.42,727.04,728.84,807364753,6891757996158,KOSDAQ
코스피,20241112,2527.94,2532.44,2481.53,2482.57,734831995,12841318178562,KOSPI
코스닥,20241112,728.72,729.07,707.96,710.52,871833133,7389353332365,KOSDAQ
코스피,20241113,2468.27,2478.87,2415.77,2417.08,617945191,11202822214931,KOSPI
코스닥,20241113,708.52,712.83,689.64,689.65,826218027,6955975996962,KOSDAQ
코스피,20241114,2430.26,2441.43,2410.93,2418.86,639292349,13014187412192,KOSPI
코스닥,20241114,694.16,702.08,681.30,681.56,801410514,6847223211157,KOSDAQ
코스피,20241115,2413.05,2433.18,2390.56,2416.86,622175413,12361457495277,KOSPI
코스닥,20241115,675.64,688.91,668.38,685.42,879107381,6484787884544,KOSDAQ
코스피,20241118,2440.31,2480.01,2437.53,2469.07,443288683,10617079638800,KOSPI
코스닥,20241118,683.53,697.45,681.00,689.55,844731748,7402178367286,KOSDAQ
코스피,20241119,2469.13,2479.39,2465.15,2471.95,410503349,9083756994918,KOSPI
코스닥,20241119,690.45,691.13,682.50,686.12,881243271,7216976378207,KOSDAQ
코스피,20241120,2475.76,2489.15,2471.79,2482.29,408568948,7818467288727,KOSPI
코스닥,20241120,689.03,691.00,682.03,682.91,923707174,7836002580776,KOSDAQ
코스피,20241121,2474.62,2496.97,2474.62,2480.63,450659873,8353598822192,KOSPI
코스닥,20241121,683.10,685.91,672.83,680.67,1004988973,8511562513482,KOSDAQ
코스피,20241122,2493.42,2511.23,2492.21,2501.24,542912333,8013407498447,KOSPI
코스닥,20241122,682.37,689.99,676.06,677.01,836015447,7981649619567,KOSDAQ
코스피,20241125,2524.11,2541.76,2517.98,2534.34,564152326,13491920405506,KOSPI
코스닥,20241125,683.37,698.51,683.37,696.83,750691374,6840659666590,KOSDAQ
코스피,20241126,2521.39,2526.62,2512.21,2520.36,441350078,8707634075466,KOSPI
코스닥,20241126,697.59,699.70,689.53,693.15,813019232,6670242189244,KOSDAQ
코스피,20241127,2518.82,2526.32,2498.32,2503.06,413944549,8584073964215,KOSPI
코스닥,20241127,693.80,696.15,686.37,692.00,927570217,7249477476003,KOSDAQ
코스피,20241128,2499.69,2513.63,2495.64,2504.67,342283911,7571242893317,KOSPI
코스닥,20241128,694.96,697.91,691.61,694.39,914540969,6913655728867,KOSDAQ
코스피,20241129,2496.93,2496.93,2446.96,2455.91,383881275,9104235172772,KOSPI
코스닥,20241129,694.24,694.24,677.08,678.19,874994189,6258004097597,KOSDAQ
코스피,20241202,2479.02,2483.29,2448.45,2454.48,327524443,7589364705026,KOSPI
코스닥,20241202,684.15,687.70,675.78,675.84,717958490,6288549969010,KOSDAQ
코스피,20241203,2472.06,2500.67,2471.55,2500.10,323510282,9143215641647,KOSPI
코스닥,20241203,678.98,692.81,678.98,690.80,744982602,6193570957722,KOSDAQ
코스피,20241204,2450.76,2483.04,2442.46,2464.00,669253363,13293291159777,KOSPI
코스닥,20241204,677.59,687.94,671.60,677.15,855980275,6368728669646,KOSDAQ
코스피,20241205,2471.45,2471.45,2434.78,2441.85,518754581,9716369743895,KOSPI
코스닥,20241205,679.79,680.02,669.27,670.94,727394892,5947596016828,KOSDAQ
코스피,20241206,2451.60,2459.24,2397.73,2428.16,629334749,10722980681043,KOSPI
코스닥,20241206,670.70,671.34,644.39,661.33,877044016,6738599396551,KOSDAQ
코스피,20241209,2392.37,2399.52,2360.18,2360.58,590352184,10000076398939,KOSPI
코스닥,20241209,649.35,649.35,627.01,627.01,853256941,6479480657326,KOSDAQ
코스피,20241210,2384.51,2419.06,2384.51,2417.84,597159675,9299917515811,KOSPI
코스닥,20241210,635.94,661.60,635.94,661.59,868465501,7468167464388,KOSDAQ
코스피,20241211,2412.15,2443.34,2411.38,2442.51,617159099,7744017820456,KOSPI
코스닥,20241211,661.71,677.55,661.71,675.92,951102629,6347375906759,KOSDAQ
코스피,20241212,2456.63,2487.95,2448.76,2482.12,663747862,12257180646618,KOSPI
코스닥,20241212,680.97,687.00,674.31,683.35,1021283063,8208463259076,KOSDAQ
코스피,20241213,2473.75,2500.32,2470.24,2494.46,577369518,8847690255932,KOSPI
코스닥,20241213,684.25,695.76,683.30,693.73,876664842,6733964986191,KOSDAQ
코스피,20241216,2511.08,2515.62,2483.43,2488.97,526398710,8463353868735,KOSPI
코스닥,20241216,699.81,701.67,695.67,698.53,984126824,6962600863606,KOSDAQ
코스피,20241217,2487.31,2487.31,2455.05,2456.81,558683431,9282418953368,KOSPI
코스닥,20241217,699.52,699.52,691.58,694.47,955708972,7168393604837,KOSDAQ
코스피,20241218,2463.06,2492.00,2462.82,2484.43,441381150,8336923111057,KOSPI
코스닥,20241218,694.94,699.18,690.40,697.57,846831241,7217311308825,KOSDAQ
코스피,20241219,2426.55,2450.05,2423.59,2435.93,504189059,8442147084009,KOSPI
코스닥,20241219,682.53,688.29,679.85,684.36,752443331,6512390719000,KOSDAQ
코스피,20241220,2429.63,2430.69,2389.86,2404.15,617406479,9345737629162,KOSPI
코스닥,20241220,684.79,685.10,667.00,668.31,862859423,6499908541607,KOSDAQ
코스피,20241223,2423.36,2446.97,2413.62,2442.01,427733262,7373657372401,KOSPI
코스닥,20241223,674.26,683.16,671.09,679.24,650081570,5331405262243,KOSDAQ
코스피,20241224,2450.55,2452.85,2432.42,2440.52,386541822,6739864200725,KOSPI
코스닥,20241224,683.02,685.87,679.23,680.11,636450663,6044436528232,KOSDAQ
코스피,20241226,2449.52,2449.52,2428.82,2429.67,322365189,6408516939597,KOSPI
코스닥,20241226,684.21,684.36,674.81,675.64,716638830,6685734562297,KOSDAQ
코스피,20241227,2419.46,2423.86,2388.33,2404.77,310847886,6338231141814,KOSPI
코스닥,20241227,674.30,677.50,661.24,665.97,740701932,6216490556077,KOSDAQ
코스피,20241230,2397.49,2429.75,2390.44,2399.49,303587373,5313635601512,KOSPI
코스닥,20241230,662.68,679.68,661.92,678.19,576562960,4837891762461,KOSDAQ
코스피,20250102,2400.87,2410.99,2386.84,2398.94,350335524,6957395294921,KOSPI
코스닥,20250102,678.98,687.25,675.96,686.63,689240166,5902848924843,KOSDAQ
코스피,20250103,2402.58,2454.67,2402.58,2441.92,407037841,8228517919575,KOSPI
코스닥,20250103,688.04,706.46,687.73,705.76,821575926,7964275383754,KOSDAQ
코스피,20250106,2453.30,2489.10,2446.82,2488.64,302503992,8141015350721,KOSPI
코스닥,20250106,707.87,718.86,707.87,717.96,1043849222,8205397813531,KOSDAQ
코스피,20250107,2513.49,2521.86,2492.09,2492.10,407417859,9404668197684,KOSPI
코스닥,20250107,719.68,723.09,717.07,718.29,1109711098,8124977916490,KOSDAQ
코스피,20250108,2481.25,2526.77,2481.25,2521.05,362599121,10389532854109,KOSPI
코스닥,20250108,713.78,720.21,712.62,719.63,1114039889,6886021193917,KOSDAQ
코스피,20250109,2526.10,2535.87,2515.82,2521.90,404051658,11523216600228,KOSPI
코스닥,20250109,718.89,723.70,712.35,723.52,973033465,7454855998415,KOSDAQ
코스피,20250110,2528.42,2535.24,2506.29,2515.78,377268707,9689608895822,KOSPI
코스닥,20250110,722.21,723.47,715.68,717.89,905732646,6581983727446,KOSDAQ
코스피,20250113,2508.15,2513.93,2483.73,2489.56,578276323,9047828276562,KOSPI
코스닥,20250113,713.98,718.96,707.60,708.21,761247096,5621461781993,KOSDAQ
코스피,20250114,2501.49,2504.89,2482.74,2497.40,414156500,8197940288518,KOSPI
코스닥,20250114,712.03,718.60,709.11,718.04,904799902,6783539912516,KOSDAQ
코스피,20250115,2511.07,2524.36,2493.10,2496.81,538276545,9175057810288,KOSPI
코스닥,20250115,722.16,722.34,709.82,711.61,975747328,6573235863215,KOSDAQ
코스피,20250116,2528.27,2534.01,2519.86,2527.49,450665246,9430241503797,KOSPI
코스닥,20250116,720.35,725.78,720.35,724.24,816404776,6667649049289,KOSDAQ
코스피,20250117,2520.85,2528.48,2513.84,2523.55,445657744,10010596148670,KOSPI
코스닥,20250117,723.05,725.54,722.28,724.69,834568741,6976608054548,KOSDAQ
코스피,20250120,2533.68,2536.72,2516.28,2520.05,437135456,8661496589248,KOSPI
코스닥,20250120,727.59,728.51,722.77,727.66,748819967,6319178068385,KOSDAQ
코스피,20250121,2533.23,2548.44,2507.95,2518.03,571627534,9322083738277,KOSPI
코스닥,20250121,728.57,733.91,720.73,726.07,852600798,7118443039954,KOSDAQ
코스피,20250122,2535.80,2552.57,2526.89,2547.06,583349052,11073142643196,KOSPI
코스닥,20250122,731.17,733.89,729.46,732.31,907516151,7464363138282,KOSDAQ
코스피,20250123,2541.24,2541.60,2515.49,2515.49,609369834,9906686321738,KOSPI
코스닥,20250123,731.69,731.72,723.49,724.01,915146870,7005986163433,KOSDAQ
코스피,20250124,2529.29,2542.83,2522.64,2536.80,601762070,10178169552868,KOSPI
코스닥,20250124,725.78,731.70,722.82,728.74,756291331,6334739771371,KOSDAQ
코스피,20250131,2534.33,2537.98,2496.95,2517.37,454076097,13757753594542,KOSPI
코스닥,20250131,724.96,728.41,723.30,728.29,603431839,6497052879748,KOSDAQ
코스피,20250203,2468.74,2468.74,2437.61,2453.95,522391735,11648032759015,KOSPI
코스닥,20250203,718.26,718.26,700.57,703.80,799253351,7325478100802,KOSDAQ
코스피,20250204,2481.44,2508.35,2471.63,2481.69,478980412,10999402067507,KOSPI
코스닥,20250204,713.55,726.28,713.55,719.92,945518671,8288424371440,KOSDAQ
코스피,20250205,2503.94,2514.71,2498.74,2509.27,436935936,9947824927754,KOSPI
코스닥,20250205,724.60,731.92,724.60,730.98,797796346,8047985385965,KOSDAQ
코스피,20250206,2521.82,2536.75,2515.34,2536.75,479355987,11861451055356,KOSPI
코스닥,20250206,735.94,740.32,734.91,740.32,835149507,8440882477921,KOSDAQ
코스피,20250207,2532.09,2537.63,2519.01,2521.92,419493403,10238594510809,KOSPI
코스닥,20250207,739.88,744.68,737.61,742.90,957585833,9859475742028,KOSDAQ
코스피,20250210,2510.64,2527.33,2499.18,2521.27,391901382,10562348099241,KOSPI
코스닥,20250210,740.12,750.46,735.71,749.67,990723088,10773136326458,KOSDAQ
코스피,20250211,2532.87,2549.44,2527.74,2539.05,450629635,11020899695373,KOSPI
코스닥,20250211,751.25,754.62,749.36,749.59,974962187,9960893778051,KOSDAQ
코스피,20250212,2534.71,2549.58,2528.74,2548.39,464323354,13664774549116,KOSPI
코스닥,20250212,748.65,748.65,742.85,745.18,875021481,8561013333181,KOSDAQ
코스피,20250213,2558.95,2583.74,2555.98,2583.17,679924221,17101927589987,KOSPI
코스닥,20250213,748.69,751.83,744.83,749.28,804040434,8365689930763,KOSDAQ
코스피,20250214,2588.20,2600.57,2582.84,2591.05,498669234,13915068403368,KOSPI
코스닥,20250214,752.08,758.72,752.04,756.32,891402944,10060784738446,KOSDAQ
코스피,20250217,2595.99,2612.80,2592.57,2610.42,365982481,11015432474549,KOSPI
코스닥,20250217,759.21,768.48,757.77,768.48,873464009,9273142407485,KOSDAQ
코스피,20250218,2613.25,2628.47,2605.15,2626.81,421510148,12615841380774,KOSPI
코스닥,20250218,769.93,773.77,765.99,773.65,1049727219,10085285792808,KOSDAQ
코스피,20250219,2633.91,2680.70,2633.91,2671.52,525171633,14848110254941,KOSPI
코스닥,20250219,774.12,778.98,772.63,778.27,928244948,10871598785089,KOSDAQ
코스피,20250220,2661.72,2667.59,2645.53,2654.06,528921171,14549599987669,KOSPI
코스닥,20250220,777.78,781.54,766.83,768.27,1010648430,10381633325902,KOSDAQ
코스피,20250221,2653.76,2656.04,2638.44,2654.58,444153638,11379520552925,KOSPI
코스닥,20250221,768.39,774.78,767.18,774.65,854707359,8146072796552,KOSDAQ
코스피,20250224,2636.12,2645.27,2626.88,2645.27,535902670,10800210875882,KOSPI
코스닥,20250224,766.94,773.51,764.48,773.33,883444428,7891060306469,KOSDAQ
코스피,20250225,2617.64,2641.49,2617.12,2630.29,409740300,10506970878726,KOSPI
코스닥,20250225,766.85,773.91,765.26,769.43,950163784,8740064682265,KOSDAQ
코스피,20250226,2629.86,2648.06,2620.16,2641.09,386501690,11217790256172,KOSPI
코스닥,20250226,769.00,774.20,766.69,771.41,896776677,7951690539032,KOSDAQ
코스피,20250227,2637.63,2638.47,2610.47,2621.75,513571554,10801134804882,KOSPI
코스닥,20250227,774.13,776.57,769.60,770.85,795038401,7452918310292,KOSDAQ
코스피,20250228,2585.61,2586.78,2531.24,2532.78,588019165,15635419769373,KOSPI
코스닥,20250228,760.10,760.10,743.95,743.96,843262182,7764863234882,KOSDAQ
코스피,20250304,2522.20,2548.78,2513.31,2528.92,483614316,13113634251991,KOSPI
코스닥,20250304,739.68,739.68,730.96,737.90,610238021,5472583137705,KOSDAQ
코스피,20250305,2548.45,2561.47,2535.18,2558.13,568967027,13019947728443,KOSPI
코스닥,20250305,743.35,748.82,740.69,746.95,673244213,6427136469171,KOSDAQ
코스피,20250306,2573.55,2583.65,2565.57,2576.16,609327830,11318511360321,KOSPI
코스닥,20250306,750.43,750.43,733.49,734.92,757664518,7488035079008,KOSDAQ
코스피,20250307,2553.44,2575.48,2541.49,2563.48,566561826,12153420121777,KOSPI
코스닥,20250307,729.43,738.10,725.97,727.70,710782882,7159457787827,KOSDAQ
코스피,20250310,2555.40,2579.76,2549.99,2570.39,435437296,9880572026178,KOSPI
코스닥,20250310,724.78,732.62,720.13,725.82,611570955,5821496372243,KOSDAQ
코스피,20250311,2516.69,2547.88,2505.91,2537.60,398700312,10916482793350,KOSPI
코스닥,20250311,710.20,721.70,706.96,721.50,745275485,7115419920864,KOSDAQ
코스피,20250312,2552.60,2579.69,2541.66,2574.82,401282348,12283794269164,KOSPI
코스닥,20250312,724.58,734.14,723.52,729.49,673173282,6508825445535,KOSDAQ
코스피,20250313,2598.06,2600.07,2561.02,2573.64,426978956,13111810938009,KOSPI
코스닥,20250313,735.75,737.29,722.28,722.80,766490234,7406192098602,KOSDAQ
코스피,20250314,2565.18,2576.74,2559.24,2566.36,361935306,9940683930799,KOSPI
코스닥,20250314,723.75,736.84,723.71,734.26,657342215,6445422377803,KOSDAQ
코스피,20250317,2588.32,2610.69,2587.52,2610.69,396159056,11993095037796,KOSPI
코스닥,20250317,740.14,743.77,735.32,743.51,687670757,7075304607125,KOSDAQ
코스피,20250318,2627.27,2638.56,2606.91,2612.34,555126355,12031907097045,KOSPI
코스닥,20250318,747.71,748.07,742.29,745.54,669568905,6714648571686,KOSDAQ
코스피,20250319,2613.48,2642.83,2613.48,2628.62,652885862,11838543544056,KOSPI
코스닥,20250319,743.21,747.53,737.52,738.35,715015879,6900998676559,KOSDAQ
코스피,20250320,2648.16,2650.72,2629.20,2637.10,453534551,11985543754890,KOSPI
코스닥,20250320,743.06,743.39,725.10,725.15,740922408,8222277580082,KOSDAQ
코스피,20250321,2633.90,2645.82,2617.78,2643.13,496725079,14184742692517,KOSPI
코스닥,20250321,724.94,727.15,713.82,719.41,724974186,7590519655056,KOSDAQ
코스피,20250324,2636.43,2648.82,2629.38,2632.07,371458452,6920826500797,KOSPI
코스닥,20250324,721.39,725.34,718.67,720.22,670264842,5273453428683,KOSDAQ
코스피,20250325,2653.04,2654.63,2612.74,2615.81,438638967,8302222717543,KOSPI
코스닥,20250325,725.34,725.84,709.67,711.26,718144306,5973191743513,KOSDAQ
코스피,20250326,2628.09,2649.15,2618.05,2643.94,507428450,7653360502510,KOSPI
코스닥,20250326,714.36,717.30,705.38,716.48,690312066,5330679998654,KOSDAQ
코스피,20250327,2620.28,2633.03,2603.41,2607.15,402869118,7674624331505,KOSPI
코스닥,20250327,710.98,718.20,706.86,707.49,761180217,5630490751915,KOSDAQ
코스피,20250328,2592.63,2592.63,2549.26,2557.98,512914432,7146732628812,KOSPI
코스닥,20250328,708.97,709.33,691.76,693.76,958370026,5299127214727,KOSDAQ
코스피,20250331,2513.44,2514.22,2479.46,2481.12,390703635,8231452976640,KOSPI
코스닥,20250331,683.42,686.17,671.91,672.85,886977962,4974162783489,KOSDAQ
코스피,20250401,2511.24,2530.61,2494.43,2521.39,452844692,6936218895111,KOSPI
코스닥,20250401,681.58,695.73,677.86,691.45,761445302,5351363852619,KOSDAQ
코스피,20250402,2525.62,2532.15,2499.83,2505.86,514946308,7313727227401,KOSPI
코스닥,20250402,695.37,696.48,683.30,684.85,789318583,6370501443044,KOSDAQ
코스피,20250403,2437.43,2488.92,2437.43,2486.70,479580952,8265581270220,KOSPI
코스닥,20250403,670.75,685.16,669.85,683.49,701044934,5738239068369,KOSDAQ
코스피,20250404,2450.49,2506.71,2438.02,2465.42,694478125,10740217778693,KOSPI
코스닥,20250404,677.23,697.72,674.66,687.39,964807461,7727087046075,KOSDAQ
코스피,20250407,2359.25,2369.40,2327.01,2328.20,618877527,10502584257316,KOSPI
코스닥,20250407,667.02,667.02,651.29,651.30,897864216,6248390443076,KOSDAQ
코스피,20250408,2381.20,2381.31,2328.94,2334.23,556589552,9120813303966,KOSPI
코스닥,20250408,666.01,668.82,656.07,658.45,863074810,6099357873168,KOSDAQ
코스피,20250409,2329.99,2337.58,2284.72,2293.70,699190973,9558318384107,KOSPI
코스닥,20250409,653.84,657.45,637.55,643.39,809975678,5601465317119,KOSDAQ
코스피,20250410,2395.13,2445.06,2391.39,2445.06,669555625,11052027359473,KOSPI
코스닥,20250410,670.12,681.79,669.99,681.79,910994850,5988702405219,KOSDAQ
코스피,20250411,2400.74,2433.18,2394.25,2432.72,369228268,7684332738812,KOSPI
코스닥,20250411,673.09,695.59,672.74,695.59,1039352334,6590989292750,KOSDAQ
코스피,20250414,2454.28,2465.56,2449.48,2455.89,487980727,6684016479224,KOSPI
코스닥,20250414,699.99,709.05,699.21,708.98,985476114,6611889269273,KOSDAQ
코스피,20250415,2464.51,2482.56,2461.23,2477.41,560052510,6509003730441,KOSPI
코스닥,20250415,709.51,712.69,704.61,711.92,871159500,6844929666052,KOSDAQ
코스피,20250416,2472.78,2475.83,2442.72,2447.43,612780559,6723680185973,KOSPI
코스닥,20250416,710.38,711.38,698.58,699.11,956793322,6714309190206,KOSDAQ
코스피,20250417,2451.70,2473.24,2447.40,2470.41,601251191,6604548842798,KOSPI
코스닥,20250417,700.11,711.91,700.11,711.75,1061294501,6191804818540,KOSDAQ
코스피,20250418,2473.30,2486.37,2466.90,2483.42,450340324,5647020954017,KOSPI
코스닥,20250418,713.52,717.77,708.20,717.77,1142271013,7187646679688,KOSDAQ
코스피,20250421,2486.38,2498.84,2479.23,2488.42,428642169,5237715169502,KOSPI
코스닥,20250421,717.25,722.18,714.05,715.45,1152248256,6303306185772,KOSDAQ
코스피,20250422,2481.18,2494.59,2476.14,2486.64,416239528,6179967055856,KOSPI
코스닥,20250422,711.42,717.86,711.03,716.12,1264511041,7281062978117,KOSDAQ
코스피,20250423,2520.56,2526.72,2507.10,2525.56,537513707,7761690959420,KOSPI
코스닥,20250423,724.33,726.10,720.42,726.08,1032127310,6652779105483,KOSDAQ
코스피,20250424,2525.34,2530.61,2507.21,2522.33,327569897,7270523896583,KOSPI
코스닥,20250424,726.95,729.49,723.33,726.08,1139203686,5951471646386,KOSDAQ
코스피,20250425,2544.59,2553.33,2534.94,2546.30,402797771,8757989772697,KOSPI
코스닥,20250425,729.56,732.80,728.21,729.69,999098037,5597088471828,KOSDAQ
코스피,20250428,2551.23,2558.69,2541.97,2548.86,453522915,7799977470429,KOSPI
코스닥,20250428,730.58,732.44,718.14,719.41,981480168,6047310070973,KOSDAQ
코스피,20250429,2550.25,2571.41,2542.25,2565.42,546222190,9206486100052,KOSPI
코스닥,20250429,722.94,727.80,721.42,726.46,933669193,5566860494910,KOSDAQ
코스피,20250430,2561.04,2570.83,2544.46,2556.61,487135220,8433786428646,KOSPI
코스닥,20250430,726.19,727.27,715.33,717.24,820795297,5489422588260,KOSDAQ
코스피,20250502,2556.52,2567.04,2540.57,2559.79,585030237,8325319483779,KOSPI
코스닥,20250502,716.60,723.77,714.07,721.86,715262727,4589058712299,KOSDAQ
코스피,20250507,2577.04,2581.85,2559.17,2573.80,546425852,8933673188117,KOSPI
코스닥,20250507,722.41,722.81,714.80,722.81,733349390,5544897073851,KOSDAQ
코스피,20250508,2581.27,2590.90,2575.78,2579.48,470906538,10268373581122,KOSPI
코스닥,20250508,725.81,730.72,725.81,729.59,718293446,6256335818708,KOSDAQ
코스피,20250509,2587.93,2589.58,2571.20,2577.27,485077854,8033026677803,KOSPI
코스닥,20250509,731.01,731.01,719.83,722.52,840665051,7439527314218,KOSDAQ
코스피,20250512,2593.94,2607.33,2585.60,2607.33,409284721,8525309158029,KOSPI
코스닥,20250512,724.47,727.56,719.23,725.40,1003476088,7021392295125,KOSDAQ
코스피,20250513,2601.76,2620.64,2601.58,2608.42,421934547,8744247737940,KOSPI
코스닥,20250513,731.11,735.85,730.76,731.88,1132648723,7025245010803,KOSDAQ
코스피,20250514,2625.36,2646.01,2619.15,2640.57,390012973,8891189819946,KOSPI
코스닥,20250514,732.20,739.05,726.51,739.05,952504114,7375477890714,KOSDAQ
코스피,20250515,2634.50,2643.83,2618.08,2621.36,338924919,7252223675630,KOSPI
코스닥,20250515,738.15,738.28,732.59,733.23,1092797520,7842514453345,KOSDAQ
코스피,20250516,2630.64,2633.98,2619.10,2626.87,359137733,8023033342884,KOSPI
코스닥,20250516,734.38,734.38,722.99,725.07,1109803826,7420072455082,KOSDAQ
코스피,20250519,2613.70,2619.43,2593.44,2603.42,312843223,6750817194352,KOSPI
코스닥,20250519,721.27,721.31,710.47,713.75,1272053764,6888717606793,KOSDAQ
코스피,20250520,2622.68,2622.91,2598.10,2601.80,456703418,7660209916394,KOSPI
코스닥,20250520,719.36,722.17,715.12,715.55,985291428,6970378046608,KOSDAQ
코스피,20250521,2615.90,2633.41,2614.73,2625.58,371133596,7439745798027,KOSPI
코스닥,20250521,720.64,726.68,719.96,723.62,835057296,6420705566876,KOSDAQ
코스피,20250522,2614.66,2616.53,2588.09,2593.67,357514276,8963503871329,KOSPI
코스닥,20250522,720.96,720.96,714.71,717.67,1046198994,5761868949743,KOSDAQ
코스피,20250523,2603.57,2604.14,2589.51,2592.09,433614473,8658135569921,KOSPI
코스닥,20250523,720.50,720.50,713.22,715.98,965649978,5771044238428,KOSDAQ
코스피,20250526,2598.45,2644.40,2595.96,2644.40,379070219,8334253246050,KOSPI
코스닥,20250526,718.48,726.93,716.86,725.27,798282917,5278714405579,KOSDAQ
코스피,20250527,2630.29,2642.63,2625.66,2637.22,317724557,7905058254681,KOSPI
코스닥,20250527,727.00,727.16,723.66,727.11,838914539,6018874328803,KOSDAQ
코스피,20250528,2648.86,2692.47,2643.50,2670.15,404142142,11232547870932,KOSPI
코스닥,20250528,731.06,733.48,727.60,728.79,965439182,6779901653481,KOSDAQ
코스피,20250529,2691.06,2720.64,2686.64,2720.64,447760386,10893607419727,KOSPI
코스닥,20250529,733.22,736.29,731.64,736.29,876846174,5344200237545,KOSDAQ
코스피,20250530,2713.24,2717.54,2689.87,2697.67,524498498,14797917504389,KOSPI
코스닥,20250530,735.26,737.43,732.55,734.35,890482901,5325728010999,KOSDAQ
코스피,20250602,2692.91,2719.87,2685.14,2698.97,323097941,8060300284720,KOSPI
코스닥,20250602,735.14,741.41,733.97,740.29,820917662,5729596271830,KOSDAQ
코스피,20250604,2737.92,2771.03,2734.02,2770.84,489252027,12103074168075,KOSPI
코스닥,20250604,749.13,752.75,747.35,750.21,833152015,6750727130991,KOSDAQ
코스피,20250605,2790.33,2831.11,2787.76,2812.05,555103786,13290276015709,KOSPI
코스닥,20250605,751.59,761.17,750.17,756.23,848528509,7438573946333,KOSDAQ
코스피,20250609,2841.56,2867.27,2841.39,2855.77,537028637,14027393131452,KOSPI
코스닥,20250609,759.27,764.92,757.29,764.21,1034328133,7561353360977,KOSDAQ
코스피,20250610,2872.62,2885.67,2849.67,2871.85,507560750,14287494119350,KOSPI
코스닥,20250610,767.91,771.20,761.36,771.20,1046448137,7069147393053,KOSDAQ
코스피,20250611,2887.32,2908.16,2879.92,2907.04,393387716,12472741380627,KOSPI
코스닥,20250611,775.43,787.06,774.84,786.29,1172343777,7726469884225,KOSDAQ
코스피,20250612,2909.99,2934.31,2909.99,2920.03,706718648,17330074756254,KOSPI
코스닥,20250612,786.27,793.20,784.96,789.45,1135922033,7611778510641,KOSDAQ
코스피,20250613,2930.57,2932.38,2877.07,2894.62,930727101,17459603200907,KOSPI
코스닥,20250613,792.68,792.68,761.42,768.86,1028379138,7770107251795,KOSDAQ
코스피,20250616,2903.50,2947.07,2886.13,2946.66,725735075,14398912354095,KOSPI
코스닥,20250616,767.64,777.68,763.81,777.26,1068834211,6843260646964,KOSDAQ
코스피,20250617,2959.93,2998.62,2925.79,2950.30,932224861,17900842021890,KOSPI
코스닥,20250617,780.08,785.76,766.56,775.65,1072552992,7391800943412,KOSDAQ
코스피,20250618,2933.63,2979.32,2933.63,2972.19,575809841,14665869079398,KOSPI
코스닥,20250618,772.60,781.35,772.60,779.73,973622408,7075289910680,KOSDAQ
코스피,20250619,2989.56,2996.04,2954.47,2977.74,432834658,13784261021091,KOSPI
코스닥,20250619,783.29,783.30,776.21,782.51,1072475058,7368779428803,KOSDAQ
코스피,20250620,2986.52,3022.06,2972.37,3021.84,476362036,17956371999244,KOSPI
코스닥,20250620,783.63,791.53,780.65,791.53,985901564,7718640896388,KOSDAQ
코스피,20250623,2992.20,3019.81,2971.36,3014.47,624292207,17874675897012,KOSPI
코스닥,20250623,779.67,784.79,772.91,784.79,955082807,7510216408826,KOSDAQ
코스피,20250624,3061.14,3105.04,3061.14,3103.64,575927289,19099769500521,KOSPI
코스닥,20250624,796.06,801.34,794.87,800.93,1021602188,8290168079505,KOSDAQ
코스피,20250625,3127.79,3129.09,3084.86,3108.25,644015823,19659847225242,KOSPI
코스닥,20250625,802.92,803.93,793.03,798.21,1131151035,6979067846247,KOSDAQ
코스피,20250626,3108.34,3113.03,3036.55,3079.56,460033628,17028548513314,KOSPI
코스닥,20250626,799.21,799.21,779.72,787.95,916084865,6198659609054,KOSDAQ
코스피,20250627,3077.87,3093.56,3041.85,3055.94,380799433,13965618282987,KOSPI
코스닥,20250627,789.93,790.67,778.60,781.56,866089174,5593840012390,KOSDAQ
코스피,20250630,3072.75,3086.00,3063.42,3071.70,461793638,13304385695628,KOSPI
코스닥,20250630,783.53,784.65,778.58,781.50,785320052,6256172359559,KOSDAQ
코스피,20250701,3089.64,3133.52,3088.45,3089.65,568002673,15147185504918,KOSPI
코스닥,20250701,783.65,788.38,783.29,783.67,917543376,6055890104802,KOSDAQ
코스피,20250702,3083.82,3090.61,3032.47,3075.06,695645489,14818079721407,KOSPI
코스닥,20250702,784.73,787.11,769.91,782.17,745260056,5395012187685,KOSDAQ
코스피,20250703,3100.33,3116.27,3085.98,3116.27,532172129,14859037759204,KOSPI
코스닥,20250703,785.77,793.61,783.53,793.33,853843604,5780585742492,KOSDAQ
코스피,20250704,3122.28,3123.84,3052.91,3054.28,519632365,13559513971109,KOSPI
코스닥,20250704,792.65,793.77,775.58,775.80,770368542,5885978422760,KOSDAQ
코스피,20250707,3044.78,3068.43,3032.99,3059.47,352480270,10179843312351,KOSPI
코스닥,20250707,774.19,779.98,771.46,778.46,768724896,5692207717593,KOSDAQ
코스피,20250708,3071.74,3115.86,3066.03,3114.95,744687645,13479525780837,KOSPI
코스닥,20250708,779.28,784.37,775.57,784.24,754016591,5257074106647,KOSDAQ
코스피,20250709,3123.22,3137.17,3111.02,3133.74,642055785,12643886161458,KOSPI
코스닥,20250709,786.33,790.36,783.48,790.36,713685419,5575446008012,KOSDAQ
코스피,20250710,3144.14,3183.23,3133.81,3183.23,595360262,14114584670652,KOSPI
코스닥,20250710,794.64,798.73,792.05,797.70,816966950,6565292026678,KOSDAQ
코스피,20250711,3186.35,3216.69,3170.46,3175.77,464230789,13331794947002,KOSPI
코스닥,20250711,799.96,805.90,798.83,800.47,865660262,7103718663850,KOSDAQ
코스피,20250714,3175.59,3202.06,3170.72,3202.03,442453704,11554658014003,KOSPI
코스닥,20250714,802.73,803.10,795.57,799.37,847982894,6110895039102,KOSDAQ
코스피,20250715,3194.82,3216.01,3183.83,3215.28,418671915,12227902760449,KOSPI
코스닥,20250715,800.24,812.91,798.83,812.88,777790268,7448401062964,KOSDAQ
코스피,20250716,3207.48,3209.20,3178.42,3186.38,530608966,11323536423810,KOSPI
코스닥,20250716,810.09,813.19,805.13,812.23,819691294,7052749509763,KOSDAQ
코스피,20250717,3201.42,3201.42,3152.42,3192.29,423926362,15360813589305,KOSPI
코스닥,20250717,814.92,818.27,806.63,818.27,902784298,6083578330405,KOSDAQ
코스피,20250718,3200.44,3204.75,3169.69,3188.07,392871107,11934487435152,KOSPI
코스닥,20250718,821.58,822.83,815.45,820.67,791233483,5959358976198,KOSDAQ
코스피,20250721,3191.11,3211.14,3188.87,3210.81,343229218,10657032992670,KOSPI
코스닥,20250721,819.84,822.76,817.34,821.69,791634639,5212744863262,KOSDAQ
코스피,20250722,3210.12,3220.27,3155.25,3169.94,377084542,11599794821236,KOSPI
코스닥,20250722,822.33,827.82,808.81,812.97,880623030,6147536655041,KOSDAQ
코스피,20250723,3189.65,3199.86,3141.93,3183.77,664217198,12197778130788,KOSPI
코스닥,20250723,815.88,815.88,802.30,813.56,859065978,5563688283750,KOSDAQ
코스피,20250724,3209.43,3237.97,3183.05,3190.45,424701161,12989326127826,KOSPI
코스닥,20250724,816.94,819.95,809.26,809.89,852089341,6085439007049,KOSDAQ
코스피,20250725,3184.37,3205.82,3184.37,3196.05,388866302,9819205078017,KOSPI
코스닥,20250725,809.43,810.67,805.83,806.95,682258140,5177133515318,KOSDAQ
코스피,20250728,3228.61,3228.61,3180.18,3209.52,502190977,13870035829704,KOSPI
코스닥,20250728,811.26,811.49,800.76,804.40,695693843,5243636865372,KOSDAQ
코스피,20250729,3192.17,3232.31,3169.03,3230.57,372757080,12766885568140,KOSPI
코스닥,20250729,803.38,807.09,795.67,804.45,565624755,5091634129622,KOSDAQ
코스피,20250730,3233.31,3269.40,3227.28,3254.47,337188768,12965498032326,KOSPI
코스닥,20250730,804.76,809.27,803.34,803.67,742333886,5198114263627,KOSDAQ
코스피,20250731,3275.78,3288.26,3227.46,3245.44,539707139,16453216607875,KOSPI
코스닥,20250731,806.21,809.03,799.51,805.24,785397550,5038314108800,KOSDAQ
코스피,20250801,3210.32,3210.32,3117.92,3119.41,506866239,15277065711679,KOSPI
코스닥,20250801,796.24,796.24,772.66,772.79,784695818,4715302062210,KOSDAQ
코스피,20250804,3114.27,3157.45,3105.63,3147.75,292885070,9722438378528,KOSPI
코스닥,20250804,773.83,786.35,770.35,784.06,688113450,4028589974197,KOSDAQ
코스피,20250805,3187.15,3212.31,3174.23,3198.00,273048396,10948128060195,KOSPI
코스닥,20250805,791.94,801.63,791.94,798.60,638554344,4776859183383,KOSDAQ
코스피,20250806,3182.06,3200.15,3176.61,3198.14,326807021,11126249593468,KOSPI
코스닥,20250806,796.48,803.55,793.85,803.49,650958278,4746721434370,KOSDAQ
코스피,20250807,3214.81,3227.68,3200.28,3227.68,326770921,11200071391481,KOSPI
코스닥,20250807,805.27,806.47,801.70,805.81,740610877,4789563017604,KOSDAQ
코스피,20250808,3220.58,3227.28,3198.31,3210.01,340982186,11399215122166,KOSPI
코스닥,20250808,806.43,812.48,806.43,809.27,827358473,5147576746892,KOSDAQ
코스피,20250811,3220.72,3223.23,3199.90,3206.77,304413405,10334610698528,KOSPI
코스닥,20250811,810.51,813.52,805.90,811.85,903938914,5270172675798,KOSDAQ
코스피,20250812,3209.75,3242.17,3189.58,3189.91,372634747,10162421184667,KOSPI
코스닥,20250812,813.12,820.27,806.84,807.19,1056642666,5902636563694,KOSDAQ
코스피,20250813,3225.40,3226.37,3192.17,3224.37,319702589,10349866905209,KOSPI
코스닥,20250813,816.54,816.66,806.26,814.10,962008305,5742701412422,KOSDAQ
코스피,20250814,3226.52,3239.55,3210.83,3225.66,440609200,9995080663392,KOSPI
코스닥,20250814,814.48,817.22,812.38,815.26,898628789,5802283817821,KOSDAQ
코스피,20250818,3202.63,3206.77,3177.28,3177.28,325451302,8937305495374,KOSPI
코스닥,20250818,811.52,812.49,798.05,798.05,744925455,4923550259768,KOSDAQ
코스피,20250819,3185.04,3185.48,3142.48,3151.56,284895226,8621739543711,KOSPI
코스닥,20250819,799.54,800.07,785.95,787.96,844498355,5642106727437,KOSDAQ
코스피,20250820,3121.52,3132.83,3079.27,3130.09,334696928,11771014380598,KOSPI
코스닥,20250820,778.63,778.63,766.57,777.61,856674605,5011869949723,KOSDAQ
코스피,20250821,3140.71,3166.54,3134.86,3141.74,276428963,10890153634024,KOSPI
코스닥,20250821,780.32,784.73,776.31,777.24,829559504,4646223697912,KOSDAQ
코스피,20250822,3165.41,3181.95,3159.45,3168.73,236476916,8335955097287,KOSPI
코스닥,20250822,778.77,785.55,778.73,782.51,798220168,4622814821211,KOSDAQ
코스피,20250825,3195.14,3209.86,3180.12,3209.86,219847954,8090201935662,KOSPI
코스닥,20250825,791.66,798.57,791.66,798.02,731414480,4868703599146,KOSDAQ
코스피,20250826,3199.92,3199.92,3175.31,3179.36,324969378,12953324345723,KOSPI
코스닥,20250826,793.99,802.84,793.37,801.66,736010011,5205248579769,KOSDAQ
코스피,20250827,3185.87,3189.31,3165.77,3187.16,281361214,8850155439144,KOSPI
코스닥,20250827,802.57,803.19,797.60,801.72,685418607,4711389667298,KOSDAQ
코스피,20250828,3175.33,3211.34,3164.08,3196.32,311620617,9873209321788,KOSPI
코스닥,20250828,800.49,801.37,797.37,798.43,722403774,4639684473943,KOSDAQ
코스피,20250829,3208.80,3212.69,3184.48,3186.01,244668817,8967478313626,KOSPI
코스닥,20250829,801.96,805.94,795.56,796.91,787616615,5018911450431,KOSDAQ
코스피,20250901,3164.58,3177.40,3135.02,3142.93,259637302,7999559485038,KOSPI
코스닥,20250901,795.30,796.23,782.54,785.00,1085537399,5988700158844,KOSDAQ
코스피,20250902,3155.73,3174.16,3151.93,3172.35,310214021,8674904694327,KOSPI
코스닥,20250902,789.35,794.00,785.30,794.00,1029677934,6422981816927,KOSDAQ
코스피,20250903,3177.75,3187.48,3167.23,3184.42,335073544,8804345258679,KOSPI
코스닥,20250903,793.28,796.92,789.27,796.81,1182967416,5522644425025,KOSDAQ
코스피,20250904,3188.84,3205.61,3185.49,3200.83,285846966,7974669994358,KOSPI
코스닥,20250904,799.53,806.78,799.53,805.42,1244682789,5966776101959,KOSDAQ
코스피,20250905,3208.83,3214.64,3196.19,3205.12,323339068,10940048872700,KOSPI
코스닥,20250905,809.09,811.71,807.20,811.40,975569042,5807242823885,KOSDAQ
코스피,20250908,3209.81,3221.14,3206.34,3219.59,371764712,8214739273833,KOSPI
코스닥,20250908,815.90,818.61,813.43,818.60,876870641,5759787545295,KOSDAQ
코스피,20250909,3231.31,3260.05,3221.98,3260.05,439566682,10626317175410,KOSPI
코스닥,20250909,820.75,824.82,817.40,824.82,1276245175,7458594451893,KOSDAQ
코스피,20250910,3272.20,3317.77,3272.07,3314.53,564165704,13701097065473,KOSPI
코스닥,20250910,828.40,833.21,827.57,833.00,888087202,7628820051927,KOSDAQ
코스피,20250911,3336.60,3344.70,3311.86,3344.20,434936513,14944322721779,KOSPI
코스닥,20250911,834.68,836.55,831.23,834.76,954473314,7879525438932,KOSDAQ
코스피,20250912,3374.65,3395.54,3362.86,3395.54,448221688,13929614934330,KOSPI
코스닥,20250912,839.73,847.36,839.56,847.08,947155641,8177571932268,KOSDAQ
코스피,20250915,3407.78,3420.23,3391.33,3407.31,378216323,12789691411632,KOSPI
코스닥,20250915,849.64,852.69,843.43,852.69,936829446,8025569354104,KOSDAQ
코스피,20250916,3421.13,3452.50,3418.10,3449.62,405407668,14056141374938,KOSPI
코스닥,20250916,854.40,855.50,850.15,851.84,1026444412,7752822633176,KOSDAQ
코스피,20250917,3433.83,3433.83,3406.75,3413.40,326027123,11609122260577,KOSPI
코스닥,20250917,850.15,850.15,844.16,845.53,995904185,6976490498640,KOSDAQ
코스피,20250918,3432.77,3461.30,3422.77,3461.30,390771886,12407108721836,KOSPI
코스닥,20250918,851.94,857.12,850.23,857.11,950417205,8191318717798,KOSDAQ
코스피,20250919,3461.23,3467.89,3434.61,3445.24,348205866,15107848362421,KOSPI
코스닥,20250919,858.08,863.11,854.00,863.11,943729853,10841396725821,KOSDAQ
코스피,20250922,3463.84,3482.25,3458.87,3468.65,287161224,11993027721386,KOSPI
코스닥,20250922,869.06,875.27,867.11,874.36,937274891,9816232394710,KOSDAQ
코스피,20250923,3489.46,3494.49,3467.83,3486.19,357607579,12148347293135,KOSPI
코스닥,20250923,877.18,877.56,866.65,872.21,949088908,10003073486640,KOSDAQ
코스피,20250924,3492.03,3497.95,3442.41,3472.14,286356765,11802844105270,KOSPI
코스닥,20250924,870.54,871.82,851.38,860.94,1025256842,10086446466944,KOSDAQ
코스피,20250925,3458.98,3479.42,3454.08,3471.11,292364310,12638420317674,KOSPI
코스닥,20250925,858.45,862.08,850.13,852.48,862799477,9005696449185,KOSDAQ
코스피,20250926,3440.39,3441.91,3365.73,3386.05,398640151,12604097167495,KOSPI
코스닥,20250926,847.67,847.73,829.47,835.19,732668921,7945336857712,KOSDAQ
코스피,20250929,3414.43,3439.12,3413.33,3431.21,415991050,10006790541463,KOSPI
코스닥,20250929,840.62,847.57,837.89,846.71,655839578,6275993762625,KOSDAQ
코스피,20250930,3436.00,3443.38,3421.89,3424.60,525793735,11155618696377,KOSPI
코스닥,20250930,847.52,849.18,841.65,841.99,819324248,6894133702954,KOSDAQ
코스피,20251001,3444.06,3459.74,3440.42,3455.83,493175502,12343147599670,KOSPI
코스닥,20251001,846.32,849.80,844.00,845.34,590327240,6297319195750,KOSDAQ
코스피,20251002,3525.48,3565.96,3512.16,3549.21,401582657,19453810756968,KOSPI
코스닥,20251002,853.40,854.87,848.75,854.25,809786056,7201842083814,KOSDAQ
코스피,20251010,3598.11,3617.86,3569.44,3610.60,406637218,19597906758019,KOSPI
코스닥,20251010,858.86,859.98,849.64,859.49,764369899,8622882306477,KOSDAQ
코스피,20251013,3550.08,3584.55,3522.54,3584.55,407212099,14267763312188,KOSPI
코스닥,20251013,845.76,861.79,840.28,860.49,683818624,8138297133795,KOSDAQ
코스피,20251014,3604.12,3646.77,3535.52,3561.81,733003134,18923073934505,KOSPI
코스닥,20251014,865.37,870.72,839.27,847.96,987448132,11117798899902,KOSDAQ
코스피,20251015,3580.64,3659.91,3577.06,3657.28,543145031,13877956905484,KOSPI
코스닥,20251015,853.17,864.77,850.30,864.72,864023499,8850772983389,KOSDAQ
코스피,20251016,3675.82,3748.37,3675.82,3748.37,495037783,17662152802021,KOSPI
코스닥,20251016,866.82,868.36,862.63,865.41,877592836,9410930281977,KOSDAQ
코스피,20251017,3732.76,3794.87,3722.07,3748.89,420056800,17265679871776,KOSPI
코스닥,20251017,862.71,871.06,859.19,859.54,850513011,9537097401432,KOSDAQ
코스피,20251020,3775.40,3814.69,3728.38,3814.69,409414711,14187311213412,KOSPI
코스닥,20251020,864.98,876.47,862.01,875.77,839407575,9093102971309,KOSDAQ
코스피,20251021,3851.01,3893.06,3816.19,3823.84,525019359,19368054340990,KOSPI
코스닥,20251021,881.53,882.10,867.62,872.50,1109672038,10214363017235,KOSDAQ
코스피,20251022,3827.23,3883.68,3794.52,3883.68,596440825,15448578705942,KOSPI
코스닥,20251022,872.51,879.31,866.21,879.15,865748443,8316421756537,KOSDAQ
코스피,20251023,3835.79,3902.21,3822.33,3845.56,422897895,16253189294695,KOSPI
코스닥,20251023,874.13,880.33,868.74,872.03,1051565169,7784609954154,KOSDAQ
코스피,20251024,3893.23,3951.07,3886.64,3941.59,426080553,17798335454748,KOSPI
코스닥,20251024,880.61,884.06,876.38,883.08,953930425,8997780538380,KOSDAQ
코스피,20251027,3999.79,4042.83,3999.79,4042.83,515987268,20118359993197,KOSPI
코스닥,20251027,890.23,902.72,888.87,902.70,984932998,9871935462305,KOSDAQ
코스피,20251028,4010.47,4018.22,3972.56,4010.41,407299847,19717053852622,KOSPI
코스닥,20251028,902.82,906.71,896.36,903.30,835627394,8267318932786,KOSDAQ
코스피,20251029,4061.54,4084.09,4014.84,4081.15,465983864,22030211977117,KOSPI
코스닥,20251029,906.50,906.50,896.11,901.59,969082687,9247699834374,KOSDAQ
코스피,20251030,4105.95,4146.72,4070.79,4086.89,565302827,24194963389937,KOSPI
코스닥,20251030,903.24,904.34,883.68,890.86,1009303123,9060614256240,KOSDAQ
코스피,20251031,4083.25,4122.09,4059.74,4107.50,407398622,22947725090695,KOSPI
코스닥,20251031,894.54,901.80,891.32,900.42,828421657,9385771814264,KOSDAQ
코스피,20251103,4123.36,4221.92,4123.36,4221.87,471549857,22724989379562,KOSPI
코스닥,20251103,906.19,914.91,902.29,914.55,1000820710,12809378047185,KOSDAQ
코스피,20251104,4219.24,4226.75,4117.91,4121.74,422605998,20781699110650,KOSPI
코스닥,20251104,914.87,932.15,912.78,926.57,914729113,12084423819317,KOSDAQ
코스피,20251105,4055.47,4055.47,3867.81,4004.42,593144565,29182701348008,KOSPI
코스닥,20251105,919.28,919.28,871.79,901.89,1112572344,10929667248458,KOSDAQ
코스피,20251106,4092.46,4111.96,3985.29,4026.45,422854875,21481773170834,KOSPI
코스닥,20251106,915.43,921.22,890.58,898.17,970705607,11038263169591,KOSDAQ
코스피,20251107,3963.72,4037.61,3887.32,3953.76,376296053,18791940768665,KOSPI
코스닥,20251107,882.94,894.83,864.67,876.81,988741277,9549742749793,KOSDAQ
코스피,20251110,3991.87,4092.91,3984.24,4073.24,338883240,16683351033002,KOSPI
코스닥,20251110,882.44,889.08,872.13,888.35,716777329,8119593111064,KOSDAQ
코스피,20251111,4124.30,4187.46,4066.58,4106.39,377108475,20117448016645,KOSPI
코스닥,20251111,893.91,903.09,876.56,884.27,955911111,10369258775798,KOSDAQ
코스피,20251112,4097.44,4154.62,4088.86,4150.39,333958906,15668024531503,KOSPI
코스닥,20251112,890.99,906.59,887.20,906.51,989514899,9210170718863,KOSDAQ
코스피,20251113,4127.57,4188.54,4123.84,4170.63,423443699,17513939353331,KOSPI
코스닥,20251113,904.36,920.13,902.34,918.37,903876666,9583244283195,KOSDAQ
코스피,20251114,4061.91,4092.76,4011.40,4011.57,399416218,17966405765161,KOSPI
코스닥,20251114,900.42,910.04,897.09,897.90,823664310,10579514839727,KOSDAQ
코스피,20251117,4078.57,4089.88,4045.40,4089.25,343380289,14350492274536,KOSPI
코스닥,20251117,904.15,905.42,895.69,902.67,704927292,8111249707493,KOSDAQ
코스피,20251118,4044.47,4072.41,3953.26,3953.62,319033546,14075302263022,KOSPI
코스닥,20251118,899.62,900.73,873.04,878.70,839858284,9357319593573,KOSDAQ
코스피,20251119,3966.64,3966.64,3854.95,3929.51,337911091,14585327166966,KOSPI
코스닥,20251119,881.49,881.81,854.23,871.32,684479623,7815801803003,KOSDAQ
코스피,20251120,4030.97,4059.37,4001.31,4004.85,359855193,15142219599383,KOSPI
코스닥,20251120,884.10,894.87,884.10,891.94,605415007,7794160490226,KOSDAQ
코스피,20251121,3908.70,3911.55,3838.46,3853.26,319006686,14165448992600,KOSPI
코스닥,20251121,867.45,870.51,860.17,863.95,726670643,8004652634031,KOSDAQ
코스피,20251124,3915.16,3917.16,3838.20,3846.06,372362096,21407025390158,KOSPI
코스닥,20251124,873.30,873.30,850.09,856.44,697278137,7543799724647,KOSDAQ
코스피,20251125,3942.36,3946.61,3833.35,3857.78,278750482,13274082552502,KOSPI
코스닥,20251125,867.84,871.68,851.41,856.03,673406109,7503637401667,KOSDAQ
코스피,20251126,3891.88,3960.87,3866.66,3960.87,294501548,15773993021260,KOSPI
코스닥,20251126,863.28,877.58,859.32,877.32,614401055,7573561192571,KOSDAQ
코스피,20251127,3989.45,4023.42,3968.43,3986.91,257551566,13007637347516,KOSPI
코스닥,20251127,879.44,884.00,878.04,880.06,715034026,8574762772126,KOSDAQ
코스피,20251128,3995.30,3995.30,3921.89,3926.59,241429574,11923954319337,KOSPI
코스닥,20251128,888.75,912.67,888.10,912.67,793832566,11466084335584,KOSDAQ
코스피,20251201,3967.92,3977.31,3892.08,3920.37,296018608,11802067507298,KOSPI
코스닥,20251201,920.69,933.26,917.18,922.38,841857776,11729265208363,KOSDAQ
코스피,20251202,3939.09,3994.93,3935.14,3994.93,318670370,12437554468363,KOSPI
코스닥,20251202,921.37,928.42,914.67,928.42,777718587,10086311736054,KOSDAQ
코스피,20251203,4010.26,4052.83,3987.76,4036.30,290377514,13373708255315,KOSPI
코스닥,20251203,931.49,932.98,926.08,932.01,810792975,9771107363289,KOSDAQ
코스피,20251204,4018.91,4028.53,3982.54,4028.51,351539851,13713789095403,KOSPI
코스닥,20251204,934.01,937.88,924.62,929.83,748447774,12322788114112,KOSDAQ
코스피,20251205,4023.50,4100.05,4003.29,4100.05,477949348,16306162735349,KOSPI
코스닥,20251205,930.75,933.06,916.11,924.74,693906154,12693912338710,KOSDAQ
코스피,20251208,4109.25,4154.85,4081.26,4154.85,394923500,15203925314452,KOSPI
코스닥,20251208,928.52,929.92,922.17,927.79,696637270,11786208187499,KOSDAQ
코스피,20251209,4129.77,4152.18,4121.21,4143.55,400124817,13327167261300,KOSPI
코스닥,20251209,926.93,932.57,924.55,931.35,605718299,9062648354692,KOSDAQ
코스피,20251210,4159.05,4172.64,4123.60,4135.00,317539128,12624357017053,KOSPI
코스닥,20251210,932.37,936.75,927.36,935.00,701164797,9374529782558,KOSDAQ
코스피,20251211,4163.32,4170.77,4103.20,4110.62,539360259,20306548006087,KOSPI
코스닥,20251211,940.59,943.19,929.56,934.64,884358978,10660548414840,KOSDAQ
코스피,20251212,4123.83,4168.17,4120.73,4167.16,426185221,16544016282824,KOSPI
코스닥,20251212,933.99,938.11,930.21,937.34,994488520,12429741270192,KOSDAQ
코스피,20251215,4053.74,4123.19,4052.65,4090.59,346296788,15436357118826,KOSPI
코스닥,20251215,925.60,939.42,921.09,938.83,966235524,11237679802909,KOSDAQ
코스피,20251216,4093.32,4099.01,3996.23,3999.13,373469814,16523830478416,KOSPI
코스닥,20251216,938.23,938.23,915.49,916.11,918255593,13101309072900,KOSDAQ
코스피,20251217,4019.43,4060.24,3994.65,4056.41,360417065,12965390634501,KOSPI
코스닥,20251217,922.03,922.74,907.24,911.07,977146048,12047290990463,KOSDAQ
코스피,20251218,3989.60,4030.65,3975.50,3994.51,580910370,13075752323009,KOSPI
코스닥,20251218,899.30,907.54,895.19,901.33,849815767,10008255834800,KOSDAQ
코스피,20251219,4055.78,4055.78,3997.05,4020.55,441988234,16468415694198,KOSPI
코스닥,20251219,909.70,922.10,899.25,915.27,952407223,11428662896057,KOSDAQ
코스피,20251222,4096.26,4105.93,4083.13,4105.93,314851939,13008979168171,KOSPI
코스닥,20251222,923.97,929.83,923.20,929.14,969230691,12365980867007,KOSDAQ
코스피,20251223,4127.40,4140.84,4110.25,4117.32,385213406,13458056224014,KOSPI
코스닥,20251223,932.48,932.48,918.54,919.56,913278821,11819013221967,KOSDAQ
코스피,20251224,4136.24,4137.20,4106.62,4108.62,363016217,12112281356383,KOSPI
코스닥,20251224,921.01,921.01,913.21,915.20,809284781,11386491276169,KOSDAQ
코스피,20251226,4130.37,4143.14,4116.53,4129.68,509588706,16271519957862,KOSPI
코스닥,20251226,920.90,923.61,913.85,919.67,815237007,11293324196234,KOSDAQ
코스피,20251229,4146.48,4220.56,4146.48,4220.56,501754276,14532820171718,KOSPI
코스닥,20251229,923.22,932.64,921.12,932.59,897853933,11794361099284,KOSDAQ
코스피,20251230,4193.75,4226.36,4186.95,4214.17,407692686,13212239948554,KOSPI
코스닥,20251230,928.99,929.95,920.56,925.47,807758070,10513028427468,KOSDAQ
